delta_true,N,order,method,epsilon,median_log_bf10,mean_log_bf10,sd_log_bf10,q05_log_bf10,q25_log_bf10,q75_log_bf10,q95_log_bf10,n_valid
2,20,d0,ecdf,0.01,0.1629652493779409,Inf,NA,-0.4560739590282824,-0.08834917890296523,0.72258103731336365,Inf,47
2,20,d0,ecdf,0.02,0.16295774063061436,0.2479236317872629,0.49301840479473225,-0.3134758525264014,-0.1289071036029985,0.4994299772518273,1.1105324572544923,50
2,20,d0,ecdf,0.03,0.13968521839895798,0.19208098512990246,0.37019175365528867,-0.2773248666173772,-0.08836920206450154,0.43487894170004615,0.9048825709457816,50
2,20,d0,ecdf,0.04,0.16292770638230317,0.17561713638883103,0.29693245626713055,-0.25547917530146796,-0.023765067271234067,0.27625639168930627,0.7225434943177258,50
2,20,d0,ecdf,0.05,0.13473430450738486,0.16766206854680687,0.2645043207256078,-0.25203867058862695,0.01085432940677997,0.2763288638997037,0.6796313884975574,50
2,20,d0,ecdf,0.06,0.16287765193626796,0.16752724513340697,0.23796018445517114,-0.22063188229565198,-0.006425058379129846,0.2896293575754119,0.6091021447289792,50
2,20,d0,ecdf,0.06999999999999999,0.142642410994608,0.16783456250072523,0.2331522355126611,-0.18735489377316014,0.016039042863054173,0.34770579691391124,0.5283048918065927,50
2,20,d0,ecdf,0.08,0.1106218280730614,0.15034387715368439,0.21679908114078167,-0.19386736269510071,0.01377200208314366,0.3169582610708899,0.47458720527447307,50
2,20,d0,ecdf,0.09,0.11635982321965155,0.14085685849140323,0.2065248367514688,-0.1610917634141389,0.008684418205812023,0.2940619562548127,0.43699945277263885,50
2,20,d0,ecdf,0.1,0.1207533007357348,0.13182162382096585,0.19382290595648147,-0.15883498245326094,0.010666647767465575,0.260264879616567,0.41614392859964155,50
2,20,d0,ecdf,0.11,0.13073313555476018,0.12503129464683183,0.18637083197253607,-0.18487750310393192,-0.0016266683449919926,0.2229545165621279,0.40661431170677487,50
2,20,d0,ecdf,0.12,0.1275160950068253,0.11828928009991888,0.17848094911042783,-0.18267451552770653,0.005997278193507492,0.21139757898752728,0.3987327478895604,50
2,20,d0,ecdf,0.13,0.10387479514057912,0.11338416777910339,0.1701305377415164,-0.15929185048315975,0.0029229807517421862,0.2249389080948054,0.37836836357601844,50
2,20,d0,ecdf,0.14,0.11271582531948048,0.11424097493736274,0.1644195808463939,-0.14290431467263745,0.004696105178055018,0.22565623650007616,0.36674637508965696,50
2,20,d0,ecdf,0.15000000000000002,0.08897733140253095,0.11002712275549571,0.15589516030812686,-0.11552959894290207,-0.0018921129320104795,0.20624430730273519,0.38554835127155784,50
2,20,d0,ecdf,0.16,0.07680509683750154,0.10185356950066131,0.14980351757506838,-0.10344196524680543,-0.013254189039018191,0.1871951384507962,0.3699666350539079,50
2,20,d0,ecdf,0.17,0.08158588328553404,0.09162028761202394,0.1415145822879282,-0.10968769877783108,-0.016175837874122776,0.1622447473616043,0.36204183689451586,50
2,20,d0,ecdf,0.18000000000000002,0.08212123401079079,0.08638040127616299,0.13068629007166147,-0.08799863571457511,-0.01219615430337647,0.16018093796462296,0.3070912575637355,50
2,20,d0,ecdf,0.19,0.08608489174311465,0.08513759788767221,0.13069400504801895,-0.09035094202809275,-0.024288175334020314,0.14713907822263922,0.2949609808935778,50
2,20,d0,ecdf,0.2,0.0764934389725681,0.08227797594039957,0.12807216470279575,-0.09488737267898094,-0.011372069200866655,0.15308297640290353,0.2841670813459797,50
2,20,d0,ecdf,0.21,0.07089297917038474,0.07570251648954622,0.1237153280442469,-0.1126484060006237,-0.015329476927398344,0.1619335543495315,0.27874341405613884,50
2,20,d0,ecdf,0.22,0.07177854990325735,0.06915271216117094,0.12152364101086215,-0.13091970865872643,-0.01077625577499739,0.15853144344381734,0.25859819430939357,50
2,20,d0,ecdf,0.23,0.06689948233361341,0.0641069886014209,0.11774008984464523,-0.13352171106087407,-0.02476881102702501,0.153914413281464,0.2331028200707241,50
2,20,d0,ecdf,0.24,0.05974473108962525,0.05524479086792663,0.11249200354360919,-0.13988944079464444,-0.0227762925983781,0.13075888412586012,0.2040870398183636,50
2,20,d0,ecdf,0.25,0.05833283825303504,0.05268088497062005,0.10693393026787947,-0.13652517730751326,-0.024479485470053918,0.13184910133224886,0.1995563869291876,50
2,20,d0,ecdf,0.26,0.04962134694417271,0.049817866061567295,0.10363063991818826,-0.1337233580375944,-0.02606009207436883,0.12488450425305536,0.20425615864622793,50
2,20,d0,ecdf,0.27,0.039258221350853995,0.04599185012511235,0.10120767899498083,-0.12004072631326614,-0.023142010550443307,0.11842275748936708,0.19518004055593596,50
2,20,d0,ecdf,0.28,0.03419805959826951,0.04421617587533721,0.0977221219671872,-0.11246264768608023,-0.009760631540255204,0.11368545359432027,0.19263873536068182,50
2,20,d0,ecdf,0.29000000000000004,0.040387805180423675,0.04252401420657778,0.09774264634116717,-0.11389801129278984,-0.009685761771467445,0.11044303786803719,0.19595700995150453,50
2,20,d0,ecdf,0.3,0.03555529581695698,0.03643056897758087,0.09791069247384009,-0.13079689705399145,-0.0206090809280818,0.10514858761615228,0.1946199904466444,50
2,20,d0,ecdf,0.31,0.029055037961945855,0.03245108869490627,0.09568076420645963,-0.12649372171999318,-0.022133741558478852,0.09804586883663202,0.18015449328914068,50
2,20,d0,ecdf,0.32,0.024928341437126474,0.02500443791589044,0.09465370386020056,-0.14042150652216134,-0.03006371475518333,0.0945477113403867,0.16882490505291342,50
2,20,d0,ecdf,0.33,0.026722708649780186,0.02227046898264451,0.0906826101847729,-0.13811152909179517,-0.03212496543747598,0.09126016114461397,0.15830307969494778,50
2,20,d0,ecdf,0.34,0.024713590751030447,0.0182812929342266,0.0882807953702087,-0.1412726771725144,-0.03666684277198882,0.08230356158968982,0.15400805242528204,50
2,20,d0,ecdf,0.35000000000000003,0.02281136058709286,0.009941176925565814,0.08743975614612388,-0.14836533636768648,-0.051740328554905776,0.07766972113913938,0.13392382401821687,50
2,20,d0,ecdf,0.36000000000000004,0.00898732374477118,0.002178936483920876,0.08595210160150717,-0.1520462251980822,-0.05624325709564704,0.07421363654149836,0.1314130593769739,50
2,20,d0,ecdf,0.37,0.00264418510086923,-0.003210875353308817,0.08229212470578025,-0.13795288107196377,-0.06667777508514708,0.05689477485061737,0.1069051954252787,50
2,20,d0,ecdf,0.38,-1.448051076955804e-4,-0.0073888746879094275,0.08063307341352655,-0.1384774996452348,-0.06977513866212398,0.04997789861106982,0.09582418182546332,50
2,20,d0,ecdf,0.39,-0.0043542552153812,-0.01414986024667571,0.07930532736183456,-0.14268188693681502,-0.07996119960274464,0.046696309769472755,0.0850623117831492,50
2,20,d0,ecdf,0.4,-0.01437481506302292,-0.02106352020259193,0.07696898990238855,-0.13874375623265411,-0.08256811782001158,0.03486139200629101,0.08699064700396963,50
2,20,d0,ecdf,0.41,-0.013624047476296895,-0.02311098004571801,0.073907100355967,-0.13431872517922955,-0.08300933710010056,0.03366089777112914,0.0816818323809174,50
2,20,d0,ecdf,0.42,-0.012922707752297985,-0.027529550372742684,0.07422810211987263,-0.14548432503517433,-0.082110688037863,0.0265264779197786,0.07695400659182433,50
2,20,d0,ecdf,0.43,-0.023410006325292134,-0.031674928638361195,0.07243581637368306,-0.14806875589841423,-0.08452654642328544,0.016867053468771313,0.07035981954856217,50
2,20,d0,ecdf,0.44,-0.018485166329144258,-0.035707179999057335,0.07036188114323855,-0.14531711327838365,-0.08429687211568102,0.014015638075869438,0.0690841527208279,50
2,20,d0,ecdf,0.45,-0.0283649640770593,-0.041988865584014295,0.06777212515276228,-0.1509681541036473,-0.09153955766029011,0.00512691676979932,0.05344951023361337,50
2,20,d0,ecdf,0.46,-0.03133789662239233,-0.048258851890150965,0.06782980721261356,-0.15680342845079187,-0.09840891732210152,-6.659924948509987e-4,0.0479532232258724,50
2,20,d0,ecdf,0.47,-0.041690232617463276,-0.052454764577329324,0.06677358195730024,-0.15695192362510577,-0.1008895491603693,-0.0055533293328229524,0.044212419534182604,50
2,20,d0,ecdf,0.48,-0.04668649387631993,-0.057633993759365065,0.06338897970043278,-0.15373483853236933,-0.09926200239146626,-0.015877509641726087,0.034983311624616986,50
2,20,d0,ecdf,0.49,-0.0538238108324223,-0.06138570256003313,0.06132009328896287,-0.16056143032793532,-0.09941736154242645,-0.024488469066104007,0.017220684824085154,50
2,20,d0,ecdf,0.5,-0.05721662964660274,-0.06742904064238724,0.06132327852604148,-0.16555236999712325,-0.10726390810891685,-0.02320173990234329,0.014617375866601246,50
2,20,d0,ecdf,0.51,-0.06497549996428204,-0.07214470321269091,0.06070931294631684,-0.16334203444943354,-0.10995758964436136,-0.0272358017991467,0.01260934519096156,50
2,20,d0,ecdf,0.52,-0.0712973628854468,-0.07793661344206926,0.06150963629464221,-0.1675962476607983,-0.11517887899760829,-0.03339109298346807,0.013868731368672862,50
2,20,d0,ecdf,0.53,-0.07308146481225386,-0.08232033803997024,0.05921946520638,-0.17325266449421278,-0.12274056136892952,-0.037631136008696,0.003979958782065943,50
2,20,d0,ecdf,0.54,-0.0811002110461421,-0.08776523557203632,0.056585201067426746,-0.17764499573150264,-0.12749443968041346,-0.04982455841597638,-0.00949401561698397,50
2,20,d0,ecdf,0.55,-0.08674758912421239,-0.09203461469048069,0.05599558498238604,-0.1822397851129839,-0.1315929601955828,-0.055163396258451916,-0.013367421448740618,50
2,20,d0,ecdf,0.56,-0.08818545653280227,-0.09793657187819114,0.05536252589895539,-0.19470089646060923,-0.13363563179373383,-0.062356301889839566,-0.02800380558143403,50
2,20,d0,ecdf,0.5700000000000001,-0.09643551324484809,-0.1028196090802309,0.0552391108642348,-0.19413169829846855,-0.1328031574157229,-0.06575371158442961,-0.035967138824392925,50
2,20,d0,ecdf,0.5800000000000001,-0.09958923430653277,-0.10699639717633146,0.05367974547676603,-0.20035513768654553,-0.13754192523899111,-0.06903859423653053,-0.04047368857159485,50
2,20,d0,ecdf,0.59,-0.10544825766741604,-0.11132917764945652,0.05148957072040946,-0.20346823551342896,-0.13896081912505834,-0.07270520617009622,-0.04373171787098422,50
2,20,d0,ecdf,0.6,-0.10743748407580078,-0.11541651742824684,0.051257449332812094,-0.20690540746064778,-0.14521100945415055,-0.0776669280759355,-0.0468872831704739,50
2,20,d0,ecdf,0.61,-0.11384955093968531,-0.11929044397133926,0.049075099035082684,-0.20386489957480794,-0.1443072160057232,-0.08523187236833836,-0.05271101341366254,50
2,20,d0,ecdf,0.62,-0.1209362660193839,-0.12362111496826617,0.047888520752754474,-0.20913503900283864,-0.14985000579618132,-0.09296674878765848,-0.05562667382515506,50
2,20,d0,ecdf,0.63,-0.1303142043999966,-0.1287437305989435,0.0473242339066028,-0.20603394219975446,-0.1543697782164091,-0.09865696975153881,-0.06658920921565703,50
2,20,d0,ecdf,0.64,-0.13265751893424677,-0.13361265806482664,0.047177645066608855,-0.21422500782945714,-0.15833643345369217,-0.10069764932677745,-0.06561230703522333,50
2,20,d0,ecdf,0.65,-0.13741033431053556,-0.1386446825202309,0.046554648087066094,-0.21923540455290236,-0.1685798422110873,-0.10268715677156691,-0.06978869228279315,50
2,20,d0,ecdf,0.66,-0.1420108203642359,-0.14327349706478482,0.04710810303996702,-0.2224543555408594,-0.1764912350528369,-0.10922229827134484,-0.076693239578067507,50
2,20,d0,ecdf,0.67,-0.1464722649478192,-0.14788964617416997,0.04688149304339169,-0.22491764266899772,-0.17916000007739294,-0.11594382356858632,-0.07566372953915906,50
2,20,d0,ecdf,0.68,-0.15079940476728787,-0.15166900464124605,0.0469840768519429,-0.2359084298299365,-0.18138282813936804,-0.11844848018762448,-0.07802281156970886,50
2,20,d0,ecdf,0.6900000000000001,-0.15194573748098586,-0.1549154118627519,0.047750323539480645,-0.24217842686592267,-0.18651082793741924,-0.1228579450296936,-0.08235356787620039,50
2,20,d0,ecdf,0.7000000000000001,-0.15833237873135497,-0.15996632903699717,0.04643787047072837,-0.24150143338820929,-0.18821847051081536,-0.12752566396896436,-0.08815301767216648,50
2,20,d0,ecdf,0.7100000000000001,-0.1601031424606685,-0.16334140228703511,0.04579815490775044,-0.24764623750556264,-0.19024868688622373,-0.1301573283466524,-0.09376243454151395,50
2,20,d0,ecdf,0.72,-0.16473730614668938,-0.16726189531264093,0.044530935020022026,-0.24731029614237954,-0.1964373118610182,-0.13497216399888112,-0.10297103072202693,50
2,20,d0,ecdf,0.73,-0.16710565745537062,-0.1713820707585145,0.04476431943007483,-0.2510602762162282,-0.19763834053569462,-0.14037987149596012,-0.10365660132234164,50
2,20,d0,ecdf,0.74,-0.169420513209945,-0.17499560049693175,0.045167466880775185,-0.25458997003687,-0.20355941649828835,-0.14527108416053422,-0.09697539285331501,50
2,20,d0,ecdf,0.75,-0.1723744948192554,-0.17798732182656432,0.04507034854042489,-0.25536567873645294,-0.2076545914188411,-0.14967329824380543,-0.10152855730086066,50
2,20,d0,ecdf,0.76,-0.17593898953047166,-0.1813389812579204,0.04501382808685854,-0.25625412788237667,-0.20638197328670038,-0.1529041779852993,-0.10995106484304357,50
2,20,d0,ecdf,0.77,-0.17673541076582294,-0.18348601967728356,0.0444753098750548,-0.26064453199792836,-0.20677906477818947,-0.15745075632800118,-0.11658737789103377,50
2,20,d0,ecdf,0.78,-0.18280105465030771,-0.18605468742637557,0.044731395973869666,-0.2637815650781108,-0.21102156532705504,-0.1635448723572287,-0.12134456963764237,50
2,20,d0,ecdf,0.79,-0.18870755165515252,-0.189971535129271,0.04295089441300774,-0.26162961424607534,-0.21453344662912344,-0.1621891999960553,-0.1261128161546788,50
2,20,d0,ecdf,0.8,-0.18999393178987328,-0.1934040529570444,0.043206325411689325,-0.2667656242318124,-0.217961249552584,-0.16906260496063039,-0.12303951707104488,50
2,20,d0,ecdf,0.81,-0.19189022387270657,-0.1963752118919825,0.04114615880293251,-0.2699675659515159,-0.22130760253207382,-0.1760522696141523,-0.12695246083005762,50
2,20,d0,ecdf,0.8200000000000001,-0.1962276610487011,-0.1999644226388083,0.03989984265702595,-0.2680999992024568,-0.22217301745729082,-0.17812978900417406,-0.13059951652261886,50
2,20,d0,ecdf,0.8300000000000001,-0.19924348761769076,-0.2025874225763964,0.03830613711048181,-0.2661744663177956,-0.22243534365788703,-0.17924126940193158,-0.13747160319365703,50
2,20,d0,ecdf,0.8400000000000001,-0.20219668012498015,-0.20472366435581554,0.03871548698222575,-0.27145147320317076,-0.22388182243207563,-0.1815644972766023,-0.1379472860867535,50
2,20,d0,ecdf,0.85,-0.20626902527456747,-0.20645258145443934,0.03883159841509792,-0.2715663690580844,-0.2261770750700655,-0.18293720417153975,-0.1402089392392631,50
2,20,d0,ecdf,0.86,-0.20966840036530157,-0.20870373120073638,0.038606834555747205,-0.27300368304661193,-0.22900230955943413,-0.18399177831323452,-0.14415367742919236,50
2,20,d0,ecdf,0.87,-0.21011709190333658,-0.21204122579404464,0.03839207662594303,-0.2759868995035607,-0.23064299148545067,-0.18886706232120906,-0.147838181085527,50
2,20,d0,ecdf,0.88,-0.2162497524895598,-0.21511677198988988,0.039625135241027905,-0.2806609089093435,-0.23753907194822357,-0.18898434068567968,-0.14793768863986573,50
2,20,d0,ecdf,0.89,-0.21608194113827564,-0.21730216758374873,0.03911580440923244,-0.28224856575706253,-0.23742255668685205,-0.19055005146474333,-0.15002716437220032,50
2,20,d0,ecdf,0.9,-0.21759474249080446,-0.21938075843627383,0.03871297542037234,-0.2866548701034334,-0.2411137481219547,-0.19351206661632064,-0.15118886747877552,50
2,20,d0,ecdf,0.91,-0.22072703456013626,-0.2224734334283102,0.03826267133970048,-0.28912450259213485,-0.2455267450024061,-0.19501679479786407,-0.15860334530651893,50
2,20,d0,ecdf,0.92,-0.22271938503686778,-0.22487297448672539,0.03750165800829536,-0.2856543555550485,-0.24958033474535177,-0.19511942670807303,-0.1629591321432178,50
2,20,d0,ecdf,0.93,-0.22574490032850608,-0.22724620777809348,0.03750119179365132,-0.2900118057401974,-0.24966096005223304,-0.20042890969793253,-0.1639792248414218,50
2,20,d0,ecdf,0.94,-0.22819138368278058,-0.22831592106546608,0.03763214649472152,-0.2890606610252291,-0.2507813988613869,-0.2015804661488395,-0.16471711889314028,50
2,20,d0,ecdf,0.95,-0.23421957006890232,-0.23103825109966702,0.03598155432294084,-0.2861789658567515,-0.25392089692973674,-0.20458585692617626,-0.1745408677303928,50
2,20,d0,ecdf,0.96,-0.23449520500023135,-0.23321009350496072,0.035235538862918706,-0.2877815279783913,-0.255499942343996,-0.21042263266782876,-0.17799032250833857,50
2,20,d0,ecdf,0.97,-0.2362967114700053,-0.23533149451045038,0.03499347880529482,-0.2892167779120931,-0.25706085349663477,-0.2114709858529865,-0.18137169536661507,50
2,20,d0,ecdf,0.98,-0.2390736156634935,-0.2375049437319148,0.03466567831965534,-0.2925836363319018,-0.25909161779738177,-0.2148174848481927,-0.1846876287152324,50
2,20,d0,ecdf,0.99,-0.24032263645590662,-0.23969452829878113,0.034634950284040324,-0.2942954325944221,-0.26206000244955524,-0.21481499884134125,-0.18747551962624376,50
2,20,d0,ecdf,1,-0.23911425021462182,-0.24108170657380457,0.03368029725908844,-0.2940414924790593,-0.2633055563185068,-0.21833219067577556,-0.18883601392977573,50
2,20,d0,logspline,0.01,0.10426775957375474,0.12041563412236349,0.2093379841947599,-0.18287177508993585,-0.028733355428643904,0.2638856864174896,0.4186212646818924,50
2,20,d0,logspline,0.02,0.10106865462744592,0.11652947549091361,0.20219450105608622,-0.18128675310567183,-0.030792157565697136,0.25875576526894645,0.4101614935588912,50
2,20,d0,logspline,0.03,0.09786115794514319,0.11259715491467494,0.19531655779003831,-0.17970967593282,-0.03290085115591813,0.2533631071756983,0.4016729694117071,50
2,20,d0,logspline,0.04,0.09464526980830236,0.10862982240652588,0.18876130057804372,-0.1781405434961915,-0.03391754392654899,0.24795587981732808,0.3931556942168919,50
2,20,d0,logspline,0.05,0.09142099061092276,0.10464350067282448,0.18257360987715487,-0.17657961957377816,-0.028224941475767866,0.2425340839239774,0.38460967074123786,50
2,20,d0,logspline,0.06,0.08818832085954932,0.10065452909369396,0.1767835527616421,-0.17502862446718814,-0.01649816815632582,0.2370977204343114,0.3760349025414357,50
2,20,d0,logspline,0.06999999999999999,0.08494726117324819,0.0966736754534035,0.1713959516891338,-0.1734904709007459,-0.018031642274044822,0.23164679049548678,0.3674313939636139,50
2,20,d0,logspline,0.08,0.08169781228356285,0.0927063854854714,0.16639645316154275,-0.17173066202233622,-0.015190471839184856,0.2261812954630879,0.34664242574364545,50
2,20,d0,logspline,0.09,0.0784399750344841,0.08875527669081466,0.16176077671406322,-0.16712543728526733,-0.016246536207792487,0.22070123690105217,0.3214227561393081,50
2,20,d0,logspline,0.1,0.0751737503824126,0.08482127149823124,0.15745940530252442,-0.16264823956086866,-0.020014102798889034,0.2152066165815799,0.31127889284861865,50
2,20,d0,logspline,0.11,0.07189913939609838,0.08090410724756844,0.15346026014448905,-0.15830948574718745,-0.024013219626906588,0.20969743648504485,0.30316110187375245,50
2,20,d0,logspline,0.12,0.06974153742146852,0.0770025767496009,0.14973042059774783,-0.15411945991587034,-0.026742329353478707,0.1980769959973877,0.29502471601151226,50
2,20,d0,logspline,0.13,0.06956884945782119,0.07311474695571295,0.14623741968778306,-0.1500883516753785,-0.028271253958486953,0.18853184685381238,0.28687226664982224,50
2,20,d0,logspline,0.14,0.06628304529723053,0.06923812858899074,0.14295017858630849,-0.14702755963844216,-0.030622007301605844,0.18325989916628505,0.2787064261809431,50
2,20,d0,logspline,0.15000000000000002,0.06392674838492617,0.06536979802823528,0.1398396367249801,-0.14425522706221633,-0.03358718615671624,0.1779743101128114,0.2712024552654795,50
2,20,d0,logspline,0.16,0.06014567190554435,0.061506488648484355,0.13687913959578948,-0.14163830058663848,-0.03691531876542545,0.1684348577397563,0.26380186473224615,50
2,20,d0,logspline,0.17,0.05637552940450048,0.05764466619209014,0.13404463344881992,-0.139185140398781,-0.04056188322897256,0.15859682921659773,0.25637952633918626,50
2,20,d0,logspline,0.18000000000000002,0.05244222369624579,0.0537807419215114,0.13131474053152148,-0.13995630660352384,-0.04421751263604209,0.14881469022201493,0.2489354474947308,50
2,20,d0,logspline,0.19,0.04860374087486025,0.04991139083313498,0.1286708110323506,-0.14134800563773037,-0.047882204913740505,0.14233821222325296,0.24146963605219904,50
2,20,d0,logspline,0.2,0.044760617816704866,0.04603356600813229,0.12609691012296464,-0.14274167307797986,-0.051555957871374215,0.13589640169164968,0.23398210030907513,50
2,20,d0,logspline,0.21,0.04091316660091056,0.04214444920401151,0.12357971691863756,-0.14413710909696692,-0.05523876920054699,0.13024498426651543,0.22647284900624948,50
2,20,d0,logspline,0.22,0.03706170182615885,0.03824140472899116,0.12110837742958985,-0.14553411325936685,-0.05893063647527723,0.12695070645574474,0.21895661375788977,50
2,20,d0,logspline,0.23,0.03320654057722317,0.034321965220754876,0.11867429874333353,-0.1469324845309786,-0.062316597767092266,0.12346163503262242,0.21153602618274242,50
2,20,d0,logspline,0.24,0.029348002389378687,0.030383845580815434,0.11627095955610565,-0.14833202128835707,-0.0654181886690541,0.12005548101434088,0.20409424277251606,50
2,20,d0,logspline,0.25,0.025486409210620772,0.026425015784546698,0.11389384400725164,-0.1497325213289338,-0.06852762051428367,0.11433603528803243,0.1966312736864383,50
2,20,d0,logspline,0.26,0.021622085361708912,0.02244378764516706,0.1115402995380332,-0.15113378188162227,-0.07164489064270418,0.1118923595906854,0.18914712950828266,50
2,20,d0,logspline,0.27,0.01775535749400895,0.018438997189158965,0.10920911745662293,-0.15253559961791263,-0.07222918024999586,0.10974336794528869,0.18164182124541367,50
2,20,d0,logspline,0.28,0.01424466523951486,0.014410141862229265,0.10690017579022279,-0.1539377706634543,-0.07183624644514902,0.1069848088050435,0.17411536032778496,50
2,20,d0,logspline,0.29000000000000004,0.010763443420242574,0.010357339070763352,0.10461427545650805,-0.15534009061013132,-0.0723856822268752,0.10254559983042727,0.1665677586069036,50
2,20,d0,logspline,0.3,0.00727376553082398,0.006281290153082962,0.10235295666185489,-0.15674235452862342,-0.07105494903305827,0.09705582501965396,0.1589990283547607,50
2,20,d0,logspline,0.31,0.0037756348949587854,0.0021831945245916647,0.10011825181078869,-0.15814435698146045,-0.07005461107896759,0.09155248149919855,0.15140918226272082,50
2,20,d0,logspline,0.32,-0.0010645920751185252,-0.0019353202501652162,0.09791251993371651,-0.15954589203656713,-0.06996527784503874,0.08603562770018616,0.1434090591856114,50
2,20,d0,logspline,0.33,-0.007402535183042635,-0.006072241289922644,0.09573839052710982,-0.16094675328129784,-0.07022614255393389,0.07884937441926489,0.13471285317259227,50
2,20,d0,logspline,0.34,-0.01215288121499398,-0.01022523913885493,0.09359867253827482,-0.1623467338369666,-0.07099416989238182,0.0712167597211196,0.1268812447870279,50
2,20,d0,logspline,0.35000000000000003,-0.014302583443148626,-0.014391873879542674,0.09149607493482055,-0.16374562637386142,-0.07286680854248928,0.06462629290774,0.11921753485817832,50
2,20,d0,logspline,0.36000000000000004,-0.01653659084584361,-0.018569834175770742,0.08943289850920683,-0.1651432231267579,-0.07505183522344623,0.05876866616903956,0.1115517710906683,50
2,20,d0,logspline,0.37,-0.0188576317730227,-0.02275694545858699,0.08741103145620639,-0.166539315910919,-0.07922003025689005,0.05292485798217741,0.1038655507999445,50
2,20,d0,logspline,0.38,-0.021268506731756467,-0.02695114833697694,0.08543199100464192,-0.16793369613859066,-0.08352232422698042,0.04721217588866513,0.0961598636946196,50
2,20,d0,logspline,0.39,-0.02451082559546018,-0.031150499666705345,0.083496947880697725,-0.16932615483598185,-0.08781418885300775,0.04260832078615884,0.08843626041177638,50
2,20,d0,logspline,0.4,-0.026961548539786988,-0.03535316774337284,0.0816067485129273,-0.17071648266074158,-0.09209388115418796,0.03789634732695665,0.0806967938663539,50
2,20,d0,logspline,0.41,-0.028814912291453942,-0.039557422557297606,0.07976193854773377,-0.17210446991992429,-0.09635971474334284,0.03109745214763668,0.07294396850539953,50
2,20,d0,logspline,0.42,-0.030959844961334908,-0.04376162844460947,0.07796278857101269,-0.17348990658844235,-0.10061005292156547,0.025078564355042285,0.06518069594805184,50
2,20,d0,logspline,0.43,-0.03636670644346556,-0.04796423753594106,0.07620932147081888,-0.17487258232801017,-0.10484330278410034,0.020544411607074976,0.05827672196416496,50
2,20,d0,logspline,0.44,-0.04189250969435104,-0.052163783301791146,0.07450134109647395,-0.17625228650657726,-0.1090579101810311,0.014378948162595304,0.0518395557449564,50
2,20,d0,logspline,0.45,-0.0455914231627223,-0.05635887428692602,0.0728384619993255,-0.17762880821824328,-0.11194459170296751,0.007515249874447683,0.04334120170319963,50
2,20,d0,logspline,0.46,-0.04900799558586818,-0.06054818806836575,0.07122014013643448,-0.17922265956520525,-0.1139799227450973,6.320693322355354e-4,0.035002729379470944,50
2,20,d0,logspline,0.47,-0.052409142478450695,-0.06473046485674738,0.06964570459551699,-0.1814286851472264,-0.11601333038650694,-0.006265416757109277,0.027321371875589914,50
2,20,d0,logspline,0.48,-0.05579471477610291,-0.0689045003978269,0.0681143906011131,-0.1836131327451359,-0.11815025585593289,-0.013172492487272225,0.020854140145947803,50
2,20,d0,logspline,0.49,-0.059164580478907824,-0.07306913682664107,0.06662537647686698,-0.18577585168773436,-0.12198313125739399,-0.019655980494567307,0.015402880971403967,50
2,20,d0,logspline,0.5,-0.06251862319065606,-0.07722323364810549,0.06517784043935046,-0.18791670115624365,-0.12680135375464033,-0.02545956037005194,0.009997064891404929,50
2,20,d0,logspline,0.51,-0.06585674082433338,-0.08136564854714708,0.06377100869794529,-0.19003554943783557,-0.12975328585964682,-0.031265144249599156,0.0041119200092932275,50
2,20,d0,logspline,0.52,-0.0690235672112961,-0.0854952361838682,0.062404186775491394,-0.1921322732613543,-0.13187360896876715,-0.0370727273511697,-0.0022037659718493756,50
2,20,d0,logspline,0.53,-0.07248485727681678,-0.08961084443348147,0.06107678501821327,-0.1942067572044623,-0.1339902479721649,-0.04288230587521865,-0.008485716715866766,50
2,20,d0,logspline,0.54,-0.07577471372098624,-0.0937113062868377,0.059788337669612154,-0.1962588931630196,-0.13610285864569566,-0.0486938769903338,-0.014297131009573315,50
2,20,d0,logspline,0.55,-0.08124545742821454,-0.09779543559133504,0.058538528282494395,-0.19828857987486087,-0.13887137037844918,-0.054507438818926425,-0.018601413555841755,50
2,20,d0,logspline,0.56,-0.08655453554262818,-0.10186202699682521,0.057327221638908674,-0.2006288935370777,-0.14164543864118417,-0.05949877026495559,-0.022591295716138944,50
2,20,d0,logspline,0.5700000000000001,-0.09002848549587683,-0.10590986025484929,0.05615449822738733,-0.20312658583211873,-0.14439614635726597,-0.06525258661989194,-0.027262528612349495,50
2,20,d0,logspline,0.5800000000000001,-0.09347337206638642,-0.10993769594501264,0.05502068991368597,-0.20562063785549195,-0.14716420790016177,-0.0706526694195567,-0.03319925245524072,50
2,20,d0,logspline,0.59,-0.09746490640173688,-0.11394412544255214,0.05392646170724977,-0.20810944420806388,-0.15031217231349003,-0.07618903199835243,-0.03906579051094414,50
2,20,d0,logspline,0.6,-0.10179860373557426,-0.1179274580791105,0.05287284527307364,-0.2105912211225348,-0.15343102139136083,-0.08085873577389208,-0.04468756312640765,50
2,20,d0,logspline,0.61,-0.10589425803220717,-0.12188567315604942,0.0518612263641332,-0.21320583407095609,-0.1565195309947014,-0.08496039190504895,-0.05026657335446832,50
2,20,d0,logspline,0.62,-0.10853976579163814,-0.12581639759098937,0.05089323983380241,-0.21594245893500177,-0.15933001024773977,-0.08944812867025932,-0.05580120209544713,50
2,20,d0,logspline,0.63,-0.11181160408219831,-0.1297169159880313,0.04997058713237235,-0.21866441760207717,-0.16156247532463996,-0.09357418293115397,-0.061288643910296925,50
2,20,d0,logspline,0.64,-0.11592313000162774,-0.13358426371890073,0.04909481868166856,-0.22136886567418612,-0.16421378864214187,-0.0989634489297514,-0.06677213390437786,50
2,20,d0,logspline,0.65,-0.12090565131634358,-0.13741551913093877,0.048267138718041544,-0.22410522213213396,-0.1676084119150895,-0.10393445841541388,-0.07238912560380893,50
2,20,d0,logspline,0.66,-0.12595382042316494,-0.14120794251243468,0.04748831386332123,-0.22734880308841132,-0.17138723175649506,-0.10780008260855736,-0.07712955047231373,50
2,20,d0,logspline,0.67,-0.13201369700822346,-0.14495901379123075,0.04675861867467538,-0.23055038057729285,-0.1745012868654387,-0.11121547165136308,-0.08182358035653538,50
2,20,d0,logspline,0.68,-0.13795566211234883,-0.14866643470983887,0.04607784278989673,-0.23384355078412622,-0.17699747800538823,-0.1168085906165019,-0.08646936612510586,50
2,20,d0,logspline,0.6900000000000001,-0.14377678048610137,-0.15232811795612852,0.04544532507012738,-0.23763274590233824,-0.18019991377759526,-0.12000974776990295,-0.09106511096347349,50
2,20,d0,logspline,0.7000000000000001,-0.14947423071031993,-0.15594217490348788,0.04485999513510981,-0.24137887253115176,-0.18384867122890552,-0.12407317836336362,-0.09560906790297462,50
2,20,d0,logspline,0.7100000000000001,-0.15383966185351972,-0.15950690267074438,0.044320417623767795,-0.2435651717176881,-0.18688212604175758,-0.12817738666302886,-0.10009953762584048,50
2,20,d0,logspline,0.72,-0.15698433856281352,-0.16302077103006754,0.04382483582534059,-0.24571358763831283,-0.1901093710077662,-0.13222624031654298,-0.10453486652280394,50
2,20,d0,logspline,0.73,-0.16003828202572168,-0.16648240960668806,0.043371212531776684,-0.24784337548268115,-0.19430917705377276,-0.13578557461892626,-0.10891344498224223,50
2,20,d0,logspline,0.74,-0.1630846157163049,-0.16989059787730015,0.0429572717617609,-0.24995280835929778,-0.19914728353792677,-0.1408220580049461,-0.11323370589185577,50
2,20,d0,logspline,0.75,-0.1682143801978221,-0.1732442655164871,0.04258055720675325,-0.2520401398912908,-0.20084509256323102,-0.14452837476924588,-0.11740705949998217,50
2,20,d0,logspline,0.76,-0.17295702598124885,-0.1765424883690054,0.042238475261586146,-0.2543182265570156,-0.2026805393645431,-0.14791985253743223,-0.12123326107949313,50
2,20,d0,logspline,0.77,-0.17639670616060832,-0.17978447746964224,0.04192831949470569,-0.25664202552591153,-0.2051604254013784,-0.1512879542708428,-0.12500934261273275,50
2,20,d0,logspline,0.78,-0.1790060217849911,-0.1829695466578803,0.04164727322076275,-0.2587077754234937,-0.2075989207526651,-0.15463451370687037,-0.12873407782795054,50
2,20,d0,logspline,0.79,-0.18252947748077486,-0.18609706791702293,0.041392386777676864,-0.25955206513468176,-0.21018656651432818,-0.15792550560786522,-0.13238973614061886,50
2,20,d0,logspline,0.8,-0.18622048391083296,-0.18916649942702085,0.041160623516098185,-0.2603945030497713,-0.21359043259667582,-0.16105585458318322,-0.1358484219810462,50
2,20,d0,logspline,0.81,-0.18978813339429412,-0.19217737342158056,0.040948950435965054,-0.2612349839662968,-0.21736719583076022,-0.16415377947478452,-0.13925558275180006,50
2,20,d0,logspline,0.8200000000000001,-0.19323586882753618,-0.19512927059828541,0.04075440667167736,-0.262073409610625,-0.22183678582438165,-0.16721810427999798,-0.1418484058443502,50
2,20,d0,logspline,0.8300000000000001,-0.19656699733414124,-0.19802181584150175,0.0405741440390192,-0.2629096882385698,-0.2261562850377755,-0.17024771023116977,-0.14417780336981817,50
2,20,d0,logspline,0.8400000000000001,-0.1993451841197446,-0.20085467438945687,0.040405457938149814,-0.26374373426373754,-0.2303178321205804,-0.1732415432581687,-0.14649000400979226,50
2,20,d0,logspline,0.85,-0.20272695713066885,-0.20362756136121418,0.04024580611788621,-0.2648388446004831,-0.2343137464237612,-0.17619861076947296,-0.14878507945717234,50
2,20,d0,logspline,0.86,-0.20584141471960393,-0.20634027600966343,0.04009281466962016,-0.2664347140485227,-0.2366484190313105,-0.1791179785647392,-0.15106310285757063,50
2,20,d0,logspline,0.87,-0.2081089158750177,-0.20899270742239417,0.039944296048709534,-0.2679974822058643,-0.23904873438067206,-0.18199876794323777,-0.15332414878010867,50
2,20,d0,logspline,0.88,-0.21056468752745916,-0.21158483189977165,0.039798273897651906,-0.2695266706751789,-0.24136353993545134,-0.18500624447192543,-0.15554192636938924,50
2,20,d0,logspline,0.89,-0.21337971352024238,-0.21411669306849654,0.03965298581864139,-0.27102181545799264,-0.24351153322746133,-0.18794786051003887,-0.15772643225520697,50
2,20,d0,logspline,0.9,-0.2161804399859176,-0.21658839855571907,0.03950685242252626,-0.2725023904625869,-0.24489845239895358,-0.1905169311781373,-0.15989821358988793,50
2,20,d0,logspline,0.91,-0.2189664428470999,-0.219000140206331,0.03935846272831132,-0.2743176166790572,-0.2466434665090807,-0.19377064487149623,-0.1620573343003617,50
2,20,d0,logspline,0.92,-0.22137889748442155,-0.22135211380094127,0.03920661856137818,-0.2761922421133766,-0.24951382813697254,-0.1970210868855184,-0.1642038593463936,50
2,20,d0,logspline,0.93,-0.22322929376867473,-0.22364439424531535,0.03905036556426884,-0.27812922650279465,-0.2522597824587844,-0.19947884498923207,-0.16633785469759046,50
2,20,d0,logspline,0.94,-0.2262351234016254,-0.2258768994813699,0.03888896960633797,-0.28025346112206095,-0.2548864764646942,-0.20184667021191566,-0.16845938731054597,50
2,20,d0,logspline,0.95,-0.22916686390774588,-0.22804940120940942,0.03872188144146959,-0.28227811340559844,-0.2573987805367928,-0.20393170011522782,-0.17056852510613638,50
2,20,d0,logspline,0.96,-0.2318676095487752,-0.23016164908740366,0.038548678831299144,-0.2842048584594077,-0.2598013070737988,-0.20593886628341973,-0.17266533694696345,50
2,20,d0,logspline,0.97,-0.23382736887035832,-0.232213562678752,0.038369011025251934,-0.286035975074477,-0.26209412785244174,-0.2077846015118058,-0.17474989261494595,50
2,20,d0,logspline,0.98,-0.23573905019412866,-0.23420531401821668,0.03818266365758052,-0.2877742673354169,-0.2639808058286202,-0.20952217275338464,-0.17682226278907204,50
2,20,d0,logspline,0.99,-0.23760304012826464,-0.2361373558806422,0.03798957053351228,-0.289422728077645,-0.2656815985115657,-0.21148468329152884,-0.1788825190232903,50
2,20,d0,logspline,1,-0.23941969836567467,-0.23801041780916501,0.03778980749126921,-0.29098429880058985,-0.2666844266387198,-0.21348682579719575,-0.18093073372457602,50
2,20,d1,ecdf,0.01,Inf,Inf,NA,Inf,Inf,Inf,Inf,3
2,20,d1,ecdf,0.02,Inf,Inf,NA,-1.4287112307987762,Inf,Inf,Inf,7
2,20,d1,ecdf,0.03,Inf,Inf,NA,-1.9974172841415914,-0.6178509024021868,Inf,Inf,14
2,20,d1,ecdf,0.04,Inf,Inf,NA,-1.7522993632561015,-0.7357317751452711,Inf,Inf,20
2,20,d1,ecdf,0.05,0.4035767275491295,Inf,NA,-1.3061380411216459,-0.28957045301081585,Inf,Inf,29
2,20,d1,ecdf,0.06,0.4214925344879715,Inf,NA,-1.108476218365103,-0.33054616390016567,Inf,Inf,33
2,20,d1,ecdf,0.06999999999999999,0.3830386608215344,Inf,NA,-1.0680363699093671,-0.3101085197384109,1.0761858413814798,Inf,40
2,20,d1,ecdf,0.08,0.2444267791222901,Inf,NA,-1.0119666240960246,-0.4487204014376552,1.3430390677903998,Inf,46
2,20,d1,ecdf,0.09,0.192073315884335,Inf,NA,-0.9065389727837748,-0.4676910165194797,0.8852204964442802,Inf,47
2,20,d1,ecdf,0.1,0.17938544473373708,Inf,NA,-0.8168853849782463,-0.40840122016838193,0.6902110684997279,1.7888233571678376,48
2,20,d1,ecdf,0.11,0.1873910232119057,0.28303729011720624,0.7594539473375688,-0.7977394372869526,-0.32343460055408485,0.8086176856589058,1.979150492439961,50
2,20,d1,ecdf,0.12,0.07341062474710089,0.2745803243848863,0.7360490235865638,-0.737519591469228,-0.24504310637143376,0.7665578053070462,1.8409359351749595,50
2,20,d1,ecdf,0.13,0.11536408797552385,0.24334507918252016,0.6740742543702724,-0.607520064283073,-0.23235001523140936,0.7031507528776428,1.2139763766436336,50
2,20,d1,ecdf,0.14,0.1578427845323531,0.21776202343435255,0.6469372531106873,-0.5621389863207799,-0.2303741057040735,0.4811348803149547,1.1319440581635918,50
2,20,d1,ecdf,0.15000000000000002,0.07308109164172487,0.17926761298948357,0.5738610529836985,-0.4930333580918224,-0.2352042487897227,0.5185675535866575,0.906526482275113,50
2,20,d1,ecdf,0.16,0.08759651368716055,0.1584718733558571,0.5226026122119242,-0.5722020794036098,-0.16371791459374535,0.5294292659662,0.8655265681520976,50
2,20,d1,ecdf,0.17,0.04454201632017284,0.12042920636706365,0.4278623286179327,-0.46839602083013876,-0.19707938825525156,0.449547776669801,0.9015329004128582,50
2,20,d1,ecdf,0.18000000000000002,0.043866755336649674,0.10190760880504221,0.38226567000362577,-0.408878465625075,-0.2061418028752944,0.3222147942526935,0.9022704820862304,50
2,20,d1,ecdf,0.19,0.07315885280891635,0.10164719176386024,0.33459481468691205,-0.3503406578518929,-0.1499846985052933,0.2811462486690175,0.6842613328115816,50
2,20,d1,ecdf,0.2,0.057666284358275796,0.08947813584254813,0.32907112238782205,-0.3419920721967963,-0.11546716500660877,0.22649563983556809,0.6059852615404718,50
2,20,d1,ecdf,0.21,0.0490684025435635,0.0863687741927921,0.3033571736746161,-0.3179672522127954,-0.09935160257470996,0.22342178968834112,0.5978401056273771,50
2,20,d1,ecdf,0.22,0.02818143869803034,0.07407696715379489,0.29405277394860363,-0.3420744421654063,-0.13612161259324582,0.2248917329440847,0.5960123334417212,50
2,20,d1,ecdf,0.23,0.03107131677834989,0.058664796140248145,0.270167456889081,-0.33754081158377824,-0.10668445163741291,0.19056707183051877,0.5582918519558361,50
2,20,d1,ecdf,0.24,0.03662189583480364,0.055109765143355464,0.2627584839479727,-0.3073403520593412,-0.10445670242510198,0.2282006802542359,0.5436529217842008,50
2,20,d1,ecdf,0.25,0.00317467381116047,0.05648757297202643,0.25163972029287796,-0.31773304626894083,-0.09947948024892282,0.22218673826559784,0.5030468399401938,50
2,20,d1,ecdf,0.26,0.04125181176816222,0.04913283563867048,0.23433764185057893,-0.269894511119131,-0.1148367750741415,0.21093365644234308,0.4337291766746963,50
2,20,d1,ecdf,0.27,0.00537056062638703,0.033681307811161874,0.22600409618276415,-0.25878101441519996,-0.12009479998999324,0.1830517378638393,0.42332157826959815,50
2,20,d1,ecdf,0.28,-0.03265809338382036,0.03411779426902852,0.21458456285413913,-0.2234757471496227,-0.11270080105735668,0.1944628861968696,0.46053619490939224,50
2,20,d1,ecdf,0.29000000000000004,-0.02389043046084629,0.03679524729632605,0.19859669302193214,-0.22068213612985346,-0.10832457742895095,0.18833874766440661,0.3399102461390524,50
2,20,d1,ecdf,0.3,-0.023237926299953682,0.030305774531496577,0.19002317541358707,-0.2078636899691518,-0.11094848470476144,0.16276347314840545,0.37907221275765735,50
2,20,d1,ecdf,0.31,-0.029334720965164082,0.02098504791692989,0.18511582657766798,-0.18788153859683543,-0.11922757709876657,0.1178273225444389,0.39038037765305217,50
2,20,d1,ecdf,0.32,-0.04085381574006151,0.02232516200824525,0.18696080366110723,-0.1743852083645841,-0.11722679452463552,0.10420495304447815,0.39144588266129043,50
2,20,d1,ecdf,0.33,-0.02672961828591878,0.021490958309038532,0.18218689354532308,-0.17499786140786833,-0.11024443478186358,0.0982085048542624,0.35873219666537026,50
2,20,d1,ecdf,0.34,-0.02679035548211731,0.009181839422012185,0.15627167956195845,-0.15466129611355284,-0.09578322696906874,0.07857016017570906,0.3207933701637314,50
2,20,d1,ecdf,0.35000000000000003,-0.01173264923820376,-0.007479690453516206,0.13886405576712618,-0.1986100225680191,-0.11261673276261219,0.05556938687879247,0.23980169027475434,50
2,20,d1,ecdf,0.36000000000000004,-0.009632655171381635,-0.009859780880583913,0.1345365136429505,-0.17179865191630703,-0.10856282817373666,0.07140855127526438,0.20869717614506883,50
2,20,d1,ecdf,0.37,-0.012704833617698405,-0.009174494382097997,0.1345906782630075,-0.19247268624468922,-0.09793211356800902,0.09066275810527658,0.1765199593563681,50
2,20,d1,ecdf,0.38,-0.019945688297034976,-0.013528158337708424,0.1275157063888887,-0.19015669034721094,-0.10043894083380604,0.07073416668998929,0.1728028875130872,50
2,20,d1,ecdf,0.39,-0.03065712296477912,-0.022274276085731643,0.12382067761554005,-0.20027550535886993,-0.10404747326431615,0.057296963615209584,0.14726695501658998,50
2,20,d1,ecdf,0.4,-0.01325622483877698,-0.03439498907897253,0.11344783368057638,-0.20907339611019918,-0.10377023237960874,0.04081099643149891,0.10447836197729904,50
2,20,d1,ecdf,0.41,-0.03115474696913935,-0.03648048004830606,0.11116777278551836,-0.2031641662365023,-0.1024559641355178,0.04559713582362215,0.10647030375114944,50
2,20,d1,ecdf,0.42,-0.0274481280166469,-0.03991312274005549,0.10631543566366541,-0.20541136264875703,-0.12408153458184036,0.048440892756491535,0.09265168202306408,50
2,20,d1,ecdf,0.43,-0.041102959857627366,-0.047461404957092994,0.10590245092953338,-0.2167178506948351,-0.1384411804589466,0.03744948600471763,0.09912229614413909,50
2,20,d1,ecdf,0.44,-0.0566817197981732,-0.056911035690405745,0.10868375127125283,-0.21893113173356493,-0.1542748745914514,0.030732436148673277,0.09726280613892929,50
2,20,d1,ecdf,0.45,-0.05796203142996667,-0.0643501491015857,0.10928302339581385,-0.2402835882239213,-0.14595268310836657,0.01676151476596983,0.09333679471238729,50
2,20,d1,ecdf,0.46,-0.058302581681084056,-0.06728136424528393,0.1059286722792481,-0.22451757378489862,-0.15500782709969435,0.01727275955054186,0.0865996241574578,50
2,20,d1,ecdf,0.47,-0.065151022457245,-0.07205747829700901,0.1043817970156974,-0.23339131169734426,-0.1541597840691732,8.274639592524772e-4,0.08032114763307956,50
2,20,d1,ecdf,0.48,-0.07071750144318732,-0.0827505594002833,0.10094558234822919,-0.24018697357549515,-0.14781365344447997,-0.011508341788068466,0.05932955652328849,50
2,20,d1,ecdf,0.49,-0.07843223629960133,-0.08674572394631185,0.09862920235224437,-0.24680424371464954,-0.15972558295827585,-0.02030172844527197,0.06878971131655087,50
2,20,d1,ecdf,0.5,-0.0973410501835917,-0.0929277425183064,0.09485221188473002,-0.25411572233420887,-0.14789141754987867,-0.02431576170269672,0.055355674631183585,50
2,20,d1,ecdf,0.51,-0.09313686064681524,-0.0963689234433684,0.09195983714987978,-0.2527239592382635,-0.15767538178438636,-0.03222422624805377,0.053823647956113746,50
2,20,d1,ecdf,0.52,-0.09725221252058862,-0.10255795402492815,0.0910640137147843,-0.2535477842244147,-0.17011356078546047,-0.04350793651389793,0.03296242747794007,50
2,20,d1,ecdf,0.53,-0.10326097418521751,-0.11158595259173452,0.08748184144445544,-0.2506277255210527,-0.1744811305053445,-0.04446329127460537,0.02147619501632919,50
2,20,d1,ecdf,0.54,-0.11093466791313489,-0.11746344110337564,0.0826179398059714,-0.2482517090569909,-0.1804642861299428,-0.05894292836295215,0.0027929166176510387,50
2,20,d1,ecdf,0.55,-0.11749782367766208,-0.12255517417664966,0.08198832835342117,-0.2609039477300695,-0.17947879448184803,-0.059579201415569535,-0.009290798205631102,50
2,20,d1,ecdf,0.56,-0.13041882899936263,-0.12856875997225606,0.07962001595803178,-0.25456796905689694,-0.17919069705143445,-0.0609877639028723,-0.035568397987779235,50
2,20,d1,ecdf,0.5700000000000001,-0.13247950898091856,-0.13219189784897042,0.07578033320433458,-0.2527004053622237,-0.18068171426957014,-0.07185765533823649,-0.043712077628716345,50
2,20,d1,ecdf,0.5800000000000001,-0.140732798981423,-0.14174042222911568,0.07257775419086981,-0.26035480958312995,-0.1966171119441743,-0.08384032893938229,-0.04858045468761158,50
2,20,d1,ecdf,0.59,-0.14141758672900845,-0.1449069004016968,0.07030636633073063,-0.26066470271180775,-0.1883178531919645,-0.08875189864280733,-0.06429139246220288,50
2,20,d1,ecdf,0.6,-0.13528280711181742,-0.14362996464656116,0.06984350247013967,-0.2670504480287822,-0.1891015179523709,-0.09179769517207843,-0.057663615670001236,50
2,20,d1,ecdf,0.61,-0.13732317126265237,-0.14956537072567086,0.06606849303314237,-0.26569898337269127,-0.19430577051852785,-0.10810200056331838,-0.0687699781669639,50
2,20,d1,ecdf,0.62,-0.1507399308250277,-0.15607487183850205,0.061980636378179556,-0.2591996767173056,-0.20342647429444954,-0.1156822056981271,-0.0852473397999931,50
2,20,d1,ecdf,0.63,-0.14760680968378417,-0.1609500595623034,0.06167650809801051,-0.26853374365039845,-0.20257982606559619,-0.12140298891459986,-0.0880031696432804,50
2,20,d1,ecdf,0.64,-0.16093285817533987,-0.1671747914782862,0.06314063581291228,-0.26404858960200844,-0.2127781431944824,-0.12924503058117737,-0.08012470218648096,50
2,20,d1,ecdf,0.65,-0.17299275467100209,-0.17386317400881685,0.06186350748095087,-0.2638114286890303,-0.21521256244649126,-0.1288896587665893,-0.0919740550172715,50
2,20,d1,ecdf,0.66,-0.17199296403603942,-0.17921742972199833,0.06256225798419565,-0.27179660086204604,-0.22371027448603378,-0.13803118938215242,-0.08670149589337883,50
2,20,d1,ecdf,0.67,-0.17737054441812694,-0.1849028243590326,0.06331130812538342,-0.2813681118625349,-0.22662522383479816,-0.14369732931153906,-0.09620239272923875,50
2,20,d1,ecdf,0.68,-0.18371085701024847,-0.18907697378121033,0.0605388340876519,-0.2800460385584256,-0.22524723957396983,-0.15285071347587392,-0.09629065015774527,50
2,20,d1,ecdf,0.6900000000000001,-0.190937558954325,-0.1922779566126577,0.05994354477562468,-0.28259759013892916,-0.23552706554339078,-0.15475238282673429,-0.10478524902996189,50
2,20,d1,ecdf,0.7000000000000001,-0.1989553710631909,-0.1975231050199434,0.05961674772918861,-0.28348762414502815,-0.24346512678114252,-0.15937638478253288,-0.10117299467287422,50
2,20,d1,ecdf,0.7100000000000001,-0.2047674188701693,-0.20149050780935182,0.06033745632519201,-0.29229284770184666,-0.2388658067817601,-0.16045119575812264,-0.11375356997993422,50
2,20,d1,ecdf,0.72,-0.1987296742159717,-0.20377449321696806,0.06044682112921332,-0.296341887138028,-0.2450880325215094,-0.16487615951096388,-0.10927556705256561,50
2,20,d1,ecdf,0.73,-0.2051257908936861,-0.20862964390998806,0.05885512257124478,-0.3030522689030911,-0.2480837628997023,-0.17094057621596706,-0.12504863692239512,50
2,20,d1,ecdf,0.74,-0.20425501405733704,-0.21150575552661052,0.05622047915168376,-0.3041618135193065,-0.2474846446518554,-0.17849177316490397,-0.12718193298204586,50
2,20,d1,ecdf,0.75,-0.2097079452711213,-0.21481289417845137,0.055778537473642614,-0.3019326314357502,-0.2572599099408703,-0.18072040839786896,-0.1333247273594831,50
2,20,d1,ecdf,0.76,-0.21464576002702024,-0.21785081373888635,0.05669280340695913,-0.30944525440464,-0.2548120461143409,-0.17673068354814214,-0.13404246343241097,50
2,20,d1,ecdf,0.77,-0.2215613667115199,-0.22267978083751652,0.05285880124550928,-0.30595711707294626,-0.2622855569380885,-0.18419711996665197,-0.13688928727552513,50
2,20,d1,ecdf,0.78,-0.22433736696406145,-0.2255772318963427,0.0529385125293075,-0.3098003267061077,-0.2617248990356817,-0.18115586263758388,-0.14054676423819804,50
2,20,d1,ecdf,0.79,-0.22561779399113335,-0.2283833277990665,0.05269123621187774,-0.30859095919702306,-0.2671366185058924,-0.18894966482615372,-0.14548159838585828,50
2,20,d1,ecdf,0.8,-0.2323004625687664,-0.23175865483086122,0.052549890046710235,-0.31765919044907065,-0.26882978581322675,-0.18969246525450295,-0.1470119051029418,50
2,20,d1,ecdf,0.81,-0.23186569893444775,-0.2338286788882602,0.05144636517483881,-0.31135479779283426,-0.2718500227578121,-0.19193528808288135,-0.1472119428510162,50
2,20,d1,ecdf,0.8200000000000001,-0.23342756454359506,-0.23673692096294335,0.05131836529960795,-0.31363539803488144,-0.26989148870117985,-0.20004564713457132,-0.14690593190615958,50
2,20,d1,ecdf,0.8300000000000001,-0.23999317076647503,-0.23943815154510678,0.04918604875446238,-0.3127983639669203,-0.27443463949851743,-0.2043221932929402,-0.1503156333706092,50
2,20,d1,ecdf,0.8400000000000001,-0.24505548412391148,-0.2433161030429816,0.04718687994091836,-0.3113386821643468,-0.27563867604062064,-0.20664742594232668,-0.15962540105499626,50
2,20,d1,ecdf,0.85,-0.2477365232785189,-0.24405715884735035,0.0464117001471659,-0.3116466887998489,-0.2747052004304923,-0.2081960661525801,-0.16346332532875144,50
2,20,d1,ecdf,0.86,-0.24625462776638823,-0.2462744861748266,0.043317527641850845,-0.31889080855826835,-0.27838554539325233,-0.21305102905111745,-0.17422577118124477,50
2,20,d1,ecdf,0.87,-0.2532562433516746,-0.24818420276053507,0.04086811618066953,-0.3167860301899058,-0.27667180998994007,-0.21558927480634463,-0.18043064984296675,50
2,20,d1,ecdf,0.88,-0.25330855440214767,-0.2506328604864427,0.03895885916114124,-0.31496137367816784,-0.276707133951961,-0.21835030044223,-0.18907991814211664,50
2,20,d1,ecdf,0.89,-0.25774885540535,-0.2520016830912324,0.039118847956428775,-0.3157126253789494,-0.2774952059170579,-0.21756383799747775,-0.19119359232102,50
2,20,d1,ecdf,0.9,-0.2618941084066886,-0.252938151943746,0.038294425919630455,-0.31063377845056317,-0.27637768015023634,-0.2235925875396447,-0.18548322713381488,50
2,20,d1,ecdf,0.91,-0.26226393360908656,-0.25496013413896307,0.035782908622179234,-0.3129504581604853,-0.27560579823193615,-0.23146399834798542,-0.18920472996659365,50
2,20,d1,ecdf,0.92,-0.25994581924328286,-0.2564591164526148,0.03660036082681725,-0.31817891822626004,-0.2734838560510928,-0.23274910559242026,-0.19101359051684152,50
2,20,d1,ecdf,0.93,-0.26260531054959513,-0.25857917941924724,0.0366799187390428,-0.32260662026255815,-0.28363798350010877,-0.23600990984900314,-0.19503925381803397,50
2,20,d1,ecdf,0.94,-0.260139635697337,-0.2597461331858958,0.035973596402685916,-0.33132800783473404,-0.2808376844748669,-0.23357209156212716,-0.1954759989990148,50
2,20,d1,ecdf,0.95,-0.2657024877382718,-0.26233741388353415,0.036211565349503344,-0.3265309369723765,-0.28275729023177326,-0.23606667448296892,-0.20203917119350906,50
2,20,d1,ecdf,0.96,-0.264652948429813,-0.2628190397371435,0.03519377873089327,-0.321347199326877,-0.28025388887229263,-0.23957676410241352,-0.2051246478445915,50
2,20,d1,ecdf,0.97,-0.2673973967541071,-0.26424330816221026,0.03481468197001219,-0.32170140462741525,-0.2841911204716122,-0.24324381139444665,-0.20939533000521404,50
2,20,d1,ecdf,0.98,-0.26692279766819177,-0.26634296599569773,0.034351126550586406,-0.32894348920732086,-0.28751100369897975,-0.24086407461994525,-0.21379143068672465,50
2,20,d1,ecdf,0.99,-0.2693436477583028,-0.26740325316847885,0.0342580770483294,-0.3248536672801803,-0.2887974483714794,-0.24419521948445994,-0.21738443343401098,50
2,20,d1,ecdf,1,-0.2730406306190916,-0.2682961680554189,0.03543989490632421,-0.32686349603610276,-0.28852334969777327,-0.2480587533799168,-0.21084168819078622,50
2,20,d1,logspline,0.01,-2.463063750245434,-2.2887756566171995,0.8028536140289368,-3.1942851163882855,-2.9018037647058543,-1.9147729299919534,-0.689561347600596,50
2,20,d1,logspline,0.02,-1.7993278895310065,-1.6326339203004883,0.7776594994533286,-2.517222306087129,-2.2282444446829013,-1.2620496384298494,-0.0892774363827605,50
2,20,d1,logspline,0.03,-1.4235815401055743,-1.2648492686433481,0.7517485306531144,-2.1279539593428756,-1.8425200435920406,-0.8975588291871563,0.22065645397584432,50
2,20,d1,logspline,0.04,-1.1659199479172337,-1.015517027358419,0.7251810307124008,-1.8565810122423656,-1.5747312700348284,-0.6513896542227398,0.42056212673448323,50
2,20,d1,logspline,0.05,-0.9730922566300991,-0.8313842365571328,0.6980308062633919,-1.6498587787560433,-1.3716330058227015,-0.4702770145213151,0.5566596763724637,50
2,20,d1,logspline,0.06,-0.8213750709607789,-0.6887226536608463,0.670386774159707,-1.4840701315107987,-1.2095079660732257,-0.33047546780844617,0.6498400230193908,50
2,20,d1,logspline,0.06999999999999999,-0.6981098918302052,-0.5748640330496653,0.6423602873335281,-1.3465630747209913,-1.0757041573610668,-0.21929956264736772,0.7127859453517273,50
2,20,d1,logspline,0.08,-0.5957371946409946,-0.48222551074916653,0.6141076016913837,-1.229785005774417,-0.9626685446363201,-0.12915951259478714,0.751117406094322,50
2,20,d1,logspline,0.09,-0.5093770642679313,-0.4058810231498448,0.5858434192656887,-1.1288638962450617,-0.865527894225726,-0.055142882993686464,0.7718817445988686,50
2,20,d1,logspline,0.1,-0.4356933412121673,-0.34239896045813545,0.5578459179672197,-1.0404727453015432,-0.7809535012814272,-0.04302672907999831,0.779295541766968,50
2,20,d1,logspline,0.11,-0.3723024562569507,-0.2892476137526802,0.530413763495724,-0.9622381482049953,-0.7065699351623733,-0.07994515090479026,0.7470126811062432,50
2,20,d1,logspline,0.12,-0.3174406158715883,-0.2444831784264072,0.5038027113300666,-0.8924072990837459,-0.6406221306754336,-0.062141948809858405,0.711564977675641,50
2,20,d1,logspline,0.13,-0.27247633067557564,-0.20659570139643013,0.4781834681459244,-0.829485355170222,-0.5817761867390955,-0.03136335859866497,0.6630432315417437,50
2,20,d1,logspline,0.14,-0.26608311599784207,-0.17441715059416607,0.4536554503271785,-0.7712731673760334,-0.5289941955350487,-0.0066481628590148775,0.6407306351054618,50
2,20,d1,logspline,0.15000000000000002,-0.25360360042567376,-0.14702657395279667,0.4302836718734831,-0.7182746152727059,-0.48145235952738785,0.01384497882580232,0.622320345204566,50
2,20,d1,logspline,0.16,-0.22424175114359368,-0.1236817259181129,0.40811690607418005,-0.6698288336334395,-0.43848558863712117,0.03140034231553942,0.600259060567098,50
2,20,d1,logspline,0.17,-0.19415698318671043,-0.10377269990604886,0.387191066598512,-0.6253952488303998,-0.3995489230365794,0.04502587150471521,0.5677525898530963,50
2,20,d1,logspline,0.18000000000000002,-0.16553319218683835,-0.08679054087917365,0.3675249155319064,-0.5845260392753271,-0.3662206211040236,0.05525929989902993,0.5408658552951103,50
2,20,d1,logspline,0.19,-0.14004699908405754,-0.07231055442026828,0.3491092549900517,-0.5468460517226619,-0.3546173046229732,0.06371225364130229,0.5300224953543855,50
2,20,d1,logspline,0.2,-0.11736876011008862,-0.05998514850521386,0.3318946021439825,-0.5120378751031495,-0.32390464740310737,0.07206186002982673,0.5202544144852652,50
2,20,d1,logspline,0.21,-0.09721680673046973,-0.049529941901392205,0.31579466508842274,-0.47983055988053536,-0.2957883922365464,0.07512731397209824,0.5085327483725136,50
2,20,d1,logspline,0.22,-0.07934849664855538,-0.04071125710572706,0.3007029170289241,-0.44999096406706174,-0.2700313502981021,0.07642877312408833,0.4950523200592969,50
2,20,d1,logspline,0.23,-0.06884828471171106,-0.03333627870867316,0.28650682084126144,-0.42231702451489217,-0.2466546532121709,0.07805816980127103,0.4801166615312742,50
2,20,d1,logspline,0.24,-0.0609013255329868,-0.027244468816980495,0.27309952502942875,-0.4053378766009424,-0.2259693226974398,0.0817914200210284,0.46398539334754024,50
2,20,d1,logspline,0.25,-0.06384416884049386,-0.02229998271308547,0.26038970430793135,-0.3900031728557356,-0.20705063205890212,0.08184802763581246,0.44688157812737783,50
2,20,d1,logspline,0.26,-0.05072396003025613,-0.01838652570742178,0.2483052334871642,-0.3753144110370953,-0.1920912197715604,0.0832330319148302,0.4289976349704435,50
2,20,d1,logspline,0.27,-0.043655475016511694,-0.015403677950917877,0.23679347612983184,-0.36146698069483796,-0.1790391968592186,0.08401985931999395,0.41267114257305715,50
2,20,d1,logspline,0.28,-0.032209609960800883,-0.013263755493943303,0.22581981310676602,-0.349754713017697,-0.16727777579277625,0.08358562562202013,0.3959576207299055,50
2,20,d1,logspline,0.29000000000000004,-0.03258277153552516,-0.011888013901404898,0.2153637927550418,-0.33854999387316037,-0.15696674818252998,0.08389797285274744,0.38150446776795566,50
2,20,d1,logspline,0.3,-0.034758379757822457,-0.011205818154887418,0.20541204266021512,-0.32695213629098463,-0.151881908533052,0.08474458828175338,0.37114332300454994,50
2,20,d1,logspline,0.31,-0.028203006865081433,-0.011154765176036996,0.195952995112244,-0.3113253803058943,-0.14349566290512386,0.08330282347728651,0.3599678976460262,50
2,20,d1,logspline,0.32,-0.02636145742242221,-0.011678909207065455,0.18697572893161402,-0.29679786264178054,-0.13652452906359616,0.07694250051431736,0.34807343013515135,50
2,20,d1,logspline,0.33,-0.02782723025550626,-0.012727868438163993,0.17846943561032205,-0.28330339734860177,-0.13357978098425244,0.07422209068200344,0.33511293163400824,50
2,20,d1,logspline,0.34,-0.034679348615437464,-0.014256032899886919,0.17042303125799219,-0.27078150683736224,-0.12964800059484577,0.07283069581808743,0.3102788824605903,50
2,20,d1,logspline,0.35000000000000003,-0.040443859280530195,-0.016221475705857007,0.1628246246775554,-0.25798909327081615,-0.12499368788700728,0.07247589043799076,0.28631572413351974,50
2,20,d1,logspline,0.36000000000000004,-0.045027491320838886,-0.0185853605961191,0.15566136593423477,-0.24583642933459549,-0.1218447249806204,0.06889607307360177,0.2651826181559741,50
2,20,d1,logspline,0.37,-0.042842886080571796,-0.021311516793595164,0.1489194806500518,-0.23496681912143935,-0.11793083796503329,0.05899491871509235,0.2486766313379789,50
2,20,d1,logspline,0.38,-0.03958659410948935,-0.024366274859387842,0.14258428535984274,-0.23068543723785323,-0.12036478276121321,0.05092768125230342,0.23702302452556917,50
2,20,d1,logspline,0.39,-0.03910548566527893,-0.027718334364333314,0.13664024297206986,-0.2266407306109985,-0.12041101325840235,0.044811373003039466,0.22523996381877154,50
2,20,d1,logspline,0.4,-0.0434657796830622,-0.0313386130763362,0.13107105982095216,-0.22284238562327127,-0.11939845239398648,0.040607184049166224,0.21336577052397704,50
2,20,d1,logspline,0.41,-0.04894627802719101,-0.035200087458098356,0.12585980436675415,-0.21929693735716088,-0.11589769183853425,0.03602850675236306,0.20143522032321165,50
2,20,d1,logspline,0.42,-0.05255367643389176,-0.03927763949820512,0.12098902809153816,-0.21676544718529756,-0.11339034175219909,0.031110519367671396,0.18947986623087848,50
2,20,d1,logspline,0.43,-0.05420075894603665,-0.04354792675310356,0.11644090232900814,-0.21465208339970065,-0.1117621680635483,0.021942795602831924,0.1775283255817992,50
2,20,d1,logspline,0.44,-0.06043324887769415,-0.04798929769137472,0.11219740751495763,-0.2156014212176783,-0.11156510907925772,0.018713402930858113,0.16560653593418365,50
2,20,d1,logspline,0.45,-0.06573051067852248,-0.05258167938249516,0.10824048171782645,-0.21669155065312432,-0.11606820747453259,0.013269060914068044,0.15373798399820376,50
2,20,d1,logspline,0.46,-0.06580723525564841,-0.05730645458741555,0.10455213409869615,-0.21885838578299896,-0.1232696143758656,0.008614521831744493,0.1419439110658886,50
2,20,d1,logspline,0.47,-0.06630484002194335,-0.062146366497461886,0.10111453997170458,-0.22067171731766466,-0.1303964253844908,0.004462182711014151,0.13024349789386033,50
2,20,d1,logspline,0.48,-0.06759952637719957,-0.0670854603838289,0.09791011774489096,-0.22019407596413992,-0.1315427598530992,1.5253473643892564e-5,0.11559390743915812,50
2,20,d1,logspline,0.49,-0.07266757548335981,-0.07210900145353977,0.09492162084655723,-0.21985593842941414,-0.13765371986742694,-0.004534500306942647,0.10096988102083626,50
2,20,d1,logspline,0.5,-0.07857749182040881,-0.07720327768076368,0.0921323197776351,-0.21965445025099412,-0.14302114651261105,-0.009364054439879147,0.0865563180141849,50
2,20,d1,logspline,0.51,-0.08304691593380104,-0.08235528697708809,0.08952625645428407,-0.22308207889412573,-0.1443755422929747,-0.018268110377707095,0.07238060509234026,50
2,20,d1,logspline,0.52,-0.08832189814025146,-0.08755264775181931,0.08708828340826147,-0.2267876678588031,-0.15079754616687974,-0.022855523123886015,0.058468562506273525,50
2,20,d1,logspline,0.53,-0.09108803098216911,-0.09278357673905802,0.08480405184760173,-0.23040324427007303,-0.15688147945031244,-0.025207799807281172,0.04484451120688074,50
2,20,d1,logspline,0.54,-0.0933175938412531,-0.0980368659524711,0.08266000595665648,-0.23392866248283606,-0.1618257761527718,-0.03282030395037072,0.03153133193875218,50
2,20,d1,logspline,0.55,-0.09579357946204589,-0.10330185931208993,0.08064337728188502,-0.23736367086495352,-0.16150568297320744,-0.041454337184865644,0.018550517162950822,50
2,20,d1,logspline,0.56,-0.09873402648466553,-0.1085684296682622,0.07874217492597589,-0.2411017089397176,-0.16208476197631091,-0.04682570986676282,0.005922216561341213,50
2,20,d1,logspline,0.5700000000000001,-0.10351695019674442,-0.11382695673257871,0.07694516924646988,-0.2448570541102898,-0.1639784647615033,-0.052935084747845945,-0.006334723213382867,50
2,20,d1,logspline,0.5800000000000001,-0.10873137046168853,-0.11906830626505215,0.0752418684082724,-0.2485031870465274,-0.16676490546222478,-0.060456676123913027,-0.018202723952108032,50
2,20,d1,logspline,0.59,-0.11593425702665539,-0.12428381356951838,0.07362249253731779,-0.25203912877892876,-0.16972464378256358,-0.06787342339275267,-0.02951649591852265,50
2,20,d1,logspline,0.6,-0.12103265640132911,-0.12946529997654288,0.07207799421178598,-0.25546406311548653,-0.17284187312503935,-0.0749962080142756,-0.03954323277198844,50
2,20,d1,logspline,0.61,-0.12585309871681932,-0.13460508372820904,0.0706000826300752,-0.25556890417480604,-0.17610136025106263,-0.08112884810733283,-0.0456839897124385,50
2,20,d1,logspline,0.62,-0.1311782305991584,-0.13969596865539163,0.06918119799492714,-0.2561141557865659,-0.17966752561052252,-0.088318983035059,-0.051501907681088116,50
2,20,d1,logspline,0.63,-0.13966387322416246,-0.1447311769196586,0.06781445368729856,-0.258262905443131,-0.18340800953030623,-0.09614282498392476,-0.056773443132294196,50
2,20,d1,logspline,0.64,-0.14659477825696293,-0.149704310339729,0.06649350317055107,-0.26023476039947946,-0.1872965394014388,-0.10283429405760403,-0.06136950916977881,50
2,20,d1,logspline,0.65,-0.15163629143369245,-0.15460953073938652,0.06521232873165397,-0.26202883278717665,-0.19118269965901913,-0.10780118361488955,-0.06515139980273538,50
2,20,d1,logspline,0.66,-0.15669081552419167,-0.15944160055422987,0.0639652301010084,-0.26383125269040414,-0.1950182452681164,-0.11283421860388258,-0.07187726424228408,50
2,20,d1,logspline,0.67,-0.16175039907315117,-0.16419583125677187,0.062746877721126,-0.26564755665873296,-0.1987974796142862,-0.11881934456732021,-0.07843003226289816,50
2,20,d1,logspline,0.68,-0.16680748170035226,-0.16886803228545746,0.06155233410092975,-0.26723849863092747,-0.2017949545941984,-0.12459018692555618,-0.0848097465744542,50
2,20,d1,logspline,0.6900000000000001,-0.1711842585160676,-0.17345441450857346,0.060377108477993775,-0.26929124211430855,-0.20639265071070464,-0.12935074662991808,-0.09078362811437665,50
2,20,d1,logspline,0.7000000000000001,-0.175274307524095,-0.17795148099784616,0.059217241948185076,-0.27234304354425226,-0.2101480316255432,-0.133613917386836,-0.09647000999658657,50
2,20,d1,logspline,0.7100000000000001,-0.1793999723034117,-0.18235601344027427,0.058069262798722036,-0.2750875274147585,-0.21412526958878492,-0.13850610840231098,-0.10202475006536908,50
2,20,d1,logspline,0.72,-0.18355377326829977,-0.18666507013528616,0.056930133163112066,-0.27753537178434995,-0.21817081351857673,-0.14252997450928034,-0.1074476224503686,50
2,20,d1,logspline,0.73,-0.1877285203210934,-0.19087598153237845,0.05579722226516843,-0.27969797012755315,-0.2222210289765539,-0.14694328120185968,-0.11273875811382766,50
2,20,d1,logspline,0.74,-0.19191730006405827,-0.19498633209236002,0.05466829217795863,-0.2818263404073289,-0.2267345700493122,-0.15135650729935773,-0.11789861751626848,50
2,20,d1,logspline,0.75,-0.19611346390316686,-0.19899394772198561,0.05354151704462299,-0.28376325631902355,-0.23104796338224132,-0.15671060048068494,-0.12292796526350099,50
2,20,d1,logspline,0.76,-0.20031061697412403,-0.20289690565707474,0.052415552073608186,-0.285468186213344,-0.2351834726318317,-0.1620567216043599,-0.12782784659731095,50
2,20,d1,logspline,0.77,-0.20576816026708278,-0.20669373123831675,0.051289862359875635,-0.2869524250886159,-0.23907029721776102,-0.16699301751695822,-0.13259956560472141,50
2,20,d1,logspline,0.78,-0.21095180790974177,-0.21038365249686242,0.050165188774748085,-0.2882275213397942,-0.24295184052636296,-0.17154380953832987,-0.13724466503194788,50
2,20,d1,logspline,0.79,-0.21480953086926993,-0.21396654845460694,0.04904361409412105,-0.2893052285836958,-0.24681978728175016,-0.175919650124399,-0.14176490759928967,50
2,20,d1,logspline,0.8,-0.22009938020749187,-0.21744285239224956,0.04792846784472207,-0.29160790522758007,-0.2506660604126841,-0.1801246512110251,-0.14616225872231828,50
2,20,d1,logspline,0.81,-0.2252013915274113,-0.2208134670147947,0.04682415010983572,-0.2938030707769951,-0.2532634554571006,-0.18408243753534068,-0.15043887055297658,50
2,20,d1,logspline,0.8200000000000001,-0.23011581065083078,-0.224079690883801,0.04573589554471056,-0.2956304753321357,-0.25580479890529456,-0.189066614578004,-0.15459706726165298,50
2,20,d1,logspline,0.8300000000000001,-0.2339583266859488,-0.22724314462175074,0.04466947941157117,-0.29713098167098406,-0.2582813209309108,-0.19383371437925917,-0.15875194320079478,50
2,20,d1,logspline,0.8400000000000001,-0.23720570075082087,-0.23030571004341954,0.04363089380360204,-0.29834933796852825,-0.2606927974448398,-0.19754580193751392,-0.16325098178286301,50
2,20,d1,logspline,0.85,-0.24033629919845112,-0.23326938330102046,0.04262588708366719,-0.2997411991722187,-0.2617651130251337,-0.2008512122076691,-0.16757227864562707,50
2,20,d1,logspline,0.86,-0.243286958931998,-0.2361360785372408,0.04165949727305304,-0.3012669315760343,-0.26353907067670157,-0.20448887661962462,-0.17172217106101284,50
2,20,d1,logspline,0.87,-0.24655607287200604,-0.23890762081909356,0.04073592222210166,-0.3026790657805466,-0.26526267990405494,-0.20736254597730663,-0.17570703754243133,50
2,20,d1,logspline,0.88,-0.25016253189786186,-0.24158576798202597,0.039858479912666535,-0.30406553989043106,-0.2671613918496163,-0.21078421860810942,-0.1795332068503931,50
2,20,d1,logspline,0.89,-0.2528420954794356,-0.2441722162536439,0.03902960373659278,-0.30640649683793875,-0.26885105044217217,-0.21402926357561589,-0.1832067658335143,50
2,20,d1,logspline,0.9,-0.2548633774262581,-0.24666861211678667,0.03825084337621019,-0.3086120164242143,-0.26999404049866066,-0.2172910795964175,-0.18673353128881523,50
2,20,d1,logspline,0.91,-0.2556664355675825,-0.24907656732459854,0.037522874653324774,-0.31068344755996063,-0.2709796131586287,-0.2209696836337374,-0.19011907228997824,50
2,20,d1,logspline,0.92,-0.2553156693861817,-0.2513976709311336,0.03684552527577389,-0.3126224337134145,-0.2727347510731239,-0.22405315066938658,-0.19336873046391106,50
2,20,d1,logspline,0.93,-0.25497775468511585,-0.25363349879850844,0.036217816569127134,-0.3144308892409036,-0.27485539623718863,-0.22691982216077644,-0.19648763816679687,50
2,20,d1,logspline,0.94,-0.25618455910243343,-0.25578562111611003,0.03563802071196407,-0.3161109771830306,-0.2779735919042227,-0.22907601942031816,-0.1994807348059831,50
2,20,d1,logspline,0.95,-0.2580878998211921,-0.25785560937935065,0.035103733021723094,-0.3176650884566017,-0.2787569632946997,-0.23064326600624258,-0.20235278152271086,50
2,20,d1,logspline,0.96,-0.2602788072493144,-0.25984505027818444,0.03461196237716531,-0.3186860405706192,-0.2805847505272497,-0.23264801363959517,-0.20510837442376192,50
2,20,d1,logspline,0.97,-0.26239074338388796,-0.2617555543749756,0.03415923043405768,-0.3195892296170977,-0.2823969457173338,-0.23557898712900027,-0.20775195652687814,50
2,20,d1,logspline,0.98,-0.2641736423702615,-0.2635887575014901,0.03374167369546314,-0.32043575477243175,-0.2845712379344398,-0.23839978563418895,-0.2102878285647564,50
2,20,d1,logspline,0.99,-0.26628534181922203,-0.2653463222710931,0.033355150094052266,-0.3214723490626329,-0.2864471010304172,-0.2403984166233734,-0.21265077916496555,50
2,20,d1,logspline,1,-0.2682655718174702,-0.26702993739743774,0.032995344169565094,-0.3225809480446822,-0.2877244502844747,-0.24205450707327694,-0.21485453132689827,50
2,20,d2,ecdf,0.01,Inf,Inf,NA,Inf,Inf,Inf,Inf,0
2,20,d2,ecdf,0.02,Inf,Inf,NA,Inf,Inf,Inf,Inf,1
2,20,d2,ecdf,0.03,Inf,Inf,NA,Inf,Inf,Inf,Inf,2
2,20,d2,ecdf,0.04,Inf,Inf,NA,Inf,Inf,Inf,Inf,2
2,20,d2,ecdf,0.05,Inf,Inf,NA,Inf,Inf,Inf,Inf,2
2,20,d2,ecdf,0.06,Inf,Inf,NA,-2.1218323348788255,Inf,Inf,Inf,5
2,20,d2,ecdf,0.06999999999999999,Inf,Inf,NA,-1.659861329525076,Inf,Inf,Inf,8
2,20,d2,ecdf,0.08,Inf,Inf,NA,-1.9529692190459431,Inf,Inf,Inf,10
2,20,d2,ecdf,0.09,Inf,Inf,NA,-1.6002487863504296,Inf,Inf,Inf,12
2,20,d2,ecdf,0.1,Inf,Inf,NA,-1.5078754366519167,Inf,Inf,Inf,13
2,20,d2,ecdf,0.11,Inf,Inf,NA,-1.4051802147446388,-0.306567926076529,Inf,Inf,16
2,20,d2,ecdf,0.12,Inf,Inf,NA,-1.3032207824496385,-0.04638335393304922,Inf,Inf,24
2,20,d2,ecdf,0.13,0.1928217699065972,Inf,NA,-1.1934725912132935,-0.5003254106533481,Inf,Inf,27
2,20,d2,ecdf,0.14,0.41414935494748806,Inf,NA,-1.094873959395218,-0.27899782561245723,Inf,Inf,31
2,20,d2,ecdf,0.15000000000000002,0.6200584223291108,Inf,NA,-1.0896563463416649,-0.478553866338999,Inf,Inf,34
2,20,d2,ecdf,0.16,0.8125313480058011,Inf,NA,-0.979228121222254,-0.28608094066230877,0.8125313480058011,Inf,38
2,20,d2,ecdf,0.17,0.30004243788104784,Inf,NA,-0.8833527246920541,-0.32118422456595225,0.9931896184409932,Inf,38
2,20,d2,ecdf,0.18000000000000002,0.47022926881571014,Inf,NA,-0.8559759656231453,-0.22291791174423517,1.1633764493756555,Inf,44
2,20,d2,ecdf,0.19,0.6310698564544962,Inf,NA,-0.8200051742764054,-0.285220875419659,1.3242170370144415,Inf,45
2,20,d2,ecdf,0.2,0.3780510479575044,Inf,NA,-0.7785095243224098,-0.31509613260244096,0.7835161560656687,Inf,45
2,20,d2,ecdf,0.21,0.2352335434569069,Inf,NA,-0.7334777873096268,-0.2858445745217013,0.827014446989811,1.6215279045767974,48
2,20,d2,ecdf,0.22,0.3732154992794251,Inf,NA,-0.6862416697433512,-0.1864002886559978,0.6608975717312059,1.7595098603993158,49
2,20,d2,ecdf,0.23,0.28177716059552743,0.2956083271213865,0.6605912391550037,-0.6377150659788176,-0.1548436204940774,0.7206822662485728,1.5792988417776508,50
2,20,d2,ecdf,0.24,0.225412578480143,0.26321992414890466,0.6125965930760356,-0.5477773097533385,-0.15060677071392542,0.6308776865883075,1.3240248671482528,50
2,20,d2,ecdf,0.25,0.19193441855629223,0.23709292183580424,0.5987926525145557,-0.5058102538523013,-0.16474052538244,0.5284066551775053,1.4446973870516604,50
2,20,d2,ecdf,0.26,0.1153087950839969,0.22744950282805576,0.6041683935786101,-0.552290409646796,-0.2312647951959758,0.4618823853639695,1.3780353753834043,50
2,20,d2,ecdf,0.27,0.11502197609994383,0.15325621987040033,0.4694785581552011,-0.4682865327911398,-0.25560352531175184,0.41901666220976297,0.978632450145186,50
2,20,d2,ecdf,0.28,0.07412749062695694,0.15099872321274832,0.4501226032042612,-0.4480859661694888,-0.21877921980514473,0.3925812217454917,0.9853138042140419,50
2,20,d2,ecdf,0.29000000000000004,0.05029101513966878,0.14580692417869306,0.4626770423217015,-0.4729338536819323,-0.19736970347534383,0.3779944414282179,0.9657811063303368,50
2,20,d2,ecdf,0.3,0.07277213928579536,0.11587422517619657,0.420185525818616,-0.4607187331049566,-0.21559627507197163,0.3721903898301473,0.883016013596138,50
2,20,d2,ecdf,0.31,0.06287631667347585,0.10673609516702533,0.39838424958287,-0.4295794095584,-0.17351246139075446,0.37303124497731543,0.8250163687203725,50
2,20,d2,ecdf,0.32,0.03067084428578441,0.08985394815089993,0.3729191659049865,-0.4349717343640286,-0.16844070833906447,0.35896686163561614,0.6666596110057811,50
2,20,d2,ecdf,0.33,0.00940202890951827,0.08410950584108069,0.3521991381629628,-0.4321006753321401,-0.13720144528235706,0.37036465757599163,0.6083663341699667,50
2,20,d2,ecdf,0.34,0.04524000197854339,0.06753362733810421,0.3323069219014234,-0.39301492895261175,-0.20731908420062725,0.3329220744303244,0.6430770027341639,50
2,20,d2,ecdf,0.35000000000000003,0.012169737052998876,0.05562734617828729,0.3218179198189538,-0.38748861950207336,-0.1703987943075975,0.2922247276405153,0.6045122034556396,50
2,20,d2,ecdf,0.36000000000000004,-0.05071156207319435,0.0362966120906569,0.29865093123800374,-0.3912033983112853,-0.1599108540381864,0.303496412734554,0.5372808541639007,50
2,20,d2,ecdf,0.37,-0.04525696332219983,0.02473533225224202,0.29241615755279493,-0.37884992478653434,-0.17878835594672235,0.2790177322566551,0.48707774479582705,50
2,20,d2,ecdf,0.38,-0.03694777623694205,0.021783783017155178,0.2736879941710426,-0.3493224612790945,-0.1838515718458873,0.2181154858913647,0.47387784752904866,50
2,20,d2,ecdf,0.39,-0.02633055114167654,0.01612867659976258,0.2651475164563015,-0.3344389990590967,-0.1915137462977954,0.1718737316408563,0.4949663724916096,50
2,20,d2,ecdf,0.4,-0.0428277218314119,9.862886456048795e-4,0.26270629828090253,-0.32794946970262306,-0.17635911445593452,0.19034334473921616,0.47389848519206434,50
2,20,d2,ecdf,0.41,-0.02722558030509815,-0.016642886328002895,0.24122518652111297,-0.3588132476066054,-0.1947499220229602,0.14176795327533492,0.3872686044570657,50
2,20,d2,ecdf,0.42,-0.03586740101775057,-0.011517941233499165,0.23446332397465225,-0.3642313101627582,-0.17562934339290917,0.17958323562977083,0.3571751870918568,50
2,20,d2,ecdf,0.43,-0.0860986407645593,-0.026700472651257974,0.22848988430546105,-0.36621750997396874,-0.1712564491048661,0.18695644017128593,0.3573125466614281,50
2,20,d2,ecdf,0.44,-0.06372132394778236,-0.03097349540155234,0.2172134772313703,-0.38098410819217654,-0.15996291935487572,0.14884011803589045,0.32069037496254965,50
2,20,d2,ecdf,0.45,-0.04114766947562495,-0.03446817053896423,0.202727585968247,-0.37019762761942576,-0.15666055659746933,0.1556200213734723,0.28264767251057443,50
2,20,d2,ecdf,0.46,-0.05674249642379445,-0.04630546645238805,0.19657775266166524,-0.3708810600397836,-0.14707162439736304,0.14080567693630464,0.24980974001940992,50
2,20,d2,ecdf,0.47,-0.08585636666350652,-0.0537364883893638,0.18819431029086478,-0.33686111050393425,-0.1803593502347242,0.09823081117433802,0.26101457717860505,50
2,20,d2,ecdf,0.48,-0.09275591035998385,-0.05421165437724414,0.18403550118731749,-0.3362551463958435,-0.1814254590447139,0.10255284196078196,0.2628330757904308,50
2,20,d2,ecdf,0.49,-0.08158400719268444,-0.05215144653052999,0.1789917771647601,-0.32058273285408995,-0.1838628563131026,0.1038192161386784,0.2544840738644241,50
2,20,d2,ecdf,0.5,-0.08419250274406248,-0.05981586690675142,0.17109652940597123,-0.3107917467209027,-0.17750803174562904,0.08519738296695253,0.218088369128871,50
2,20,d2,ecdf,0.51,-0.09821321261970634,-0.07098928891856529,0.16305350876494898,-0.32683892843061146,-0.18558295995015506,0.04687748136297264,0.20041107828147628,50
2,20,d2,ecdf,0.52,-0.1090579071224773,-0.08561798873579769,0.14864106465012278,-0.31617057344972366,-0.19970395776897273,0.02628344074728494,0.1495160811712331,50
2,20,d2,ecdf,0.53,-0.10492154421678139,-0.08957037172514255,0.14577381176581033,-0.33580761836325357,-0.19145724348367044,0.03373202928786275,0.14301070059572407,50
2,20,d2,ecdf,0.54,-0.1054504260675217,-0.09744432282623702,0.13876967119546815,-0.33928573482949764,-0.1981761509689628,0.012811315440140015,0.12723685798342266,50
2,20,d2,ecdf,0.55,-0.1151932665281215,-0.1029707140533171,0.14027602011216975,-0.34633115234966916,-0.2051035125483837,-0.007387043344893045,0.11640985803745499,50
2,20,d2,ecdf,0.56,-0.12245714538417825,-0.11045268188045737,0.1398498327004274,-0.36510971159094574,-0.1863738311391208,-0.012575184273287122,0.11377119625767376,50
2,20,d2,ecdf,0.5700000000000001,-0.14186143187332642,-0.11570444673179665,0.13011141664336195,-0.34449428173868646,-0.19051930750404164,-0.021170407836764202,0.09534511654439307,50
2,20,d2,ecdf,0.5800000000000001,-0.14908887236409946,-0.12391401287377127,0.129552500645902,-0.3428737947227837,-0.2099604395934712,-0.04273210476176846,0.09012029935156624,50
2,20,d2,ecdf,0.59,-0.13711096658697308,-0.13118098533133987,0.12393275900961542,-0.34701125600365246,-0.20610706989904784,-0.06300423947965025,0.08193286334332317,50
2,20,d2,ecdf,0.6,-0.14965027824902352,-0.13948124774734436,0.11637428283701161,-0.33433157206135317,-0.20715151712829133,-0.06447134376613135,0.04989873825186686,50
2,20,d2,ecdf,0.61,-0.16367318398384492,-0.15132582192141278,0.11443071060952291,-0.3323418393685508,-0.2306126666589541,-0.10015977826151896,0.026846355311790363,50
2,20,d2,ecdf,0.62,-0.1642506281097032,-0.15992684810829916,0.10475126031125682,-0.3153765440145475,-0.23348414426004693,-0.0878776493251291,0.017051655557038668,50
2,20,d2,ecdf,0.63,-0.167228215419231,-0.1660216102470637,0.09961053719729668,-0.317161118340007,-0.23012272132708533,-0.1075909160614378,0.0017802371700464028,50
2,20,d2,ecdf,0.64,-0.16558289286438538,-0.16972078987853237,0.09384710586248826,-0.32200840323358487,-0.23703272269171022,-0.10304902545215917,-0.023145296002341807,50
2,20,d2,ecdf,0.65,-0.1727615662068881,-0.17522200604752425,0.09091700686986215,-0.32140259022317685,-0.2273312713388363,-0.11838882256546737,-0.03479810372114363,50
2,20,d2,ecdf,0.66,-0.1905420626433613,-0.1840610892331216,0.08822208334087425,-0.34005825147184876,-0.24203853116079826,-0.12014616255483299,-0.04442006177470677,50
2,20,d2,ecdf,0.67,-0.19716486541268202,-0.19109375200514675,0.0833100089438578,-0.3406963849616059,-0.24910770495679257,-0.12394377610297136,-0.06487193940280443,50
2,20,d2,ecdf,0.68,-0.1996296952293964,-0.1964063126859033,0.07806328518540583,-0.3277212983680998,-0.24287967902321303,-0.13397258928154074,-0.094882864770333,50
2,20,d2,ecdf,0.6900000000000001,-0.20107369124881402,-0.20135507218770957,0.07528445503696879,-0.32884615013271457,-0.24391066366513886,-0.15214281450104092,-0.10041694310785912,50
2,20,d2,ecdf,0.7000000000000001,-0.20924728721871588,-0.20540560085353465,0.07594711231341601,-0.3294995245734478,-0.24652188664086216,-0.16128013338982644,-0.09341157281860983,50
2,20,d2,ecdf,0.7100000000000001,-0.21598647457847897,-0.2105020087386993,0.07165696869544645,-0.327366566471983,-0.25518497000982604,-0.16636519725513763,-0.10551311501449867,50
2,20,d2,ecdf,0.72,-0.2215214461148584,-0.21640866521122107,0.06760860406378365,-0.3364143504893853,-0.2590907099652542,-0.18248684308330085,-0.10839626783142292,50
2,20,d2,ecdf,0.73,-0.21921914711435928,-0.22183970193416885,0.06738187679653639,-0.32844568334628493,-0.2620105587450934,-0.1930941565068574,-0.10483705748285141,50
2,20,d2,ecdf,0.74,-0.2271871276687323,-0.2262391182440531,0.06637396826029365,-0.3427723344668471,-0.2640512020932104,-0.19446148012669753,-0.11848292606784284,50
2,20,d2,ecdf,0.75,-0.22978926806044173,-0.23386452871411556,0.06698039759063684,-0.3449961477624194,-0.27716443023813664,-0.20043705604791437,-0.11148957003141824,50
2,20,d2,ecdf,0.76,-0.2295979241569254,-0.23479266810186528,0.06338533480841368,-0.3360831551872999,-0.2820684669802502,-0.203309220953112,-0.12526037156238345,50
2,20,d2,ecdf,0.77,-0.23651568632948278,-0.23963035592865106,0.061686728793847796,-0.33148483470079165,-0.2731972243505399,-0.2132661640995968,-0.13583442396678053,50
2,20,d2,ecdf,0.78,-0.24054135390002696,-0.2414213622972156,0.06149581287657138,-0.3398191470223315,-0.2812051070450667,-0.21057656519809057,-0.13700551802719096,50
2,20,d2,ecdf,0.79,-0.2437420388148503,-0.2440970674219044,0.05913918372407471,-0.33758361950889887,-0.28470527681097557,-0.21577324246684204,-0.13877685820862484,50
2,20,d2,ecdf,0.8,-0.24276516753607508,-0.24736088804424755,0.055835698762395546,-0.33666247333829935,-0.2841294673516326,-0.22537342482420591,-0.15053467297982914,50
2,20,d2,ecdf,0.81,-0.2463471047645097,-0.25162996877935256,0.05260923223393564,-0.3355886217557905,-0.2855013560118947,-0.22448050240065295,-0.1641701405982,50
2,20,d2,ecdf,0.8200000000000001,-0.25242804363488675,-0.25410635329390385,0.052129199513146277,-0.337044993832221,-0.29325003815514195,-0.220678320233899,-0.1685525678374991,50
2,20,d2,ecdf,0.8300000000000001,-0.25764295798032505,-0.2572993116393439,0.05101247448808575,-0.32544514816682224,-0.29257557029789855,-0.2286329376104305,-0.16694323890556015,50
2,20,d2,ecdf,0.8400000000000001,-0.2560880924506798,-0.2590314023844537,0.051895909908534654,-0.33834950925805585,-0.29727489145094455,-0.23023209369000913,-0.16973488451673302,50
2,20,d2,ecdf,0.85,-0.2585709389212348,-0.26173432558658094,0.052778456709588424,-0.3329167685191473,-0.3040333129979921,-0.2350404415110406,-0.16237247058612064,50
2,20,d2,ecdf,0.86,-0.2647053720352012,-0.26526525150214025,0.05252668801364593,-0.3409449707587053,-0.30793168186179576,-0.23769689566622573,-0.17188487102016609,50
2,20,d2,ecdf,0.87,-0.26598351372452733,-0.2646350844637833,0.052727202622441745,-0.3381542899047024,-0.306649919040709,-0.22927065722276535,-0.1701056338141047,50
2,20,d2,ecdf,0.88,-0.27209406251641644,-0.26833776050426783,0.0502514964484214,-0.34456541490881737,-0.3025026422757192,-0.23597059664742057,-0.17964119077311202,50
2,20,d2,ecdf,0.89,-0.26724638048589955,-0.27170942508574863,0.04896531793533256,-0.34417817579959864,-0.30503277993140543,-0.24255459183526187,-0.1897356376622123,50
2,20,d2,ecdf,0.9,-0.2833963341330795,-0.27353695223111424,0.04697664004144542,-0.3398728357423528,-0.3118438122062196,-0.2439292786271244,-0.18781223108612027,50
2,20,d2,ecdf,0.91,-0.28028266216016573,-0.2754607767616044,0.04596991332101297,-0.33975213622694467,-0.3115611822404159,-0.2517029059974934,-0.19586578834601537,50
2,20,d2,ecdf,0.92,-0.27700726590437597,-0.27657864128138143,0.045044807114441254,-0.3439208819490376,-0.31322805072902765,-0.24245725814422475,-0.1965741619736852,50
2,20,d2,ecdf,0.93,-0.2735798289605463,-0.2781937036186661,0.04521383960224031,-0.3454208617530392,-0.31887287668833253,-0.24573580278937293,-0.2071143016515042,50
2,20,d2,ecdf,0.94,-0.28224853742655814,-0.2807996325247221,0.042306060189271646,-0.3351853220433654,-0.3191279797764155,-0.2427995129383407,-0.21671201330994871,50
2,20,d2,ecdf,0.95,-0.291195203450079,-0.2818600696063958,0.04166968464142296,-0.33422456900960196,-0.3170066498229209,-0.2481214304550245,-0.21573987901324648,50
2,20,d2,ecdf,0.96,-0.28688955465707244,-0.28347346801674805,0.03996466596512148,-0.3359285371220216,-0.3162354493609815,-0.2550385316674015,-0.21531827330634784,50
2,20,d2,ecdf,0.97,-0.29065823426288406,-0.28372810503852885,0.0392165623909914,-0.3378479234942878,-0.3132564010046641,-0.2576427312226318,-0.21782511694526072,50
2,20,d2,ecdf,0.98,-0.2940007422271854,-0.28487554885550337,0.039525674214170345,-0.3417918428961893,-0.3145236783086937,-0.26139587907739886,-0.22016992819490988,50
2,20,d2,ecdf,0.99,-0.2863043771805436,-0.2862531092510142,0.039207661100816846,-0.34493981064272916,-0.3183124840288977,-0.2577454654517558,-0.22151559961346706,50
2,20,d2,ecdf,1,-0.2910225660220459,-0.287604795060167,0.03879094401880083,-0.3431956859536862,-0.32076453522078335,-0.2623124601396146,-0.22388249783663428,50
2,20,d2,logspline,0.01,-5.662237945028304,-5.362732856334422,1.039242386137034,-6.510242728889171,-6.091509335674769,-4.642071820686344,-3.1527471921451697,50
2,20,d2,logspline,0.02,-4.313399241556221,-4.018923081511762,1.0216967161293624,-5.148860612625873,-4.734973938946851,-3.3100055681336475,-1.8501594172242153,50
2,20,d2,logspline,0.03,-3.5404496845362097,-3.2512178368463602,1.003583349830227,-4.363116717144383,-3.9541612105760087,-2.5502984674569347,-1.1252134258172024,50
2,20,d2,logspline,0.04,-3.003590551268413,-2.719816299884662,0.9849136738050807,-3.8132128269727295,-3.409272812291059,-2.027041079498453,-0.6380949410854377,50
2,20,d2,logspline,0.05,-2.5963319063596653,-2.3182256085976145,0.9657017239454371,-3.392659714642998,-2.993819345065999,-1.6343152725273824,-0.2822925879938278,50
2,20,d2,logspline,0.06,-2.2712395353529056,-1.9990078774131188,0.9459641153315167,-3.0540240721439886,-2.65928079492676,-1.3257023067171605,-0.01034514927280443,50
2,20,d2,logspline,0.06999999999999999,-2.0030097900863657,-1.7368550723783753,0.9257199442126033,-2.772003353505625,-2.3811502413300563,-1.0743591616507515,0.20308319361122984,50
2,20,d2,logspline,0.08,-1.776537829816712,-1.5166571836029306,0.9049906362760721,-2.5314940125670073,-2.144591716913727,-0.8651766501886101,0.37313416302517544,50
2,20,d2,logspline,0.09,-1.5820798889849088,-1.3286644745067904,0.8837998130617504,-2.322753766828037,-1.9398626846468006,-0.6884060654628517,0.5095926142490363,50
2,20,d2,logspline,0.1,-1.4129821495634083,-1.1662163231339286,0.8621731169925974,-2.1391304653476206,-1.7603107066715291,-0.537388082941977,0.619157127540784,50
2,20,d2,logspline,0.11,-1.2644978656120887,-1.0245582833461038,0.8401380171963835,-1.9758792083347712,-1.6014410339576821,-0.4073699174734353,0.7066223298621099,50
2,20,d2,logspline,0.12,-1.1331213445480435,-0.9001761917050671,0.8177238107765747,-1.829496304462618,-1.4616718729576654,-0.2948393601574221,0.7755443340933841,50
2,20,d2,logspline,0.13,-1.0193635193473685,-0.7903976287974867,0.7949617532328417,-1.6973204384050238,-1.3361961801108684,-0.19712571112479355,0.8286393867383974,50
2,20,d2,logspline,0.14,-0.9182224444588301,-0.6931404510846071,0.7718866624136722,-1.5775699136323922,-1.2229388687396034,-0.11214596251458928,0.8680505366218088,50
2,20,d2,logspline,0.15000000000000002,-0.8278204733842414,-0.6067479409977117,0.7485389184219888,-1.4684282301710647,-1.1202527782456289,-0.03823978741037013,0.8955352658579929,50
2,20,d2,logspline,0.16,-0.7468216580800893,-0.52987795904622,0.7249641896730503,-1.3684569671969704,-1.0268079130187537,0.019487628754098665,0.9160168972162526,50
2,20,d2,logspline,0.17,-0.6741292830499716,-0.4614258410086819,0.7012128696796107,-1.2765709006015424,-0.9471781830450458,0.06666337864947068,0.9287128086584162,50
2,20,d2,logspline,0.18000000000000002,-0.6076509618759847,-0.40046921039989364,0.6773397571588545,-1.1918699442130638,-0.8758078466544461,0.10831101802798426,0.9333273924835469,50
2,20,d2,logspline,0.19,-0.5445352842542234,-0.3462280063201002,0.6534037912923079,-1.1135990232289572,-0.8030286289097543,0.14294107442543794,0.9157049116738112,50
2,20,d2,logspline,0.2,-0.48732985383800986,-0.29803283434068484,0.6294719158390435,-1.0411182514006185,-0.7355917370711276,0.1712620322013834,0.8641911283587094,50
2,20,d2,logspline,0.21,-0.4354712724028891,-0.2552983606400256,0.6056259327805835,-0.9738803918538621,-0.6734642357958798,0.19390284110951608,0.8069737901661317,50
2,20,d2,logspline,0.22,-0.38846946172771424,-0.2175061730067184,0.581958721321146,-0.911413566292854,-0.6161727124017482,0.21142822697647773,0.7451906903475276,50
2,20,d2,logspline,0.23,-0.34589448898345276,-0.18419248313431621,0.5585681116742405,-0.8534552746529231,-0.563305376650645,0.22435046495129626,0.692661419878441,50
2,20,d2,logspline,0.24,-0.30394608732185746,-0.15493878948476197,0.5355510130768376,-0.7995127123017627,-0.514501516109461,0.233138499700016,0.6625004836315265,50
2,20,d2,logspline,0.25,-0.2657705771881056,-0.12936381839539154,0.5130003191004158,-0.7492564011659859,-0.4694431062240811,0.24675698061063234,0.6614519176345319,50
2,20,d2,logspline,0.26,-0.23111156441232233,-0.10711778040353948,0.49100058859895174,-0.7024066905209214,-0.42848154631848623,0.25764393934828667,0.6639253900990485,50
2,20,d2,logspline,0.27,-0.19970526747233014,-0.08787851819608265,0.4696229860870279,-0.6587145986869953,-0.3915369155278867,0.2505584344662466,0.6629354386005617,50
2,20,d2,logspline,0.28,-0.1713129451090404,-0.07134859243858897,0.4489217541335805,-0.6179573258420777,-0.35758633251051963,0.24080119965844166,0.6587792235648295,50
2,20,d2,logspline,0.29000000000000004,-0.1490329153197969,-0.05725320820208583,0.4289324539826307,-0.5799345557575885,-0.32642486678055144,0.21929990912070965,0.6517364580068163,50
2,20,d2,logspline,0.3,-0.12731320973533203,-0.04534231785485282,0.40967026362472014,-0.5490979282019902,-0.2978667697972584,0.1805082144816009,0.6420716924002495,50
2,20,d2,logspline,0.31,-0.10505397258172998,-0.03539733100975976,0.3911316998656773,-0.5219926387606071,-0.2717429281938908,0.16708888846809644,0.6310225844375678,50
2,20,d2,logspline,0.32,-0.08511455651019603,-0.0272277188396248,0.37330589853858737,-0.49716154448393823,-0.24789872418470071,0.16807015025840674,0.6182734720387739,50
2,20,d2,logspline,0.33,-0.0675916451996835,-0.020665364552456204,0.35618262314319915,-0.4763146363469399,-0.2261922280446032,0.16800124496559843,0.6035738128476886,50
2,20,d2,logspline,0.34,-0.062474126229220904,-0.015561102141655082,0.3397556390343207,-0.45748352010864524,-0.2064926632342562,0.15069335859137778,0.5871337074469469,50
2,20,d2,logspline,0.35000000000000003,-0.06549658786367321,-0.011781887136726336,0.3240227735698308,-0.4401721578147094,-0.1886790967866092,0.13859905744123469,0.5691542811500632,50
2,20,d2,logspline,0.36000000000000004,-0.06383719904456422,-0.009206691581554722,0.3089822428442151,-0.42426924742201494,-0.17406884625811234,0.13235354223795884,0.5498279959599767,50
2,20,d2,logspline,0.37,-0.06656469950358483,-0.007722630165489083,0.29463024035617086,-0.40967268033755566,-0.16805663201579482,0.13014567390947418,0.5322824117943491,50
2,20,d2,logspline,0.38,-0.06662437453957894,-0.007224751598461646,0.2809588302140687,-0.39628858110000087,-0.16338215407314588,0.12710522835483895,0.5079428779776196,50
2,20,d2,logspline,0.39,-0.054245686973297375,-0.007615581259068705,0.26795534488103845,-0.37800425252366754,-0.1597874022109412,0.12456936524252292,0.4795986190376273,50
2,20,d2,logspline,0.4,-0.04328259263037936,-0.008804642296984862,0.25560200537252264,-0.36075395303992375,-0.15489585668146613,0.12132815579462224,0.4521619902932281,50
2,20,d2,logspline,0.41,-0.03365625464050566,-0.010708509043234815,0.24387564765756137,-0.34470729262976135,-0.1656264271295101,0.11721227052393807,0.42760043259917657,50
2,20,d2,logspline,0.42,-0.03193876431837045,-0.01325215796887353,0.2327493730575123,-0.3297968274975257,-0.1755063742218331,0.11230454808005991,0.403832461450532,50
2,20,d2,logspline,0.43,-0.0457261930193852,-0.01636909998259354,0.222194757570327,-0.31595953561041357,-0.17104364568278335,0.10668162822093628,0.3807220498818915,50
2,20,d2,logspline,0.44,-0.0536959043705665,-0.01999984422884935,0.2121832518542445,-0.303565929088939,-0.16529805340472833,0.10170723980885554,0.36363811813373315,50
2,20,d2,logspline,0.45,-0.06284063975292996,-0.024090543220114665,0.20268706183302507,-0.29233822618534233,-0.16536846548280576,0.09133542984887946,0.3461022847331402,50
2,20,d2,logspline,0.46,-0.06597939635760482,-0.02859229601715731,0.19367976263170503,-0.28479255758492045,-0.1688989141040958,0.08905796863016602,0.3220370017961389,50
2,20,d2,logspline,0.47,-0.06721647660388831,-0.03346058159190758,0.18513668298344946,-0.27996987859136746,-0.17260471320937318,0.08652759167276408,0.2977892841430417,50
2,20,d2,logspline,0.48,-0.0658490738342187,-0.03865483277074931,0.17703501734501703,-0.2810519838291178,-0.17647110318548412,0.08032431329169223,0.27408866479257654,50
2,20,d2,logspline,0.49,-0.06527908054426888,-0.04413810505621971,0.16935372048763,-0.2851700813515131,-0.17888080084696806,0.07336893947400586,0.2509651430376274,50
2,20,d2,logspline,0.5,-0.0654541354978122,-0.04987610433128447,0.16207313393802367,-0.2789459851799936,-0.18380276935479806,0.06450374486231514,0.22941175972145061,50
2,20,d2,logspline,0.51,-0.06632396297067528,-0.05583621163466556,0.155174567943745,-0.27383017816064054,-0.18564550802292845,0.04479324557989958,0.20843325361704385,50
2,20,d2,logspline,0.52,-0.06784023003450508,-0.06198755735553514,0.1486403017070545,-0.2780836959539209,-0.18761661337098398,0.02593662051196391,0.1879994281285507,50
2,20,d2,logspline,0.53,-0.06995641895040998,-0.06830098843304327,0.14245352087460295,-0.2821667661264686,-0.18670870321887106,0.016054740607748186,0.16812367468496392,50
2,20,d2,logspline,0.54,-0.07262771294262743,-0.0747489897016417,0.13659825820505608,-0.28607062387858534,-0.18644162904189582,0.009365413395748177,0.14881589318955488,50
2,20,d2,logspline,0.55,-0.07581089384704076,-0.08130559983550069,0.13105933903184486,-0.28978854722460146,-0.18690084415689845,0.00434910553137521,0.13387520363736122,50
2,20,d2,logspline,0.56,-0.07946425032184448,-0.08794632664003092,0.1258223199252838,-0.29331565926672765,-0.18712392340034623,3.7400032485514515e-4,0.1185013840477782,50
2,20,d2,logspline,0.5700000000000001,-0.08361764990138251,-0.0946480646652695,0.12087341538704459,-0.29664874995120877,-0.1885469722520568,-0.007597699017139067,0.10004483472059221,50
2,20,d2,logspline,0.5800000000000001,-0.09314325891548411,-0.10138901693842606,0.11619941187965833,-0.299786115161614,-0.1878750293008112,-0.012859638814871364,0.08172910830884497,50
2,20,d2,logspline,0.59,-0.10536849318443318,-0.10814862185030727,0.11178757160570023,-0.30110495577107044,-0.18766753163168268,-0.018575516743528815,0.06360690463644665,50
2,20,d2,logspline,0.6,-0.11836578961933308,-0.11490751298469164,0.10762553622445285,-0.30144142515114003,-0.18789406322164964,-0.0302613740413933,0.04843902007323772,50
2,20,d2,logspline,0.61,-0.1284142358258375,-0.12164762934066832,0.10370129294093976,-0.30191283289151283,-0.18852527095135008,-0.04153114954733459,0.03704143049046228,50
2,20,d2,logspline,0.62,-0.1338102126458966,-0.12835223970887855,0.10000321413727482,-0.30250289615181003,-0.1895931517762542,-0.049240813913039104,0.026947882821385792,50
2,20,d2,logspline,0.63,-0.13915454251428339,-0.13500584620857364,0.09652008235462016,-0.30319644938035173,-0.1910463257463924,-0.056302537299730365,0.012094044158827949,50
2,20,d2,logspline,0.64,-0.14636284929994667,-0.14159409967014933,0.09324108522726454,-0.30397937374736617,-0.19610605466171066,-0.06356416822017441,4.540381673142158e-4,50
2,20,d2,logspline,0.65,-0.1541063729902069,-0.1481037823059455,0.09015579495686625,-0.3048385317671445,-0.20657673230466864,-0.07099554341659178,-0.011020639049883301,50
2,20,d2,logspline,0.66,-0.15790817043184646,-0.15452279368367247,0.08725412482907668,-0.30576170664804025,-0.2160735034293484,-0.07955990095024247,-0.022324108456171318,50
2,20,d2,logspline,0.67,-0.1603067462223562,-0.16084020343025077,0.0845261825016663,-0.3067375459571271,-0.22163002753971647,-0.0933579499666423,-0.033449855521612504,50
2,20,d2,logspline,0.68,-0.16281572574662778,-0.167046265605468,0.0819622143216677,-0.30775550922854317,-0.23109078259343502,-0.10378210055574247,-0.044390870444428326,50
2,20,d2,logspline,0.6900000000000001,-0.1666323318038775,-0.17313232537368145,0.07955265914109416,-0.30880581918189587,-0.23544416241334654,-0.1163113518691279,-0.05513976879146784,50
2,20,d2,logspline,0.7000000000000001,-0.17171635063072305,-0.17909075155019064,0.07728815173982556,-0.3098794162501482,-0.23660759214485028,-0.12584037844186716,-0.06410500013643179,50
2,20,d2,logspline,0.7100000000000001,-0.17665494653442732,-0.18491501178195444,0.07515938108397222,-0.3109679161457409,-0.23808505297199659,-0.13336765950903023,-0.07354102895591338,50
2,20,d2,logspline,0.72,-0.18207550972215214,-0.19059968818519227,0.07315705188273204,-0.3120635702197836,-0.24148517078069498,-0.14055733681020133,-0.08246836282664405,50
2,20,d2,logspline,0.73,-0.1875008446126914,-0.19614038561718833,0.07127195273852498,-0.3131592283923884,-0.24501968212075806,-0.14725751106822224,-0.09092607796462669,50
2,20,d2,logspline,0.74,-0.19316023929211024,-0.20153363979815364,0.06949497652393362,-0.31428874830005576,-0.24458483724650323,-0.15329604890273024,-0.09919879914121507,50
2,20,d2,logspline,0.75,-0.19906562210155385,-0.20677681763361166,0.06781706645394144,-0.31703922219776737,-0.2449984407921878,-0.1605592144769492,-0.10726456477953258,50
2,20,d2,logspline,0.76,-0.20567412111040173,-0.21186815196649886,0.06622927349563737,-0.3206658168286036,-0.24691944075818023,-0.1652965826135071,-0.11481054115938799,50
2,20,d2,logspline,0.77,-0.21143209684965997,-0.2168070867535215,0.06472269447957651,-0.32397708917479773,-0.24963593820523405,-0.17038241564772424,-0.12219524545537011,50
2,20,d2,logspline,0.78,-0.217948998520792,-0.22159426112475758,0.06328832560233763,-0.32697182535834357,-0.25342465395328373,-0.17451571202802468,-0.1294166202552162,50
2,20,d2,logspline,0.79,-0.22398977504278855,-0.22623069732138332,0.06191749974094045,-0.3296524533771924,-0.25769710510249205,-0.18061036555824922,-0.13647303967570085,50
2,20,d2,logspline,0.8,-0.22800340212642817,-0.2307175624371495,0.0606021527077476,-0.332024528305919,-0.26192992680587274,-0.18769738708916892,-0.14271334613492243,50
2,20,d2,logspline,0.81,-0.23417979040866524,-0.23505599227913884,0.05933497794688514,-0.3341430448421333,-0.265993765223058,-0.19276471492352087,-0.14879187575757866,50
2,20,d2,logspline,0.8200000000000001,-0.240187353792697,-0.2392469018431788,0.0581095101394465,-0.3361674826672525,-0.26989082355271465,-0.19673532060111953,-0.15460845928863098,50
2,20,d2,logspline,0.8300000000000001,-0.24579787082172683,-0.24329101037535106,0.056920115099431665,-0.33785971978227,-0.2736232766524033,-0.20051420349966348,-0.15989594736832177,50
2,20,d2,logspline,0.8400000000000001,-0.2492398355552573,-0.24718917063149995,0.05576193866961518,-0.3392375468811245,-0.2771932868038365,-0.20337527304392333,-0.165187843304286,50
2,20,d2,logspline,0.85,-0.2528593634158747,-0.250942480953795,0.05463092609252084,-0.33942737643714344,-0.2810209356618743,-0.207457600290002,-0.17078630380421503,50
2,20,d2,logspline,0.86,-0.25717790282472147,-0.2545522604745713,0.05352385781946942,-0.3391143923401019,-0.2848970067187713,-0.21155075564015063,-0.17629237457069802,50
2,20,d2,logspline,0.87,-0.26069413866570046,-0.2580200173877605,0.05243836344180386,-0.3387736940693017,-0.28915983014126045,-0.21532429203794873,-0.18170304367758458,50
2,20,d2,logspline,0.88,-0.26409782410972316,-0.261347403715906,0.051372878116126806,-0.33899163289048256,-0.2941972953342865,-0.2187198088758679,-0.1867237266111545,50
2,20,d2,logspline,0.89,-0.2673877137330054,-0.26453618628854203,0.05032655885047512,-0.3406505589145423,-0.2992624197392826,-0.2219526089277575,-0.19102722509411646,50
2,20,d2,logspline,0.9,-0.27024260041326187,-0.267588260756161,0.049299205068184485,-0.3427304796630206,-0.30406278443078405,-0.2255291400383504,-0.195253115846181,50
2,20,d2,logspline,0.91,-0.27233021970918037,-0.27050565604543736,0.048291137016516036,-0.344369252035744,-0.3066469835204907,-0.22949801163564673,-0.1993990967326923,50
2,20,d2,logspline,0.92,-0.2737411006209324,-0.2732905167741479,0.047303015345331684,-0.3448301006866287,-0.30886988618986705,-0.23324491371767145,-0.20322962237325917,50
2,20,d2,logspline,0.93,-0.27681409427082126,-0.27594508972134835,0.04633561675183488,-0.3451337396998106,-0.311404210309426,-0.23657581078440432,-0.20578802117135786,50
2,20,d2,logspline,0.94,-0.27890385644332993,-0.27847171733901627,0.04538958095484414,-0.3463447833687114,-0.3139555972581813,-0.239703621669939,-0.2088388147675772,50
2,20,d2,logspline,0.95,-0.2824300120825758,-0.28087283792618667,0.044465149497276105,-0.3474483905743375,-0.3148418777873136,-0.24269102445542315,-0.21223370017277074,50
2,20,d2,logspline,0.96,-0.2869846009238053,-0.283150937611163,0.04356198306168235,-0.3484241319787136,-0.31621639470281915,-0.2465914129188219,-0.21570834460796595,50
2,20,d2,logspline,0.97,-0.2893543512823027,-0.2853083812968968,0.0426791789942208,-0.3492767226493751,-0.3176254753426064,-0.25036188046569713,-0.21911827615176244,50
2,20,d2,logspline,0.98,-0.291396601775234,-0.2873473344414105,0.041815195095461936,-0.3499326036798793,-0.3188607997643507,-0.2535865672340908,-0.22246065882410293,50
2,20,d2,logspline,0.99,-0.2935527053834782,-0.2892699024452651,0.04096786414369785,-0.35037177012472664,-0.3200263420397728,-0.2565996402943086,-0.2257329102949724,50
2,20,d2,logspline,1,-0.29582541987441513,-0.2910784183503774,0.04013474095353278,-0.3506774339026689,-0.3216569456051904,-0.25946866239311894,-0.2289326886829757,50
2,20,d3,ecdf,0.01,Inf,Inf,NA,Inf,Inf,Inf,Inf,0
2,20,d3,ecdf,0.02,Inf,Inf,NA,Inf,Inf,Inf,Inf,0
2,20,d3,ecdf,0.03,Inf,Inf,NA,Inf,Inf,Inf,Inf,0
2,20,d3,ecdf,0.04,Inf,Inf,NA,Inf,Inf,Inf,Inf,0
2,20,d3,ecdf,0.05,Inf,Inf,NA,Inf,Inf,Inf,Inf,0
2,20,d3,ecdf,0.06,Inf,Inf,NA,Inf,Inf,Inf,Inf,0
2,20,d3,ecdf,0.06999999999999999,Inf,Inf,NA,Inf,Inf,Inf,Inf,0
2,20,d3,ecdf,0.08,Inf,Inf,NA,Inf,Inf,Inf,Inf,1
2,20,d3,ecdf,0.09,Inf,Inf,NA,Inf,Inf,Inf,Inf,1
2,20,d3,ecdf,0.1,Inf,Inf,NA,Inf,Inf,Inf,Inf,2
2,20,d3,ecdf,0.11,Inf,Inf,NA,-2.278717056567954,Inf,Inf,Inf,4
2,20,d3,ecdf,0.12,Inf,Inf,NA,-1.9325642817362896,Inf,Inf,Inf,5
2,20,d3,ecdf,0.13,Inf,Inf,NA,-1.614448956823885,Inf,Inf,Inf,7
2,20,d3,ecdf,0.14,Inf,Inf,NA,-1.320234897226262,Inf,Inf,Inf,10
2,20,d3,ecdf,0.15000000000000002,Inf,Inf,NA,-1.0466430796609578,Inf,Inf,Inf,12
2,20,d3,ecdf,0.16,Inf,Inf,NA,-1.4841771654369356,-0.7910299848769904,Inf,Inf,17
2,20,d3,ecdf,0.17,Inf,Inf,NA,-1.4673862470506824,-0.5512332570312466,Inf,Inf,21
2,20,d3,ecdf,0.18000000000000002,Inf,Inf,NA,-1.2416145356702388,-0.32546154565080304,Inf,Inf,24
2,20,d3,ecdf,0.19,-0.11221417105598216,Inf,NA,-1.210826459724092,-0.11221417105598216,Inf,Inf,28
2,20,d3,ecdf,0.2,0.08977858008447158,Inf,NA,-1.1670588484321176,0.08977858008447158,Inf,Inf,29
2,20,d3,ecdf,0.21,0.28160057709604946,Inf,NA,-1.104693784023841,-0.4115466034638959,Inf,Inf,31
2,20,d3,ecdf,0.22,0.4641844609965573,Inf,NA,-1.0448388533461488,-0.22896271956338807,Inf,Inf,32
2,20,d3,ecdf,0.23,0.6383385590815592,Inf,NA,-0.9710993533525412,-0.05480862147838607,0.6383385590815592,Inf,38
2,20,d3,ecdf,0.24,0.11162088647830674,Inf,NA,-0.9049467016325234,-0.2938442216298577,0.8047680670382521,Inf,42
2,20,d3,ecdf,0.25,0.27094472346285403,Inf,NA,-0.8276675652052556,-0.35028193898414606,0.9640919040227992,Inf,43
2,20,d3,ecdf,0.26,0.2209765252532737,Inf,NA,-0.6749032093607539,-0.2694381012525894,0.4237090793073559,Inf,45
2,20,d3,ecdf,0.27,0.16493329540360063,Inf,NA,-0.682364564983603,-0.12274877704818028,0.5703984035117651,Inf,47
2,20,d3,ecdf,0.28,0.16213825032641693,Inf,NA,-0.6748499664594189,-0.2048463372136834,0.7114443946604717,1.404591575220417,48
2,20,d3,ecdf,0.29000000000000004,0.1540862310042985,0.17880785367154237,0.6510315573928325,-0.6038416191666578,-0.2513788771038659,0.44176830345607937,1.540380592124189,50
2,20,d3,ecdf,0.3,0.06182189549705264,0.1358752109637767,0.6004587408913336,-0.5259647694050662,-0.27465034112416026,0.5726475192630435,0.978112627371208,50
2,20,d3,ecdf,0.31,0.00578288543446801,0.11238140879513982,0.556717658214947,-0.6003529181358476,-0.2818991870173128,0.4112479935426325,1.1043951741025777,50
2,20,d3,ecdf,0.32,-0.02639849845835851,0.07628617406230336,0.46470386021448723,-0.47838362220141567,-0.24826716782516872,0.3100737381628545,0.820899361928845,50
2,20,d3,ecdf,0.33,-0.04201648022686365,0.015994706990800273,0.44520169267225385,-0.5275242960085645,-0.2651600315410736,0.382406759820383,0.6511307003330816,50
2,20,d3,ecdf,0.34,-0.04570756257988988,0.01488679125959512,0.4290258935740806,-0.5920293729715447,-0.24637825804204103,0.2056068657010161,0.5420791023222291,50
2,20,d3,ecdf,0.35000000000000003,-0.04058343045327459,0.0029606072563743125,0.42196681653824397,-0.51058705969901,-0.2829370180023814,0.1825601208609353,0.6525637501066707,50
2,20,d3,ecdf,0.36000000000000004,-0.02882010404031293,0.002424776330861672,0.38796682072489314,-0.4955753029101302,-0.26998216085720117,0.17185059142183826,0.6775925557666771,50
2,20,d3,ecdf,0.37,-0.09203167434382518,-0.03753015960275571,0.3756209834188934,-0.5228145904362796,-0.28353640883767695,0.17033259012366567,0.6117904079673897,50
2,20,d3,ecdf,0.38,-0.06536227806535866,-0.03832853708124606,0.3685936993762283,-0.470827386173523,-0.3572271222989715,0.1757997787515294,0.7125677763995781,50
2,20,d3,ecdf,0.39,-0.10102841788540062,-0.0516760452285821,0.33274627340710755,-0.46393391157476904,-0.3241719691996105,0.16664297764799607,0.5391163966291717,50
2,20,d3,ecdf,0.4,-0.09513759515798922,-0.055834677765102037,0.32182370066626537,-0.4338509715158847,-0.2778674819052218,0.183178605318234,0.5220181464359597,50
2,20,d3,ecdf,0.41,-0.08532883592306796,-0.05918905083572289,0.2979192811743757,-0.4397457794626566,-0.27638407268577714,0.1510599421411623,0.4612148704450019,50
2,20,d3,ecdf,0.42,-0.11873481692998893,-0.08351623586453957,0.27965270621349836,-0.4521497530512749,-0.26982819625732024,0.05867587071471569,0.3507496836801686,50
2,20,d3,ecdf,0.43,-0.12019334085806718,-0.1029151312420701,0.24239682910740123,-0.4291552205192461,-0.2865319168520048,0.04084840872648933,0.32853048117827033,50
2,20,d3,ecdf,0.44,-0.13628167301861557,-0.10126446325314764,0.23787593686166458,-0.42048880489358376,-0.2709071287403686,0.03077241164455057,0.38472232938874906,50
2,20,d3,ecdf,0.45,-0.1273557882155821,-0.11322420056561858,0.2226093370195198,-0.4207367265797912,-0.2529500062614594,0.0165893929816125,0.31447696406345726,50
2,20,d3,ecdf,0.46,-0.11542298122648272,-0.10986757659922025,0.20909883651258743,-0.42993964397145135,-0.26232677683542793,-0.01915437661137514,0.2900421268816815,50
2,20,d3,ecdf,0.47,-0.13182936048496272,-0.1072242727684965,0.19597893148432247,-0.42302589531500046,-0.23938996811567836,-0.00261762900495655,0.2536324544663263,50
2,20,d3,ecdf,0.48,-0.14187786798661317,-0.11776173656714907,0.1865796464105409,-0.4501792276411297,-0.2409089316483671,-2.833085942945098e-4,0.18354453244801489,50
2,20,d3,ecdf,0.49,-0.12084711549128942,-0.12062889863521682,0.1802142664799237,-0.4257665357106353,-0.2444610714584661,-0.00962148038106506,0.16874344014482068,50
2,20,d3,ecdf,0.5,-0.12352842322715483,-0.11840666989247006,0.1763307148971295,-0.428677374785773,-0.23859775301194183,-0.02087426916707144,0.15605643899200675,50
2,20,d3,ecdf,0.51,-0.09957788245868174,-0.1300302153544803,0.17158172924138043,-0.43550103328580825,-0.24535009536388547,-0.008268864890838187,0.13526170861871922,50
2,20,d3,ecdf,0.52,-0.11860925617335182,-0.1423620665516995,0.16454887491310408,-0.42998223584811845,-0.25277266777452945,-0.05265128838155441,0.10861972170550963,50
2,20,d3,ecdf,0.53,-0.1319736610211958,-0.14461216135775726,0.15698092375986764,-0.4004039933372149,-0.25624310316532206,-0.02878942478596497,0.08627990499882224,50
2,20,d3,ecdf,0.54,-0.13153878863364074,-0.15616321134685732,0.14970746856175543,-0.40375248286269044,-0.26051455778035965,-0.030251147675274488,0.05995733749441216,50
2,20,d3,ecdf,0.55,-0.14549819387240576,-0.16034338637547008,0.15224924701628795,-0.41900670200157886,-0.25394228148187414,-0.05708845405242001,0.11534259471808564,50
2,20,d3,ecdf,0.56,-0.1314042537331036,-0.1665680838801003,0.14917133148321685,-0.4121343225787383,-0.2634035869813383,-0.08600909217282673,0.1061592228699822,50
2,20,d3,ecdf,0.5700000000000001,-0.16133601467182895,-0.1692417778621728,0.1475407501897225,-0.447715389728609,-0.2559606679489975,-0.06896269454081377,0.07946831709668728,50
2,20,d3,ecdf,0.5800000000000001,-0.1915105214708257,-0.18097220850259094,0.1390493885646629,-0.4298488605023848,-0.26276055277446725,-0.07414812946814622,0.017483333799268988,50
2,20,d3,ecdf,0.59,-0.17765197801912772,-0.19056205410656113,0.13665224576165383,-0.42159068618355183,-0.2839610643838509,-0.09760927034559144,0.021858477702084097,50
2,20,d3,ecdf,0.6,-0.19316051443333287,-0.2004356028200932,0.13259365457656014,-0.40680548143124823,-0.2923113464170778,-0.1191234089794674,0.00256856107881398,50
2,20,d3,ecdf,0.61,-0.19933178068360638,-0.20682635742406924,0.13161682447529952,-0.4113896868678207,-0.30776636267712,-0.11182800791665708,0.0035064163862905777,50
2,20,d3,ecdf,0.62,-0.2133362758081268,-0.2119777200265037,0.12668941895310912,-0.40808408555986864,-0.3124271784523578,-0.12914978763198046,-0.011429472629725754,50
2,20,d3,ecdf,0.63,-0.19913686501528505,-0.2159153784908279,0.11997560437509183,-0.40620103689977793,-0.30128442395971494,-0.1399569911299984,-0.02737092091726247,50
2,20,d3,ecdf,0.64,-0.20355489427999776,-0.21977092715301555,0.11792020721253514,-0.3964707431330302,-0.3150464055033691,-0.14533048795837425,-0.016296133609767012,50
2,20,d3,ecdf,0.65,-0.21477403551738025,-0.21841675399496305,0.11813898075666081,-0.38931525492408603,-0.31166760862486986,-0.14134656696256315,-0.003163805061375428,50
2,20,d3,ecdf,0.66,-0.2147866191425065,-0.22152551604256537,0.11085498378565029,-0.3812201559131565,-0.3031975764865594,-0.1563842341803831,-0.03419947187835827,50
2,20,d3,ecdf,0.67,-0.22124297993897393,-0.22396783269316772,0.10781479306246465,-0.37539365976623223,-0.31935661137848714,-0.1492626802022291,-0.033658225086136404,50
2,20,d3,ecdf,0.68,-0.22182689060457106,-0.22813527782553247,0.10688532927499812,-0.3692723611546007,-0.31713976708690467,-0.1575409737298617,-0.043840058469130264,50
2,20,d3,ecdf,0.6900000000000001,-0.23879997502915432,-0.23601862790004177,0.10335254239960763,-0.38971640420564846,-0.3234591034530691,-0.16930842362581064,-0.05158667804812882,50
2,20,d3,ecdf,0.7000000000000001,-0.2392793915366594,-0.24205681526573775,0.10021213375013296,-0.38146490037103375,-0.3138739169156993,-0.16049921734226713,-0.06881511590052977,50
2,20,d3,ecdf,0.7100000000000001,-0.2575564655564706,-0.24427379002115537,0.0982894276564948,-0.38225672855082693,-0.31577082733613043,-0.17711996090880786,-0.057684358252527865,50
2,20,d3,ecdf,0.72,-0.2607932218770324,-0.24591883594073372,0.09518048072972413,-0.37691103834496986,-0.3275859717824684,-0.1827550239040124,-0.05769496625417565,50
2,20,d3,ecdf,0.73,-0.2654330974138752,-0.24956195546917134,0.0912912025001162,-0.3838671790255233,-0.31286694026347284,-0.17739490295902088,-0.08734175627755125,50
2,20,d3,ecdf,0.74,-0.2548644888436929,-0.25157861726167063,0.08889224047416572,-0.37764204098094106,-0.3203294338870207,-0.18329005139287685,-0.0926496169573677,50
2,20,d3,ecdf,0.75,-0.2572783580709297,-0.25386566289157275,0.09107153318462818,-0.3823001825105238,-0.3334517935751183,-0.1833768094990172,-0.09917830536035964,50
2,20,d3,ecdf,0.76,-0.2559540752895362,-0.25422552327800946,0.09113158271966175,-0.38271776701555726,-0.3361947105951257,-0.17559524909122598,-0.1132378734275028,50
2,20,d3,ecdf,0.77,-0.26104383096214223,-0.25715938213754896,0.08925394504108093,-0.3797834683933483,-0.3298737494804207,-0.18841110648344125,-0.11141489903737814,50
2,20,d3,ecdf,0.78,-0.2647803816674535,-0.2616585774209855,0.08684263374107802,-0.3802539443956898,-0.33392987272145136,-0.19669476886649162,-0.11830111790972787,50
2,20,d3,ecdf,0.79,-0.26733743236657787,-0.26790222800197355,0.0837267347364512,-0.38845044771639275,-0.3439706583874938,-0.20456518052565756,-0.1390516925267698,50
2,20,d3,ecdf,0.8,-0.27308280763710874,-0.2696936524742942,0.0823195076500866,-0.381378155767206,-0.35523825934804365,-0.20189816970044744,-0.13501300334631927,50
2,20,d3,ecdf,0.81,-0.2735098636108397,-0.27136996488347687,0.08103988263872332,-0.37065934569054393,-0.3516746364601759,-0.20734223700132165,-0.14553526099797437,50
2,20,d3,ecdf,0.8200000000000001,-0.27703689103843837,-0.27713724724713756,0.07761498670748106,-0.37923027943826204,-0.3530234724208386,-0.21470705984170227,-0.1563792775502124,50
2,20,d3,ecdf,0.8300000000000001,-0.27581231688658775,-0.278884301780512,0.07336552034242304,-0.37809138204080206,-0.3509256226295676,-0.21876298433158237,-0.16603660123310693,50
2,20,d3,ecdf,0.8400000000000001,-0.2830014014728282,-0.2828699297132753,0.07163644778354318,-0.3807598448337209,-0.3516334373619193,-0.22753431995995577,-0.16211523935603298,50
2,20,d3,ecdf,0.85,-0.2855144808908055,-0.28627509723601047,0.06937569989617001,-0.3814486975548141,-0.3516186961950759,-0.23312664698606872,-0.17204737769999054,50
2,20,d3,ecdf,0.86,-0.28885913512400796,-0.2873492114147501,0.06993638274643144,-0.38418064070585123,-0.3548649628712459,-0.23239807790243597,-0.17608679984302877,50
2,20,d3,ecdf,0.87,-0.2945774031659475,-0.2897320690080483,0.0674453685154486,-0.38186723278780976,-0.35047884140919666,-0.23534956896561415,-0.18636667629103282,50
2,20,d3,ecdf,0.88,-0.30081781862462015,-0.2929564580296981,0.06431399886620036,-0.38504766959972503,-0.3472695992106304,-0.24239627192595894,-0.19339184930836462,50
2,20,d3,ecdf,0.89,-0.30014621594503094,-0.29449945909505576,0.06331030334959013,-0.3881462237616002,-0.3394209337426755,-0.24838428138644167,-0.197090986998891,50
2,20,d3,ecdf,0.9,-0.3061353987452965,-0.2959645008161209,0.06361447633880993,-0.3843119148530602,-0.34117854403548453,-0.2405503537500847,-0.19902584813428378,50
2,20,d3,ecdf,0.91,-0.3015408671524647,-0.29695159565768336,0.061783307276510296,-0.38416228613911524,-0.34629505970895724,-0.24446176973425288,-0.2114733296891376,50
2,20,d3,ecdf,0.92,-0.3087960760632651,-0.30060480454168687,0.059266721763096435,-0.3895797794752589,-0.34673499490963944,-0.24621400159294898,-0.21960405282699175,50
2,20,d3,ecdf,0.93,-0.3034784361956978,-0.3017890259531246,0.05689767532772956,-0.3848724749826579,-0.3466778775903918,-0.25013245549040525,-0.2223528913833294,50
2,20,d3,ecdf,0.94,-0.3043170405561217,-0.30329589726802525,0.055814216023686504,-0.3820877851391775,-0.3479987410065133,-0.2520303370612128,-0.2202514420712928,50
2,20,d3,ecdf,0.95,-0.31559228653295374,-0.3069810877727491,0.05352201792071137,-0.38129956321061,-0.350560769744668,-0.2591442572353135,-0.22697738631959438,50
2,20,d3,ecdf,0.96,-0.3116974313416827,-0.3067281886403982,0.05240544262251857,-0.3833329892890647,-0.34917680416477426,-0.26355177043534234,-0.22829015964244845,50
2,20,d3,ecdf,0.97,-0.3178792042663006,-0.3098481389330188,0.05145765588460729,-0.3817775263293101,-0.3507782906929819,-0.26371267298790935,-0.229998618088073,50
2,20,d3,ecdf,0.98,-0.3156112335381378,-0.3111715940966046,0.04976940175529716,-0.37880311888678897,-0.34551245983818824,-0.27793408934077707,-0.23388317468058498,50
2,20,d3,ecdf,0.99,-0.3216803446703385,-0.31243290238250593,0.04863009250469241,-0.3849809664818288,-0.3479821877374936,-0.27363617083762803,-0.23590808154893028,50
2,20,d3,ecdf,1,-0.32291672291392176,-0.31378264319632543,0.047676634805350726,-0.3824891808533568,-0.3454355864492714,-0.27084437595356103,-0.2352269009243941,50
2,20,d3,logspline,0.01,-9.01984017772831,-8.733178289492573,1.40632897629465,-10.079833940098409,-9.654610136060072,-8.466085780165809,-6.095451590057005,50
2,20,d3,logspline,0.02,-6.983792177456634,-6.702129965176008,1.3850852857176446,-8.031717876806962,-7.6079659689497685,-6.437029314593019,-4.105642996600704,50
2,20,d3,logspline,0.03,-5.811550110764314,-5.535153118910297,1.3629594414116388,-6.847126611071002,-6.424875995417046,-5.271981167732754,-2.9814809563919287,50
2,20,d3,logspline,0.04,-4.99341571553491,-4.722545764930565,1.3399655192813296,-6.016362642027044,-5.595642657711778,-4.461242235552369,-2.213250523784334,50
2,20,d3,logspline,0.05,-4.3696538409237,-4.104567662852477,1.316122140625714,-5.379551380174588,-4.9605317870562855,-3.8450761955687933,-1.6411935292685622,50
2,20,d3,logspline,0.06,-3.869112849321051,-3.610060835053818,1.2914520899134727,-4.864813885042982,-4.448393001602831,-3.352329915756725,-1.194129307277104,50
2,20,d3,logspline,0.06999999999999999,-3.4538368863174185,-3.2010619742920943,1.2659818610280504,-4.433570529582205,-4.021271971304723,-2.945045733302657,-0.8340673680518347,50
2,20,d3,logspline,0.08,-3.1011682447016327,-2.8549049609605386,1.2397411572073234,-4.064616200797243,-3.656512775773936,-2.600563829135137,-0.5383102280414892,50
2,20,d3,logspline,0.09,-2.7964907687872236,-2.5569644272103838,1.2127623681968263,-3.743337193428811,-3.3395013014693524,-2.3042656444060525,-0.2878090460383816,50
2,20,d3,logspline,0.1,-2.5298231659478034,-2.297249216391808,1.1850800372823094,-3.4597549636270264,-3.0602585446293613,-2.0460754564364714,-0.07142022842533531,50
2,20,d3,logspline,0.11,-2.2940446967729717,-2.06862822165092,1.156730359403109,-3.206751808939887,-2.8116662127042384,-1.8185999071741548,0.11280217779641331,50
2,20,d3,logspline,0.12,-2.083896182460359,-1.8658314937289067,1.1277507134717786,-2.979071864609044,-2.5892385750539915,-1.6169281984371635,0.27015960581130744,50
2,20,d3,logspline,0.13,-1.8953822636486486,-1.6848524953317365,1.0981792330368754,-2.7727233504586457,-2.3898156241709714,-1.4370617574146558,0.4046915603098696,50
2,20,d3,logspline,0.14,-1.7253958153291784,-1.522572576461114,1.0680544691538782,-2.584911135942125,-2.2087216134173095,-1.2758900464079694,0.5195507763402258,50
2,20,d3,logspline,0.15000000000000002,-1.5714722597939548,-1.3765152908427953,1.0374151714919373,-2.414407574254118,-2.0434910556798305,-1.130944893188684,0.6172484951607373,50
2,20,d3,logspline,0.16,-1.4316233393413111,-1.2446800927314958,1.0063001581536526,-2.2577139552588372,-1.892134408719557,-1.0002342815637526,0.6998203013655008,50
2,20,d3,logspline,0.17,-1.3042213770691755,-1.1254265359107263,0.9747482424804663,-2.1132068314230943,-1.7530223971235979,-0.8821266303141021,0.7689414977394909,50
2,20,d3,logspline,0.18000000000000002,-1.1879166750960386,-1.0173914570955407,0.942798321465817,-1.9796332335058815,-1.6248034489659033,-0.774494526022519,0.8260093720859072,50
2,20,d3,logspline,0.19,-1.081577280766623,-0.9194285877159484,0.9104894347934621,-1.855976781659633,-1.5063434863943401,-0.6764536606209537,0.8722031278996261,50
2,20,d3,logspline,0.2,-0.9859197503781367,-0.83056383103956,0.8778608034769593,-1.7410827983952362,-1.3966811802577603,-0.5875354298646206,0.9085283753516846,50
2,20,d3,logspline,0.21,-0.9003847941474128,-0.7499614745829217,0.8449520522739425,-1.634134345092976,-1.294994135886872,-0.5069132648782229,0.9358507191314929,50
2,20,d3,logspline,0.22,-0.822338917158153,-0.6768981280767437,0.8118036845238108,-1.5355830167204763,-1.2005729554041316,-0.4338734198080947,0.954921499453968,50
2,20,d3,logspline,0.23,-0.7511463033847288,-0.610742316173736,0.7784576041033163,-1.4438527566261774,-1.1128010736701728,-0.36743844529108216,0.9663977894246849,50
2,20,d3,logspline,0.24,-0.6862448509627774,-0.5509383179779935,0.7449579218338503,-1.3582048987407407,-1.0311388836564779,-0.3039787177150886,0.970858238694234,50
2,20,d3,logspline,0.25,-0.6271339650840388,-0.49699248087500664,0.7113531174742547,-1.278165775901527,-0.9551109866302169,-0.24635799929982044,0.9688184782064218,50
2,20,d3,logspline,0.26,-0.5732893029761394,-0.44846219472151233,0.6776985349816977,-1.2033156597699093,-0.8842959080022746,-0.1941387423271669,0.9607457696265189,50
2,20,d3,logspline,0.27,-0.5239060250388003,-0.4049462158837222,0.6440625534325299,-1.1332805689917074,-0.8193917072034151,-0.1503430284677252,0.9470669725443126,50
2,20,d3,logspline,0.28,-0.4790558942154264,-0.36607639379428153,0.6105328447229809,-1.0677255696492092,-0.763221372846816,-0.12233850155016916,0.9288046314508588,50
2,20,d3,logspline,0.29000000000000004,-0.4348311920220156,-0.33151181113366573,0.5772181425811311,-1.0063492539557992,-0.711170780205669,-0.09838667659527223,0.9086817056423836,50
2,20,d3,logspline,0.3,-0.3936055069204114,-0.3009327953308515,0.5442534332530319,-0.948879157653963,-0.6629529860870226,-0.07598169688814188,0.8841656097523257,50
2,20,d3,logspline,0.31,-0.35146753964278965,-0.274030373879508,0.5118174211558776,-0.8950679315403045,-0.618306208118831,-0.05434042970108065,0.8459045797309578,50
2,20,d3,logspline,0.32,-0.3123795935773539,-0.25050085858637083,0.4801327985060279,-0.8446901235435779,-0.5804301725943599,-0.03346999367415758,0.75191113575157,50
2,20,d3,logspline,0.33,-0.276579000094914,-0.2300470004555998,0.44944792815473866,-0.7975394586904926,-0.5425084739044574,-0.015707007709900724,0.6615559732320335,50
2,20,d3,logspline,0.34,-0.25410897579769204,-0.2123794650837264,0.4200173114778896,-0.7534265278215244,-0.4984551381899183,-0.005948221904029325,0.5726309979372726,50
2,20,d3,logspline,0.35000000000000003,-0.23739956908590368,-0.19721825694177164,0.39208189201283317,-0.7121768139910818,-0.4581124094646462,0.011665209267317282,0.48445738215653167,50
2,20,d3,logspline,0.36000000000000004,-0.22306367595710178,-0.1842941723162942,0.3658498522338226,-0.6736289994864854,-0.4230797868308743,0.026455272822815335,0.429128211307958,50
2,20,d3,logspline,0.37,-0.20835804854405102,-0.17335039282725045,0.3414790809940852,-0.6376335073324818,-0.3905929028253451,0.030253400162705883,0.3919631100168548,50
2,20,d3,logspline,0.38,-0.19116731478475085,-0.16414425600605737,0.3190626374753124,-0.6040512397489104,-0.360511298414929,0.028937985563672858,0.35416978042919817,50
2,20,d3,logspline,0.39,-0.17011817287376113,-0.1564557376212096,0.29861720615165316,-0.5727524828437087,-0.3327039679429943,0.009428941250438512,0.31620806819626823,50
2,20,d3,logspline,0.4,-0.14977256279592785,-0.15009905529060025,0.2800899124218793,-0.5436159522587725,-0.3084876605435529,0.008053658116528745,0.2792920463725495,50
2,20,d3,logspline,0.41,-0.14905208741039963,-0.14491820909447092,0.2633849924739213,-0.5165279588487602,-0.28937657075684803,0.009573591814932787,0.24338830053860885,50
2,20,d3,logspline,0.42,-0.14493793305652236,-0.14078264498203852,0.2483795320734217,-0.49138167699554514,-0.27203608239026505,0.010007282492949202,0.1892760664468825,50
2,20,d3,logspline,0.43,-0.1358344041330572,-0.13758527377376115,0.2349326390888375,-0.468076501021326,-0.2645760739710479,0.009603302583338042,0.16155965456997734,50
2,20,d3,logspline,0.44,-0.13259064288253716,-0.1352378281471371,0.22289829430174812,-0.44651747749870774,-0.2608511126640375,0.011728804657850625,0.1595018149362323,50
2,20,d3,logspline,0.45,-0.1312170392957302,-0.13366592118771659,0.21213450386827545,-0.4266148031722619,-0.270123801820776,0.007768237990461485,0.15731444278649642,50
2,20,d3,logspline,0.46,-0.12957725334960069,-0.13280207063571642,0.20250426232337596,-0.40828337978621965,-0.2544506165535988,-0.0066143755863269545,0.1507928933813068,50
2,20,d3,logspline,0.47,-0.12427629867704884,-0.1325830428235143,0.19387461058607333,-0.39144241842198757,-0.24273916046195465,-0.008918820940264326,0.13777196189716745,50
2,20,d3,logspline,0.48,-0.12996493212739169,-0.13295150754232457,0.1861200861845906,-0.3857409615869256,-0.2304400892434531,-0.011815458471972231,0.12426332861263431,50
2,20,d3,logspline,0.49,-0.12968488739249312,-0.13385576420374248,0.17912570344237064,-0.396864741215776,-0.21698480213990257,-0.015906557151331477,0.11035819618438009,50
2,20,d3,logspline,0.5,-0.14077116830971098,-0.13524908540062922,0.17278883777959755,-0.4112127966155448,-0.21471385700464232,-0.01759455917805832,0.09614016162177261,50
2,20,d3,logspline,0.51,-0.14840542382725247,-0.13708923793454178,0.16701980064581068,-0.4229964015994979,-0.2132663381535118,-0.02467764927057071,0.08168599350290456,50
2,20,d3,logspline,0.52,-0.15420311943362028,-0.13933823094687928,0.16174126482521814,-0.41887113133262366,-0.2157742307980638,-0.03087920894749062,0.0695272633009073,50
2,20,d3,logspline,0.53,-0.1524770316192028,-0.14196160298006189,0.15688775939005178,-0.41431098166551233,-0.2192556217427922,-0.037148460367694355,0.061670188123484654,50
2,20,d3,logspline,0.54,-0.14671649364304795,-0.1449269909457846,0.15240441504313598,-0.41076502932782744,-0.22434944450714256,-0.03683594470071484,0.05478095858014602,50
2,20,d3,logspline,0.55,-0.14357009916385383,-0.14820367744740348,0.1482454204375091,-0.4070301372445252,-0.23191912497436587,-0.035885748833467415,0.049788365491029676,50
2,20,d3,logspline,0.56,-0.1406584052348116,-0.15176234014166098,0.14437214230582202,-0.4031728062455855,-0.2336639411287983,-0.04417495071415865,0.04886004691896571,50
2,20,d3,logspline,0.5700000000000001,-0.13913806613719526,-0.15557441868204822,0.14075050541560608,-0.3992471301703507,-0.23663553182513614,-0.05264700176237858,0.04857525475738053,50
2,20,d3,logspline,0.5800000000000001,-0.14102037446391152,-0.15961210631381195,0.13734997148356304,-0.3952971072931001,-0.24475497895184387,-0.061264591160030024,0.04745198790368211,50
2,20,d3,logspline,0.59,-0.14447517465534288,-0.16384814007958323,0.1341436829104183,-0.3913584721740471,-0.25591521913907345,-0.06999342852329472,0.03636944036366087,50
2,20,d3,logspline,0.6,-0.1493061769205804,-0.16825547644892647,0.1311089298051299,-0.3874601598781899,-0.2607692285157134,-0.07880200116397151,0.02504883624613446,50
2,20,d3,logspline,0.61,-0.15541880500870725,-0.17280782346248097,0.12822618163398686,-0.38362548543092345,-0.2609380688480682,-0.08738585923901356,0.020828332584313818,50
2,20,d3,logspline,0.62,-0.16116029544944782,-0.1774800676205498,0.1254776684239963,-0.37987310059515456,-0.26308146422195683,-0.09230100571495513,0.016740294303754902,50
2,20,d3,logspline,0.63,-0.1661636957058999,-0.1822483243202694,0.12284695915470029,-0.3772882485795509,-0.2634231976875898,-0.10408191336549319,0.014652460596397236,50
2,20,d3,logspline,0.64,-0.17118724920228506,-0.18708995861468494,0.12031883409878279,-0.3780752538637838,-0.26508553732753176,-0.11373313583735341,0.007458756704345117,50
2,20,d3,logspline,0.65,-0.17616394555186182,-0.1919835793597204,0.11787921474009351,-0.37868491585438546,-0.2687760229648434,-0.11814233465616664,-4.3582555424174715e-5,50
2,20,d3,logspline,0.66,-0.1810797954001326,-0.19690903497092693,0.11551512474892821,-0.37913178269279857,-0.27572948753692217,-0.12341315783282338,-0.006810610844341653,50
2,20,d3,logspline,0.67,-0.18592307876426983,-0.201847393599794,0.11321465070265882,-0.38027381676065125,-0.28244785220247476,-0.1287143154290028,-0.013678028174825352,50
2,20,d3,logspline,0.68,-0.19068414318996088,-0.20678090050552497,0.1109668981718132,-0.38160862912178917,-0.28891323958058773,-0.13402916891564826,-0.020792994906202233,50
2,20,d3,logspline,0.6900000000000001,-0.19535522071118716,-0.21169297988774996,0.10876196162093563,-0.3827032346557674,-0.2941520831283057,-0.14369013674149697,-0.0304305754421858,50
2,20,d3,logspline,0.7000000000000001,-0.20008660276431828,-0.21656829001769667,0.10659092112092972,-0.38357208837466283,-0.2975179828103387,-0.15295532089046274,-0.04096810733163386,50
2,20,d3,logspline,0.7100000000000001,-0.20868274315846574,-0.2213926774247594,0.10444583190763665,-0.3831254835517848,-0.30275329338520574,-0.15574142658469636,-0.05150839549130855,50
2,20,d3,logspline,0.72,-0.21702273023860247,-0.22615310385883097,0.1023196990524449,-0.3815602413523813,-0.3051470591629847,-0.15878918124944474,-0.05754722544343269,50
2,20,d3,logspline,0.73,-0.22507882393225814,-0.2308375776170787,0.1002064415042106,-0.3785987425513606,-0.3046664846403896,-0.1637212939736409,-0.06366810802203518,50
2,20,d3,logspline,0.74,-0.2328251753803628,-0.235435087686647,0.09810084890477395,-0.37814264210921367,-0.30623911853428626,-0.16890226803325847,-0.0700127680080318,50
2,20,d3,logspline,0.75,-0.2402377593154337,-0.2399355232194686,0.09599854046238558,-0.37807336999291175,-0.30863018656873603,-0.17558489695484653,-0.07655097524244384,50
2,20,d3,logspline,0.76,-0.2462976284969173,-0.24432959998339973,0.093895924838187525,-0.3788754068434491,-0.31150957835764087,-0.1820744834256392,-0.08325339484834053,50
2,20,d3,logspline,0.77,-0.2491295526730796,-0.24860881330606588,0.09179015664136227,-0.38148315679694333,-0.31441391945456443,-0.18819630612560723,-0.09009156743913306,50
2,20,d3,logspline,0.78,-0.25219228903091795,-0.2527653969705781,0.08967909701281944,-0.38380536550526184,-0.31732205135996916,-0.19438065286281767,-0.09703789136131269,50
2,20,d3,logspline,0.79,-0.25574191275655295,-0.25679230388557395,0.0875612864153996,-0.3858476856662466,-0.3202136525517285,-0.20060743844587411,-0.10377324782079173,50
2,20,d3,logspline,0.8,-0.2609737016409831,-0.2606836648321686,0.08543610032300647,-0.38761620668004326,-0.3230692292286808,-0.20685736028347979,-0.11041415655200831,50
2,20,d3,logspline,0.81,-0.2659280500101824,-0.2644355484158485,0.08330432551394014,-0.38911741238288755,-0.32452263310932383,-0.21311186744913824,-0.1171235882350103,50
2,20,d3,logspline,0.8200000000000001,-0.2706086420563435,-0.2680455164218605,0.08116832080226875,-0.3904080055784955,-0.3250171696660218,-0.2192496581247684,-0.12387775275299315,50
2,20,d3,logspline,0.8300000000000001,-0.27501971800510877,-0.27151278315907623,0.07903191678914719,-0.3915076462772862,-0.32652042303068723,-0.22473235285563758,-0.13065361352913038,50
2,20,d3,logspline,0.8400000000000001,-0.2795872393706563,-0.2748372393531792,0.07689958951527713,-0.39235167842223706,-0.32817645367679943,-0.23001602793378456,-0.1374288781713932,50
2,20,d3,logspline,0.85,-0.2843435770315206,-0.2780190231191373,0.07477598554908382,-0.3929481165400013,-0.3279146929278475,-0.234754679200055,-0.14418199069139337,50
2,20,d3,logspline,0.86,-0.28898426536123545,-0.2810585262424303,0.07266585770350895,-0.3933051925060653,-0.33034875232623195,-0.24092841185845745,-0.14930013037101564,50
2,20,d3,logspline,0.87,-0.2935022998699665,-0.283956425927742,0.07057398084570216,-0.3934313278451702,-0.3334497163814756,-0.24640433562585193,-0.1543578645198857,50
2,20,d3,logspline,0.88,-0.29740846285659783,-0.2867136916431219,0.06850510822694596,-0.3930817708998504,-0.3354645413865068,-0.24679904036145445,-0.1594685321744114,50
2,20,d3,logspline,0.89,-0.30077525627596613,-0.2893315677020414,0.0664639624636836,-0.3909708767619916,-0.3373756934829314,-0.24671799790500018,-0.16461941934252636,50
2,20,d3,logspline,0.9,-0.3034003597224253,-0.2918115549668451,0.06445522049555164,-0.3888266693368538,-0.3369594354028046,-0.24837051348173744,-0.17077475702775047,50
2,20,d3,logspline,0.91,-0.3058420221267155,-0.2941553930988592,0.06248348966300016,-0.3868529873697928,-0.3367544049718607,-0.2508416993525707,-0.17704656065874805,50
2,20,d3,logspline,0.92,-0.3075317059642601,-0.2963650437057007,0.06055327425269075,-0.38485446511554827,-0.33793762317306514,-0.25253909498046756,-0.18322249600951193,50
2,20,d3,logspline,0.93,-0.3082933746400558,-0.29844267462683133,0.05866893236185813,-0.3828124102099809,-0.33906299360583675,-0.2543456579253515,-0.1892905382953542,50
2,20,d3,logspline,0.94,-0.3100049280686695,-0.30039064551804756,0.0568346233672262,-0.3807310212719661,-0.34044143919403846,-0.25609823001627213,-0.19486266839369082,50
2,20,d3,logspline,0.95,-0.3114656230081529,-0.3022114948375312,0.05505424671931731,-0.3791645762115835,-0.34222195598117794,-0.2606589079645435,-0.20031585990480555,50
2,20,d3,logspline,0.96,-0.3116866710826477,-0.3039079282950722,0.053331373272713804,-0.378050808702727,-0.34388917134633556,-0.26255546537477137,-0.2057282175100106,50
2,20,d3,logspline,0.97,-0.312175950529447,-0.30548280879814504,0.05166917094430316,-0.3768159825576789,-0.34544568856264724,-0.2644692671141723,-0.21228069408277056,50
2,20,d3,logspline,0.98,-0.31343229609054857,-0.30693914790057897,0.05007032716521096,-0.3754688450137137,-0.3469575488747888,-0.26900406909375985,-0.21869216973580707,50
2,20,d3,logspline,0.99,-0.3146574652377818,-0.3082800952584198,0.04853696507819097,-0.3740181642259507,-0.34826518835082676,-0.27338921447904496,-0.2249491431848793,50
2,20,d3,logspline,1,-0.316915313535456,-0.30950891623018284,0.04707054050001102,-0.3724727187116601,-0.34833228485276546,-0.2776217233195384,-0.23103864287892745,50
2,50,d0,ecdf,0.01,Inf,Inf,NA,Inf,Inf,Inf,Inf,0
2,50,d0,ecdf,0.02,Inf,Inf,NA,Inf,Inf,Inf,Inf,0
2,50,d0,ecdf,0.03,Inf,Inf,NA,Inf,Inf,Inf,Inf,0
2,50,d0,ecdf,0.04,Inf,Inf,NA,Inf,Inf,Inf,Inf,0
2,50,d0,ecdf,0.05,Inf,Inf,NA,Inf,Inf,Inf,Inf,0
2,50,d0,ecdf,0.06,Inf,Inf,NA,Inf,Inf,Inf,Inf,0
2,50,d0,ecdf,0.06999999999999999,Inf,Inf,NA,Inf,Inf,Inf,Inf,0
2,50,d0,ecdf,0.08,Inf,Inf,NA,Inf,Inf,Inf,Inf,0
2,50,d0,ecdf,0.09,Inf,Inf,NA,Inf,Inf,Inf,Inf,0
2,50,d0,ecdf,0.1,Inf,Inf,NA,Inf,Inf,Inf,Inf,0
2,50,d0,ecdf,0.11,Inf,Inf,NA,Inf,Inf,Inf,Inf,0
2,50,d0,ecdf,0.12,Inf,Inf,NA,Inf,Inf,Inf,Inf,1
2,50,d0,ecdf,0.13,Inf,Inf,NA,Inf,Inf,Inf,Inf,1
2,50,d0,ecdf,0.14,Inf,Inf,NA,Inf,Inf,Inf,Inf,2
2,50,d0,ecdf,0.15000000000000002,Inf,Inf,NA,Inf,Inf,Inf,Inf,3
2,50,d0,ecdf,0.16,Inf,Inf,NA,4.880826141570758,Inf,Inf,Inf,7
2,50,d0,ecdf,0.17,Inf,Inf,NA,4.941368240473134,Inf,Inf,Inf,8
2,50,d0,ecdf,0.18000000000000002,Inf,Inf,NA,4.99843913979288,Inf,Inf,Inf,10
2,50,d0,ecdf,0.19,Inf,Inf,NA,5.052413856661069,Inf,Inf,Inf,10
2,50,d0,ecdf,0.2,Inf,Inf,NA,5.103609658586845,Inf,Inf,Inf,12
2,50,d0,ecdf,0.21,Inf,Inf,NA,5.152297344154848,Inf,Inf,Inf,13
2,50,d0,ecdf,0.22,Inf,Inf,NA,5.198709897066424,5.198709897066424,Inf,Inf,14
2,50,d0,ecdf,0.23,Inf,Inf,NA,4.861818265599473,5.243049214907442,Inf,Inf,18
2,50,d0,ecdf,0.24,Inf,Inf,NA,4.592344224242881,5.285491404802826,Inf,Inf,23
2,50,d0,ecdf,0.25,Inf,Inf,NA,4.227578708648253,5.326190997316363,Inf,Inf,25
2,50,d0,ecdf,0.26,5.365284333387175,Inf,NA,4.266672044719065,5.365284333387175,Inf,Inf,27
2,50,d0,ecdf,0.27,5.402892311716492,Inf,NA,4.304280023048382,4.883031926296534,Inf,Inf,28
2,50,d0,ecdf,0.28,5.439122636264469,Inf,NA,4.340510347596359,4.7459754557045235,Inf,Inf,32
2,50,d0,ecdf,0.29000000000000004,5.474071669182022,Inf,NA,4.375459380513912,4.780924488622077,Inf,Inf,36
2,50,d0,ecdf,0.3,5.507825969488431,Inf,NA,4.121531608368541,4.814678788928487,Inf,Inf,36
2,50,d0,ecdf,0.31,5.540463579358425,Inf,NA,4.154169218238535,4.847316398798481,5.540463579358425,Inf,39
2,50,d0,ecdf,0.32,5.572055106124518,Inf,NA,3.9626171936904178,4.473442817456408,5.572055106124518,Inf,41
2,50,d0,ecdf,0.33,4.9095174571718285,Inf,NA,3.9932267252976734,4.504052349063664,5.602664637731774,Inf,44
2,50,d0,ecdf,0.34,4.939203340931564,Inf,NA,3.837852878915742,4.3179766784845635,5.632350521491509,Inf,46
2,50,d0,ecdf,0.35000000000000003,4.562553741252729,Inf,NA,3.8666683873450713,4.274871668800948,4.968018849360893,Inf,47
2,50,d0,ecdf,0.36000000000000004,4.5905476440937285,Inf,NA,3.743249783706525,4.079722020327738,4.996012752201893,5.6891599327618385,48
2,50,d0,ecdf,0.37,4.330082629490348,Inf,NA,3.7704668415549247,4.106939078176138,5.023229810050293,5.716376990610239,49
2,50,d0,ecdf,0.38,4.356564021581896,Inf,NA,3.7969482336464737,3.951098913473732,4.644246094033677,5.049711202141841,49
2,50,d0,ecdf,0.39,4.15920416668773,4.271402929281453,0.4973101549260473,3.5714175017856116,3.976882609893776,4.670029790453722,5.075494898561885,50
2,50,d0,ecdf,0.4,4.093164475052494,4.1556151026762596,0.5135576503646531,3.538590304935548,3.847853016828258,4.407468804763681,5.100615985323627,50
2,50,d0,ecdf,0.41,3.872343980804796,4.043726662429347,0.4760793198751292,3.5156690368660635,3.738812588180273,4.431959768740219,4.719641841192,50
2,50,d0,ecdf,0.42,3.762703567696833,3.9173997243709393,0.45136744424290726,3.4442498365782983,3.5659001452970798,4.2327071969425685,4.743532820708559,50
2,50,d0,ecdf,0.43,3.668239537976451,3.8018596440957,0.4589403008532001,3.2597553731665876,3.4675688425143005,3.9195539662573577,4.637394894041259,50
2,50,d0,ecdf,0.44,3.5856521337885603,3.6967605168637006,0.43676118182684043,3.180187025680396,3.403330576994606,3.942327077727293,4.660168005511194,50
2,50,d0,ecdf,0.45,3.512593492025999,3.598723564828386,0.4009079654121091,3.0772754207681534,3.345539407362833,3.831047223144534,4.3010508523902695,50
2,50,d0,ecdf,0.46,3.447334797208054,3.5212265644879612,0.40143855726699434,3.0418696890998893,3.2931841173807954,3.7350168696598343,4.322803534561953,50
2,50,d0,ecdf,0.47,3.388567167883795,3.447884766538072,0.39209478112939344,2.980866234265738,3.1354593367432244,3.729951819094656,4.09238925019501,50
2,50,d0,ecdf,0.48,3.3007801444935794,3.352560296185201,0.34655828830018537,2.9042254635297,3.083962151956149,3.5764386370539434,3.968334634115965,50
2,50,d0,ecdf,0.49,3.2221235569036724,3.2773945091191625,0.3139620202350931,2.859218063214304,3.0502732999770132,3.4297629216819168,3.88829840531571,50
2,50,d0,ecdf,0.5,3.181455835963578,3.1933585986696014,0.30518067682329975,2.7565726419983125,2.970146742296371,3.375611850404536,3.7271427897256064,50
2,50,d0,ecdf,0.51,3.08978213796243,3.113034119604505,0.27474762860273094,2.738384251124541,2.8987269011997205,3.261632394889089,3.636325844330499,50
2,50,d0,ecdf,0.52,3.008861196205416,3.022164896168827,0.26326184007652736,2.6521862522666835,2.834507809060638,3.163011876032674,3.499109178218572,50
2,50,d0,ecdf,0.53,2.9153973628017003,2.9316129053396374,0.23959621619614763,2.5756638244737675,2.7490587868077623,3.0276489482168247,3.373024929643954,50
2,50,d0,ecdf,0.54,2.8325016691290723,2.8607555412281642,0.21996199456844256,2.5311649525363147,2.7233023771640803,2.9995557537922384,3.290728405093377,50
2,50,d0,ecdf,0.55,2.74138134033891,2.7825224450815758,0.21039099029423963,2.4688052042641777,2.619862523525592,2.9731829543962345,3.119200634808301,50
2,50,d0,ecdf,0.56,2.676559088242953,2.716798293448614,0.21125560173236438,2.423960250846749,2.5710725803959757,2.897739638728868,3.0818982041619662,50
2,50,d0,ecdf,0.5700000000000001,2.588492270436508,2.640395722459103,0.1929532531034369,2.369995981208775,2.5062541721995357,2.7680691140205274,2.924964507057721,50
2,50,d0,ecdf,0.5800000000000001,2.5500294272422255,2.575387699413726,0.18689314041656785,2.2784057210170543,2.4720678857725136,2.6952114370867233,2.8858676542726864,50
2,50,d0,ecdf,0.59,2.4641801296116803,2.493919455341611,0.17622362266385533,2.226508477734561,2.3993099419539017,2.608511672037872,2.7952006680754575,50
2,50,d0,ecdf,0.6,2.421570026322362,2.4390889507675277,0.17170381438415025,2.1839553427208163,2.3230638902203826,2.556678741401888,2.714681751928508,50
2,50,d0,ecdf,0.61,2.3498206523859055,2.3764609539780253,0.1565189358299436,2.1578782323688017,2.298471953266734,2.496922891990572,2.658413147850742,50
2,50,d0,ecdf,0.62,2.304527091008577,2.3138285344063925,0.15735335138030734,2.115577545911502,2.187825036525113,2.436643562203537,2.588865250358427,50
2,50,d0,ecdf,0.63,2.2258004247407532,2.2535717383868317,0.15355058597946694,2.0524881206981376,2.1646054188188435,2.370941851816672,2.520719110899795,50
2,50,d0,ecdf,0.64,2.1632329555002907,2.1973079500395367,0.14933018422748895,2.0090822756730327,2.0870662944607457,2.32089736353379,2.441024519928623,50
2,50,d0,ecdf,0.65,2.1376286393558503,2.140434905067489,0.14464355978155974,1.921860900560729,2.0532554898980555,2.2565004891911715,2.374281104348875,50
2,50,d0,ecdf,0.66,2.0609002520581186,2.0792318389384294,0.13345336107329298,1.8732559979783816,1.9972479157964105,2.1892304692348983,2.2987233103805274,50
2,50,d0,ecdf,0.67,1.9983520359948683,2.03194702784999,0.13600252001658275,1.8480698329455305,1.9457083025094464,2.139657999205375,2.2612743445488173,50
2,50,d0,ecdf,0.68,1.979629940267058,1.9889640616458204,0.13903727317101316,1.7784174191695983,1.901089053673554,2.0827928167398064,2.222554759114965,50
2,50,d0,ecdf,0.6900000000000001,1.9305762440065095,1.943356244827801,0.13897249381521876,1.7259902589867642,1.8425240752427157,2.03729959081252,2.1584301152151446,50
2,50,d0,ecdf,0.7000000000000001,1.879298612340196,1.8971871496681583,0.1310727111515399,1.690339324619525,1.815309966867578,2.001401309141096,2.096711488945421,50
2,50,d0,ecdf,0.7100000000000001,1.842720103696782,1.8558672552410924,0.13086037872564357,1.6405452741846325,1.7740766668091552,1.952324898215474,2.0549790522755575,50
2,50,d0,ecdf,0.72,1.7928391759458209,1.8048986662755362,0.13257684920082893,1.585186661750752,1.7116089964093668,1.903913111922309,2.0102370162433627,50
2,50,d0,ecdf,0.73,1.7513859998451942,1.7579297420207805,0.12426183989665812,1.557801250772529,1.6676161167797352,1.853515494921574,1.9565595883660587,50
2,50,d0,ecdf,0.74,1.6989201109324519,1.7138326892197524,0.12723624616913293,1.5048901550304006,1.628674528237526,1.7941889667150994,1.9220223382249844,50
2,50,d0,ecdf,0.75,1.6502785359014496,1.6698854739443536,0.12420163673572965,1.4779420105567729,1.5841022063851633,1.7466294144879373,1.8991832883132855,50
2,50,d0,ecdf,0.76,1.617187506117778,1.6260958530033227,0.12478120317659189,1.4516706630300988,1.5293230741519932,1.706909523095552,1.8678581355955903,50
2,50,d0,ecdf,0.77,1.5743131682293345,1.5848568996820238,0.12210378881229325,1.420706758823037,1.4981362953983106,1.658863102526432,1.8086235036282763,50
2,50,d0,ecdf,0.78,1.545234809272216,1.5482107070205124,0.1193393220376383,1.3901770732272263,1.4617834921995088,1.6122513858823888,1.7828451104411505,50
2,50,d0,ecdf,0.79,1.5000188570553248,1.5074515934738397,0.11196654668398737,1.3596535841490236,1.425910884901603,1.570641691161189,1.7140352307175803,50
2,50,d0,ecdf,0.8,1.4610948718209449,1.4720850031332784,0.10717290825337125,1.3211995081424899,1.4014460252961065,1.5245257550925935,1.6764490188288215,50
2,50,d0,ecdf,0.81,1.4181960022462539,1.4341570750586952,0.10431696898319139,1.2830737392998557,1.3571817114535774,1.493269409806234,1.6246249857803434,50
2,50,d0,ecdf,0.8200000000000001,1.3930241888291448,1.4025110518814146,0.09815539482518462,1.267842680064929,1.3355979916732477,1.460380565879482,1.5862964111834634,50
2,50,d0,ecdf,0.8300000000000001,1.360275716181318,1.3731662036425298,0.09923959335271895,1.2224017211423988,1.3066620647601386,1.435494936603107,1.5737372743302958,50
2,50,d0,ecdf,0.8400000000000001,1.3320650330035626,1.340852379482957,0.0995867486637073,1.1965499779224922,1.2804893463094031,1.3967886980858326,1.5325071962356087,50
2,50,d0,ecdf,0.85,1.2972297533923238,1.3105990302590156,0.0957062385404534,1.1860851825534369,1.255542910118921,1.3560993823460454,1.4937923354082812,50
2,50,d0,ecdf,0.86,1.2693785902255286,1.2777824973761593,0.09446738960192932,1.1365090536643407,1.2134275619762385,1.3245798740443355,1.448433196158052,50
2,50,d0,ecdf,0.87,1.237953965275414,1.2497019061764958,0.09060077063651131,1.1175693167332361,1.1866014342684204,1.3024950450777124,1.4221961447664144,50
2,50,d0,ecdf,0.88,1.22235455677326,1.2226852973230167,0.08586095698875508,1.1136815305630994,1.1621559441398728,1.2625298427197922,1.3946405648250293,50
2,50,d0,ecdf,0.89,1.1888818556131606,1.1951583940840718,0.08337634347814908,1.0908687907269137,1.1333703042033547,1.2344155885309105,1.366004685197061,50
2,50,d0,ecdf,0.9,1.1748067623607406,1.1658939022174073,0.08260759443781775,1.0552905006629505,1.1122164374589598,1.216881866373682,1.326521363196693,50
2,50,d0,ecdf,0.91,1.1312374948573143,1.1399577102812264,0.07840295931796785,1.038607103190329,1.081835837741149,1.1876426823508168,1.2987269739778524,50
2,50,d0,ecdf,0.92,1.102412165412971,1.1095938488479136,0.07470956069965787,0.9975981561528433,1.0539111591880834,1.1544509863354395,1.2401076014597505,50
2,50,d0,ecdf,0.93,1.0808338053743065,1.0844010134739035,0.07348277514615717,0.9762787358368559,1.027287012161346,1.122964486169586,1.2159025022932557,50
2,50,d0,ecdf,0.94,1.0544239962706996,1.0599202477409093,0.07112140790931125,0.953282694230457,1.0009598865041567,1.1029360228862977,1.1840760545254638,50
2,50,d0,ecdf,0.95,1.0310239261110736,1.035774485588737,0.06815424397822738,0.9378930067567197,0.9784048072541686,1.078854396203714,1.1433274960028317,50
2,50,d0,ecdf,0.96,1.008595885100455,1.012645957832586,0.06949441256665714,0.9057397667272175,0.957613988355529,1.0557915764367296,1.133050059573861,50
2,50,d0,ecdf,0.97,0.9819339033255718,0.9894671267505867,0.07018576906270835,0.8821447532783836,0.936004372926293,1.0390920831335493,1.1117177012897592,50
2,50,d0,ecdf,0.98,0.969742434235719,0.96597170025578,0.06768362224727698,0.8571051563455598,0.9160255081492745,1.013316002761727,1.077517454714723,50
2,50,d0,ecdf,0.99,0.9400672979478033,0.9436584874999377,0.06483349777076858,0.8376168654068634,0.8998843229422291,0.9954263760031743,1.0506181262426757,50
2,50,d0,ecdf,1,0.921121624144069,0.9227627827534433,0.06360380450379817,0.8229550313730647,0.8686060337378307,0.9756902827969924,1.0283756535773942,50
2,50,d0,logspline,0.01,6.014952612856999,6.488929454296497,1.3731067937407397,4.92263277456513,5.597318693984965,7.188003600599199,9.12811821785536,50
2,50,d0,logspline,0.02,5.969757033470671,6.4362964800068525,1.356659602661434,4.889136091791472,5.555448001541697,7.130208924390415,9.036954112149239,50
2,50,d0,logspline,0.03,5.923905872506987,6.38270653969512,1.3396157328518787,4.855270578375557,5.5130119923521255,7.071357607997038,8.943251412264825,50
2,50,d0,logspline,0.04,5.877400399366744,6.328163500933137,1.321981534816848,4.820808672781786,5.468992637878072,7.0114529814175945,8.847029513580608,50
2,50,d0,logspline,0.05,5.830242384614906,6.272672722436013,1.3037653757519254,4.78561179813489,5.424082572956291,6.950499678446981,8.74831517172106,50
2,50,d0,logspline,0.06,5.782434093449156,6.216241000008474,1.28497754786458,4.7500359473998035,5.378578098757785,6.889171923535287,8.647142120121798,50
2,50,d0,logspline,0.06999999999999999,5.733978277393726,6.1588764995566265,1.2656301550397389,4.714082067364215,5.33248151924453,6.8274281567523785,8.543550599453862,50
2,50,d0,logspline,0.08,5.684878164285296,6.100588678868827,1.2457369817402697,4.677751271956411,5.285795538812868,6.76469437392045,8.44743412789392,50
2,50,d0,logspline,0.09,5.635137446630647,6.041388200068113,1.2253133484487566,4.641044839787877,5.237590824979931,6.700979350323985,8.35070443438001,50
2,50,d0,logspline,0.1,5.584760268427627,5.981286834752742,1.2043759581762234,4.603964211351057,5.187749063129129,6.636292881793029,8.252066947838621,50
2,50,d0,logspline,0.11,5.533751210551549,5.920297363872561,1.182942738594781,4.56651098588592,5.137286540745688,6.570645732594059,8.151564246687071,50
2,50,d0,logspline,0.12,5.482115274818398,5.858433474594512,1.161032684635146,4.5286869179304645,5.086208097135444,6.504049579365914,8.049241626938935,50
2,50,d0,logspline,0.13,5.429857866844083,5.795709688216415,1.1386657595621195,4.4904939135715995,5.034518963155164,6.4365169517181116,7.945146683113167,50
2,50,d0,logspline,0.14,5.37698477782523,5.732141366804074,1.115862930884152,4.451934026414061,4.982224743788818,6.3651994991473115,7.839328892171428,50
2,50,d0,logspline,0.15000000000000002,5.3235021653717975,5.6677446458114975,1.0926460454108464,4.413009453286043,4.9293313998108435,6.291845186588697,7.7318392072112525,50
2,50,d0,logspline,0.16,5.269416533525101,5.602536327986187,1.0690376392883103,4.373722529703699,4.875845229638195,6.217520774161223,7.6227296667543865,50
2,50,d0,logspline,0.17,5.214734712096448,5.536533843336155,1.0450607298820833,4.335607238720408,4.821773278463106,6.142244374088039,7.512053024501805,50
2,50,d0,logspline,0.18000000000000002,5.159463835461895,5.469755324831985,1.0207385630760137,4.29637035285923,4.767125381479923,6.066034673168152,7.399862403427696,50
2,50,d0,logspline,0.19,5.103611320947451,5.402219585997385,0.9960944640734649,4.256181246024179,4.711914845595358,5.988910849349682,7.2862109770973404,50
2,50,d0,logspline,0.2,5.047184846936515,5.333946052638194,0.971151759507835,4.215643626379189,4.65615823835927,5.910892489966284,7.172539585197589,50
2,50,d0,logspline,0.21,4.990192330827657,5.264954666076017,0.9459337583978046,4.174760328572315,4.5998751815965395,5.831999512242071,7.0576289567306905,50
2,50,d0,logspline,0.22,4.932641906965987,5.195265900851117,0.9204637185772312,4.133534292578829,4.543087963379762,5.752252086596858,6.941430704041262,50
2,50,d0,logspline,0.23,4.874541904665577,5.1249008499725415,0.8947649073026137,4.091968558496626,4.4858212133257265,5.671670563208087,6.823995185929558,50
2,50,d0,logspline,0.24,4.8159008264337375,5.053881523247496,0.8688612142953863,4.050066261268907,4.428101639287096,5.5902754022095245,6.705378185284191,50
2,50,d0,logspline,0.25,4.756727326500582,4.982231297950791,0.8427776844482018,4.007830671564312,4.3699578073338365,5.508087107832038,6.585643179125611,50
2,50,d0,logspline,0.26,4.69703018974943,4.909975675581283,0.8165413472853882,3.965265533725762,4.311419952720657,5.425126166719226,6.4648599270785265,50
2,50,d0,logspline,0.27,4.636818311135225,4.8371425875740215,0.7901814481603089,3.9223752694707814,4.252519813394299,5.341412990582042,6.343103149069654,50
2,50,d0,logspline,0.28,4.576100675669504,4.763762230772162,0.7637291180734255,3.879164914537277,4.192313108776366,5.252101652014665,6.22045142228319,50
2,50,d0,logspline,0.29000000000000004,4.514886346982017,4.689866911979798,0.7372169374461736,3.835640051790076,4.130605552494392,5.159956486548733,6.092615888592402,50
2,50,d0,logspline,0.3,4.453184960380947,4.615491492172014,0.7106792419905067,3.7918067555168236,4.068643078945523,5.067243165326557,5.962353720651192,50
2,50,d0,logspline,0.31,4.39100807406713,4.540673937177454,0.6841532581882063,3.7476715442910056,4.00646926040935,4.9741270377052,5.831420846019084,50
2,50,d0,logspline,0.32,4.328369373856258,4.465455221250473,0.6576788235251921,3.703241340452295,3.952413665918237,4.88132262102499,5.713345078881021,50
2,50,d0,logspline,0.33,4.263793312449838,4.389879596068729,0.6312980046213286,3.658523434742431,3.9010667278607114,4.788213929575306,5.596105067483142,50
2,50,d0,logspline,0.34,4.194497204978854,4.313995016512827,0.6050553701313158,3.613525454993095,3.8494885618007513,4.700251047645449,5.4781291755153205,50
2,50,d0,logspline,0.35000000000000003,4.124963688204943,4.237853934009695,0.5789990394205045,3.5676251343721015,3.7964030732831997,4.604700174455687,5.359475329569424,50
2,50,d0,logspline,0.36000000000000004,4.05523954575418,4.161513589947103,0.5531812126214554,3.5195731669206163,3.735078585213831,4.51570337401818,5.2403616487133275,50
2,50,d0,logspline,0.37,3.9853731397266965,4.085035735381738,0.5276579945610297,3.469125878332899,3.673755800585912,4.427092865934088,5.123705495770022,50
2,50,d0,logspline,0.38,3.9154141848605546,4.0084861516331225,0.5024885691137216,3.4185670869300226,3.610205821676113,4.338263338615902,5.00662704371299,50
2,50,d0,logspline,0.39,3.8457799879214543,3.9319341809776964,0.4777342250901647,3.367922322175457,3.5451360802250345,4.249288183992799,4.889234008813872,50
2,50,d0,logspline,0.4,3.779512853121969,3.855452314003575,0.45345794471897105,3.317222720137676,3.4941754645876015,4.160243869012712,4.753500965110561,50
2,50,d0,logspline,0.41,3.713331117746246,3.7791159054503076,0.4297244365781173,3.2665045183175625,3.445686776737123,4.071209428493096,4.617098105671879,50
2,50,d0,logspline,0.42,3.6396757262810517,3.703002635325788,0.4065995881903322,3.2158085685702313,3.3848076540155905,3.982266002428659,4.482828157054338,50
2,50,d0,logspline,0.43,3.5668311961870622,3.6271919506238843,0.3841497732084846,3.16517987951496,3.3177570586305816,3.8976797394575176,4.354299684434477,50
2,50,d0,logspline,0.44,3.4987780759969116,3.5517645345819995,0.3624411518000439,3.1146668242087125,3.2673534225035206,3.8134634760259396,4.227310721466175,50
2,50,d0,logspline,0.45,3.429926904301402,3.4768014069696616,0.34153922384050206,3.06431816584976,3.2113471400305738,3.7180599329025137,4.110675116120402,50
2,50,d0,logspline,0.46,3.355640452813227,3.4023821908304717,0.3215092542142105,3.014178984111229,3.1613391784888605,3.644098445105194,3.995637917486798,50
2,50,d0,logspline,0.47,3.2902470117181473,3.32858419731521,0.30241653114907896,2.964290066101258,3.0875150064257704,3.5541543097754156,3.882169645189981,50
2,50,d0,logspline,0.48,3.2221043313195676,3.2554814913023584,0.2843259814701371,2.914688270463973,3.0351048277111374,3.455788221594908,3.7704284210331362,50
2,50,d0,logspline,0.49,3.1547700765018822,3.1831445590664416,0.26730135787922216,2.86446197668933,2.9883344970993377,3.3594943309366574,3.6725273723409746,50
2,50,d0,logspline,0.5,3.0878177852866973,3.1116404642610918,0.25140377094323096,2.7923789822908156,2.941565567062752,3.2730683462512298,3.571367940816612,50
2,50,d0,logspline,0.51,3.021450811570369,3.0410327597302507,0.23668929625432736,2.7216283562870958,2.8948165368495387,3.18810733107183,3.4716982997637973,50
2,50,d0,logspline,0.52,2.9647089960694877,2.971380943847098,0.22320555132028624,2.663249970484709,2.8466645178363073,3.097627080870168,3.373685805892053,50
2,50,d0,logspline,0.53,2.8984419528867362,2.9027399657789545,0.2109872307244738,2.6073313454554716,2.7951290525130674,3.021309655682248,3.277487470844971,50
2,50,d0,logspline,0.54,2.8296498874056617,2.8351598060738668,0.20005100304513243,2.5518684359240718,2.726517734821877,2.9425163094810283,3.183233024957085,50
2,50,d0,logspline,0.55,2.760177306130097,2.7686850906256164,0.190391167524173,2.496900897057574,2.652788056780636,2.8776521316922725,3.0995411866996285,50
2,50,d0,logspline,0.56,2.698303355295751,2.7033541905073535,0.18197574237538916,2.4421596420165526,2.580352130643678,2.807366561155587,3.0310180764254233,50
2,50,d0,logspline,0.5700000000000001,2.6375573779673775,2.639199370250691,0.1747458211737254,2.3867590987701988,2.522284973496369,2.731097272014244,2.9632194488478896,50
2,50,d0,logspline,0.5800000000000001,2.5716168963916477,2.576246776299475,0.1686180579088541,2.3320383512293503,2.453582595290037,2.6705462967618945,2.881262652781678,50
2,50,d0,logspline,0.59,2.515572220897104,2.5145163364176333,0.1634898010157687,2.2780385127597507,2.389511555620763,2.614563545169268,2.8003417529208554,50
2,50,d0,logspline,0.6,2.457036683944686,2.4540223990696304,0.1592452275453662,2.2247997920476457,2.3314983838210663,2.5590951737664,2.7210627902558144,50
2,50,d0,logspline,0.61,2.3957452093759857,2.394773868527565,0.15576201881002916,2.1638395011499982,2.2748556376266493,2.5126370764475303,2.643459389489189,50
2,50,d0,logspline,0.62,2.331909500387467,2.3367748754236786,0.15291756039160542,2.099245650932374,2.22340596265698,2.454742866576684,2.5685293835479976,50
2,50,d0,logspline,0.63,2.2689863227895417,2.280025629162406,0.15059395349545626,2.0408769423424267,2.1673631698593,2.39677269195176,2.500020419910812,50
2,50,d0,logspline,0.64,2.212770535055483,2.2245231189894463,0.14868165072999234,1.9889932834767352,2.1115639415885905,2.3452480824089514,2.4452238008139293,50
2,50,d0,logspline,0.65,2.1569953910944357,2.17026166114417,0.1470817191326674,1.9377860106749965,2.061308855098105,2.2957723718254712,2.3920297861489628,50
2,50,d0,logspline,0.66,2.1062294730717683,2.1172331476852997,0.14570704662102835,1.8905933158941477,2.0155044928786223,2.2359339946904164,2.32722561656242,50
2,50,d0,logspline,0.67,2.0521964250910463,2.065427181558939,0.1444828708755118,1.8386334511947033,1.970339201291454,2.178002517048747,2.2661532947078338,50
2,50,d0,logspline,0.68,2.0003007939117885,2.014831183839462,0.1433465109695052,1.7875596748042173,1.9237147922317688,2.1220987951987116,2.2152504845701935,50
2,50,d0,logspline,0.6900000000000001,1.951762320037578,1.9654303717322303,0.14224668360450757,1.7381543900348273,1.873844760984186,2.0728054601465566,2.1705568868345675,50
2,50,d0,logspline,0.7000000000000001,1.9001004759497164,1.9172080914791694,0.14114236231578856,1.6904099847408702,1.8260766582036376,2.0290403387196787,2.126738520647944,50
2,50,d0,logspline,0.7100000000000001,1.8498682924352843,1.8701466267087667,0.14000079539972005,1.644310335940854,1.7834136815954698,1.9857588930517474,2.0834700914519577,50
2,50,d0,logspline,0.72,1.8064126720821396,1.8242276767889858,0.13879612696291604,1.5998321347737428,1.7406970153887986,1.937604398397817,2.040701655036783,50
2,50,d0,logspline,0.73,1.762684790392012,1.779432451661604,0.1375086675321596,1.5569460430374833,1.694660616813159,1.8845861611353456,1.99844068314813,50
2,50,d0,logspline,0.74,1.7170590620868835,1.7357417499376988,0.13612418895699216,1.5185930647992734,1.647132036306211,1.8347353331347558,1.9566941915663827,50
2,50,d0,logspline,0.75,1.671771446478929,1.6931360345810818,0.13463323366960517,1.4831919294235947,1.6049236983458122,1.785037630732145,1.9154687688559928,50
2,50,d0,logspline,0.76,1.629672706155981,1.651595503267247,0.13303045543868428,1.4445010639779965,1.5645498689024737,1.7387231273200165,1.8747706020445933,50
2,50,d0,logspline,0.77,1.5894250677943635,1.6111001518230819,0.13131400333088947,1.4052923986438166,1.5222277278608156,1.6904797064462451,1.834605499541229,50
2,50,d0,logspline,0.78,1.5493611950650856,1.5716298301035811,0.12948495571487256,1.3679893108734011,1.4828691034556947,1.6432836184712705,1.7949789115704886,50
2,50,d0,logspline,0.79,1.508261772360354,1.5331643227285294,0.12754676862004263,1.3353063054879417,1.4439582397085973,1.5980060222049612,1.7558959483698398,50
2,50,d0,logspline,0.8,1.472961705197847,1.4956835916616065,0.12550457872230208,1.3036471242888439,1.404352924342022,1.5583124941979967,1.717361396371008,50
2,50,d0,logspline,0.81,1.4369463240146445,1.4591679425856479,0.12336466498025783,1.2730978440618033,1.3680827491770065,1.5220044029867459,1.679379732562451,50
2,50,d0,logspline,0.8200000000000001,1.404085305546062,1.4235980102084926,0.12113418887961624,1.2436950619141889,1.3342097806763054,1.4880921573770767,1.6390856832911918,50
2,50,d0,logspline,0.8300000000000001,1.3711941466271902,1.3889547298719427,0.1188209894191511,1.2153768315585343,1.3014535716811664,1.4547597667221748,1.5983257312114805,50
2,50,d0,logspline,0.8400000000000001,1.337602689159957,1.3552193134154928,0.11643340450143133,1.188083707473721,1.2697755041116798,1.4220042691312227,1.5583662523772648,50
2,50,d0,logspline,0.85,1.3050237712522947,1.3223732279881026,0.11398011683014946,1.1617585742183907,1.2388324519007126,1.389822426207083,1.519831295372362,50
2,50,d0,logspline,0.86,1.273446636501569,1.2903981733805494,0.11147002372993482,1.136346491458335,1.2077654581660136,1.358210744016842,1.4850082469714514,50
2,50,d0,logspline,0.87,1.2421721449380416,1.2592759462825605,0.1089121599572417,1.1117945507279565,1.177091104803145,1.3274426582994723,1.451540065958179,50
2,50,d0,logspline,0.88,1.2123495980721959,1.2289879782959479,0.10631586438077141,1.088051740758597,1.1462211069524753,1.2978712324887658,1.418711255438382,50
2,50,d0,logspline,0.89,1.1818015133932578,1.19951497364623,0.10369107803678762,1.065068819357942,1.11816099044015,1.2688414634916931,1.3865148613418867,50
2,50,d0,logspline,0.9,1.1501722291222785,1.170837009115712,0.10104833564744164,1.042798481556531,1.0894657188407302,1.2375751308093408,1.3549437732881398,50
2,50,d0,logspline,0.91,1.1195433640515366,1.1429337722716277,0.09839855529895644,1.0211967498332517,1.0624175527005848,1.2066090231287079,1.323990740115649,50
2,50,d0,logspline,0.92,1.092685599691758,1.1157848985602319,0.09575252360867349,1.0002234777792784,1.0371665298809374,1.1773357377035898,1.2936483842549915,50
2,50,d0,logspline,0.93,1.0677708558287504,1.0893699639512717,0.09312046272324613,0.9779929388311726,1.013687611554853,1.148638185712512,1.2639092150510711,50
2,50,d0,logspline,0.94,1.04123490252528,1.063668481202758,0.09051189664052621,0.9552585001353366,0.9882213085140795,1.120510745255905,1.2347656411295773,50
2,50,d0,logspline,0.95,1.0171880509990086,1.0386601657911436,0.08793556892529102,0.9328644510186292,0.9659288355787146,1.0929476666533318,1.2062099818929855,50
2,50,d0,logspline,0.96,0.9938386313094922,1.0143251062133267,0.08539943840812601,0.9106595580680255,0.9459940211138559,1.0659430832752992,1.1776930385831101,50
2,50,d0,logspline,0.97,0.9711514388889035,0.990643648293101,0.08291064691166751,0.8890328358920938,0.9255965838204965,1.0394910216528346,1.1493206975132604,50
2,50,d0,logspline,0.98,0.9490940227377718,0.9675963002998371,0.08047549625437206,0.8689800525928858,0.9030047035791705,1.013821336700478,1.1215297579716066,50
2,50,d0,logspline,0.99,0.927636407899127,0.9451637031548313,0.0780994596217681,0.8497674343838482,0.8816832335280599,0.9906827024783539,1.0943015270858931,50
2,50,d0,logspline,1,0.9075985325699338,0.923326720067135,0.07578722495315551,0.8304541711848521,0.8614764970925396,0.9685656391411555,1.0676334965347332,50
2,50,d1,ecdf,0.01,Inf,Inf,NA,Inf,Inf,Inf,Inf,0
2,50,d1,ecdf,0.02,Inf,Inf,NA,Inf,Inf,Inf,Inf,0
2,50,d1,ecdf,0.03,Inf,Inf,NA,Inf,Inf,Inf,Inf,0
2,50,d1,ecdf,0.04,Inf,Inf,NA,Inf,Inf,Inf,Inf,0
2,50,d1,ecdf,0.05,Inf,Inf,NA,Inf,Inf,Inf,Inf,0
2,50,d1,ecdf,0.06,Inf,Inf,NA,Inf,Inf,Inf,Inf,0
2,50,d1,ecdf,0.06999999999999999,Inf,Inf,NA,Inf,Inf,Inf,Inf,0
2,50,d1,ecdf,0.08,Inf,Inf,NA,Inf,Inf,Inf,Inf,0
2,50,d1,ecdf,0.09,Inf,Inf,NA,Inf,Inf,Inf,Inf,0
2,50,d1,ecdf,0.1,Inf,Inf,NA,Inf,Inf,Inf,Inf,0
2,50,d1,ecdf,0.11,Inf,Inf,NA,Inf,Inf,Inf,Inf,0
2,50,d1,ecdf,0.12,Inf,Inf,NA,Inf,Inf,Inf,Inf,0
2,50,d1,ecdf,0.13,Inf,Inf,NA,Inf,Inf,Inf,Inf,0
2,50,d1,ecdf,0.14,Inf,Inf,NA,Inf,Inf,Inf,Inf,0
2,50,d1,ecdf,0.15000000000000002,Inf,Inf,NA,Inf,Inf,Inf,Inf,0
2,50,d1,ecdf,0.16,Inf,Inf,NA,Inf,Inf,Inf,Inf,1
2,50,d1,ecdf,0.17,Inf,Inf,NA,Inf,Inf,Inf,Inf,3
2,50,d1,ecdf,0.18000000000000002,Inf,Inf,NA,2.9612721238679525,Inf,Inf,Inf,4
2,50,d1,ecdf,0.19,Inf,Inf,NA,3.0688911263629075,Inf,Inf,Inf,4
2,50,d1,ecdf,0.2,Inf,Inf,NA,3.1709346190020087,Inf,Inf,Inf,5
2,50,d1,ecdf,0.21,Inf,Inf,NA,3.267944227411764,Inf,Inf,Inf,6
2,50,d1,ecdf,0.22,Inf,Inf,NA,3.3603859488732346,Inf,Inf,Inf,7
2,50,d1,ecdf,0.23,Inf,Inf,NA,3.4486636098520007,Inf,Inf,Inf,8
2,50,d1,ecdf,0.24,Inf,Inf,NA,3.5331294573012837,Inf,Inf,Inf,9
2,50,d1,ecdf,0.25,Inf,Inf,NA,3.2328616371474155,Inf,Inf,Inf,9
2,50,d1,ecdf,0.26,Inf,Inf,NA,2.998678534136233,Inf,Inf,Inf,12
2,50,d1,ecdf,0.27,Inf,Inf,NA,3.073423495760004,Inf,Inf,Inf,13
2,50,d1,ecdf,0.28,Inf,Inf,NA,3.145395736964125,3.8385429175240704,Inf,Inf,17
2,50,d1,ecdf,0.29000000000000004,Inf,Inf,NA,2.991782212244044,3.907935202263479,Inf,Inf,18
2,50,d1,ecdf,0.3,Inf,Inf,NA,2.8763084009303093,3.974920689598419,Inf,Inf,20
2,50,d1,ecdf,0.31,Inf,Inf,NA,2.9410432175927954,4.039655506260905,Inf,Inf,21
2,50,d1,ecdf,0.32,4.102280910651471,Inf,NA,3.0036686219833615,4.102280910651471,Inf,Inf,26
2,50,d1,ecdf,0.33,4.162925123740507,Inf,NA,3.064312835072397,4.162925123740507,Inf,Inf,27
2,50,d1,ecdf,0.34,4.221704886567242,Inf,NA,2.835410525447351,3.7018445011472827,Inf,Inf,30
2,50,d1,ecdf,0.35000000000000003,4.278726791910187,Inf,NA,2.669288879476087,3.585579611350242,Inf,Inf,33
2,50,d1,ecdf,0.36000000000000004,4.33408842831658,Inf,NA,2.7246505158824794,3.6409412477566345,Inf,Inf,35
2,50,d1,ecdf,0.37,4.3878793673506475,Inf,NA,2.778441454916547,3.694732186790702,Inf,Inf,35
2,50,d1,ecdf,0.38,4.0936084288770385,Inf,NA,2.83074410672291,3.442936007515942,Inf,Inf,35
2,50,d1,ecdf,0.39,3.7979251963103287,Inf,NA,2.6993129076422187,3.392460088202164,4.491072376870274,Inf,41
2,50,d1,ecdf,0.4,3.8474734862018183,Inf,NA,2.7488611975337087,3.442008378093654,4.540620666761764,Inf,44
2,50,d1,ecdf,0.41,3.693012183479598,Inf,NA,2.6429817690383124,3.2025975569737355,4.588891918093626,Inf,45
2,50,d1,ecdf,0.42,3.537334175624958,Inf,NA,2.556504922613232,3.2496521031731773,3.9427992837331223,Inf,46
2,50,d1,ecdf,0.43,3.5832280964779804,Inf,NA,2.6023988434662546,3.2955460240261996,3.988693204586145,Inf,47
2,50,d1,ecdf,0.44,3.340331537028724,3.456729939001783,0.630102122517266,2.5294013208123953,2.980446818119048,3.932112440561628,4.7266258981486144,50
2,50,d1,ecdf,0.45,3.384057344752444,3.368325303262463,0.6401608140758587,2.4677666128782887,2.9785922366442796,3.6717394172042246,4.770351705872335,50
2,50,d1,ecdf,0.46,3.2036253927131826,3.2921779259773696,0.625293185319213,2.4151680323489124,2.8671531560919696,3.4267689440273923,4.501147073895305,50
2,50,d1,ecdf,0.47,3.0630437937613286,3.154892968691944,0.5366746531195684,2.4090517328467165,2.90889311393407,3.245365350555283,3.979196783780763,50
2,50,d1,ecdf,0.48,3.103851994246712,3.0553293024763315,0.5012252839666645,2.33066210601323,2.698386886138547,3.286173551040666,3.796999174806657,50
2,50,d1,ecdf,0.49,2.856083787476153,2.9414742566815058,0.4688653895735581,2.329816587009905,2.632940236161943,3.143765859927934,3.549230968036098,50
2,50,d1,ecdf,0.5,2.777355442770535,2.8281103277604354,0.44700969747456154,2.2620804245480084,2.576684747308384,2.9952870228953103,3.365142107672654,50
2,50,d1,ecdf,0.51,2.71022352025972,2.743841120187305,0.4475526711420437,2.235918683526852,2.5279019634657653,2.9039213126598336,3.321326000262385,50
2,50,d1,ecdf,0.52,2.565335614504864,2.6506840957155053,0.38175700896309844,2.1855917926246766,2.429711927716036,2.7476571712988185,3.2584827950648094,50
2,50,d1,ecdf,0.53,2.5219609967187284,2.580545213635499,0.3839208182413986,2.114260063100672,2.378860153078055,2.6890150813818945,3.080911078443916,50
2,50,d1,ecdf,0.54,2.4492868565703985,2.4809490834063928,0.3408594035164843,2.07831818420571,2.289627277872917,2.5578912644675964,2.990396714203924,50
2,50,d1,ecdf,0.55,2.385470562979689,2.4068524472772483,0.2595267029581444,2.0225650692903203,2.2676875273233055,2.519001955604211,2.855474192225424,50
2,50,d1,ecdf,0.56,2.359377806082829,2.3628384124042325,0.24968891264483511,1.9737153252708448,2.209682200181942,2.4845409490368353,2.8079613565877195,50
2,50,d1,ecdf,0.5700000000000001,2.3090543426784977,2.2905850343109515,0.2439981397617014,1.9106206409114899,2.135417257851484,2.43871483351591,2.6615103537482634,50
2,50,d1,ecdf,0.5800000000000001,2.2395598870748863,2.223812057875287,0.24450227883155304,1.8584898610514375,2.040811417845392,2.3693154848174287,2.6206299130983344,50
2,50,d1,ecdf,0.59,2.15680066628066,2.168924277851238,0.24666005594494,1.7957873207433293,1.9964580162054808,2.3350325794464815,2.5842446811075996,50
2,50,d1,ecdf,0.6,2.0662061690108597,2.10670089699422,0.24509359263725983,1.7257143327727684,1.9570068770458675,2.268150265400195,2.5517139847925603,50
2,50,d1,ecdf,0.61,1.9884339744758175,2.0394581170484143,0.23512885428794034,1.6921681583326451,1.89793107624121,2.209595684928443,2.465358046566127,50
2,50,d1,ecdf,0.62,1.9367327825510725,1.9737260995214125,0.22711090744538376,1.6359829443345337,1.8384931589224083,2.054389826018305,2.390862062639518,50
2,50,d1,ecdf,0.63,1.9054795545975884,1.916755506593333,0.2180649941378149,1.6082754943066897,1.7533519515092628,2.049617767652435,2.281419381709759,50
2,50,d1,ecdf,0.64,1.8631851341090289,1.8687410184192443,0.20667824438600796,1.584977095796272,1.7331320058608308,2.004779693501347,2.1716243869513754,50
2,50,d1,ecdf,0.65,1.7871020293762676,1.813589543321485,0.21297908591914214,1.505689569938082,1.6584530276438174,1.9496209588740423,2.1479880836939094,50
2,50,d1,ecdf,0.66,1.755325971243777,1.7584753077748605,0.19886199163714022,1.4696743800924223,1.597788509633476,1.8871758638174772,2.1074538897213655,50
2,50,d1,ecdf,0.67,1.7044150764676478,1.7050013828519248,0.19273221199172239,1.4118773204414545,1.57238112961157,1.8380038656952133,2.070935107829996,50
2,50,d1,ecdf,0.68,1.6389577729572593,1.6509162753477806,0.18853811835172,1.346778880593111,1.517830824198945,1.7542196022631755,1.9685268863374437,50
2,50,d1,ecdf,0.6900000000000001,1.60861282492455,1.6005611324709814,0.16859407925846623,1.331954013687813,1.4773769408094368,1.6964305068721215,1.8270506892891856,50
2,50,d1,ecdf,0.7000000000000001,1.554732150215456,1.5522942378430864,0.16551108378215004,1.3098499498001286,1.4407878908662384,1.6448832472097534,1.808512670991556,50
2,50,d1,ecdf,0.7100000000000001,1.506532623900628,1.5095093766118903,0.15653974382447663,1.2779518887517622,1.3931719375695812,1.616315488883791,1.7727668645286259,50
2,50,d1,ecdf,0.72,1.448230677541218,1.4645711937722612,0.1506183866896121,1.2523682060444046,1.3636732895131554,1.5859991592325102,1.7359127499929992,50
2,50,d1,ecdf,0.73,1.3961375525396496,1.420666024072745,0.1462768380799702,1.20984824984806,1.3113731850420485,1.488707200324964,1.6779583070072537,50
2,50,d1,ecdf,0.74,1.3879287541855057,1.3863695218144945,0.1415638652346472,1.1753673122018329,1.2760108379815205,1.4559822174305217,1.624317532249736,50
2,50,d1,ecdf,0.75,1.3490862343442245,1.3501547113091281,0.1337868211722524,1.1383652030285716,1.2465190438359293,1.4394702958124932,1.5691481191210257,50
2,50,d1,ecdf,0.76,1.3021213672892316,1.3037916145448247,0.13298068806656707,1.1079977223761492,1.2247347036738114,1.3954369379250786,1.5195342438944563,50
2,50,d1,ecdf,0.77,1.2435679523960097,1.268308864711641,0.13450531175539718,1.0631525281409442,1.1696440501577636,1.3583783760762174,1.448348367477598,50
2,50,d1,ecdf,0.78,1.2258736799107717,1.2276847242558029,0.12581632197032436,1.047577428019765,1.1454359449389062,1.3106129473033938,1.4104920357350421,50
2,50,d1,ecdf,0.79,1.1853685052470213,1.1970301269554011,0.12352134992678553,1.0182733399706914,1.12082998410945,1.2854519638040036,1.3797791890705526,50
2,50,d1,ecdf,0.8,1.1664825796591338,1.1643634528762736,0.11639737208215169,0.9906476732042683,1.0769970233054968,1.2349848466493016,1.3515371971530636,50
2,50,d1,ecdf,0.81,1.1272468998756828,1.1307775711557515,0.11288412648260579,0.9684447550410511,1.0588232684497583,1.1984104510364744,1.3058025592491251,50
2,50,d1,ecdf,0.8200000000000001,1.1117428687664697,1.099772972447884,0.11372713589488906,0.93772011478721,1.0266326416231448,1.153943223256846,1.287979364122596,50
2,50,d1,ecdf,0.8300000000000001,1.0775872978053638,1.069107783850066,0.10692611501664358,0.908707348692813,1.0041820664000463,1.1255965169917244,1.2120514325826437,50
2,50,d1,ecdf,0.8400000000000001,1.0498313544759386,1.0412972324330594,0.09946799427125712,0.8916507630990385,0.9763850119611779,1.0993583797509918,1.1901059575525594,50
2,50,d1,ecdf,0.85,1.0065246819032663,1.0092879456612371,0.09333837470042769,0.8690727728620783,0.9440550755653245,1.0675788683827907,1.165159112300341,50
2,50,d1,ecdf,0.86,0.9734391386503477,0.9813624719652115,0.09266907262718253,0.8517880585609313,0.9126149524964852,1.04525942710278,1.1272836996415103,50
2,50,d1,ecdf,0.87,0.9554717535844999,0.9525967855274575,0.09237332778260036,0.8034588208737747,0.902904384415594,1.009273619788979,1.0956678272965665,50
2,50,d1,ecdf,0.88,0.9356120833090446,0.9237883829010604,0.08744250264685997,0.7846000239620788,0.8721252058869753,0.979232705784935,1.0656652115572425,50
2,50,d1,ecdf,0.89,0.9053913865670167,0.8971904932849075,0.08214386247745406,0.7680266036447716,0.8572873909568068,0.9437966338660896,1.0319039013763562,50
2,50,d1,ecdf,0.9,0.8800888551901054,0.87544464032302,0.08048150199056997,0.7395521637612319,0.8248547071930294,0.9167604970535942,1.0019701772487186,50
2,50,d1,ecdf,0.91,0.8538313178393707,0.8503263147781281,0.07964504290221514,0.7122960697477658,0.8010393758034884,0.8970813016331872,0.9755306275875313,50
2,50,d1,ecdf,0.92,0.8268105188000016,0.8251217600893574,0.07843878345644575,0.6921142902072368,0.7823587562291678,0.8799900688134753,0.9508793371593776,50
2,50,d1,ecdf,0.93,0.7991903525967878,0.8016044157387349,0.07918407982155352,0.6809248715288303,0.7544214355396718,0.8587681879728241,0.9145181192242486,50
2,50,d1,ecdf,0.94,0.782669199672855,0.7809817817909384,0.07737280078660976,0.6685102943098626,0.7349944653825434,0.8339647376327533,0.8934741881780394,50
2,50,d1,ecdf,0.95,0.7604018301414514,0.7616949789029767,0.07779303509337977,0.6418566220982853,0.7050448248887404,0.8190077132214383,0.8742430197714364,50
2,50,d1,ecdf,0.96,0.7481279043885156,0.7428456019329756,0.07793738720402871,0.6273835100769138,0.681157278282332,0.7969180685579476,0.8658561613265738,50
2,50,d1,ecdf,0.97,0.7198674168860929,0.7216435354332384,0.07615751297167477,0.6154111693135609,0.6705002122961038,0.7750831394885396,0.8458955793157241,50
2,50,d1,ecdf,0.98,0.7033741136864793,0.7048446918322603,0.07374701741638963,0.596235159217575,0.6518307067793162,0.7608895199964183,0.8336683751014302,50
2,50,d1,ecdf,0.99,0.672473720956351,0.685442907391366,0.073549134157619,0.5782010650216834,0.6314996467460454,0.7392962172017528,0.8098734262695046,50
2,50,d1,ecdf,1,0.6674882075413935,0.6666154481335855,0.07297335943982072,0.5547626139917639,0.616752689499995,0.7219298656555254,0.7796895592343427,50
2,50,d1,logspline,0.01,1.772647916270603,2.126207490555906,1.7858619639864561,0.2832567062846986,0.9454988027123895,2.9223835208132303,4.863193566477005,50
2,50,d1,logspline,0.02,2.4215788286260134,2.767276402199973,1.7657887012310154,0.9410709544542002,1.5998691719732885,3.555942663601583,5.478048189292785,50
2,50,d1,logspline,0.03,2.7821768407717453,3.1196703887143244,1.744787906423068,1.3107739675764027,1.966048431144881,3.9006780725969223,5.803290928089886,50
2,50,d1,logspline,0.04,3.0206126071013393,3.353294136645072,1.7228777156988846,1.5622652716843586,2.2139363150486484,4.126492508603095,6.008832006868254,50
2,50,d1,logspline,0.05,3.19344421301665,3.5213998836055684,1.70008217401142,1.7487900646583352,2.3967783127731894,4.2866356666585155,6.14793142261168,50
2,50,d1,logspline,0.06,3.324699437161043,3.6477137822459804,1.6764304887572032,1.8940657490392918,2.5382921994019267,4.404830677874304,6.244325305589184,50
2,50,d1,logspline,0.06999999999999999,3.4270329224951714,3.744898280631811,1.651956172679791,2.0107445088725084,2.651130611474432,4.493736647216902,6.310688282028478,50
2,50,d1,logspline,0.08,3.5080003901209214,3.820517788756255,1.626696134381514,2.106379188565243,2.74284692417533,4.560558400481672,6.354599102399051,50
2,50,d1,logspline,0.09,3.5724774905886054,3.8794573268842556,1.6006897710652286,2.1858421583201872,2.81831411482459,4.603319794673913,6.380959225806065,50
2,50,d1,logspline,0.1,3.6237953510270735,3.9250578763574704,1.5739781096429097,2.252460877176947,2.880860323715288,4.632365189494429,6.39312807791424,50
2,50,d1,logspline,0.11,3.6660749916199986,3.9597076165385006,1.546603031045836,2.30860932984942,2.9328602885023516,4.650268529532663,6.393514165183679,50
2,50,d1,logspline,0.12,3.700299355645594,3.985174740198024,1.5186066004057646,2.3560410244784276,2.9760683392786778,4.665763377226463,6.383907739106375,50
2,50,d1,logspline,0.13,3.7268930833320786,4.002806538918287,1.4900305143543664,2.396088239888738,3.0118176429461947,4.673224454562398,6.365679705367652,50
2,50,d1,logspline,0.14,3.746896255587833,4.013654458056665,1.4609156670910657,2.4297872207951334,3.041145395346034,4.673702622125756,6.339906482297986,50
2,50,d1,logspline,0.15000000000000002,3.7611350407383144,4.018555873576365,1.431301829632541,2.45796007362869,3.0648747138394192,4.668035294242072,6.307451566648449,50
2,50,d1,logspline,0.16,3.7702770872638105,4.018189402114676,1.4012274318519062,2.481270175733407,3.083670043110522,4.656901759880734,6.2690206241380775,50
2,50,d1,logspline,0.17,3.7748700866636598,4.013113401661484,1.3707294316205532,2.5002607581604535,3.0980757314270364,4.6408616749551435,6.219199730220173,50
2,50,d1,logspline,0.18000000000000002,3.7772826571132825,4.003793475576188,1.3398432506032778,2.5153826040070344,3.1075561343166695,4.620382758529885,6.158311760386745,50
2,50,d1,logspline,0.19,3.7761587462222095,3.990622611549618,1.3086027979772292,2.52701451786786,3.112872849803082,4.595068089007023,6.092789932256367,50
2,50,d1,logspline,0.2,3.7716803748421315,3.9739361036876444,1.2770405260579278,2.536134786506987,3.1149294385722714,4.563581597625112,6.023012323714961,50
2,50,d1,logspline,0.21,3.764125849696865,3.9540227837694895,1.2451875030223065,2.543368537229129,3.114001873381718,4.528645368750542,5.949309379968062,50
2,50,d1,logspline,0.22,3.753735873668759,3.9311336301557795,1.2130735222508084,2.5479645136036653,3.1088810483772913,4.493275393884022,5.874914630178861,50
2,50,d1,logspline,0.23,3.740720254198457,3.9054884601330087,1.1807272441450676,2.5501289494389234,3.098969532311548,4.457837360383227,5.79913858852302,50
2,50,d1,logspline,0.24,3.7252631787271353,3.877281210350752,1.148176352218946,2.55004280292954,3.0866552451541573,4.420112650015918,5.720259822896663,50
2,50,d1,logspline,0.25,3.7075274086347623,3.8466842770762972,1.115447907828621,2.547865911482523,3.072099780533373,4.3798532337831055,5.638484966560034,50
2,50,d1,logspline,0.26,3.684389683134189,3.8138523284341734,1.0825692049009852,2.54374033112716,3.060366997059963,4.337215063603059,5.548087334311435,50
2,50,d1,logspline,0.27,3.6538426489513127,3.7789251573500326,1.0495680401099092,2.5377930448453214,3.0477627574017165,4.292338593864449,5.446321346783063,50
2,50,d1,logspline,0.28,3.621326173107459,3.7420299771558905,1.0164726280453986,2.5301381772964797,3.033368530081643,4.245350978539724,5.342156037835926,50
2,50,d1,logspline,0.29000000000000004,3.5898151278311268,3.7032833073538307,0.9833115210087199,2.5208788196915375,3.016778429704223,4.196367877873329,5.235790995684244,50
2,50,d1,logspline,0.3,3.5594432730860683,3.662792494543175,0.9501135910925101,2.510108543985194,2.9974682249033338,4.145494962757158,5.127421748763614,50
2,50,d1,logspline,0.31,3.527442409990542,3.62065694901439,0.9169081430614835,2.4979126674143695,2.9766434827892443,4.092830294839189,5.01723953161302,50
2,50,d1,logspline,0.32,3.493894586392479,3.5769692725675717,0.8837251640658461,2.4843693425817728,2.9543892865619568,4.038469495998368,4.905431097367176,50
2,50,d1,logspline,0.33,3.458877010281187,3.531816271755253,0.8505956015952296,2.4695511183353878,2.9286928980166587,3.9825077220175333,4.792178573000585,50
2,50,d1,logspline,0.34,3.4224626468212587,3.4852800510349313,0.8175516888720337,2.453526754032461,2.9002775478178835,3.925039680051245,4.698405843222551,50
2,50,d1,logspline,0.35000000000000003,3.3847207099935286,3.4374392379522214,0.7846277063978608,2.4363618913472385,2.8706452840280985,3.867091877849114,4.609591298776693,50
2,50,d1,logspline,0.36000000000000004,3.345717081688288,3.388370024554398,0.75186092007049,2.4181194406706865,2.8398715348072114,3.8130648624480714,4.5192622653505605,50
2,50,d1,logspline,0.37,3.30365977090355,3.3381466909365085,0.7192922237293395,2.398859911515648,2.814587631766138,3.7577744407108313,4.427489543034876,50
2,50,d1,logspline,0.38,3.257296942164163,3.2868419751937314,0.6869669916398847,2.378641695026122,2.7885022696206425,3.701301101014388,4.3343392603793065,50
2,50,d1,logspline,0.39,3.209776427101402,3.2345272393189295,0.6549360889870829,2.3575213051691915,2.761413583589215,3.6413733742459975,4.239873464598642,50
2,50,d1,logspline,0.4,3.161146646507949,3.1812733011775545,0.6232578667999917,2.335553584215196,2.733370615859047,3.5717360515152645,4.14415964874265,50
2,50,d1,logspline,0.41,3.1035761287996584,3.1271523203724625,0.5920014514828825,2.312791877302865,2.704421014317897,3.4988559290870107,4.047292133789824,50
2,50,d1,logspline,0.42,3.0381782090649594,3.072238330866901,0.5612488067952823,2.289288180210287,2.67461117510043,3.4199179905535297,3.949393664170544,50
2,50,d1,logspline,0.43,2.9723198611564863,3.0166070339747306,0.5310968977867632,2.265093263884871,2.6439863656372213,3.3401625637685495,3.8524953911166455,50
2,50,d1,logspline,0.44,2.9194894432195095,2.960336584491168,0.5016635740874041,2.240256778805756,2.6125908306920302,3.2551233137656643,3.7570432004016032,50
2,50,d1,logspline,0.45,2.8710031823848245,2.903516232448652,0.47311531857881883,2.21482734184435,2.580467883550509,3.1896638001850377,3.6610071973531486,50
2,50,d1,logspline,0.46,2.8218592748765636,2.846251959379784,0.4456740454938779,2.188852607939899,2.5476599842468874,3.1191962058491676,3.564581968671579,50
2,50,d1,logspline,0.47,2.772136863577173,2.7886625948289496,0.4195881308285721,2.1623793286068413,2.514208806476949,3.0469806335439653,3.479974415886577,50
2,50,d1,logspline,0.48,2.721917153672303,2.7308756548029947,0.39510068735043985,2.1354533990309412,2.4775619455847404,2.977225405292816,3.4043057949418385,50
2,50,d1,logspline,0.49,2.652655254489166,2.6730237518576057,0.37241852844459666,2.1081198952783926,2.435335168233647,2.9074410131520096,3.2745372451343635,50
2,50,d1,logspline,0.5,2.571324323672661,2.6152414333564797,0.3516836481689977,2.079830970953524,2.3925765801019105,2.8437689665347348,3.133671377914107,50
2,50,d1,logspline,0.51,2.514267509937686,2.557662404621095,0.33295025115769356,2.0510587435508745,2.348056295256322,2.7921023988050724,3.0386199141541006,50
2,50,d1,logspline,0.52,2.464451513054195,2.500417149288875,0.3161710377143854,2.0220296734578542,2.295700725450795,2.701310839632581,2.9719963796183357,50
2,50,d1,logspline,0.53,2.415365940643946,2.4436293923148105,0.30119608686006283,1.9927829386357958,2.249153445970288,2.6336321307650534,2.906232261192476,50
2,50,d1,logspline,0.54,2.3507616151693584,2.387401128961627,0.2877919633631752,1.9633551341741928,2.196084005696961,2.566200359436797,2.8456929479374242,50
2,50,d1,logspline,0.55,2.2966537920860235,2.3318051232952617,0.2756945059838656,1.9337598700913579,2.1219179742424688,2.4990046866517823,2.7849909368223598,50
2,50,d1,logspline,0.56,2.2428952312481036,2.276892322668019,0.26465655504807956,1.9023885699694136,2.0645447614710313,2.4323893330285644,2.7241761127724593,50
2,50,d1,logspline,0.5700000000000001,2.1936323705263368,2.22269719817028,0.25447061397165627,1.870576954536266,2.0242775118470355,2.368705443798015,2.6632973108034514,50
2,50,d1,logspline,0.5800000000000001,2.1500353666941114,2.16924197588124,0.24497636568355574,1.8376902104210324,1.989829730825831,2.318398189907473,2.6024023132973753,50
2,50,d1,logspline,0.59,2.1046029688337606,2.1165404537032204,0.23605957274737382,1.7879369150676463,1.950924323828789,2.2578053599502437,2.5415378466430436,50
2,50,d1,logspline,0.6,2.049978271433889,2.0646010322264825,0.22764571356297314,1.7476088719094416,1.9160097752520384,2.2022128962533305,2.4807495770970576,50
2,50,d1,logspline,0.61,2.0059812465038096,2.0134322858492193,0.21968510052104706,1.6927877185021942,1.8738466893143642,2.1486691042242976,2.4200821057112085,50
2,50,d1,logspline,0.62,1.9613354812208406,1.963045939269045,0.21213903152472532,1.64530102429105,1.826544701021945,2.083359103349805,2.3559003310089945,50
2,50,d1,logspline,0.63,1.9209249673110795,1.9134554598076638,0.2049752162734846,1.6002352958998505,1.77843293524168,2.0213584113458536,2.286910176694918,50
2,50,d1,logspline,0.64,1.8761978292696988,1.8646746126535152,0.19816564437441206,1.5557885628160724,1.73261034665504,1.960715305656203,2.219067599045534,50
2,50,d1,logspline,0.65,1.831288411023002,1.8167166195659856,0.19168546438776476,1.5121920978962846,1.6929870565945802,1.9027236807738057,2.1524346980402664,50
2,50,d1,logspline,0.66,1.7826049658158198,1.7695938073253126,0.1855123424192255,1.4694799651804513,1.6565616097807159,1.8566486005235214,2.0944782195568346,50
2,50,d1,logspline,0.67,1.7341789039556113,1.7233174251054735,0.179626006135779,1.427057228420568,1.619905648809149,1.8141489303325804,2.039291606433867,50
2,50,d1,logspline,0.68,1.6832299587706285,1.6778975551956268,0.17400785843784047,1.3881249259248376,1.580697949508321,1.7625623464799105,1.9860019866461467,50
2,50,d1,logspline,0.6900000000000001,1.6319761638373707,1.6333426502014736,0.16864084299479315,1.3506642283991135,1.534161525388961,1.713570850054645,1.9336668405701354,50
2,50,d1,logspline,0.7000000000000001,1.5852331697287219,1.5896590762113643,0.16350931225954857,1.3130274949229703,1.4899882755818445,1.6717948983653266,1.8720886339413578,50
2,50,d1,logspline,0.7100000000000001,1.540970048602658,1.546851116348412,0.15859887647358412,1.2760499647456047,1.4468292421111337,1.6300246273114074,1.8064998456893127,50
2,50,d1,logspline,0.72,1.5024628595777219,1.504921715369997,0.15389777234734248,1.2407829173161078,1.4046809085780505,1.5844666509049312,1.7439967539204835,50
2,50,d1,logspline,0.73,1.4619559677991962,1.46387288370019,0.1493973288088417,1.2070878992232266,1.3648864411587946,1.5386673520567182,1.6921985726755757,50
2,50,d1,logspline,0.74,1.4279278132877764,1.4237060423428738,0.14509134187764727,1.1748313029508486,1.3326225926589275,1.5013531871592483,1.6416891847761148,50
2,50,d1,logspline,0.75,1.3932117472263537,1.3844226153146597,0.14097459886579713,1.1438930659266713,1.3023162415295644,1.4660335335424615,1.5927676777435575,50
2,50,d1,logspline,0.76,1.3583981773083256,1.3460237725967137,0.1370419791530555,1.1141674883729555,1.2687872074324262,1.4313013425046264,1.5467072339235464,50
2,50,d1,logspline,0.77,1.3199728272516578,1.3085101456471042,0.13328780423784825,1.085561142003605,1.2318894506845774,1.396895229602765,1.5040840384285006,50
2,50,d1,logspline,0.78,1.2835823408084681,1.2718813384721435,0.12970464596824663,1.0579911113714962,1.195793131388834,1.3617329780209544,1.460930471159787,50
2,50,d1,logspline,0.79,1.24797756174338,1.2361349729094913,0.12628187049580605,1.0313835341907263,1.1589238278740266,1.3171381734460366,1.4179937507655316,50
2,50,d1,logspline,0.8,1.213392487658321,1.2012666388575812,0.12300610165090353,1.0056723819135558,1.123342678687765,1.274731891619107,1.3781636323628859,50
2,50,d1,logspline,0.81,1.179817558563997,1.1672700665187574,0.11986225986310588,0.9807984348586672,1.0940890739398987,1.244049121177511,1.3394836033162316,50
2,50,d1,logspline,0.8200000000000001,1.144371916082825,1.1341372003151753,0.1168346657400504,0.9556512042491628,1.0659405929804864,1.2153196991582123,1.301611646824996,50
2,50,d1,logspline,0.8300000000000001,1.1092556633676036,1.1018583968856173,0.1139079483766363,0.9296931225906102,1.0362746491355526,1.1872097755634317,1.2645434447315231,50
2,50,d1,logspline,0.8400000000000001,1.0773843372279348,1.0704226509826367,0.11106774530122135,0.90462407586236,1.0060852653414585,1.1556718429723232,1.228273909303944,50
2,50,d1,logspline,0.85,1.0464739276070336,1.0398177673428866,0.10830120416996346,0.8804011565573597,0.9761762781039707,1.1202454915896185,1.1927972592501521,50
2,50,d1,logspline,0.86,1.0160561284233853,1.0100305035351111,0.10559731133326737,0.856983724034244,0.9454801651275426,1.0830052775738301,1.1580835347841578,50
2,50,d1,logspline,0.87,0.9848780192660925,0.9810466952002537,0.10294705470981917,0.8335889464013089,0.9150144188858442,1.0521448506110356,1.1260799037009654,50
2,50,d1,logspline,0.88,0.9556273431283606,0.9528513544888312,0.1003434396969047,0.8104828257085761,0.8852807036436888,1.0230986687559536,1.0949642133349278,50
2,50,d1,logspline,0.89,0.9283023768620866,0.9254288000445596,0.0977814774828209,0.7882916064062833,0.8564116408025189,0.9956553077507431,1.064538824631438,50
2,50,d1,logspline,0.9,0.9020419102494902,0.8987627724231703,0.09525811970205206,0.7669771417219826,0.8283903312951669,0.96414521813913,1.0348067609968674,50
2,50,d1,logspline,0.91,0.8746247499346479,0.8728365326867566,0.09277213031241281,0.7465012458769946,0.8049264167428679,0.9335665267134821,1.0059182179204884,50
2,50,d1,logspline,0.92,0.848148142865796,0.8476329582896108,0.09032390646360476,0.7268258728101851,0.7823328987134404,0.9048912991580439,0.9774345495744661,50
2,50,d1,logspline,0.93,0.824696638463611,0.8231346333066575,0.087915260680687,0.7079132644117536,0.7608637832476582,0.8783216018299028,0.9499950491842264,50
2,50,d1,logspline,0.94,0.8027973569477559,0.7993239857811472,0.08554909392276693,0.6897260715301066,0.7400716986804429,0.8535557465738213,0.9258117847164884,50
2,50,d1,logspline,0.95,0.7775143324129161,0.7761834181421573,0.08322900740106669,0.6719313316598103,0.7200823532251153,0.8295459933100129,0.9031579940601402,50
2,50,d1,logspline,0.96,0.7510230683200392,0.7536953384093055,0.08095905991972051,0.6521565445550523,0.7002455977192479,0.8060546660560558,0.8803961468107517,50
2,50,d1,logspline,0.97,0.7262116550252689,0.731842191471594,0.07874353937798637,0.632359125868598,0.681361055720063,0.7830882669706274,0.8575938607633752,50
2,50,d1,logspline,0.98,0.7045223329285519,0.7106065207131549,0.07658676695889546,0.6130319526886032,0.6597980607659133,0.7605838090814189,0.8350946827753591,50
2,50,d1,logspline,0.99,0.6834675304198745,0.6899711029485939,0.07449296321235967,0.5931219725080998,0.6379595268145901,0.7392258016996532,0.8130078854300606,50
2,50,d1,logspline,1,0.6630252820066747,0.6699190114044236,0.0724660831097981,0.5738264488897344,0.6177965488133027,0.7182569631556257,0.7913349690735776,50
2,50,d2,ecdf,0.01,Inf,Inf,NA,Inf,Inf,Inf,Inf,0
2,50,d2,ecdf,0.02,Inf,Inf,NA,Inf,Inf,Inf,Inf,0
2,50,d2,ecdf,0.03,Inf,Inf,NA,Inf,Inf,Inf,Inf,0
2,50,d2,ecdf,0.04,Inf,Inf,NA,Inf,Inf,Inf,Inf,0
2,50,d2,ecdf,0.05,Inf,Inf,NA,Inf,Inf,Inf,Inf,0
2,50,d2,ecdf,0.06,Inf,Inf,NA,Inf,Inf,Inf,Inf,0
2,50,d2,ecdf,0.06999999999999999,Inf,Inf,NA,Inf,Inf,Inf,Inf,0
2,50,d2,ecdf,0.08,Inf,Inf,NA,Inf,Inf,Inf,Inf,0
2,50,d2,ecdf,0.09,Inf,Inf,NA,Inf,Inf,Inf,Inf,0
2,50,d2,ecdf,0.1,Inf,Inf,NA,Inf,Inf,Inf,Inf,0
2,50,d2,ecdf,0.11,Inf,Inf,NA,Inf,Inf,Inf,Inf,0
2,50,d2,ecdf,0.12,Inf,Inf,NA,Inf,Inf,Inf,Inf,0
2,50,d2,ecdf,0.13,Inf,Inf,NA,Inf,Inf,Inf,Inf,0
2,50,d2,ecdf,0.14,Inf,Inf,NA,Inf,Inf,Inf,Inf,0
2,50,d2,ecdf,0.15000000000000002,Inf,Inf,NA,Inf,Inf,Inf,Inf,0
2,50,d2,ecdf,0.16,Inf,Inf,NA,Inf,Inf,Inf,Inf,0
2,50,d2,ecdf,0.17,Inf,Inf,NA,Inf,Inf,Inf,Inf,0
2,50,d2,ecdf,0.18000000000000002,Inf,Inf,NA,Inf,Inf,Inf,Inf,1
2,50,d2,ecdf,0.19,Inf,Inf,NA,Inf,Inf,Inf,Inf,1
2,50,d2,ecdf,0.2,Inf,Inf,NA,Inf,Inf,Inf,Inf,1
2,50,d2,ecdf,0.21,Inf,Inf,NA,Inf,Inf,Inf,Inf,2
2,50,d2,ecdf,0.22,Inf,Inf,NA,Inf,Inf,Inf,Inf,2
2,50,d2,ecdf,0.23,Inf,Inf,NA,Inf,Inf,Inf,Inf,3
2,50,d2,ecdf,0.24,Inf,Inf,NA,Inf,Inf,Inf,Inf,3
2,50,d2,ecdf,0.25,Inf,Inf,NA,Inf,Inf,Inf,Inf,3
2,50,d2,ecdf,0.26,Inf,Inf,NA,Inf,Inf,Inf,Inf,3
2,50,d2,ecdf,0.27,Inf,Inf,NA,Inf,Inf,Inf,Inf,3
2,50,d2,ecdf,0.28,Inf,Inf,NA,Inf,Inf,Inf,Inf,3
2,50,d2,ecdf,0.29000000000000004,Inf,Inf,NA,2.5752190187644373,Inf,Inf,Inf,4
2,50,d2,ecdf,0.3,Inf,Inf,NA,2.674775482824193,Inf,Inf,Inf,4
2,50,d2,ecdf,0.31,Inf,Inf,NA,2.770926517775686,Inf,Inf,Inf,5
2,50,d2,ecdf,0.32,Inf,Inf,NA,2.8638841883420008,Inf,Inf,Inf,5
2,50,d2,ecdf,0.33,Inf,Inf,NA,2.9538410080759587,Inf,Inf,Inf,8
2,50,d2,ecdf,0.34,Inf,Inf,NA,3.0409722755325346,Inf,Inf,Inf,8
2,50,d2,ecdf,0.35000000000000003,Inf,Inf,NA,2.432290891136786,Inf,Inf,Inf,11
2,50,d2,ecdf,0.36000000000000004,Inf,Inf,NA,2.5142377953883424,Inf,Inf,Inf,13
2,50,d2,ecdf,0.37,Inf,Inf,NA,2.593800366293059,3.2869475468530043,Inf,Inf,18
2,50,d2,ecdf,0.38,Inf,Inf,NA,2.2656373167571036,3.364249605425213,Inf,Inf,22
2,50,d2,ecdf,0.39,3.43940535165805,Inf,NA,2.3407930629899405,3.43940535165805,Inf,Inf,28
2,50,d2,ecdf,0.4,3.5125203396580016,Inf,NA,2.413908050989892,3.5125203396580016,Inf,Inf,29
2,50,d2,ecdf,0.41,3.583692332339126,Inf,NA,2.4850800436710165,2.890545151779181,Inf,Inf,32
2,50,d2,ecdf,0.42,3.6530120530961856,Inf,NA,2.3961746245795967,2.9598648725362406,Inf,Inf,35
2,50,d2,ecdf,0.43,3.72056384900576,Inf,NA,2.33426948788587,3.0274166684458153,Inf,Inf,36
2,50,d2,ecdf,0.44,3.093279097202331,Inf,NA,2.4001319166423856,3.093279097202331,3.786426277762277,Inf,38
2,50,d2,ecdf,0.45,3.1575254480750563,Inf,NA,2.464378267515111,3.1575254480750563,3.8506726286350017,Inf,40
2,50,d2,ecdf,0.46,3.220224205589111,Inf,NA,2.303933473714956,2.8147590974809464,3.913371386149056,Inf,43
2,50,d2,ecdf,0.47,2.875974355214803,Inf,NA,2.3651487314488127,2.875974355214803,3.801299848742927,Inf,45
2,50,d2,ecdf,0.48,2.935766186016998,Inf,NA,2.2426190054570525,2.648084113565217,3.3412312941251625,Inf,47
2,50,d2,ecdf,0.49,2.994190974034843,Inf,NA,2.3010437934748977,2.483365350268852,3.3996560821430073,4.092803262702953,48
2,50,d2,ecdf,0.5,2.7636196407333062,Inf,NA,2.130561586854396,2.5404760894190965,3.0513017131850875,4.149914001853197,49
2,50,d2,ecdf,0.51,2.596322652288544,2.7475989812563557,0.47328269322507344,2.0615383534317977,2.4140010954945894,3.107148276054535,3.512613384162699,50
2,50,d2,ecdf,0.52,2.650952032910444,2.6444612431894785,0.481137229374616,2.063165368008325,2.314479796289231,2.8740955842246536,3.567242764784599,50
2,50,d2,ecdf,0.53,2.522087009608947,2.5528218473428845,0.4630418072722403,2.0112613858429564,2.234404937157166,2.704408566402902,3.4382399996283817,50
2,50,d2,ecdf,0.54,2.42026189144356,2.47399689762058,0.46532595449044173,1.9682767677005029,2.168947463162654,2.5744125712708184,3.2675597518307637,50
2,50,d2,ecdf,0.55,2.337964684945298,2.366077070192512,0.3991024198402774,1.8884760876166893,2.1148211336310885,2.471496077569821,3.1893370053537224,50
2,50,d2,ecdf,0.56,2.270361941682183,2.309805026313516,0.4148371701286683,1.8618777768723187,1.9826798692304024,2.488293521806959,3.081292157898512,50
2,50,d2,ecdf,0.5700000000000001,2.2141633419342672,2.2548305964906348,0.38278688382481535,1.8086982338261028,1.9718097543851603,2.437306893248477,2.7249889657002577,50
2,50,d2,ecdf,0.5800000000000001,2.1235247026464297,2.1428384898213966,0.32868142050820176,1.7002751922714272,1.925868334324356,2.3677010866033954,2.703798388789293,50
2,50,d2,ecdf,0.59,2.0472008356862976,2.0555059919560406,0.31437993643007,1.6677112139813937,1.7940930045457266,2.2142549203494637,2.606150917411485,50
2,50,d2,ecdf,0.6,1.9504022207016032,1.9833158007037357,0.28631790796675777,1.6358855579566347,1.714013442637373,2.1535350950974292,2.5260085140786046,50
2,50,d2,ecdf,0.61,1.8706479224155217,1.910589692415282,0.26856748185519985,1.568367050542588,1.7081289929177466,2.064803936856479,2.401276173477692,50
2,50,d2,ecdf,0.62,1.7783186312661332,1.834366691925979,0.22338831741797485,1.5703504272784032,1.6573618042680331,1.9758155353865676,2.1834549001648123,50
2,50,d2,ecdf,0.63,1.74758519078793,1.773793403096329,0.19495146075399977,1.513253910099305,1.6140537981634075,1.9017358706151883,2.0195189062715717,50
2,50,d2,ecdf,0.64,1.656942566642456,1.7059622984766778,0.1915113148380677,1.4490547135823029,1.5768998589689196,1.8392641234364109,2.0017830529341856,50
2,50,d2,ecdf,0.65,1.6386082595978075,1.660791066187459,0.19393362287112637,1.423476460488115,1.5448899308674449,1.786051987684333,2.0181598107584557,50
2,50,d2,ecdf,0.66,1.5862200583099966,1.6092966044469283,0.2000578935253363,1.305168658330439,1.5172271868230451,1.6995487436169998,2.0037225610174114,50
2,50,d2,ecdf,0.67,1.541416288369821,1.5505472211186746,0.19188551934040038,1.2701291273295356,1.4401112976147306,1.626804071268268,1.893552136684347,50
2,50,d2,ecdf,0.68,1.502359774569949,1.502475875884655,0.1907535828403842,1.23561170915387,1.387949423392205,1.5976699543742738,1.8024436081543684,50
2,50,d2,ecdf,0.6900000000000001,1.4271028850517573,1.45669881933197,0.19338457974406334,1.2074414963588056,1.330621884139267,1.5116602730798203,1.819144972827781,50
2,50,d2,ecdf,0.7000000000000001,1.3876086383836097,1.4191316086304433,0.17935973488846713,1.16126359236921,1.321170601156532,1.5211400310081324,1.6939365642570152,50
2,50,d2,ecdf,0.7100000000000001,1.3648526878529186,1.3777973975253228,0.1605987317569736,1.121287822806435,1.2911408850319828,1.470207523514183,1.6212705722242617,50
2,50,d2,ecdf,0.72,1.3447742820207358,1.3454243377405557,0.1545782235847003,1.0973829168120925,1.259616473680429,1.4318403171919827,1.5679178333349455,50
2,50,d2,ecdf,0.73,1.3167516134378685,1.3092966441503975,0.1381702118294037,1.0997726443045495,1.2176607107936377,1.3812901345754398,1.4990731702318232,50
2,50,d2,ecdf,0.74,1.2726076073155408,1.2667963689989055,0.12990944791105427,1.072055003172959,1.198499635161819,1.3526503149890774,1.4626512102034055,50
2,50,d2,ecdf,0.75,1.2249469788113951,1.2213492493230074,0.12548078281192818,1.023697607639849,1.1482745939229335,1.288856544544123,1.442595460302476,50
2,50,d2,ecdf,0.76,1.1667246192949985,1.182162460364788,0.11729364480203239,1.0021234495205715,1.1042042623136643,1.2640824193300901,1.364186677992967,50
2,50,d2,ecdf,0.77,1.1233047616678633,1.1386733107749505,0.11481032588018573,0.9642820901916516,1.068863662765503,1.200862996013738,1.3206641958263583,50
2,50,d2,ecdf,0.78,1.0849113479636188,1.0954525067496232,0.11688912641095364,0.9189262104893576,1.0177720451259902,1.156884847588708,1.295444216670726,50
2,50,d2,ecdf,0.79,1.0508072086652114,1.0622920963461195,0.11343160274932627,0.882714561493304,0.9878933832546424,1.13193275347758,1.2621346177117216,50
2,50,d2,ecdf,0.8,1.0203965081801916,1.03543272823186,0.11498124418499754,0.8674796489168912,0.9640978423901299,1.123050662240275,1.2174577202611438,50
2,50,d2,ecdf,0.81,0.993191146283445,1.0032241102872823,0.1054035378526591,0.8430376339370386,0.9373106878889884,1.0739670002645079,1.1901255790080802,50
2,50,d2,ecdf,0.8200000000000001,0.9687865671255552,0.971424043091184,0.09921395847082098,0.8177463097126895,0.8954552940400056,1.0362278479210878,1.1224733038920736,50
2,50,d2,ecdf,0.8300000000000001,0.9315112971245869,0.9393771050465787,0.09751864492457632,0.8070919917243156,0.8771640623857953,0.9997663844781276,1.0973250677595479,50
2,50,d2,ecdf,0.8400000000000001,0.9124899448104105,0.9082909191776851,0.09580806054578889,0.7630302328830745,0.8515695227034984,0.9569300383613246,1.086141769841331,50
2,50,d2,ecdf,0.85,0.8815903526597474,0.8843484695098879,0.09712390001905874,0.7400471915309774,0.8113860939864989,0.937679819310791,1.0494712252989076,50
2,50,d2,ecdf,0.86,0.8667335645302034,0.8570441647946223,0.09039971359964358,0.7233362534344852,0.7913463186755966,0.9111475184882172,1.0064576982925422,50
2,50,d2,ecdf,0.87,0.8449409293996782,0.8304701106314547,0.0867803764678196,0.7109986833378159,0.7655341517952678,0.8957993466331694,0.9595690690392563,50
2,50,d2,ecdf,0.88,0.8018568009515673,0.806689881126799,0.0913661281290148,0.6709188598854576,0.7367223802698297,0.8715430810262799,0.9478603389078429,50
2,50,d2,ecdf,0.89,0.7997768609342584,0.7842386746300222,0.09164039400164738,0.6635956649310777,0.7157282589987739,0.851468780061322,0.9063904568365109,50
2,50,d2,ecdf,0.9,0.7766569609313473,0.7569847146390938,0.08546985415359727,0.6310719651516334,0.6949789299170801,0.820142072871086,0.8812297648509241,50
2,50,d2,ecdf,0.91,0.748854378287385,0.7350962528732813,0.08641189886398572,0.5984197981487144,0.674521359939439,0.8022740020489028,0.8482940956786194,50
2,50,d2,ecdf,0.92,0.7299207400747117,0.7153935154941914,0.08457366256874081,0.5717504606305753,0.6469369246857376,0.7674803175483256,0.8396650445672187,50
2,50,d2,ecdf,0.93,0.6943655777785007,0.6936754671071598,0.08339659158127807,0.5602877590664161,0.635869371096892,0.7421810408097609,0.820404284609876,50
2,50,d2,ecdf,0.94,0.6734833160165453,0.6712071157672436,0.07986769452555104,0.5562403928466831,0.6149002082119756,0.7190493208594781,0.8152587784161502,50
2,50,d2,ecdf,0.95,0.6406945373882287,0.6474941234747156,0.0770149210186708,0.5402203348876675,0.5956501398269983,0.6978523608401087,0.776935963747421,50
2,50,d2,ecdf,0.96,0.6184919363100063,0.6280234256672488,0.07116775734716665,0.5314452704016452,0.581708087612797,0.6797594232173177,0.7524969988988437,50
2,50,d2,ecdf,0.97,0.6005556451725925,0.60716772263499,0.06475751679179878,0.517245913662573,0.5676881336748594,0.6448411611293009,0.7301383920267528,50
2,50,d2,ecdf,0.98,0.5935830303666709,0.5924459056949054,0.06419572412987387,0.5041735672452947,0.5582407885155706,0.6327142469384068,0.7107374892357163,50
2,50,d2,ecdf,0.99,0.5733655754987312,0.573403106700276,0.061719196023423926,0.48708137246396493,0.5329106208064178,0.6060025048117538,0.6825592844240269,50
2,50,d2,ecdf,1,0.5547066173061999,0.5559049134086129,0.059500153146639825,0.46363057251905077,0.5180226354985116,0.5905099677823078,0.6588444613857135,50
2,50,d2,logspline,0.01,-2.332396757830155,-1.6035652942477177,2.1496863722102613,-3.8363258501672286,-3.1060985540661825,-0.6545696839329883,3.029236810550979,50
2,50,d2,logspline,0.02,-0.9954996823537645,-0.2736468229341926,2.127431641590895,-2.487700411511085,-1.7610445381361055,0.6687524015558448,4.3056142574525555,50
2,50,d2,logspline,0.03,-0.2348114937619858,0.4797033120287336,2.1042260691081234,-1.7149665101716596,-0.991969805935575,1.415399322792701,5.002951100516556,50
2,50,d2,logspline,0.04,0.28946768360371405,0.9962898932989118,2.0800826967629877,-1.1783254316818983,-0.45907538444304025,1.9255532402589826,5.46108433251216,50
2,50,d2,logspline,0.05,0.6838293907149691,1.3826111811375246,2.055019057230627,-0.771287252050879,-0.05587098922013606,2.3055045519482498,5.786556353483039,50
2,50,d2,logspline,0.06,0.9957098917728991,1.6861118297914033,2.02905680022621,-0.4464177712714319,0.26507804056699946,2.6025386488586713,6.026866983769364,50
2,50,d2,logspline,0.06999999999999999,1.2504153181335553,1.9321078613620266,2.0022212468192,-0.17841335852530293,0.5290758950179686,2.84196731562602,6.207397344998171,50
2,50,d2,logspline,0.08,1.4630534143201424,2.1357182207291463,1.9745408930941561,0.047830806878032414,0.7512280502395094,3.038904864076009,6.34334017705783,50
2,50,d2,logspline,0.09,1.643371255376127,2.306702288577909,1.9460468851533206,0.2420584679478776,0.9412789980957991,3.2031057970153247,6.444536015615333,50
2,50,d2,logspline,0.1,1.7980263577720388,2.4517307823158023,1.916772486491168,0.4109234179030148,1.1058833710482339,3.3412358597827776,6.517742707612008,50
2,50,d2,logspline,0.11,1.9317695364060525,2.575568404336744,1.8867525565501864,0.559172375876325,1.2497888144784919,3.458054833018198,6.567816669351732,50
2,50,d2,logspline,0.12,2.0481108821138885,2.6817396179946575,1.856023056181133,0.6903109846648932,1.376501980752956,3.55563255758645,6.598377308059166,50
2,50,d2,logspline,0.13,2.1497182370533228,2.77292693344288,1.82462059218829,0.8070023076963193,1.488687022227424,3.635798997551051,6.612204023387095,50
2,50,d2,logspline,0.14,2.2386675650464674,2.85122110399349,1.7925820095123381,0.9113172220921064,1.5884159801028725,3.702857579533723,6.611485216742259,50
2,50,d2,logspline,0.15000000000000002,2.3166067224201816,2.9182847409232164,1.759944036188664,1.0048982131614883,1.6773325744967145,3.7584705133998844,6.59798083615329,50
2,50,d2,logspline,0.16,2.384866255043879,2.975462973736541,1.7267429832259735,1.0890701958163382,1.7567630212520229,3.8039831487809943,6.573132096279729,50
2,50,d2,logspline,0.17,2.444536536190515,3.0238604709036316,1.6930144990984943,1.1649176773252798,1.8277931899352913,3.8405010158328365,6.538137694573779,50
2,50,d2,logspline,0.18000000000000002,2.4965228125028185,3.064396389259088,1.6587933770104206,1.2333398284853936,1.891323670133561,3.868944776767756,6.494008090817458,50
2,50,d2,logspline,0.19,2.5415853378633653,3.097844459041067,1.6241134189411497,1.295090642812498,1.9481099256841978,3.8900902689090806,6.441605024551812,50
2,50,d2,logspline,0.2,2.5803691920604206,3.1248627870530923,1.5890073487969727,1.3508087804529811,1.9987921335720937,3.9045982369758008,6.3816708580416455,50
2,50,d2,logspline,0.21,2.613426808481771,3.146016333930253,1.5535067522436532,1.401040120870754,2.0439177315787247,3.9130367795072503,6.314850756987868,50
2,50,d2,logspline,0.22,2.6412352487700312,3.161794147504134,1.5176420461831777,1.446255062076362,2.0839587124799754,3.915898547899859,6.241709733199269,50
2,50,d2,logspline,0.23,2.6642096273961657,3.172622768731774,1.4814424698788453,1.4868619692018994,2.1193250676248327,3.913614101414851,6.162745937665004,50
2,50,d2,logspline,0.24,2.682713670647063,3.178876775745316,1.4449361136792904,1.5232177567790322,2.1503753642791317,3.906562402924897,6.078401173945679,50
2,50,d2,logspline,0.25,2.697068112903764,3.1808871703942763,1.4081499777563993,1.555636307473379,2.1774251595128007,3.8950791584266544,5.989069320676011,50
2,50,d2,logspline,0.26,2.7075574399354574,3.1789481204556957,1.3711100517772816,1.5843952368927468,2.2007537602713,3.879463510083611,5.895125183342192,50
2,50,d2,logspline,0.27,2.7144353541617043,3.173322430885264,1.3338414135718126,1.6097413793298225,2.2206097045131172,3.859983457691576,5.798342252989067,50
2,50,d2,logspline,0.28,2.7179292413100393,3.164246022085418,1.296368345793461,1.6318952737904904,2.237215242783579,3.8368802878473143,5.697532991703254,50
2,50,d2,logspline,0.29000000000000004,2.7182438492094234,3.1519316246982645,1.2587144704195652,1.6510548609876454,2.2507700309217853,3.810372221340542,5.592956205920549,50
2,50,d2,logspline,0.3,2.7155643394146796,3.136571852185839,1.220902901028353,1.667398551949961,2.261454194564911,3.780657439183535,5.484847053729425,50
2,50,d2,logspline,0.31,2.710497982198678,3.1183417883356204,1.1829564075277523,1.681087791999135,2.2694308892159065,3.7479166107343955,5.37341980739186,50
2,50,d2,logspline,0.32,2.7034602751680046,3.0974011997535964,1.1448975923088822,1.6937405841954325,2.2748484521205423,3.71231501980249,5.258870215358353,50
2,50,d2,logspline,0.33,2.6938986898252484,3.073896426550749,1.1067490917927671,1.7067522092201153,2.277842221458273,3.674004363847592,5.141377534720642,50
2,50,d2,logspline,0.34,2.6819417095043274,3.0479619720132494,1.0685338098480661,1.7175737510825064,2.2785360825659673,3.633124285574238,5.021106290157345,50
2,50,d2,logspline,0.35000000000000003,2.667709216119061,3.0197219455190663,1.0302751202550524,1.7263199577917259,2.277043788790249,3.5898036840846244,4.8982078040879,50
2,50,d2,logspline,0.36000000000000004,2.651314067956296,2.9892913094928013,0.9919971412025539,1.7330967582643533,2.2734700951739195,3.544161843356961,4.772821534032863,50
2,50,d2,logspline,0.37,2.6328628966484775,2.956776959723656,0.9537250958692896,1.738002278752941,2.2679117358504537,3.4963094084859314,4.645076246416867,50
2,50,d2,logspline,0.38,2.6124574695278238,2.9222788590676543,0.9154857420558062,1.7411281712425355,2.260458270253322,3.446349234363314,4.515091050758503,50
2,50,d2,logspline,0.39,2.5901965876903903,2.8858915416537165,0.8773082971965084,1.7425607865694226,2.251192818678256,3.3943772963217964,4.385680526836271,50
2,50,d2,logspline,0.4,2.5661766586895807,2.8477067664428293,0.8392275059870238,1.7423817686054404,2.2396859336923707,3.340484886180503,4.280152665783712,50
2,50,d2,logspline,0.41,2.5404919023191073,2.807815837761851,0.8012863340822239,1.740668530258667,2.224843308960137,3.2847608550470704,4.172844287406626,50
2,50,d2,logspline,0.42,2.5132345238964184,2.7663100688786177,0.7635360889261564,1.7374946704514795,2.207214207816313,3.22729909783283,4.063711902380403,50
2,50,d2,logspline,0.43,2.485157057333903,2.7232819495352487,0.726038324972861,1.7329303400989673,2.1880725306957505,3.1682064465388935,3.953169033625124,50
2,50,d2,logspline,0.44,2.4600297876588315,2.6788282050969667,0.6888701101129806,1.7270425638932116,2.167489208022241,3.1076018766534736,3.8601866862977396,50
2,50,d2,logspline,0.45,2.433519996951011,2.633051121119297,0.6521256701970495,1.7198955236893143,2.145532623794641,3.0456147718186095,3.7711107348601836,50
2,50,d2,logspline,0.46,2.4057005231595383,2.58605825590829,0.6159158461702299,1.7115508084479052,2.1215117008285658,2.9847529963875123,3.6561587022056683,50
2,50,d2,logspline,0.47,2.376642988461872,2.5379656097063465,0.58037514336616,1.7020676349849184,2.100436395752973,2.923218072579359,3.538098620949383,50
2,50,d2,logspline,0.48,2.3464178575035017,2.488900265895553,0.5456654708871643,1.691503043187633,2.0793900849305635,2.851262100203735,3.438941952306472,50
2,50,d2,logspline,0.49,2.31509448546595,2.4389987303839398,0.5119679732177908,1.679912068856344,2.056470275578202,2.7741234535626065,3.3469225011202735,50
2,50,d2,logspline,0.5,2.2844566143629152,2.3884051602971947,0.4794738007641843,1.6673478969073399,2.030132387324416,2.6874339697910408,3.226556460487774,50
2,50,d2,logspline,0.51,2.258354369273796,2.337269898903694,0.4483751714082516,1.6538619973121802,2.002923068269368,2.599731028662271,3.135185318155319,50
2,50,d2,logspline,0.52,2.23131765658297,2.28574751652924,0.4188546606857799,1.639504245839846,1.9787882035858224,2.53399611883707,3.057118441636859,50
2,50,d2,logspline,0.53,2.203399688716665,2.2339951500911694,0.3910741870447987,1.6252916882666624,1.954774046920376,2.472546885372399,2.9710133155245018,50
2,50,d2,logspline,0.54,2.174652455436715,2.182170801076199,0.36516323686993807,1.610653178710519,1.9352110773080304,2.41288946953967,2.8761607065622568,50
2,50,d2,logspline,0.55,2.113821325001444,2.1304316448865754,0.34120688574741387,1.5952008154781478,1.914365213195052,2.355426112684279,2.7814353793830566,50
2,50,d2,logspline,0.56,2.0804992431912988,2.0789324787009162,0.3192349628103482,1.5789786517629043,1.882504348063896,2.26906965544016,2.687090175601991,50
2,50,d2,logspline,0.5700000000000001,2.024408091727493,2.0278239744269504,0.2992141054232576,1.5617233376429798,1.8474722991212889,2.204726241015462,2.5933820775079885,50
2,50,d2,logspline,0.5800000000000001,1.9559339834193736,1.9772453920308628,0.2810463578043524,1.5434317161694753,1.801880387116869,2.146558801278871,2.500570103750406,50
2,50,d2,logspline,0.59,1.891607886081211,1.9273125330259422,0.26458343335515017,1.5256971211457744,1.7690631119851528,2.0865679978650453,2.4089134057694066,50
2,50,d2,logspline,0.6,1.8271657315091143,1.878116579925025,0.249650635513564,1.5087638166893584,1.7341196373161925,2.0252625882913313,2.3187949703304174,50
2,50,d2,logspline,0.61,1.7838401317828403,1.8297268575588026,0.23606759546948372,1.4912419337919776,1.6928926907980548,1.9632940489220867,2.2361365134717026,50
2,50,d2,logspline,0.62,1.7511254610215046,1.7821908015056056,0.2236657724660865,1.467979666330575,1.6474096438710106,1.9162647486973996,2.161842671215349,50
2,50,d2,logspline,0.63,1.7102910428394553,1.7355347354996453,0.21230018819994959,1.4349523638721493,1.5897689844859553,1.875869881674621,2.0907669801100783,50
2,50,d2,logspline,0.64,1.6716265864695088,1.689766628621044,0.20185377748296265,1.4100553077977813,1.562623042504463,1.8216552934702441,2.0175454277833436,50
2,50,d2,logspline,0.65,1.635547827656215,1.6448797116672131,0.19223782347326784,1.3681388417145182,1.5347382541858319,1.7725059422378013,1.94759690122178,50
2,50,d2,logspline,0.66,1.5992887228984358,1.6008608125150332,0.1833850639796,1.327310982530709,1.4987517985477585,1.7241298820739301,1.8798896732523822,50
2,50,d2,logspline,0.67,1.5593938221910175,1.5576981661583769,0.17523823144943354,1.2747045232924135,1.4640813453326462,1.6787396248373159,1.821890287286256,50
2,50,d2,logspline,0.68,1.5204693482456915,1.515382504033938,0.16774435141530106,1.224712958625477,1.433102428756265,1.634353845652568,1.7674082416353414,50
2,50,d2,logspline,0.6900000000000001,1.4817247812196097,1.4739061000388074,0.16085338112144112,1.178376879512049,1.400973660179968,1.5871123123584856,1.7113302788775164,50
2,50,d2,logspline,0.7000000000000001,1.4369288232345592,1.4332620070509177,0.15451785385594335,1.1353050475760325,1.3695833462263558,1.5344187055709524,1.656838898358051,50
2,50,d2,logspline,0.7100000000000001,1.393283480441386,1.39344361053392,0.1486928180201599,1.095146092846665,1.3274759299879308,1.4890626682979096,1.6149091380228426,50
2,50,d2,logspline,0.72,1.3589724220491983,1.3544442196932829,0.14333592695224642,1.0575812730835643,1.2854724426694348,1.4464126164352522,1.5657303046208875,50
2,50,d2,logspline,0.73,1.3255808688713238,1.3162566908687774,0.13840752287437022,1.0223200677847066,1.260249510642401,1.407339658155736,1.5191845989581194,50
2,50,d2,logspline,0.74,1.2850066998300598,1.2788738067524412,0.1338697742029312,0.9887706264100768,1.232885383210791,1.3631751429931103,1.4780642178773107,50
2,50,d2,logspline,0.75,1.2473150322610431,1.2422885806548043,0.12968600122589424,0.9569732136234202,1.19505473965995,1.3176507572434073,1.4374742999889856,50
2,50,d2,logspline,0.76,1.21406716117353,1.206494137198291,0.12582093485211637,0.9268588384217776,1.1603586747767496,1.280740631577037,1.3971501845835066,50
2,50,d2,logspline,0.77,1.1829762318492592,1.1714836060156035,0.12224100375620504,0.9018632100706365,1.1190755078139054,1.24157445393819,1.3571326294743535,50
2,50,d2,logspline,0.78,1.1521318191025087,1.1372500490821174,0.11891454476176253,0.8786759797599821,1.081544952429059,1.2058210204342057,1.3174615035348365,50
2,50,d2,logspline,0.79,1.1216860604214929,1.1037863810640152,0.11581189100258635,0.8561149017043566,1.0393556570660853,1.179653988241179,1.2776278684768236,50
2,50,d2,logspline,0.8,1.0916501640257419,1.0710853367057696,0.11290524825327904,0.8338938398388065,1.0036829024634568,1.1442454614878181,1.2322409824953615,50
2,50,d2,logspline,0.81,1.0620339660522502,1.0391396362190046,0.11016846591772778,0.8122713449885286,0.9679559574739082,1.1082687575947963,1.1893356811794553,50
2,50,d2,logspline,0.8200000000000001,1.0319483637150275,1.0079420105967811,0.10757696012258366,0.7912332749483026,0.9330856532606113,1.0791871198629246,1.1507100515713842,50
2,50,d2,logspline,0.8300000000000001,1.0019929856440584,0.9774853115559822,0.10510771165236714,0.7707466989472282,0.8987431233276868,1.048512194386981,1.1130630743711507,50
2,50,d2,logspline,0.8400000000000001,0.9703003325149313,0.9477625663006298,0.10273922711497825,0.7507822404509273,0.8663100042928333,1.019359163658023,1.0766068055137092,50
2,50,d2,logspline,0.85,0.9406861246956039,0.9187668061530426,0.10045146177875039,0.731313598880011,0.8388083056636598,0.9912383859507311,1.0431479554238694,50
2,50,d2,logspline,0.86,0.9121454125932362,0.8904909702807484,0.09822579337656083,0.7123171454030832,0.8136884014484345,0.9637637243074916,1.0160541494932063,50
2,50,d2,logspline,0.87,0.8846145933782519,0.8629277203977465,0.09604515303447898,0.6937715797011721,0.7850060303845192,0.9314476340459004,0.9897082151541174,50
2,50,d2,logspline,0.88,0.8552746350364382,0.8360690593767075,0.09389446040859853,0.6756576372086414,0.7517047960804004,0.9046963331528104,0.963923022834442,50
2,50,d2,logspline,0.89,0.8263367818282326,0.8099061534916228,0.09176104013086804,0.6579578383687976,0.7256785250039224,0.8808633542192069,0.9384855150264597,50
2,50,d2,logspline,0.9,0.8026947331664821,0.7844293363683847,0.08963478650242555,0.6406562730390852,0.7003496284195014,0.8561530828492021,0.913406980056841,50
2,50,d2,logspline,0.91,0.7803465194300343,0.7596282566121199,0.0875081312317502,0.6237384144434884,0.6759594887395572,0.8294064336750484,0.8859780957094173,50
2,50,d2,logspline,0.92,0.7559482693872537,0.7354921007745078,0.08537590109175607,0.6071909580749066,0.6527018910329654,0.8056419009017448,0.8571109307773428,50
2,50,d2,logspline,0.93,0.7292643055141179,0.7120097315237525,0.0832351327454102,0.5872216904504131,0.6313955218118087,0.7829569729173852,0.8288303474169465,50
2,50,d2,logspline,0.94,0.7043737760907927,0.6891696898022237,0.0810849218585118,0.5657431133144368,0.6114279605830772,0.7590412624615976,0.8011527296367451,50
2,50,d2,logspline,0.95,0.6808048336467193,0.6669600866217811,0.0789263131239323,0.5441771763572683,0.5922160652342738,0.7351478098547719,0.7748450942704275,50
2,50,d2,logspline,0.96,0.6586918128488797,0.6453686246864173,0.07676212355122675,0.5243067152648733,0.5737303288736457,0.7117702204290884,0.7494611391669255,50
2,50,d2,logspline,0.97,0.6368345557319748,0.6243826693190924,0.07459672418323525,0.5054608789283483,0.5558862561984227,0.6889199225402403,0.7247412326362034,50
2,50,d2,logspline,0.98,0.6155262090672615,0.6039893098089637,0.07243581193129275,0.4875806605210293,0.5369662434819205,0.6666077694029473,0.7009835574819161,50
2,50,d2,logspline,0.99,0.5947701734911919,0.5841754109778755,0.07028617837829554,0.47060624775716364,0.5188230234521728,0.6431577761003511,0.6778059682371032,50
2,50,d2,logspline,1,0.5734566599250637,0.564927663473137,0.06815546835058055,0.45447750053519465,0.5034970600488626,0.6195764192916084,0.655413455930357,50
2,50,d3,ecdf,0.01,Inf,Inf,NA,Inf,Inf,Inf,Inf,0
2,50,d3,ecdf,0.02,Inf,Inf,NA,Inf,Inf,Inf,Inf,0
2,50,d3,ecdf,0.03,Inf,Inf,NA,Inf,Inf,Inf,Inf,0
2,50,d3,ecdf,0.04,Inf,Inf,NA,Inf,Inf,Inf,Inf,0
2,50,d3,ecdf,0.05,Inf,Inf,NA,Inf,Inf,Inf,Inf,0
2,50,d3,ecdf,0.06,Inf,Inf,NA,Inf,Inf,Inf,Inf,0
2,50,d3,ecdf,0.06999999999999999,Inf,Inf,NA,Inf,Inf,Inf,Inf,0
2,50,d3,ecdf,0.08,Inf,Inf,NA,Inf,Inf,Inf,Inf,0
2,50,d3,ecdf,0.09,Inf,Inf,NA,Inf,Inf,Inf,Inf,0
2,50,d3,ecdf,0.1,Inf,Inf,NA,Inf,Inf,Inf,Inf,0
2,50,d3,ecdf,0.11,Inf,Inf,NA,Inf,Inf,Inf,Inf,0
2,50,d3,ecdf,0.12,Inf,Inf,NA,Inf,Inf,Inf,Inf,0
2,50,d3,ecdf,0.13,Inf,Inf,NA,Inf,Inf,Inf,Inf,0
2,50,d3,ecdf,0.14,Inf,Inf,NA,Inf,Inf,Inf,Inf,0
2,50,d3,ecdf,0.15000000000000002,Inf,Inf,NA,Inf,Inf,Inf,Inf,0
2,50,d3,ecdf,0.16,Inf,Inf,NA,Inf,Inf,Inf,Inf,0
2,50,d3,ecdf,0.17,Inf,Inf,NA,Inf,Inf,Inf,Inf,0
2,50,d3,ecdf,0.18000000000000002,Inf,Inf,NA,Inf,Inf,Inf,Inf,0
2,50,d3,ecdf,0.19,Inf,Inf,NA,Inf,Inf,Inf,Inf,0
2,50,d3,ecdf,0.2,Inf,Inf,NA,Inf,Inf,Inf,Inf,0
2,50,d3,ecdf,0.21,Inf,Inf,NA,Inf,Inf,Inf,Inf,0
2,50,d3,ecdf,0.22,Inf,Inf,NA,Inf,Inf,Inf,Inf,0
2,50,d3,ecdf,0.23,Inf,Inf,NA,Inf,Inf,Inf,Inf,0
2,50,d3,ecdf,0.24,Inf,Inf,NA,Inf,Inf,Inf,Inf,0
2,50,d3,ecdf,0.25,Inf,Inf,NA,Inf,Inf,Inf,Inf,0
2,50,d3,ecdf,0.26,Inf,Inf,NA,Inf,Inf,Inf,Inf,0
2,50,d3,ecdf,0.27,Inf,Inf,NA,Inf,Inf,Inf,Inf,0
2,50,d3,ecdf,0.28,Inf,Inf,NA,Inf,Inf,Inf,Inf,0
2,50,d3,ecdf,0.29000000000000004,Inf,Inf,NA,Inf,Inf,Inf,Inf,1
2,50,d3,ecdf,0.3,Inf,Inf,NA,Inf,Inf,Inf,Inf,2
2,50,d3,ecdf,0.31,Inf,Inf,NA,Inf,Inf,Inf,Inf,3
2,50,d3,ecdf,0.32,Inf,Inf,NA,Inf,Inf,Inf,Inf,3
2,50,d3,ecdf,0.33,Inf,Inf,NA,Inf,Inf,Inf,Inf,3
2,50,d3,ecdf,0.34,Inf,Inf,NA,2.1515170147563296,Inf,Inf,Inf,4
2,50,d3,ecdf,0.35000000000000003,Inf,Inf,NA,2.2620016625407713,Inf,Inf,Inf,9
2,50,d3,ecdf,0.36000000000000004,Inf,Inf,NA,2.369075168758058,Inf,Inf,Inf,10
2,50,d3,ecdf,0.37,Inf,Inf,NA,1.7797705025577664,Inf,Inf,Inf,10
2,50,d3,ecdf,0.38,Inf,Inf,NA,1.8805478709899544,Inf,Inf,Inf,11
2,50,d3,ecdf,0.39,Inf,Inf,NA,1.9784131237944351,Inf,Inf,Inf,13
2,50,d3,ecdf,0.4,Inf,Inf,NA,2.073507775258256,2.7666549558182014,Inf,Inf,15
2,50,d3,ecdf,0.41,Inf,Inf,NA,2.165962962683427,2.8591101432433725,Inf,Inf,17
2,50,d3,ecdf,0.42,Inf,Inf,NA,2.0328946385914453,2.9490476286108804,Inf,Inf,21
2,50,d3,ecdf,0.43,3.0365806822804804,Inf,NA,1.9379683936123704,3.0365806822804804,Inf,Inf,27
2,50,d3,ecdf,0.44,3.1218148650028663,Inf,NA,2.0232025763347568,2.428667684442921,Inf,Inf,30
2,50,d3,ecdf,0.45,3.204848721959622,Inf,NA,1.8185543608397312,2.5117015413996766,Inf,Inf,33
2,50,d3,ecdf,0.46,3.2857744004356726,Inf,NA,1.7767510860929665,2.592627219875727,3.2857744004356726,Inf,38
2,50,d3,ecdf,0.47,2.6715310204215723,Inf,NA,1.755240288547417,2.2660659123134077,3.3646782009815177,Inf,42
2,50,d3,ecdf,0.48,2.7484938899095517,Inf,NA,1.8322031580353964,2.343028781801387,3.4416410704694966,Inf,44
2,50,d3,ecdf,0.49,2.8235918636751514,Inf,NA,1.907301131800996,2.202365201228151,3.5167390442350963,Inf,47
2,50,d3,ecdf,0.5,2.491431354809043,Inf,NA,1.9806057310430527,2.203749282357262,3.416756848337167,Inf,47
2,50,d3,ecdf,0.51,2.563009944566771,Inf,NA,1.7157120841795672,2.05218432080078,2.9684750526749353,Inf,47
2,50,d3,ecdf,0.52,2.345243984416816,Inf,NA,1.7856281964813934,2.1221004331026063,3.0383911649767614,3.731538345536707,48
2,50,d3,ecdf,0.53,2.4135576105832395,Inf,NA,1.720410430023294,2.008092502475075,2.7012396830350203,3.7998519717031303,48
2,50,d3,ecdf,0.54,2.2571819148306314,Inf,NA,1.6693952499285123,2.074860358036677,2.480325466144841,3.866619827264732,49
2,50,d3,ecdf,0.55,2.140136123283799,Inf,NA,1.6243021326714517,1.985985443456541,2.545601231391964,3.2387484119519088,49
2,50,d3,ecdf,0.56,2.126895322170304,2.203191816383106,0.4800117866139257,1.549978601169321,1.916288589632152,2.386292218877887,3.3025829507520426,50
2,50,d3,ecdf,0.5700000000000001,2.1122615414489645,2.089440982932233,0.46158709433748024,1.4884821668112855,1.8609471131680584,2.266412221276223,3.1825652112956577,50
2,50,d3,ecdf,0.5800000000000001,1.9220415045631951,1.9885655962593105,0.4222466263359083,1.4112158807972044,1.721370809101044,2.173355932844101,2.6325571226881284,50
2,50,d3,ecdf,0.59,1.876471755676418,1.944391681486307,0.40375283185803806,1.3731245844316438,1.6941501988824637,2.2331466996151503,2.4875742356790833,50
2,50,d3,ecdf,0.6,1.7961844564169387,1.860025380978805,0.3466804844764959,1.404372073653908,1.5985280880948656,2.040360840373905,2.445825948482069,50
2,50,d3,ecdf,0.61,1.7299418818860597,1.7893111386793161,0.3161243401637525,1.3504522601811555,1.586841038245386,1.9923061463535503,2.3489810902922827,50
2,50,d3,ecdf,0.62,1.7119545860444507,1.7506322616130099,0.32372733926531805,1.3064894779362863,1.532954727057602,1.953116642861339,2.2185680079345005,50
2,50,d3,ecdf,0.63,1.6333945962328584,1.673871433054743,0.28064080002711206,1.247081314613152,1.515611560576475,1.8225069679726724,2.20875874113642,50
2,50,d3,ecdf,0.64,1.6266263539735009,1.6248930833972526,0.2749309470824921,1.2017431600082351,1.464107424475726,1.751789496927507,2.1572546050356713,50
2,50,d3,ecdf,0.65,1.5168815096409691,1.5714491764354521,0.2528044293103652,1.213757860488931,1.4215713298366446,1.7248689055010704,1.9916879149538684,50
2,50,d3,ecdf,0.66,1.4510685393252905,1.5173029449057682,0.22563045965285938,1.2128321378976206,1.3862830436210771,1.6198978948025826,1.894232752184636,50
2,50,d3,ecdf,0.67,1.4369850966645583,1.4672661740751214,0.1929154759605713,1.1958071427977037,1.3569423889910222,1.570516489289081,1.815169124955327,50
2,50,d3,ecdf,0.68,1.4066520967780094,1.421168326557451,0.18635136975548958,1.1358787983203977,1.2974528048130172,1.5292544188703416,1.7743768769033266,50
2,50,d3,ecdf,0.6900000000000001,1.381288988785356,1.3711814691313196,0.1691768564743617,1.1025755863163356,1.2477575961608336,1.4946176740923591,1.6480370542014353,50
2,50,d3,ecdf,0.7000000000000001,1.3273126938329816,1.3264888615855954,0.16546429654744657,1.04772783161382,1.1920705633220048,1.4290953881429238,1.583246067970182,50
2,50,d3,ecdf,0.7100000000000001,1.281832627450967,1.282619963692906,0.1649822153370947,1.0116434474302352,1.1511253775382972,1.3987983146992256,1.4759886418919244,50
2,50,d3,ecdf,0.72,1.2169577991226814,1.239189496625036,0.15639825132993276,1.025556182020522,1.1406255118053088,1.3278370538934554,1.4239578623355542,50
2,50,d3,ecdf,0.73,1.1857644830081573,1.1981147871335271,0.13710115329294204,1.0167949308430697,1.0926740599421454,1.288418637068241,1.4063195670953426,50
2,50,d3,ecdf,0.74,1.170937667616221,1.1684503891441906,0.12648576725034022,0.9906504552425192,1.0776948838137002,1.230060475717825,1.3792211931933427,50
2,50,d3,ecdf,0.75,1.1159061746312438,1.1314883169259322,0.11520250258632155,0.9520207273993149,1.0552815528148087,1.1804446957688148,1.3641885617079375,50
2,50,d3,ecdf,0.76,1.0979556717024,1.1005662043669204,0.11370721390977935,0.9429999454469967,1.027035403861304,1.1379610063160992,1.3548266447041488,50
2,50,d3,ecdf,0.77,1.0463232715680777,1.0652163589820705,0.11853822154095142,0.8888905827356564,0.9984111267373327,1.0826909157389526,1.3001295634085501,50
2,50,d3,ecdf,0.78,1.0268664958809488,1.0340386281569685,0.12289962951156529,0.8565107076499237,0.9539244155851868,1.0830309139348593,1.2841661024557638,50
2,50,d3,ecdf,0.79,0.9943144835460362,1.003795179237983,0.12158159608302829,0.8417498125188608,0.9373936331758864,1.058853004683607,1.27520603352251,50
2,50,d3,ecdf,0.8,0.9587566608460024,0.9714609091493058,0.12551739863203265,0.7916654598453251,0.9161970464272066,1.0184758955476247,1.2353162464909593,50
2,50,d3,ecdf,0.81,0.9277565791173534,0.9364726844441276,0.12250714487563606,0.7659135536669394,0.8529397331993565,0.979780271524175,1.1636861667634188,50
2,50,d3,ecdf,0.8200000000000001,0.9070115340706462,0.9097862916605985,0.11959804740022609,0.7267950913789488,0.8422671225673181,0.966024780444783,1.1376118608417793,50
2,50,d3,ecdf,0.8300000000000001,0.8709499642282965,0.8797575722664082,0.11799843932804516,0.7025138059070201,0.8218725109764549,0.93823613942809,1.1045954164513292,50
2,50,d3,ecdf,0.8400000000000001,0.8448100418875437,0.8494876722977994,0.11151855484215144,0.6760162609133302,0.7828893457167964,0.9138029133744952,1.0495836956676388,50
2,50,d3,ecdf,0.85,0.8165640157537905,0.8169832264814123,0.11533746904212117,0.6399102348443164,0.7657916903803674,0.8783400778447155,1.0270968844608979,50
2,50,d3,ecdf,0.86,0.7867252595018166,0.792343043127341,0.10759959063992867,0.6374526671472406,0.7437473257968639,0.8522279687909337,0.9936875088427883,50
2,50,d3,ecdf,0.87,0.764886232697524,0.7644356589826276,0.1094205370238623,0.6153438804227276,0.7002001119536195,0.8048425254787953,0.9718479965021938,50
2,50,d3,ecdf,0.88,0.7324846668825106,0.738964116491576,0.10596259947022517,0.5957257297671213,0.6820538132556189,0.7947269757597314,0.9299097713528269,50
2,50,d3,ecdf,0.89,0.7077523590349132,0.7176262340197153,0.10767434150312773,0.5672898820564616,0.6601243100456586,0.7881628182822629,0.8996570087880857,50
2,50,d3,ecdf,0.9,0.6934118858676941,0.6917595395977743,0.10566825099193157,0.5383141660884575,0.6296203049274496,0.7657325474473202,0.862835950704458,50
2,50,d3,ecdf,0.91,0.6550863185951055,0.6640391359194445,0.10292544492347991,0.5198850516557914,0.6040617258526578,0.7378567118046921,0.8246674416210038,50
2,50,d3,ecdf,0.92,0.6276938075602116,0.6399319177369667,0.10112051148342824,0.49034003837376433,0.5876884729465127,0.7110065890761129,0.802298294361852,50
2,50,d3,ecdf,0.93,0.616069636189054,0.6230158003542752,0.09553758741193993,0.47306614766427124,0.5637165554216825,0.6921834473261639,0.7719638426417267,50
2,50,d3,ecdf,0.94,0.6088380937026631,0.6029260148069235,0.0880946765272231,0.4352557702298485,0.5569131230264334,0.6619470946069299,0.7471484854190429,50
2,50,d3,ecdf,0.95,0.5845427929150281,0.582921203796411,0.08398150660020993,0.4122067426949909,0.5409901450400425,0.6238778048458101,0.7210415532994578,50
2,50,d3,ecdf,0.96,0.5626001848222537,0.5610122304441519,0.0839532449773606,0.3849805515831982,0.5117986951859705,0.6057683892049491,0.7023907662270796,50
2,50,d3,ecdf,0.97,0.545418997467344,0.5433787965802704,0.08335327339482777,0.37709390692835587,0.5007434550315137,0.5879815570012926,0.6904017219473676,50
2,50,d3,ecdf,0.98,0.5247237830477642,0.5204878432621242,0.08058456229570511,0.3554873677936186,0.4736212705681083,0.5638389291149472,0.6533847183444328,50
2,50,d3,ecdf,0.99,0.5083813498602565,0.5033083940636037,0.07832798297168746,0.34107130149549997,0.4641173710821958,0.5495354971685558,0.6249157366991455,50
2,50,d3,ecdf,1,0.48182152305448606,0.4812183432104334,0.07655851776407,0.31865426143697734,0.44099952853423086,0.5328734041874497,0.5920841552624663,50
2,50,d3,logspline,0.01,-6.561794116613765,-6.246683755510583,2.0039217889111702,-7.952560330019621,-7.286621280743526,-5.873735979241327,-3.384361869068452,50
2,50,d3,logspline,0.02,-4.5292165130358795,-4.217823826851721,1.9854835903041743,-5.90935084147603,-5.248633221465234,-3.8483984993859695,-1.379580625435882,50
2,50,d3,logspline,0.03,-3.360541841342123,-3.0530685790242003,1.9662101418065487,-4.729769214937359,-4.0743998111961774,-2.6871910721805503,-0.23976061265471055,50
2,50,d3,logspline,0.04,-2.546071465806812,-2.242716273921652,1.9461138772592264,-3.9041177288161255,-3.2542229634117374,-1.8804139404065872,0.544805321680523,50
2,50,d3,logspline,0.05,-1.9260697154140298,-1.6270270067341732,1.9252116505934629,-3.272661985694575,-2.6283677718933562,-1.2683298741274316,1.1338646203116818,50
2,50,d3,logspline,0.06,-1.4293842886653427,-1.1348432129017643,1.9035243198403777,-2.7642513110087794,-2.1256829115032465,-0.7797845864769064,1.5985844647961152,50
2,50,d3,logspline,0.06999999999999999,-1.0180585271491807,-0.72820206326745,1.8810762533260286,-2.34093101884623,-1.7082129066407266,-0.37681902108290666,1.9769393200680312,50
2,50,d3,logspline,0.08,-0.6694337838653255,-0.3844379674081768,1.8578947834013269,-1.9800447709239615,-1.3533004934259443,-0.0367717369295379,2.2916083537323164,50
2,50,d3,logspline,0.09,-0.3688928325538485,-0.08892612524451617,1.8340096335171152,-1.6669779750843872,-1.0463300219227065,0.2549776633158377,2.557231789078313,50
2,50,d3,logspline,0.1,-0.1064531848578979,0.1683240120736239,1.8094523429920548,-1.39175109023863,-0.7773207653008003,0.508415194932806,2.7838173305992635,50
2,50,d3,logspline,0.11,0.12500721332550999,0.3944429058092372,1.7842557108381054,-1.1472453092230697,-0.539152607370839,0.7306667716557386,2.978514196438839,50
2,50,d3,logspline,0.12,0.3307489677527475,0.5946997834969788,1.758453276012412,-0.9282035582440039,-0.32656704713063484,0.9269971667973247,3.1466118249396917,50
2,50,d3,logspline,0.13,0.5139166783466551,0.773100252084427,1.7320788469794361,-0.7306327471786271,-0.1355694545528737,1.1014077211518727,3.292137326649313,50
2,50,d3,logspline,0.14,0.6779107729933593,0.932761767941847,1.7051660889631999,-0.5514281754365727,0.036946517722220976,1.257011893418017,3.4182307823152454,50
2,50,d3,logspline,0.15000000000000002,0.8257317973540921,1.0761592230314865,1.6777481731161716,-0.3881278354091059,0.19344462480443245,1.3962809115618777,3.5273906495643432,50
2,50,d3,logspline,0.16,0.9593704262038731,1.2052910859205883,1.6498574882777934,-0.23874617529799955,0.33591226033273697,1.5212099637736278,3.621639720589292,50
2,50,d3,logspline,0.17,1.0804568507390329,1.3217950690332547,1.6215254131728898,-0.10165834972574092,0.46597619925859174,1.633433901051201,3.702640605893418,50
2,50,d3,logspline,0.18000000000000002,1.1903433690264644,1.4270306720178316,1.592782144838403,0.024482392461079625,0.5849852032659165,1.7343098024188415,3.771778097449194,50
2,50,d3,logspline,0.19,1.2901646084453364,1.522139369544334,1.5636565777210178,0.1408049525671331,0.6940702582438367,1.8249771725507231,3.830219182730631,50
2,50,d3,logspline,0.2,1.380882275303108,1.608089337295973,1.534176227164851,0.24826515362722448,0.7941893388804956,1.906402667197015,3.8789576060847777,50
2,50,d3,logspline,0.21,1.4633189678264933,1.685709250858174,1.5043671907899807,0.34767957523964654,0.8861612364713363,1.9794138828063312,3.918847514335954,50
2,50,d3,logspline,0.22,1.5381841092900728,1.7557142127814749,1.4742541414264883,0.4397515082756424,0.9706915066045256,2.0447252672767062,3.950629243552683,50
2,50,d3,logspline,0.23,1.6060941055908642,1.8187259107158429,1.44386034570027,0.5250911336421153,1.0483926409399325,2.106523477762573,3.9749493510003537,50
2,50,d3,logspline,0.24,1.6672978138668095,1.875288481951708,1.4132077029673515,0.6042314016062059,1.1197999396274294,2.1637729904025846,3.992376368246978,50
2,50,d3,logspline,0.25,1.72206833921066,1.925881137426671,1.382316799983254,0.6776406657852052,1.1853841385029185,2.215032008399614,4.003413328672419,50
2,50,d3,logspline,0.26,1.7713092164761057,1.9709283086916152,1.351206977413213,0.7457328362029323,1.2455615554954917,2.2607229128649764,4.008507832689051,50
2,50,d3,logspline,0.27,1.815394895693621,2.010807879331398,1.319896404995746,0.8088756136796822,1.3007023185425222,2.3012218643490865,4.00806021167413,50
2,50,d3,logspline,0.28,1.85466034489973,2.045857919199756,1.2884021628396203,0.8673972245601601,1.3511370940438718,2.336865513853489,4.002430208237165,50
2,50,d3,logspline,0.29000000000000004,1.8894065835219007,2.076382237137088,1.2567403268090105,0.9215919717784347,1.3971626318781827,2.3679565317219344,3.9919424873773766,50
2,50,d3,logspline,0.3,1.9199052741276104,2.1026550003945155,1.2249260511649587,0.9717248525318528,1.4390463679572454,2.39476819541106,3.9768912180230434,50
2,50,d3,logspline,0.31,1.9464025581867672,2.124924614176045,1.1929736403207702,1.0180355926018299,1.47703026994925,2.4175482217807853,3.9575439091183524,50
2,50,d3,logspline,0.32,1.9691222802094372,2.143416981410516,1.1608966267515974,1.060742138709487,1.5113340705235458,2.4365219882523954,3.934144643192391,50
2,50,d3,logspline,0.33,1.9882687135022517,2.1583382656200114,1.1287078507947295,1.1000433922290074,1.5421580013594238,2.451895256059621,3.906916819302925,50
2,50,d3,logspline,0.34,2.004028877103083,2.1698772325835334,1.0964195505494088,1.1361214941905788,1.5693737182510068,2.463856485130698,3.8760654936549286,50
2,50,d3,logspline,0.35000000000000003,2.0165745152636405,2.1782072524681655,1.0640434659856872,1.1691437782358935,1.5928097517177644,2.4725788119468093,3.841779388104073,50
2,50,d3,logspline,0.36000000000000004,2.0260637967600763,2.183488149575276,1.0315909858704522,1.1992644475181269,1.6132641861921004,2.4782217476305406,3.8042326227708836,50
2,50,d3,logspline,0.37,2.0326427803108915,2.1858678917434644,0.9990732907489072,1.226626020812816,1.630879666246839,2.480932642515718,3.763586218096656,50
2,50,d3,logspline,0.38,2.036446683727932,2.185483920204172,0.9665014354477695,1.2513605846872622,1.645788088957236,2.478264220408219,3.7199894031235363,50
2,50,d3,logspline,0.39,2.0376009875710634,2.1824642420475113,0.9338864477942764,1.2735908819014612,1.6581117451125755,2.4661279003607928,3.673580760026973,50
2,50,d3,logspline,0.4,2.0362223986106454,2.176928393050398,0.9012394342261555,1.2934312608867136,1.6679645548811575,2.4522891261556876,3.6244892295581184,50
2,50,d3,logspline,0.41,2.032419694015343,2.1689883838166875,0.8685716983509615,1.3109885068701466,1.6754530967522046,2.437240450403255,3.5728349977567824,50
2,50,d3,logspline,0.42,2.026294463642202,2.1587496285266243,0.8358948883621485,1.326362571757527,1.6806774562702507,2.4198240646423845,3.51873028083757,50
2,50,d3,logspline,0.43,2.017941831149099,2.1463117939522047,0.8032212014604153,1.3396472297003643,1.6837330032678208,2.4001378381440466,3.4622800418478548,50
2,50,d3,logspline,0.44,2.007452009856669,2.1317698565732006,0.7705638673190556,1.3509311708880898,1.6847117898643529,2.3782735466083476,3.403585591844324,50
2,50,d3,logspline,0.45,1.994911928490385,2.115215393947051,0.7379382919645272,1.3602996643041845,1.6837029082908455,2.3543173902086645,3.3427560575556488,50
2,50,d3,logspline,0.46,1.9840406203354775,2.0967373620698626,0.7053626496095615,1.3678351617390496,1.6787436588122964,2.3283506051989757,3.2799114387962875,50
2,50,d3,logspline,0.47,1.9752445767631506,2.076422720972019,0.6728581376760678,1.373525869703387,1.6709648864490465,2.3004531268493364,3.215180612013901,50
2,50,d3,logspline,0.48,1.964656959648082,2.0543578098885673,0.6404514248178667,1.3766986645476946,1.659791762206602,2.272300357793413,3.148699505365677,50
2,50,d3,logspline,0.49,1.9504882609365533,2.0306311598584514,0.6081835536509659,1.3782227016886983,1.6437901841650022,2.242536373347982,3.080609517872369,50
2,50,d3,logspline,0.5,1.936177780306675,2.0053343651736233,0.5761116786766808,1.3781705786064433,1.6360509744949696,2.2111300923011017,3.011056145241392,50
2,50,d3,logspline,0.51,1.9202989639943575,1.9785616985332675,0.5443063230369182,1.3766134710963405,1.627126468500876,2.178188302337327,2.940187783756194,50
2,50,d3,logspline,0.52,1.8955540087282294,1.9504094809870753,0.5128492573057254,1.3736212299624169,1.6168036389368488,2.140565236508248,2.8681546901731814,50
2,50,d3,logspline,0.53,1.868540165194036,1.9209754663673189,0.48183211837107603,1.369262463536207,1.600142906850055,2.095299312062511,2.7951092060597458,50
2,50,d3,logspline,0.54,1.840287324668071,1.8903587612205124,0.45135669920888305,1.3636046074908008,1.5884734206070847,2.0586351450709053,2.7212118968392573,50
2,50,d3,logspline,0.55,1.8108979191818508,1.8586631797890514,0.42154734038271235,1.3567139833114288,1.573103328704625,2.0166583012354335,2.6466344363348044,50
2,50,d3,logspline,0.56,1.7804754847566793,1.8260015580539726,0.3925650040519418,1.348655846677224,1.5561039886636725,1.9827700946641644,2.577795595207162,50
2,50,d3,logspline,0.5700000000000001,1.749124357284059,1.7924942920876892,0.36459923067465905,1.3394944269045774,1.5378019788662463,1.9374262004835863,2.5092015802721175,50
2,50,d3,logspline,0.5800000000000001,1.7169493821937651,1.758267106982156,0.3378558622533596,1.3292929585014313,1.5184870655251217,1.8927204811976626,2.4404845278370537,50
2,50,d3,logspline,0.59,1.6818010191809667,1.7234489095668577,0.312543739164603,1.3169694701555994,1.498222492296835,1.852984806480644,2.3718170813268524,50
2,50,d3,logspline,0.6,1.6426498133158947,1.6881697456722173,0.28886017307622697,1.3045235223105887,1.4787252747547908,1.8142783062145373,2.2789064612422485,50
2,50,d3,logspline,0.61,1.6093758701592944,1.6525587924513885,0.2669752544410958,1.2918627429758645,1.4617963568320673,1.7867867304092642,2.180976411532592,50
2,50,d3,logspline,0.62,1.5815700081646198,1.6167423849483515,0.24701566743152395,1.2774167233759695,1.4430647820359979,1.7546321849219553,2.086806002016067,50
2,50,d3,logspline,0.63,1.5455113550236237,1.580842255619359,0.2290491928550759,1.2597065058822778,1.4182635281857825,1.7138416935578675,1.9697747316007566,50
2,50,d3,logspline,0.64,1.5021712106722658,1.5449689532115578,0.21306598401588323,1.2415071072336676,1.3962348290218596,1.682442510370745,1.891579174464249,50
2,50,d3,logspline,0.65,1.4731409261411856,1.5092089974600822,0.19896774168077452,1.2228659364227545,1.3777092397388808,1.6504557769887773,1.8421445643760137,50
2,50,d3,logspline,0.66,1.4438901239879807,1.4736253787083802,0.18659559197388742,1.2035695983804684,1.3563981089455208,1.612717566754798,1.7925563825135082,50
2,50,d3,logspline,0.67,1.414485656201888,1.438263452622642,0.17576328372985836,1.1826477819573973,1.3332735087476297,1.5436292122708695,1.7429417528448905,50
2,50,d3,logspline,0.68,1.3817145297461788,1.4031554572125515,0.16628047419975348,1.161498767688616,1.2925008276071424,1.4887851680838782,1.6934154485089792,50
2,50,d3,logspline,0.6900000000000001,1.3429585540757603,1.368324177527034,0.1579685707190759,1.1444169046931327,1.2633679084123055,1.450030674261869,1.65208332337328,50
2,50,d3,logspline,0.7000000000000001,1.3071577673881656,1.3337855785579498,0.15066965160415605,1.1227397560392764,1.2297972030571025,1.4114614107746353,1.6025728327103526,50
2,50,d3,logspline,0.7100000000000001,1.2771026399319894,1.2995522482972255,0.14425007299938358,1.1010198512986427,1.1993933087703315,1.3770281755793048,1.5543217972859935,50
2,50,d3,logspline,0.72,1.2401972094254643,1.26563733482413,0.1385987175309006,1.0789603184426637,1.175380034098011,1.345909527645308,1.5079152391055135,50
2,50,d3,logspline,0.73,1.2087179502629093,1.2320546833707908,0.13362289232923122,1.045892529869722,1.146859664789767,1.3098400329127455,1.465251040591052,50
2,50,d3,logspline,0.74,1.1789249652413674,1.1988184383218252,0.12924498411385005,1.008304850621951,1.1073304765091099,1.2741117447702628,1.4338398525284122,50
2,50,d3,logspline,0.75,1.150316828221434,1.165944152536924,0.1253993653029014,0.9768614311077116,1.0776420762974357,1.238774132521989,1.4039941104780904,50
2,50,d3,logspline,0.76,1.1231513665990696,1.1334496689760782,0.12202869622327907,0.954849820197464,1.0523639360987431,1.2034429223770915,1.3738768588402404,50
2,50,d3,logspline,0.77,1.0952162608182827,1.101354289255958,0.11908145231669685,0.9307409135229721,1.0232847946579142,1.1624424095452341,1.3370362356123258,50
2,50,d3,logspline,0.78,1.0621179365802988,1.069678107629127,0.11651017463822107,0.9051241358567471,0.9968267053291753,1.135202961448251,1.2990312290307222,50
2,50,d3,logspline,0.79,1.0343528360125305,1.038441628798652,0.11427007396797073,0.8745954495866404,0.9694281994434573,1.1048583270099654,1.2611961901090343,50
2,50,d3,logspline,0.8,1.0078277047599629,1.0076653631419543,0.11231808843726385,0.8439598898127122,0.9413826809605984,1.0687773732371069,1.22423652199861,50
2,50,d3,logspline,0.81,0.9800814880321356,0.9773694715097914,0.11061225334696144,0.8151478932283505,0.9165363679195275,1.0430823464671528,1.1880495333259842,50
2,50,d3,logspline,0.8200000000000001,0.9528883611463348,0.9475731621570306,0.10911115784857688,0.785712466194322,0.8867347061359027,1.0131868328594813,1.1521512458495868,50
2,50,d3,logspline,0.8300000000000001,0.9184112543236255,0.9182938699091979,0.1077740032029687,0.7568229399232258,0.8561084849327237,0.9808429010828202,1.1165979231079575,50
2,50,d3,logspline,0.8400000000000001,0.8860210883023467,0.8895471931232368,0.10656134843345913,0.7279849935582302,0.8259145442523551,0.9517193487896545,1.0814444609960137,50
2,50,d3,logspline,0.85,0.8553155314256082,0.8613469487904484,0.10543586758088495,0.6990250032178678,0.7978631203686716,0.9228111704725226,1.0467443131685452,50
2,50,d3,logspline,0.86,0.832022678218747,0.8337052394304371,0.10436301482465112,0.671496667883624,0.7736741587689078,0.8951498747676788,1.0145500716344915,50
2,50,d3,logspline,0.87,0.8083719745819008,0.8066321726907362,0.1033125386587058,0.6451327784826351,0.74831196719365,0.8679941923349155,0.986100030829899,50
2,50,d3,logspline,0.88,0.7817042124223785,0.7801353915979449,0.10225987478543958,0.6199070063540004,0.7199485177368908,0.8402762600354452,0.957870049986928,50
2,50,d3,logspline,0.89,0.755715643835142,0.7542202879020491,0.10118592230244354,0.5957897450495435,0.6969212229002605,0.8118988080697085,0.9298873842201678,50
2,50,d3,logspline,0.9,0.7297071678559299,0.7288904097759699,0.10007657841243184,0.572748669436757,0.6708727891630315,0.7865385752425033,0.9021779429398575,50
2,50,d3,logspline,0.91,0.7033160856818843,0.7041479367136714,0.09892153449430073,0.5507492194363095,0.6450115390796134,0.7607974712364596,0.8747663628800867,50
2,50,d3,logspline,0.92,0.6775865753397377,0.6799942941746311,0.09771250192327958,0.5297550180918382,0.6198880896187283,0.7356123659188742,0.8471121987397778,50
2,50,d3,logspline,0.93,0.6557498063460534,0.6564301502267937,0.09644294709314152,0.509728232391326,0.597732914334981,0.7141841341684512,0.8198711519711956,50
2,50,d3,logspline,0.94,0.6320524715517679,0.6334553018072419,0.09510818455423392,0.49062988411885644,0.575397137169663,0.6924661330145694,0.793201444098913,50
2,50,d3,logspline,0.95,0.6086654177030806,0.6110687388002631,0.09370522547744205,0.47242011700888514,0.5522453086929724,0.6713907855076149,0.767103340753496,50
2,50,d3,logspline,0.96,0.5862057374366226,0.5892687194992465,0.09223258545820348,0.45505842559382237,0.5289963776452937,0.6505534119002061,0.7415762092750423,50
2,50,d3,logspline,0.97,0.5649587076676477,0.5680528370187735,0.0906900890212642,0.43716644034311003,0.5103474255938012,0.629260335603854,0.7167688446068504,50
2,50,d3,logspline,0.98,0.5447590128939532,0.5474180767313025,0.08907868188818766,0.41987366599872566,0.49224408010709964,0.6053502823384445,0.6929125495870612,50
2,50,d3,logspline,0.99,0.5248221729019464,0.5273608369629446,0.08740028263984395,0.403136475782759,0.4733707939067628,0.5823455444762718,0.6696701414499964,50
2,50,d3,logspline,1,0.5048684736730091,0.5078765152264201,0.08565821006002793,0.38719244051804347,0.4563309399006211,0.5603540081340233,0.6464510398772187,50
2,100,d0,ecdf,0.01,Inf,Inf,NA,Inf,Inf,Inf,Inf,0
2,100,d0,ecdf,0.02,Inf,Inf,NA,Inf,Inf,Inf,Inf,0
2,100,d0,ecdf,0.03,Inf,Inf,NA,Inf,Inf,Inf,Inf,0
2,100,d0,ecdf,0.04,Inf,Inf,NA,Inf,Inf,Inf,Inf,0
2,100,d0,ecdf,0.05,Inf,Inf,NA,Inf,Inf,Inf,Inf,0
2,100,d0,ecdf,0.06,Inf,Inf,NA,Inf,Inf,Inf,Inf,0
2,100,d0,ecdf,0.06999999999999999,Inf,Inf,NA,Inf,Inf,Inf,Inf,0
2,100,d0,ecdf,0.08,Inf,Inf,NA,Inf,Inf,Inf,Inf,0
2,100,d0,ecdf,0.09,Inf,Inf,NA,Inf,Inf,Inf,Inf,0
2,100,d0,ecdf,0.1,Inf,Inf,NA,Inf,Inf,Inf,Inf,0
2,100,d0,ecdf,0.11,Inf,Inf,NA,Inf,Inf,Inf,Inf,0
2,100,d0,ecdf,0.12,Inf,Inf,NA,Inf,Inf,Inf,Inf,0
2,100,d0,ecdf,0.13,Inf,Inf,NA,Inf,Inf,Inf,Inf,0
2,100,d0,ecdf,0.14,Inf,Inf,NA,Inf,Inf,Inf,Inf,0
2,100,d0,ecdf,0.15000000000000002,Inf,Inf,NA,Inf,Inf,Inf,Inf,0
2,100,d0,ecdf,0.16,Inf,Inf,NA,Inf,Inf,Inf,Inf,0
2,100,d0,ecdf,0.17,Inf,Inf,NA,Inf,Inf,Inf,Inf,0
2,100,d0,ecdf,0.18000000000000002,Inf,Inf,NA,Inf,Inf,Inf,Inf,0
2,100,d0,ecdf,0.19,Inf,Inf,NA,Inf,Inf,Inf,Inf,0
2,100,d0,ecdf,0.2,Inf,Inf,NA,Inf,Inf,Inf,Inf,0
2,100,d0,ecdf,0.21,Inf,Inf,NA,Inf,Inf,Inf,Inf,0
2,100,d0,ecdf,0.22,Inf,Inf,NA,Inf,Inf,Inf,Inf,0
2,100,d0,ecdf,0.23,Inf,Inf,NA,Inf,Inf,Inf,Inf,0
2,100,d0,ecdf,0.24,Inf,Inf,NA,Inf,Inf,Inf,Inf,0
2,100,d0,ecdf,0.25,Inf,Inf,NA,Inf,Inf,Inf,Inf,1
2,100,d0,ecdf,0.26,Inf,Inf,NA,Inf,Inf,Inf,Inf,1
2,100,d0,ecdf,0.27,Inf,Inf,NA,Inf,Inf,Inf,Inf,1
2,100,d0,ecdf,0.28,Inf,Inf,NA,Inf,Inf,Inf,Inf,2
2,100,d0,ecdf,0.29000000000000004,Inf,Inf,NA,Inf,Inf,Inf,Inf,2
2,100,d0,ecdf,0.3,Inf,Inf,NA,Inf,Inf,Inf,Inf,2
2,100,d0,ecdf,0.31,Inf,Inf,NA,Inf,Inf,Inf,Inf,2
2,100,d0,ecdf,0.32,Inf,Inf,NA,Inf,Inf,Inf,Inf,2
2,100,d0,ecdf,0.33,Inf,Inf,NA,Inf,Inf,Inf,Inf,3
2,100,d0,ecdf,0.34,Inf,Inf,NA,Inf,Inf,Inf,Inf,3
2,100,d0,ecdf,0.35000000000000003,Inf,Inf,NA,5.661166029920839,Inf,Inf,Inf,4
2,100,d0,ecdf,0.36000000000000004,Inf,Inf,NA,5.6891599327618385,Inf,Inf,Inf,5
2,100,d0,ecdf,0.37,Inf,Inf,NA,5.716376990610239,Inf,Inf,Inf,8
2,100,d0,ecdf,0.38,Inf,Inf,NA,5.742858382701787,Inf,Inf,Inf,9
2,100,d0,ecdf,0.39,Inf,Inf,NA,5.075494898561885,5.768642079121831,Inf,Inf,18
2,100,d0,ecdf,0.4,Inf,Inf,NA,5.100615985323627,5.793763165883572,Inf,Inf,24
2,100,d0,ecdf,0.41,5.818254129860109,Inf,NA,4.902101139840673,5.818254129860109,Inf,Inf,28
2,100,d0,ecdf,0.42,5.842145109376669,Inf,NA,4.743532820708559,5.148997928816724,Inf,Inf,33
2,100,d0,ecdf,0.43,5.865464115312672,Inf,NA,4.608626686796082,5.172316934752726,Inf,Inf,36
2,100,d0,ecdf,0.44,5.888237226782606,Inf,NA,4.501942865662715,5.195090046222661,Inf,Inf,37
2,100,d0,ecdf,0.45,5.217341584264425,Inf,NA,4.524194403704479,4.81187647615626,5.91048876482437,Inf,40
2,100,d0,ecdf,0.46,5.239094266436109,Inf,NA,4.322803534561953,4.833629158327945,5.932241446996054,Inf,42
2,100,d0,ecdf,0.47,5.260369344785387,Inf,NA,4.344078612911232,4.854904236677222,5.260369344785387,Inf,47
2,100,d0,ecdf,0.48,4.875721621184204,Inf,NA,4.182574440624259,4.588039548732423,5.281186729292369,5.974333909852314,49
2,100,d0,ecdf,0.49,4.608417918023563,Inf,NA,4.0488021300881405,4.3852743667093534,5.200198821556468,5.994712279143454,49
2,100,d0,ecdf,0.5,4.405231267585694,4.57198803897385,0.5298397916912511,3.8704469687289476,4.22290971079174,4.916056891351684,5.321521999459849,50
2,100,d0,ecdf,0.51,4.242461647900815,4.365074009222139,0.4689829659322148,3.731636024134824,4.088310968073557,4.863688310347815,4.935608828460761,50
2,100,d0,ecdf,0.52,4.107473484873525,4.194452210435314,0.42084461859870415,3.655488361130468,3.9739420922490023,4.443945721494738,4.954771345260729,50
2,100,d0,ecdf,0.53,4.059495540572673,4.052322168380656,0.3960159120714716,3.543241246931802,3.769586292946202,4.280411916712192,4.685877024820357,50
2,100,d0,ecdf,0.54,3.840693371985422,3.891089246455795,0.37070084372922196,3.4135947982174724,3.692702934352184,4.011156665470718,4.481160294716454,50
2,100,d0,ecdf,0.55,3.7107818975270135,3.7493835071844024,0.307320279299737,3.336088448085603,3.6237705205373834,3.9114525929891646,4.247549895175062,50
2,100,d0,ecdf,0.56,3.64151399209739,3.629252840652135,0.27502917152286466,3.181981662718949,3.487363312270131,3.8000080039402624,4.12042136614904,50
2,100,d0,ecdf,0.5700000000000001,3.504783002310663,3.4944223719219245,0.25746923942691485,3.0737318856033076,3.37125160968614,3.658933682137921,3.8992035225436803,50
2,100,d0,ecdf,0.5800000000000001,3.3883586176466687,3.3598249911051936,0.2506204250533352,2.960441412552364,3.2165083607200096,3.504641792399453,3.763052067088079,50
2,100,d0,ecdf,0.59,3.260346827784686,3.260063781624677,0.23904275101009503,2.919655658294506,3.098339746866395,3.405163474076207,3.656826328074896,50
2,100,d0,ecdf,0.6,3.1741375454895664,3.16539891520029,0.2389020211811257,2.7930675194661183,3.016211070780328,3.303893143232109,3.595966956197562,50
2,100,d0,ecdf,0.61,3.0750007427657304,3.0729438848666204,0.22991523857660448,2.727834643628439,2.924093174686263,3.202565144098531,3.50244475759267,50
2,100,d0,ecdf,0.62,2.968354872063331,2.982213160742102,0.2123443528868691,2.671103348595399,2.8679284100511566,3.048397579736867,3.336079652188648,50
2,100,d0,ecdf,0.63,2.874847032738089,2.8757046418119585,0.2068432984746848,2.604556702998177,2.784344134503482,2.974611242707369,3.19762042500114,50
2,100,d0,ecdf,0.64,2.791841614922665,2.7945680903787444,0.20826325648743885,2.483733167005245,2.6811012985079556,2.8902816877359174,3.1273799447187423,50
2,100,d0,ecdf,0.65,2.689244256618052,2.6966396802210064,0.1786075114023686,2.4293766958500997,2.6092015489445157,2.776255633607682,2.960560889192939,50
2,100,d0,ecdf,0.66,2.624145710815155,2.6148509594220886,0.16783325201331517,2.34520177699907,2.526507241251239,2.697338674941663,2.853720152459655,50
2,100,d0,ecdf,0.67,2.5297222543931266,2.5361830375742787,0.16039192874888966,2.303341056367256,2.45226952748898,2.6388554830693915,2.7470690677096243,50
2,100,d0,ecdf,0.68,2.425079023226439,2.4620582205183275,0.15357739758888897,2.2378104573690214,2.3656556027556386,2.597302866737993,2.7059814086928413,50
2,100,d0,ecdf,0.6900000000000001,2.379916726393428,2.3925266482236838,0.15270838238686515,2.2113432943220652,2.292534071415156,2.5025190484857607,2.656205785252279,50
2,100,d0,ecdf,0.7000000000000001,2.3021554631602297,2.3137998139751135,0.14190135948442342,2.1405141116038138,2.2180723459496883,2.408526576806178,2.5736613321001025,50
2,100,d0,ecdf,0.7100000000000001,2.2319097604346356,2.2476282387727546,0.14461007893209582,2.0403115163803687,2.154351526088761,2.3700600989154528,2.4901438303894126,50
2,100,d0,ecdf,0.72,2.1605782422492616,2.1838240126718147,0.14240454619846551,1.98381938385971,2.0960122855167427,2.2783338423106976,2.4408527718084723,50
2,100,d0,ecdf,0.73,2.07533838470459,2.1096221726792153,0.13020481865680786,1.9191234567977382,2.023077743261143,2.2233558580811668,2.3179794825167255,50
2,100,d0,ecdf,0.74,2.0049099980307523,2.0367993595209644,0.12374906664327438,1.8775705756541508,1.9685423538598772,2.1366792756618755,2.240476069343519,50
2,100,d0,ecdf,0.75,1.9465738883216073,1.975787547600352,0.1224681783781329,1.816336975992257,1.8933596342714716,2.065384670624803,2.179863846918394,50
2,100,d0,ecdf,0.76,1.8873430684589851,1.9069131430452904,0.11596274050642474,1.7558358736814086,1.8201200201825236,1.988590782974753,2.109224401779472,50
2,100,d0,ecdf,0.77,1.8130137823536905,1.8471080267626778,0.11983223563788306,1.6969846232606511,1.7651577611760554,1.9161980185889216,2.043537440965523,50
2,100,d0,ecdf,0.78,1.7545954636998653,1.7927358265408737,0.12739405174803184,1.6331275620644143,1.6990839122900594,1.8732344841654653,2.0276209362946633,50
2,100,d0,ecdf,0.79,1.7136023275804246,1.7398814935231566,0.11955309323825686,1.5786610946372188,1.6527199596026048,1.8184725881738597,1.9410749102661915,50
2,100,d0,ecdf,0.8,1.6710313925432785,1.6892681624549108,0.1118956002642103,1.5334100146672305,1.6094484983444297,1.7543313291271287,1.8698822512884432,50
2,100,d0,ecdf,0.81,1.635050162457034,1.6405862295497768,0.10265485306670145,1.5065666003478073,1.567099500548526,1.6995886835946048,1.7957325441475072,50
2,100,d0,ecdf,0.8200000000000001,1.575333991426851,1.5912612487009257,0.10183471704086891,1.4584388115277969,1.5222175544989411,1.6528034160956677,1.750123040321864,50
2,100,d0,ecdf,0.8300000000000001,1.5373952308386465,1.5448531161576011,0.09709840139668106,1.401400004985574,1.4753448196786032,1.6072936704167191,1.7029742173160551,50
2,100,d0,ecdf,0.8400000000000001,1.4885410994660133,1.4991543350433765,0.09616587025885427,1.365774729277054,1.422369933544847,1.5576495637801147,1.6632292135082438,50
2,100,d0,ecdf,0.85,1.4584837541156113,1.4516187266171547,0.09005314131274092,1.315228130028538,1.3803659748516592,1.509777048503162,1.5856320609937535,50
2,100,d0,ecdf,0.86,1.4180043519594943,1.4075273192971631,0.0867292403963932,1.2714364649673784,1.3519788482324502,1.4573393638902763,1.5446931108769408,50
2,100,d0,ecdf,0.87,1.3686881532788755,1.3638759534826252,0.07943246580524227,1.230387575673077,1.3038005310730003,1.4202755220693686,1.4815446836554946,50
2,100,d0,ecdf,0.88,1.330633485284451,1.3222291682160137,0.0742993217688791,1.2006430580749443,1.2612953334264876,1.3713561381775436,1.4312770110641384,50
2,100,d0,ecdf,0.89,1.2796257936358493,1.2809280321790886,0.07006950225935354,1.1638472156366868,1.2237265715005092,1.3152529712790004,1.388050384070876,50
2,100,d0,ecdf,0.9,1.2511419096891527,1.2422286301225833,0.07233740224507659,1.1290944752463117,1.1916510766640653,1.280412291989266,1.3658982824264512,50
2,100,d0,ecdf,0.91,1.2079390961214256,1.2056347429248373,0.07171210102632167,1.0917259578909062,1.146113554771003,1.2509935527987386,1.3239873803420634,50
2,100,d0,ecdf,0.92,1.163034730026831,1.169973957111428,0.06954614800073416,1.06635591190809,1.1229090762401284,1.2184276289513274,1.28189593290356,50
2,100,d0,ecdf,0.93,1.1311949853061014,1.137999796193616,0.06913058086535809,1.0328840530625385,1.0907036239513643,1.1798888868538135,1.2551349769353064,50
2,100,d0,ecdf,0.94,1.1009440119055922,1.1052111888350449,0.06964402230798496,1.0060010973144478,1.0544239962706996,1.1539356626242379,1.2256732422302086,50
2,100,d0,ecdf,0.95,1.0702464533266025,1.0703251319965579,0.06374165077171695,0.9752942165649179,1.0147189361337692,1.1012006599122401,1.183255626484426,50
2,100,d0,ecdf,0.96,1.0447076480062385,1.0411408069026606,0.058029609377362,0.9567708172358692,0.9893212155434352,1.0707731300523464,1.1411146194105917,50
2,100,d0,ecdf,0.97,1.0131865410660246,1.0134186546067077,0.05918874619518641,0.9252787707507053,0.9633205898402767,1.047269002580176,1.115617920928263,50
2,100,d0,ecdf,0.98,0.9798209604924616,0.9832723829318498,0.05400686810183997,0.9046807448788676,0.9425276334344882,1.0141886039966692,1.079573531875557,50
2,100,d0,ecdf,0.99,0.9481345106564805,0.9527924977915767,0.05260705249343538,0.8807623861316145,0.915448867808463,0.9920336597562605,1.0422374566509325,50
2,100,d0,ecdf,1,0.9273717055261846,0.9255564088476874,0.052131816039616315,0.8471849131210842,0.8933653375409896,0.952045637152159,1.0168107357868434,50
2,100,d0,logspline,0.01,7.765321063257272,8.239772901871326,1.8202246703683786,6.256451534355643,7.076129943106873,8.722024341073288,11.341150032548581,50
2,100,d0,logspline,0.02,7.707758019286189,8.178117296620634,1.8017511567506457,6.2128169074735755,7.027018750269429,8.65912206304035,11.248300246765154,50
2,100,d0,logspline,0.03,7.649147538569611,8.115175618354058,1.7824434714935933,6.168569442915924,6.977137396127429,8.594976857309405,11.152825078769105,50
2,100,d0,logspline,0.04,7.58949287877031,8.050954947671643,1.762313572011124,6.123710252492163,6.9264876358928085,8.529593313200186,11.054745156164161,50
2,100,d0,logspline,0.05,7.528798573514623,7.985465044899386,1.7413775851864914,6.078240887301769,6.8750719161429394,8.462977810516964,10.954088924933385,50
2,100,d0,logspline,0.06,7.467070405716207,7.918718205610915,1.7196554549103005,6.032163332350729,6.8228933642248775,8.395138475145217,10.850892233880506,50
2,100,d0,logspline,0.06999999999999999,7.404315373874574,7.8507290855731915,1.6971705211742074,5.985479999701056,6.769955774806326,8.3260851231367,10.74519782368404,50
2,100,d0,logspline,0.08,7.340541651777576,7.781514501901833,1.6739490509876072,5.938193720205241,6.716263593700081,8.255829194121077,10.63705473626677,50
2,100,d0,logspline,0.09,7.27575854211243,7.711093217547053,1.6500197419977034,5.890307733887905,6.661821899112372,8.184383675023255,10.526517661857582,50
2,100,d0,logspline,0.1,7.2099764245548466,7.639485716107143,1.62541321881959,5.841825679046077,6.6066363804872,8.111763015181767,10.413646241948419,50
2,100,d0,logspline,0.11,7.143206698958739,7.566713973457954,1.6001615400030307,5.792751580148086,6.550713315137326,8.037983034053314,10.298504346351429,50
2,100,d0,logspline,0.12,7.075461724309471,7.492801231895279,1.5742977306411754,5.7430898346184005,6.494059542868596,7.96306082275073,10.181159341818141,50
2,100,d0,logspline,0.13,7.006754754131135,7.417771781521831,1.5478553522502505,5.69284519860212,6.436682438817027,7.887014640696032,10.061681368310886,50
2,100,d0,logspline,0.14,6.937099869053087,7.341650752575489,1.5208681180745054,5.642022771808055,6.378589884727591,7.809863808677364,9.9401426371605055,50
2,100,d0,logspline,0.15000000000000002,6.866511907243158,7.264463921377511,1.4933695586872135,5.590627981533435,6.319790238910213,7.73162859958053,9.816616763157773,50
2,100,d0,logspline,0.16,6.795006393405498,7.186237531643309,1.4653927398720743,5.538666565976139,6.260292305111589,7.65233012802412,9.691178140261458,50
2,100,d0,logspline,0.17,6.722599467020572,7.106998132085655,1.4369700324000052,5.486144556942124,6.200105300541765,7.57199024006512,9.563901368202757,50
2,100,d0,logspline,0.18000000000000002,6.649307810474841,7.026772430571235,1.4081329315087632,5.433068262056391,6.139238823291547,7.490631404062321,9.434860734942436,50
2,100,d0,logspline,0.19,6.57514857768931,6.9455871645694245,1.3789119226329896,5.379444246585299,6.077702819371586,7.408276603691228,9.304240461464754,50
2,100,d0,logspline,0.2,6.500139323810774,6.8634689872481225,1.3493363891662669,5.325279314976555,6.015507549595918,7.32494923400003,9.173151871004283,50
2,100,d0,logspline,0.21,6.424297936479029,6.780444368308884,1.3194345576884332,5.2705804922208355,5.952663556522774,7.240673001284898,9.04052924424264,50
2,100,d0,logspline,0.22,6.3476425691284595,6.696539508492089,1.289233476076808,5.215355005135542,5.8891816316535035,7.155471827447769,8.906440326311934,50
2,100,d0,logspline,0.23,6.270698016571192,6.611780266601746,1.2587590201580208,5.159610263667188,5.825072783076821,7.06936975938386,8.770950932312596,50
2,100,d0,logspline,0.24,6.194571951911785,6.526192097879005,1.2280359249762194,5.103353842304045,5.760348203730846,6.982390883832016,8.634124766309483,50
2,100,d0,logspline,0.25,6.117711008267634,6.439800003742058,1.1970878363187336,5.046593461685314,5.695019240439542,6.894559248011224,8.496023284418174,50
2,100,d0,logspline,0.26,6.040132623960478,6.3526285260068,1.1659373506361366,4.9893369704871855,5.6283135237241,6.805898786262742,8.356705597623534,50
2,100,d0,logspline,0.27,5.961854235492033,6.264701779697769,1.1346060427278497,4.931592327659912,5.560670845008017,6.716433252821185,8.216228409859642,50
2,100,d0,logspline,0.28,5.88584418017815,6.176043430096106,1.1031145589739937,4.873367585083436,5.4924473181705995,6.626186160750432,8.074645986913051,50
2,100,d0,logspline,0.29000000000000004,5.812908569083712,6.086676697518787,1.0714827163806464,4.8146708707023995,5.4236551441777685,6.535180727002177,7.932010151858102,50
2,100,d0,logspline,0.3,5.739380349438837,5.996624374871566,1.039729609855136,4.7555103721945375,5.354306527415903,6.44343982348673,7.788370302964306,50
2,100,d0,logspline,0.31,5.665273487411021,5.9059088034061125,1.0078737587821873,4.695894321219562,5.284413650610123,6.350985933987372,7.643773450305587,50
2,100,d0,logspline,0.32,5.590601856757771,5.8145518486719405,0.9759332718165626,4.635830978288947,5.2139886513080995,6.257841116701002,7.498264267627253,50
2,100,d0,logspline,0.33,5.515379213996948,5.722574885093406,0.9439260269637718,4.575328618290308,5.1430435999518656,6.164026972148454,7.351885156370969,50
2,100,d0,logspline,0.34,5.4396191756817345,5.629998813457791,0.9118698496714243,4.514395516693688,5.071590479545614,6.069564616167579,7.204676319105943,50
2,100,d0,logspline,0.35000000000000003,5.363335197749025,5.536844080294695,0.879782720381832,4.4530399364608595,4.998840961247999,5.974474657679611,7.056675839955171,50
2,100,d0,logspline,0.36000000000000004,5.286540556895673,5.443130707373179,0.8476830525598682,4.391270115672856,4.925664053050277,5.858557059411966,6.907919769930553,50
2,100,d0,logspline,0.37,5.209248334001852,5.348878546120591,0.8155901112880798,4.32909425588545,4.855615078924023,5.731214970756502,6.758442215394637,50
2,100,d0,logspline,0.38,5.1314716299949,5.25410763979623,0.7835244991362671,4.266520511217061,4.783271450526275,5.603224479889669,6.608275428145953,50
2,100,d0,logspline,0.39,5.053225134626494,5.15883856222071,0.751508418867437,4.203556986128412,4.704292518528568,5.477756221904631,6.457449895877798,50
2,100,d0,logspline,0.4,4.974526038288676,5.063093399603473,0.7195661964098752,4.138313000133779,4.6248050971564325,5.368306893601968,6.305994501089708,50
2,100,d0,logspline,0.41,4.8953937904518625,4.966897960957568,0.6877257416989067,4.0690643663424755,4.5449159062013695,5.258355979403994,6.1539429982868485,50
2,100,d0,logspline,0.42,4.81584982439844,4.87028426922413,0.656021593903496,3.9996487192246475,4.46181053557255,5.147965006085682,6.001353467922046,50
2,100,d0,logspline,0.43,4.730770427171423,4.773292458082818,0.6244990591593239,3.930097058919883,4.378090187846194,5.048555820644347,5.848311108254983,50
2,100,d0,logspline,0.44,4.638068624212247,4.675971606407713,0.5932152651670402,3.8604442377302735,4.294223088161684,4.942178492886319,5.694923421313126,50
2,100,d0,logspline,0.45,4.545098836729515,4.5783791249345285,0.5622366006049443,3.790729832637237,4.210257620339693,4.830158011290646,5.541315946431103,50
2,100,d0,logspline,0.46,4.451933206830679,4.480580183663079,0.5316370772102795,3.7209976875008897,4.130441816769219,4.718273356327581,5.405380319983269,50
2,100,d0,logspline,0.47,4.357426683662707,4.382647813864438,0.5014981473957331,3.6512954638726183,4.047187629038286,4.606650281123561,5.2702192373976455,50
2,100,d0,logspline,0.48,4.238788264819901,4.284663500215524,0.47191130728157654,3.583206971505378,3.9721979844530075,4.509937006569919,5.1066287281264255,50
2,100,d0,logspline,0.49,4.121303874127327,4.186721988567794,0.442992266372736,3.517300958504135,3.902527914833995,4.41544785509849,4.944162313025039,50
2,100,d0,logspline,0.5,4.013206794834463,4.088933687213687,0.41488558700703526,3.4515528635130552,3.832698903609043,4.324432192134736,4.783200532323333,50
2,100,d0,logspline,0.51,3.9169960905373,3.991422134935369,0.38775502001039586,3.386012041211686,3.7627465800435913,4.232462830918762,4.6300064595767205,50
2,100,d0,logspline,0.52,3.8236145932808823,3.894321147758071,0.3617727450913935,3.3207295344560803,3.6927078143427643,4.114436196530041,4.480819930684106,50
2,100,d0,logspline,0.53,3.735214408375677,3.797772097087579,0.33710784569067104,3.2557578332922033,3.5994992762898623,4.001743074567653,4.334181963756487,50
2,100,d0,logspline,0.54,3.6472865784208564,3.701921417670077,0.3139142531006967,3.191150640288912,3.498195807207574,3.9084391765369464,4.218380266478839,50
2,100,d0,logspline,0.55,3.567370454992668,3.606917508757249,0.2923192069768979,3.1269621650086488,3.4232901464068934,3.813906453320755,4.062633231179054,50
2,100,d0,logspline,0.56,3.4893727073955794,3.512907181972757,0.2724134349429913,3.0632452251819324,3.3484032716463847,3.6987487054292547,3.9127189151785435,50
2,100,d0,logspline,0.5700000000000001,3.411746282260598,3.4200337940060823,0.25424220799776515,3.000050593799959,3.2696047624464297,3.599702807070266,3.778031232503303,50
2,100,d0,logspline,0.5800000000000001,3.3345615280157563,3.328434917215528,0.2377986457942441,2.9374258016971657,3.187636039580946,3.503245522678526,3.670679779548112,50
2,100,d0,logspline,0.59,3.241942988612666,3.2382330804142385,0.22301715037822933,2.8754131847859963,3.1143093695624016,3.390515258421707,3.5729292811572844,50
2,100,d0,logspline,0.6,3.1629477437115803,3.1495254656668514,0.20977981444443353,2.8130432738248974,3.038923409159972,3.2723262931119685,3.4649173136716964,50
2,100,d0,logspline,0.61,3.069340186145797,3.062386994935418,0.19794170165603334,2.751215437372296,2.9594167691769764,3.156263518514489,3.3519771532659615,50
2,100,d0,logspline,0.62,2.9906125707741507,2.9768714500972258,0.18735302752675123,2.6880915627666733,2.874333264702201,3.0578105165120073,3.2597656249815277,50
2,100,d0,logspline,0.63,2.896629791547352,2.893013967237396,0.17787502445767894,2.617158946873548,2.7975188396492814,2.97153822319544,3.177348467889889,50
2,100,d0,logspline,0.64,2.8074696795641048,2.810835531860896,0.16938708619106294,2.5483110772978583,2.718686526630197,2.8926008527388962,3.0957059249174463,50
2,100,d0,logspline,0.65,2.7244392201881187,2.730348891691917,0.1617866634252836,2.4809003535619447,2.639634236589123,2.8172932537325748,3.014915033756912,50
2,100,d0,logspline,0.66,2.6447587838066124,2.6515635469401224,0.15498477414994813,2.415158540098543,2.5606241565336365,2.7315848834631504,2.9350450756331306,50
2,100,d0,logspline,0.67,2.56933135109709,2.574485438579372,0.14890043505226375,2.351308664900273,2.488067145041181,2.658684042004206,2.856158471926573,50
2,100,d0,logspline,0.68,2.489326244269936,2.499115976894433,0.14345774802110725,2.2872941916751817,2.4151928426088483,2.588671739856151,2.775240870169322,50
2,100,d0,logspline,0.6900000000000001,2.408360016562774,2.4254540107929925,0.13858372544131292,2.2238472064876342,2.3441058914340056,2.517928476141321,2.694725603377858,50
2,100,d0,logspline,0.7000000000000001,2.3283444949296688,2.353497303672217,0.13420712533861542,2.1649253034724976,2.278880098763719,2.444391940909689,2.6160051251159464,50
2,100,d0,logspline,0.7100000000000001,2.250798894159445,2.28324250592151,0.13025962884258144,2.1088748129632062,2.2107792682960885,2.37598745853733,2.5390932664688224,50
2,100,d0,logspline,0.72,2.1835294350922547,2.214685083216648,0.12667712536527628,2.0400190589298406,2.1358940237598882,2.3093646960384877,2.463996698650085,50
2,100,d0,logspline,0.73,2.1274341217507358,2.1478191544238037,0.1234007595532834,1.9760282271541985,2.0667413502356946,2.245037690710677,2.3873827155128717,50
2,100,d0,logspline,0.74,2.060594424848545,2.082637461927513,0.12037756560374416,1.917373269765122,2.0041774318241368,2.178138452337878,2.3119902080407053,50
2,100,d0,logspline,0.75,1.9977484463188322,2.0191314755961605,0.11756066037214667,1.8574782590368795,1.943194061773153,2.110478663428899,2.238800080619185,50
2,100,d0,logspline,0.76,1.935266202480106,1.9572914592456427,0.11490913010243353,1.7970262210190224,1.8821222603061518,2.044467506017974,2.1682622957040216,50
2,100,d0,logspline,0.77,1.874853937981615,1.897106319658603,0.11238780767305397,1.7305006408268815,1.8216799475381138,1.9782819058292151,2.0996425505335683,50
2,100,d0,logspline,0.78,1.8149064304852311,1.8385635685948196,0.1099668595987274,1.6763746079467272,1.7653510003692605,1.9165050091184956,2.0329196770240383,50
2,100,d0,logspline,0.79,1.7562189068648184,1.7816494197607333,0.10762118435230304,1.6276151732560051,1.7088867584290783,1.8612557900467042,1.9680697628203285,50
2,100,d0,logspline,0.8,1.700924753093851,1.7263485831121328,0.10532997193986006,1.5804157588584977,1.6508303166205187,1.8024431632577038,1.9050665755514329,50
2,100,d0,logspline,0.81,1.648179914564774,1.6726439944249116,0.10307632157189994,1.5287727786906484,1.5986915094618461,1.7470659163668145,1.846367855122597,50
2,100,d0,logspline,0.8200000000000001,1.5972595796954283,1.6205164593622434,0.10084690019359396,1.4770360008582872,1.5484040094446505,1.6957736915807748,1.7905941862152037,50
2,100,d0,logspline,0.8300000000000001,1.5505367128846361,1.5699446528398557,0.09863145836308825,1.4275127937524368,1.4997394656601082,1.6456955336093126,1.7363438543315006,50
2,100,d0,logspline,0.8400000000000001,1.5034537560389643,1.5209053536641735,0.09642222179822539,1.3801302678163063,1.4528078239298932,1.5931025243928572,1.683591409491132,50
2,100,d0,logspline,0.85,1.4560808720274498,1.473373487095453,0.09421332665572874,1.3348102604259324,1.408891948765039,1.5401654674382532,1.632310566651235,50
2,100,d0,logspline,0.86,1.4120965943595127,1.4273222643689631,0.09200047119745974,1.2914706604641113,1.366478249717995,1.4888360376778933,1.5843996494330388,50
2,100,d0,logspline,0.87,1.3715122441360605,1.382723384489623,0.0897807305242703,1.2500265172891842,1.3223210303675041,1.4391230223538973,1.5396609082924653,50
2,100,d0,logspline,0.88,1.3289971715564426,1.3395465292787214,0.08755311770256871,1.2103909616755881,1.2801348921057283,1.3910335299214882,1.493676816280039,50
2,100,d0,logspline,0.89,1.2869717734835238,1.2977584911836362,0.08531949774962956,1.1712785137096668,1.238898810364975,1.34559162503927,1.4450316479181609,50
2,100,d0,logspline,0.9,1.2497866819870564,1.257323505922775,0.08308411447074188,1.1331963912116754,1.2018332066417645,1.3047908592681141,1.3978824236117888,50
2,100,d0,logspline,0.91,1.2119817196144989,1.2182036882977534,0.08085275409393093,1.0968741217424167,1.1648251592124432,1.2643620176692358,1.3539840317628606,50
2,100,d0,logspline,0.92,1.1774513563826363,1.1803592566810934,0.07863217498088215,1.0619599458010938,1.1286030112977534,1.2261881030824044,1.3122239083641332,50
2,100,d0,logspline,0.93,1.1438191545806595,1.1437480071132824,0.07643017385033778,1.0284725897066962,1.0926107206517885,1.1891356720052393,1.271708828065727,50
2,100,d0,logspline,0.94,1.1110550805051829,1.1083250575017909,0.07425552596151222,0.996491967725877,1.0581262755414464,1.1519792301208054,1.2324096727295282,50
2,100,d0,logspline,0.95,1.0773788837745117,1.0740444240697335,0.07211820209760496,0.9659135684130311,1.025090945280363,1.1132199294187,1.1942973444172182,50
2,100,d0,logspline,0.96,1.0459388698394236,1.0408677097390688,0.07003378058571288,0.9366421227365239,0.9931275112072901,1.076915898073892,1.157470674744865,50
2,100,d0,logspline,0.97,1.0191962048475158,1.008763548663554,0.06801997958940043,0.9085904646521263,0.9620909416194692,1.0423866687695973,1.1218401660552162,50
2,100,d0,logspline,0.98,0.9895810868184934,0.9776998671646706,0.06608822936354981,0.8816784669592805,0.9321437271768946,1.0069311961582461,1.087299770651076,50
2,100,d0,logspline,0.99,0.9583802139558032,0.9476430961286677,0.06424295053305779,0.8532507061261723,0.9032384891837938,0.9759538161157748,1.0538206432700747,50
2,100,d0,logspline,1,0.929065517390578,0.9185590423562741,0.06248360582773707,0.8254613678060834,0.8753304926493997,0.952272198296058,1.021374149833508,50
2,100,d1,ecdf,0.01,Inf,Inf,NA,Inf,Inf,Inf,Inf,0
2,100,d1,ecdf,0.02,Inf,Inf,NA,Inf,Inf,Inf,Inf,0
2,100,d1,ecdf,0.03,Inf,Inf,NA,Inf,Inf,Inf,Inf,0
2,100,d1,ecdf,0.04,Inf,Inf,NA,Inf,Inf,Inf,Inf,0
2,100,d1,ecdf,0.05,Inf,Inf,NA,Inf,Inf,Inf,Inf,0
2,100,d1,ecdf,0.06,Inf,Inf,NA,Inf,Inf,Inf,Inf,0
2,100,d1,ecdf,0.06999999999999999,Inf,Inf,NA,Inf,Inf,Inf,Inf,0
2,100,d1,ecdf,0.08,Inf,Inf,NA,Inf,Inf,Inf,Inf,0
2,100,d1,ecdf,0.09,Inf,Inf,NA,Inf,Inf,Inf,Inf,0
2,100,d1,ecdf,0.1,Inf,Inf,NA,Inf,Inf,Inf,Inf,0
2,100,d1,ecdf,0.11,Inf,Inf,NA,Inf,Inf,Inf,Inf,0
2,100,d1,ecdf,0.12,Inf,Inf,NA,Inf,Inf,Inf,Inf,0
2,100,d1,ecdf,0.13,Inf,Inf,NA,Inf,Inf,Inf,Inf,0
2,100,d1,ecdf,0.14,Inf,Inf,NA,Inf,Inf,Inf,Inf,0
2,100,d1,ecdf,0.15000000000000002,Inf,Inf,NA,Inf,Inf,Inf,Inf,0
2,100,d1,ecdf,0.16,Inf,Inf,NA,Inf,Inf,Inf,Inf,0
2,100,d1,ecdf,0.17,Inf,Inf,NA,Inf,Inf,Inf,Inf,0
2,100,d1,ecdf,0.18000000000000002,Inf,Inf,NA,Inf,Inf,Inf,Inf,0
2,100,d1,ecdf,0.19,Inf,Inf,NA,Inf,Inf,Inf,Inf,0
2,100,d1,ecdf,0.2,Inf,Inf,NA,Inf,Inf,Inf,Inf,0
2,100,d1,ecdf,0.21,Inf,Inf,NA,Inf,Inf,Inf,Inf,0
2,100,d1,ecdf,0.22,Inf,Inf,NA,Inf,Inf,Inf,Inf,0
2,100,d1,ecdf,0.23,Inf,Inf,NA,Inf,Inf,Inf,Inf,0
2,100,d1,ecdf,0.24,Inf,Inf,NA,Inf,Inf,Inf,Inf,0
2,100,d1,ecdf,0.25,Inf,Inf,NA,Inf,Inf,Inf,Inf,0
2,100,d1,ecdf,0.26,Inf,Inf,NA,Inf,Inf,Inf,Inf,0
2,100,d1,ecdf,0.27,Inf,Inf,NA,Inf,Inf,Inf,Inf,0
2,100,d1,ecdf,0.28,Inf,Inf,NA,Inf,Inf,Inf,Inf,0
2,100,d1,ecdf,0.29000000000000004,Inf,Inf,NA,Inf,Inf,Inf,Inf,0
2,100,d1,ecdf,0.3,Inf,Inf,NA,Inf,Inf,Inf,Inf,1
2,100,d1,ecdf,0.31,Inf,Inf,NA,Inf,Inf,Inf,Inf,2
2,100,d1,ecdf,0.32,Inf,Inf,NA,Inf,Inf,Inf,Inf,2
2,100,d1,ecdf,0.33,Inf,Inf,NA,Inf,Inf,Inf,Inf,3
2,100,d1,ecdf,0.34,Inf,Inf,NA,Inf,Inf,Inf,Inf,3
2,100,d1,ecdf,0.35000000000000003,Inf,Inf,NA,Inf,Inf,Inf,Inf,3
2,100,d1,ecdf,0.36000000000000004,Inf,Inf,NA,4.33408842831658,Inf,Inf,Inf,4
2,100,d1,ecdf,0.37,Inf,Inf,NA,4.3878793673506475,Inf,Inf,Inf,5
2,100,d1,ecdf,0.38,Inf,Inf,NA,4.440182019157011,Inf,Inf,Inf,7
2,100,d1,ecdf,0.39,Inf,Inf,NA,4.491072376870274,Inf,Inf,Inf,10
2,100,d1,ecdf,0.4,Inf,Inf,NA,4.540620666761764,4.540620666761764,Inf,Inf,16
2,100,d1,ecdf,0.41,Inf,Inf,NA,3.89574473753368,4.588891918093626,Inf,Inf,17
2,100,d1,ecdf,0.42,Inf,Inf,NA,3.9427992837331223,4.635946464293068,Inf,Inf,22
2,100,d1,ecdf,0.43,Inf,Inf,NA,3.988693204586145,4.68184038514609,Inf,Inf,25
2,100,d1,ecdf,0.44,4.7266258981486144,Inf,NA,4.033478717588669,4.7266258981486144,Inf,Inf,32
2,100,d1,ecdf,0.45,4.770351705872335,Inf,NA,3.6717394172042246,4.077204525312389,Inf,Inf,36
2,100,d1,ecdf,0.46,4.813063305147283,Inf,NA,3.714451016479173,4.119916124587338,4.813063305147283,Inf,38
2,100,d1,ecdf,0.47,4.508229672709411,Inf,NA,3.468508901869493,3.8575572513483145,4.854803262989384,Inf,38
2,100,d1,ecdf,0.48,4.202464282914821,Inf,NA,3.3865881491320606,3.796999174806657,4.895611463474767,Inf,39
2,100,d1,ecdf,0.49,4.2423781485960435,Inf,NA,3.4265020148132828,3.836913040487879,4.935525329155989,Inf,43
2,100,d1,ecdf,0.5,4.2814328395468095,Inf,NA,3.365142107672654,3.5882856589868637,4.974580020106754,Inf,46
2,100,d1,ecdf,0.51,3.914196324585656,Inf,NA,3.30309384458299,3.626514252133875,4.31966143269382,5.012808613253766,48
2,100,d1,ecdf,0.52,3.951629975624755,Inf,NA,3.104332115237551,3.304063184263298,4.357095083732919,5.050242264292865,48
2,100,d1,ecdf,0.53,3.7006159930603744,Inf,NA,3.0675579391814645,3.29515088495221,3.988298065512155,5.086910354180265,48
2,100,d1,ecdf,0.54,3.5134027094950326,Inf,NA,2.9256160445929136,3.1769304728738197,4.024228333261023,5.122840621929133,49
2,100,d1,ecdf,0.55,3.457460594388392,3.5899821541046597,0.6837953771039076,2.7601640124210993,3.078617743539634,4.05944699655136,5.15805928521947,50
2,100,d1,ecdf,0.56,3.246681001083732,3.399510634277604,0.5754812478611807,2.6636610111306,2.9953665728028263,3.583153237704945,4.4994439695791,50
2,100,d1,ecdf,0.5700000000000001,3.1470181695299644,3.23642935525545,0.46570075988769577,2.6567701875168077,2.9238746182157542,3.434700241981745,4.127847422541691,50
2,100,d1,ecdf,0.5800000000000001,3.0624626653773737,3.106758155692829,0.43707331949906014,2.547187647154847,2.8617919699152226,3.31377709365828,3.8733928815937024,50
2,100,d1,ecdf,0.59,2.894399609411439,2.9827506009906615,0.36231258603332334,2.4590815381535935,2.8073882324218093,3.2128533405299735,3.6008122692184292,50
2,100,d1,ecdf,0.6,2.8393960572443415,2.87426590427951,0.38153828458098415,2.379863727865901,2.6335007238018693,3.021717614038296,3.5325432378042865,50
2,100,d1,ecdf,0.61,2.716672474847033,2.7704863583107153,0.3650355509723492,2.3075769320159223,2.5831410822225105,2.957834531663921,3.409819655406978,50
2,100,d1,ecdf,0.62,2.5533809921372925,2.656476329618242,0.3448820285673051,2.205240235347881,2.4421553570270684,2.8816770094871242,3.2541504284683,50
2,100,d1,ecdf,0.63,2.4995082291076067,2.5525942630169878,0.3206354453174287,2.0987574490366816,2.3258711442805935,2.833437247138942,3.0190183248405384,50
2,100,d1,ecdf,0.64,2.4509717990111475,2.4762545217512053,0.3001238457420589,2.0127168680799925,2.311209856635989,2.6589591948712488,2.925778204324047,50
2,100,d1,ecdf,0.65,2.384939030131888,2.3871095536178717,0.2789116265568341,1.9316176646794276,2.2571056586220033,2.5315425043237636,2.767931282387994,50
2,100,d1,ecdf,0.66,2.285885013364042,2.3217629437675518,0.28380058499507343,1.9061724639726692,2.172556328057038,2.496831023635893,2.671547494176026,50
2,100,d1,ecdf,0.67,2.219035784866976,2.2235705649461277,0.2539390902507007,1.8694948268270963,2.0673205701570163,2.355002642608797,2.5373241994027516,50
2,100,d1,ecdf,0.68,2.15968471037134,2.14607258300239,0.2333635632580983,1.823212473750127,1.9638566421779733,2.2933504720163014,2.4698396386751793,50
2,100,d1,ecdf,0.6900000000000001,2.0917432435162677,2.0771805922891775,0.2152566777902988,1.7576715036455721,1.9246891588531017,2.1542636004976017,2.3918270771006878,50
2,100,d1,ecdf,0.7000000000000001,2.0179567352117083,2.0158083091205974,0.20974327229713813,1.7122433736266132,1.8835299303732722,2.1186675992953954,2.3193382947575465,50
2,100,d1,ecdf,0.7100000000000001,1.903997561335572,1.938288703322365,0.19970150663598535,1.679946953803631,1.8350046898486203,2.030749266974716,2.225714377686439,50
2,100,d1,ecdf,0.72,1.8610758929470053,1.8618006957104043,0.17968512469048126,1.5902009388116056,1.760766054118559,1.9541663160130172,2.1747214001002027,50
2,100,d1,ecdf,0.73,1.8015795216053032,1.797132134087025,0.17382189899686118,1.5416034969919208,1.6906539191505081,1.9035919718346543,2.0587922270032655,50
2,100,d1,ecdf,0.74,1.7483701809197147,1.7348535322082703,0.16111541635231172,1.491125049614096,1.6411246505661174,1.8268417963612105,2.04370743474926,50
2,100,d1,ecdf,0.75,1.6575943859527529,1.673440964579555,0.151217075095682,1.4530759478682718,1.60040066262513,1.7685704422115027,1.9593457550984017,50
2,100,d1,ecdf,0.76,1.6013943093161607,1.6138010732288168,0.13822226653710015,1.4043141950766374,1.537572681201844,1.707586475397396,1.8762091878331888,50
2,100,d1,ecdf,0.77,1.5580472847340223,1.5518722168743075,0.12889576263997807,1.3420367645917697,1.4647317557324562,1.6490190629397492,1.7357553064270044,50
2,100,d1,ecdf,0.78,1.5118522511091828,1.5004256666158544,0.12366035419287218,1.288182763406994,1.4122656201970532,1.6112247249223866,1.6695920851061399,50
2,100,d1,ecdf,0.79,1.4510909607313844,1.4414405790214784,0.11770826537538902,1.238681320550529,1.3506924856724047,1.535263762200375,1.5987474189538404,50
2,100,d1,ecdf,0.8,1.4022689962158679,1.3884298858037356,0.11490547753966066,1.184451553243735,1.3059856867807227,1.4803700689960322,1.552291251316281,50
2,100,d1,ecdf,0.81,1.3525294696744872,1.3399123459557942,0.11299844298345237,1.1268177126911132,1.275008612663151,1.4192208441731595,1.4975121941545106,50
2,100,d1,ecdf,0.8200000000000001,1.3023632283751194,1.2921000587097078,0.10246175038006573,1.0894726200213642,1.2440943202511436,1.364238632093207,1.4364823825879967,50
2,100,d1,ecdf,0.8300000000000001,1.2521375309319183,1.2498249876470164,0.09187189723376718,1.079732432188375,1.1978440076053356,1.3219597930235976,1.3815608302562352,50
2,100,d1,ecdf,0.8400000000000001,1.2108233552917362,1.2015345531201775,0.08489303497179031,1.0387337579345568,1.155598098073868,1.2486458189982133,1.3384446813932482,50
2,100,d1,ecdf,0.85,1.1688326020879636,1.1654924416771153,0.08048430812106729,1.0312112242119158,1.1130412424595482,1.2236110668493436,1.2865749248997846,50
2,100,d1,ecdf,0.86,1.1264848670253658,1.1316747922502877,0.08434362607761978,0.9863940680525509,1.081364431744896,1.1879574450879016,1.2587365594256983,50
2,100,d1,ecdf,0.87,1.0876384876149323,1.093351752470249,0.08834812608533009,0.9408943590661265,1.0450788731961365,1.1531492568869877,1.2442075483064725,50
2,100,d1,ecdf,0.88,1.0518718894249068,1.0613569111441408,0.08878866850778833,0.9163587546702914,1.0132481612948048,1.122823625397191,1.207164773830942,50
2,100,d1,ecdf,0.89,1.012359305303386,1.0257122484018957,0.09080401711839997,0.8878645366860678,0.9806106069888056,1.0773324599801177,1.1831398670889328,50
2,100,d1,ecdf,0.9,0.9913154461596998,0.9890973394924251,0.08118626108422636,0.8712747481357204,0.9400173592178616,1.0356373426455172,1.127055905889955,50
2,100,d1,ecdf,0.91,0.9656971246722525,0.9557059710555623,0.07936166394929704,0.8347333027931991,0.9040142432711666,0.9957119050748144,1.0900941757898837,50
2,100,d1,ecdf,0.92,0.9304928714281169,0.9180731354747353,0.07724982692520392,0.8009348523418283,0.864116460419443,0.9603450288175704,1.046822064474483,50
2,100,d1,ecdf,0.93,0.8899332454700669,0.8834743777479894,0.07972127084035359,0.7657786668500834,0.8260510916789265,0.9303121020033358,1.0289977490163775,50
2,100,d1,ecdf,0.94,0.8549898612524811,0.8538303633817992,0.07611815763970124,0.7347677972087715,0.7990906391171412,0.8997283137586001,0.9840242156010885,50
2,100,d1,ecdf,0.95,0.8273269906553514,0.8288152743623913,0.0773726701998018,0.7143813473062381,0.7716329590041913,0.8687429739374155,0.9704809261649037,50
2,100,d1,ecdf,0.96,0.799195976825878,0.7985715707054931,0.0774508833955561,0.6785473306851566,0.7438082432439992,0.842250433503191,0.9393741716203072,50
2,100,d1,ecdf,0.97,0.7750831394885396,0.7738832436189546,0.07707513133072179,0.6498576182194471,0.728166219700788,0.8197334132262786,0.9010447530414833,50
2,100,d1,ecdf,0.98,0.7399637123598237,0.7435288704177788,0.07255100183788342,0.6260197848998683,0.6983959917669809,0.7974854132290536,0.8576858128587974,50
2,100,d1,ecdf,0.99,0.7092658752610872,0.7158646112835788,0.07258312656593817,0.6027206821960022,0.6658431078578699,0.7713088598976319,0.8329577010409088,50
2,100,d1,ecdf,1,0.6881480194811924,0.6884599813937632,0.07189456928704022,0.5718401328191723,0.6472533150970643,0.7327704996318093,0.7926834960099675,50
2,100,d1,logspline,0.01,3.105980511956929,4.355433731777432,3.743641021777488,1.7197410139916545,2.45277512156622,5.4870335585607135,9.75619974093128,50
2,100,d1,logspline,0.02,3.743911608554259,4.981640508545826,3.705929120363313,2.3713246674002857,3.0965348361100578,6.103986781051106,10.336684075766954,50
2,100,d1,logspline,0.03,4.093172224362381,5.3184218571753705,3.6654687228059575,2.734646778185452,3.4518120855555563,6.431439269080702,10.625671816421498,50
2,100,d1,logspline,0.04,4.3236641683968715,5.53570955161239,3.6224116492994183,2.9796073009537407,3.6885076985702065,6.639299658278569,10.7931053600809,50
2,100,d1,logspline,0.05,4.488635815021031,5.686789919065236,3.576947327777702,3.1592926939055896,3.8598686872802515,6.780825764976589,10.89228859675698,50
2,100,d1,logspline,0.06,4.611808617365565,5.795427418788072,3.529286404638895,3.2975223914678575,3.9898920131377684,6.879750987685035,10.94701219160755,50
2,100,d1,logspline,0.06999999999999999,4.705839659656889,5.874324500753723,3.479645920872878,3.407002549558495,4.092063696457094,6.9487467201228075,10.9700146567912,50
2,100,d1,logspline,0.08,4.778287506740399,5.931085294167488,3.42823770933298,3.495287142760808,4.172866437195819,6.995388037308012,10.968946536324303,50
2,100,d1,logspline,0.09,4.834031035717004,5.970632909236644,3.3752605390905,3.567249832832803,4.235898419680022,7.024572343299345,10.948787457427715,50
2,100,d1,logspline,0.1,4.8764049611285945,5.996344018471778,3.3208956977489965,3.6262195265910453,4.284488026559874,7.039654696015097,10.91297982723571,50
2,100,d1,logspline,0.11,4.907791230322689,6.010639773749039,3.265305270613853,3.6745718070298454,4.323413487773589,7.043038989932185,10.864018413905269,50
2,100,d1,logspline,0.12,4.929951976588383,6.0153186078852,3.208632276637123,3.71400180470756,4.354044331340242,7.036510688473591,10.803781554103026,50
2,100,d1,logspline,0.13,4.944228719147167,6.011755486681138,3.1510019211777958,3.745098940276424,4.376646070392491,7.021435799299919,10.733728720360617,50
2,100,d1,logspline,0.14,4.951667508950591,6.0010272167870475,3.0925234052812605,3.7696905369384677,4.3923302896368215,6.998885795389914,10.655024180756733,50
2,100,d1,logspline,0.15000000000000002,4.953100773467332,5.983994499271848,3.03329191399273,3.788601106657331,4.402169115955902,6.969719238728548,10.568617526710796,50
2,100,d1,logspline,0.16,4.949202673717224,5.96135750375951,2.9733905562981433,3.8024965614265263,4.406832134483375,6.934636923121483,10.475297894574425,50
2,100,d1,logspline,0.17,4.940527631261986,5.933694600355638,2.9128921374647847,3.8119227838421543,4.4068690464348705,6.894220196676072,10.37573154223361,50
2,100,d1,logspline,0.18000000000000002,4.927592009035056,5.901490024514526,2.8518607151318145,3.8173331515757605,4.40273717609025,6.848958250334239,10.270488560870174,50
2,100,d1,logspline,0.19,4.9133079838009035,5.8651540630624135,2.7903529324259164,3.819108605615802,4.394821521536883,6.799267964598185,10.160062302553413,50
2,100,d1,logspline,0.2,4.8954714492441624,5.825038061676982,2.728419143648306,3.817572560696288,4.383305624576739,6.742421251970909,10.044883808762773,50
2,100,d1,logspline,0.21,4.8743672343994255,5.781445769287068,2.6661043579461983,3.813002170005091,4.3679739920454574,6.6787216838752315,9.925332735969992,50
2,100,d1,logspline,0.22,4.85024262423023,5.734642042030127,2.603449029023165,3.8056369631190163,4.349700605496834,6.611471156730359,9.801745779883124,50
2,100,d1,logspline,0.23,4.82331404137603,5.684859611638949,2.5404897177638754,3.795685558628625,4.328698803846897,6.5409183246255305,9.67442328211709,50
2,100,d1,logspline,0.24,4.793772296238585,5.632304413366642,2.477259651740725,3.7833309436895717,4.305156322176709,6.4672852130699265,9.543634494263689,50
2,100,d1,logspline,0.25,4.761786756990477,5.577159827157121,2.4137892021335747,3.7687346719318917,4.278852559575855,6.390771293390762,9.409621834528068,50
2,100,d1,logspline,0.26,4.727508694488649,5.519590088639468,2.3501062952657072,3.752040234587139,4.249733457024452,6.311556752724702,9.272604376897794,50
2,100,d1,logspline,0.27,4.690483199573357,5.459743058665963,2.2862367730383615,3.7333757923108406,4.218510894443944,6.229805145698761,9.134045133860397,50
2,100,d1,logspline,0.28,4.6500816547906005,5.397752491970601,2.2222047141429333,3.71285640741894,4.186618888111017,6.145665565962579,8.994193962729273,50
2,100,d1,logspline,0.29000000000000004,4.607740533186391,5.33373991088782,2.1580327260576713,3.690585881917009,4.153032121241619,6.0592744412814525,8.851887769351915,50
2,100,d1,logspline,0.3,4.563562241904788,5.267816167775759,2.093742215959787,3.666658281681414,4.117683339872723,5.970757030822711,8.707276131749827,50
2,100,d1,logspline,0.31,4.518745528623924,5.200082796589942,2.0293536416556255,3.641159208699351,4.080662470943684,5.880228684804919,8.560496076377552,50
2,100,d1,logspline,0.32,4.473224950002853,5.130633176772164,1.9648867498944678,3.61416686951131,4.042051972836248,5.7877959129439756,8.411673382438032,50
2,100,d1,logspline,0.33,4.420905098602038,5.059553511074478,1.9003608058084085,3.5833666082701123,4.001927729404666,5.693557297814855,8.260923720472887,50
2,100,d1,logspline,0.34,4.370244399126379,4.986923636755216,1.835794843621742,3.548442498744378,3.960359808795968,5.598694598829162,8.10120871729725,50
2,100,d1,logspline,0.35000000000000003,4.318147850354718,4.912817726463887,1.771207927641634,3.5121880608396925,3.917413110848389,5.504069980909454,7.921507902973403,50
2,100,d1,logspline,0.36000000000000004,4.266995759090758,4.837304880074925,1.7066194530057999,3.474120742736664,3.8731479221513867,5.407902692991095,7.740161532493683,50
2,100,d1,logspline,0.37,4.2157808928471905,4.7604496558353295,1.642049493368705,3.4342920958148495,3.827620394176627,5.310265712456419,7.557256106642717,50
2,100,d1,logspline,0.38,4.1633257781717035,4.6823127336869605,1.5775191625170013,3.3932976854253174,3.7808829569984965,5.211227215045872,7.372871606824921,50
2,100,d1,logspline,0.39,4.109681236953495,4.602951458093902,1.5130510254234655,3.351189620005835,3.7327340761874925,5.110850979020162,7.1870821049635145,50
2,100,d1,logspline,0.4,4.054895008052148,4.522420274630877,1.4486695816513322,3.3080177548394665,3.6830924023240557,5.009196752876875,6.999956307388297,50
2,100,d1,logspline,0.41,3.9990129440108677,4.440771500381418,1.3844019238597178,3.2675269567680063,3.6320586145913216,4.912845647546723,6.8115580407286895,50
2,100,d1,logspline,0.42,3.942080681848134,4.358056333060259,1.3202785976001676,3.231237146148037,3.579269032907334,4.81686206696534,6.621946686731869,50
2,100,d1,logspline,0.43,3.884143870180055,4.274325612181426,1.2563345108434982,3.194063709403374,3.525617913532381,4.728664751651473,6.431177572004163,50
2,100,d1,logspline,0.44,3.8252481103652194,4.18963048038741,1.192610026545107,3.156047225026742,3.4711643914247077,4.639418128753358,6.241028168119763,50
2,100,d1,logspline,0.45,3.76543890244738,4.104023173642695,1.1291527443342655,3.1172272977803663,3.4159681315275177,4.549165103821906,6.050093898089097,50
2,100,d1,logspline,0.46,3.7047286197975042,4.0175591437138785,1.066020907235299,3.0776434457815496,3.362053438952086,4.457952893613337,5.8581469455679045,50
2,100,d1,logspline,0.47,3.6382289792612816,3.9302983107440057,1.003287097771444,3.037335278996771,3.3082472084447136,4.3658343724584245,5.6652295624813025,50
2,100,d1,logspline,0.48,3.559604253000912,3.842304764980991,0.941042365901642,2.996342475504811,3.2537314135890196,4.260499309303462,5.47138138295665,50
2,100,d1,logspline,0.49,3.4743220016200578,3.753646471992553,0.8794027704605513,2.954704756926468,3.1985593599782187,4.140567013055699,5.276639631254881,50
2,100,d1,logspline,0.5,3.3983962895985185,3.6644041889190575,0.8185533991590044,2.9124618637540447,3.1430583044210296,4.0202512315449415,5.081039585603145,50
2,100,d1,logspline,0.51,3.3263499108901122,3.5746941650405732,0.7588358213480322,2.8696535304855058,3.0865344859121384,3.8997548595038585,4.884642071465582,50
2,100,d1,logspline,0.52,3.2539341969920397,3.4846694220464505,0.7007210359495541,2.8263194605451663,3.0270512892407906,3.779302062541375,4.696357464918897,50
2,100,d1,logspline,0.53,3.1879609514616503,3.3945123786245306,0.644751734307137,2.782499301025437,2.9669930736360586,3.659134053143009,4.530448345873704,50
2,100,d1,logspline,0.54,3.123613628257214,3.3044252484681595,0.5914899099423061,2.7382326173182756,2.9064517547060733,3.539505322101392,4.364913813947651,50
2,100,d1,logspline,0.55,3.0570023541497546,3.2146226344605875,0.5414722625061582,2.6935588677250335,2.846619837342723,3.4206802683907966,4.200205490587569,50
2,100,d1,logspline,0.56,2.9871921989036205,3.125326455353394,0.495169838714003,2.648338462103907,2.7861556325475845,3.3029301803730062,4.0404445860558456,50
2,100,d1,logspline,0.5700000000000001,2.917362788328316,3.036761184378229,0.4529434171632378,2.6027484867114126,2.726467855527043,3.186530526912339,3.8748678248117425,50
2,100,d1,logspline,0.5800000000000001,2.8495835526245474,2.949149621394651,0.41499696498907673,2.55689264514991,2.6613377242167964,3.0717585201940816,3.6591212996208426,50
2,100,d1,logspline,0.59,2.7854400840136853,2.862708924614567,0.38133641408446733,2.510162847320796,2.5998462662408324,2.9615349235669752,3.50747879053782,50
2,100,d1,logspline,0.6,2.721412718293809,2.7776464340570977,0.35174543948118797,2.460527945055594,2.5393112003320817,2.89110355420598,3.3600106283572426,50
2,100,d1,logspline,0.61,2.651615561834536,2.694153935786596,0.32579188039531115,2.396476728962189,2.4795247496524886,2.7881297965394083,3.2380372461911415,50
2,100,d1,logspline,0.62,2.5595516987389164,2.6123769823058307,0.30288467918145684,2.3197353159800054,2.4208794249736236,2.6754510450218856,3.1178334250171535,50
2,100,d1,logspline,0.63,2.483259618069197,2.5323790081295288,0.28242773780936187,2.244524118838185,2.348644569999448,2.5991673970920877,2.9997280882072155,50
2,100,d1,logspline,0.64,2.4142494051787704,2.4541706438214566,0.26395875867980056,2.1488655333743276,2.2887555732923017,2.527524800476208,2.8840470923029,50
2,100,d1,logspline,0.65,2.3375174305219257,2.377734191643053,0.24717839934504307,2.0456715195857322,2.2377202719254674,2.462846499732139,2.7712407825626846,50
2,100,d1,logspline,0.66,2.244042115669306,2.303039719785148,0.23191504914455482,1.9886277946581097,2.180184759797381,2.3985068312516296,2.6754267371925593,50
2,100,d1,logspline,0.67,2.173290026346132,2.2300680177476377,0.21805432215744844,1.932509823152996,2.1210441052783726,2.3290585811119553,2.582678863397823,50
2,100,d1,logspline,0.68,2.112178782861227,2.1588091502705455,0.20550228859784644,1.8773577440484508,2.0604744491735887,2.2614266675225543,2.4917206831768075,50
2,100,d1,logspline,0.6900000000000001,2.054743597943208,2.0892562844205957,0.19417502153250799,1.822004537699343,1.9853346487689827,2.1963154157234652,2.4026348351246654,50
2,100,d1,logspline,0.7000000000000001,2.00143336481349,2.0214024251502165,0.1839942775305984,1.7570856731294249,1.9201052151262523,2.1337903386664,2.3074615447945543,50
2,100,d1,logspline,0.7100000000000001,1.9479147956480398,1.9552391911653395,0.1748854820913212,1.6883309832035058,1.8565039325565957,2.0682762859946644,2.2111924599188306,50
2,100,d1,logspline,0.72,1.892153670175671,1.8907564737742468,0.16677632982398308,1.6229812358529236,1.7979132276773662,2.0138458269470085,2.1212005523637973,50
2,100,d1,logspline,0.73,1.8344444038384775,1.827941829243699,0.15959523606989087,1.5617741582422289,1.7432840401234335,1.9501879277676317,2.0365747367010263,50
2,100,d1,logspline,0.74,1.7747749642467547,1.7667796320660112,0.15327036460301063,1.5043953097937244,1.6866737294533916,1.8895608812388625,1.9606153668220845,50
2,100,d1,logspline,0.75,1.7156914984018208,1.7072514071077596,0.14773054468714414,1.45401723688046,1.6288444195033478,1.826490249687427,1.8926104081076587,50
2,100,d1,logspline,0.76,1.66198881485031,1.6493371820263965,0.14290640751264166,1.4054003676109939,1.572579718474529,1.7577590389912254,1.8305543254957535,50
2,100,d1,logspline,0.77,1.6080138921195544,1.5930206247097924,0.13873021805740626,1.3539502348883907,1.5172935711626871,1.687133530643538,1.7748445942125477,50
2,100,d1,logspline,0.78,1.5565751411576172,1.5383215185335475,0.13511214382009765,1.3057468388479063,1.456376285016799,1.6429859512013527,1.708859697691675,50
2,100,d1,logspline,0.79,1.50016815122145,1.4852951206045275,0.13189992522515492,1.2619358423015332,1.4038978486934202,1.5924509346962725,1.6519945453031495,50
2,100,d1,logspline,0.8,1.4480036363228077,1.4339663052996896,0.12891745796919368,1.2201678700096543,1.3560071821063917,1.542045223215591,1.6001049930401618,50
2,100,d1,logspline,0.81,1.4007384237313387,1.3843149251014921,0.12602784010296,1.1763281908575571,1.3097871618924128,1.4845442696916034,1.5504614048168563,50
2,100,d1,logspline,0.8200000000000001,1.3479027777993018,1.3362900354624268,0.12315809960914406,1.130145879763567,1.2606827555863176,1.4324175745159258,1.5018317270653117,50
2,100,d1,logspline,0.8300000000000001,1.3002692404496563,1.2898235335449757,0.12029256270905828,1.0857597033060342,1.2132036621376954,1.3820040526601856,1.4542187445640709,50
2,100,d1,logspline,0.8400000000000001,1.2556423202327016,1.2448407875815666,0.11745200694898311,1.043113728423108,1.1678116847188298,1.3328881422816916,1.4076230888925982,50
2,100,d1,logspline,0.85,1.2121452333846123,1.2012652525317027,0.11467050840579716,1.002151862159871,1.1268761285663895,1.2821623827607063,1.3639197196591604,50
2,100,d1,logspline,0.86,1.1697731036071537,1.1590212786039376,0.11197639319017279,0.9628180210012145,1.0876797362707147,1.235155214402635,1.3232108280800796,50
2,100,d1,logspline,0.87,1.128520452324365,1.1180432573481198,0.10937836763275954,0.925056275874132,1.0480512712140762,1.190658775588389,1.2813415992183987,50
2,100,d1,logspline,0.88,1.0887347696813117,1.0782775235385595,0.10686731276766635,0.8888109760435798,1.0082343195394445,1.1484745255429858,1.2389239680708686,50
2,100,d1,logspline,0.89,1.049348887850344,1.0396798546513182,0.10442449507303798,0.8540268545634038,0.9768071135639024,1.1046349436557057,1.1974111498373488,50
2,100,d1,logspline,0.9,1.010622560568109,1.0022146790759647,0.10202900039605481,0.8206491174808505,0.9438355665164587,1.0672250167059114,1.1568112725310817,50
2,100,d1,logspline,0.91,0.9760979585843232,0.9658547793535424,0.09966362658214245,0.7886235186115793,0.9044555336828426,1.0324544474571924,1.1171316809732126,50
2,100,d1,logspline,0.92,0.9388562048918463,0.9305779614572978,0.09731781071047499,0.757896421386919,0.8679965389565418,0.9970025821184095,1.078378959591946,50
2,100,d1,logspline,0.93,0.9013257036000955,0.8963637992040747,0.094987301441847,0.7284148490140956,0.836228334902149,0.9614731066232749,1.0405589508732107,50
2,100,d1,logspline,0.94,0.8706062425612274,0.863192930937754,0.09267287618352889,0.7007848379501496,0.8052057918055647,0.926784121914993,1.0052311939830731,50
2,100,d1,logspline,0.95,0.8372093497847501,0.8310466931986145,0.09037888757964707,0.6772098804782269,0.7706564645674101,0.8933355375518963,0.9717550605544116,50
2,100,d1,logspline,0.96,0.8044781462095594,0.7999070694793031,0.08811164040000173,0.654460418181808,0.7420328194988977,0.8611880396472937,0.9398155705931321,50
2,100,d1,logspline,0.97,0.7728031530244219,0.7697566568442716,0.08587754865394283,0.6324879735932267,0.7099652022929951,0.827774814664276,0.9088991679720086,50
2,100,d1,logspline,0.98,0.7417021878156125,0.7405785212484057,0.08368130234292698,0.6102632256284535,0.6784629672329449,0.7957622286407701,0.8789731446605218,50
2,100,d1,logspline,0.99,0.7102201102287431,0.7123547836353701,0.0815254223343719,0.5864870005730662,0.6505258529127043,0.7650844462215425,0.8464383408458034,50
2,100,d1,logspline,1,0.6801414777618819,0.6850652199797831,0.07941077741149147,0.5625284221590254,0.6240687110288293,0.7369673778965932,0.8135219761106081,50
2,100,d2,ecdf,0.01,Inf,Inf,NA,Inf,Inf,Inf,Inf,0
2,100,d2,ecdf,0.02,Inf,Inf,NA,Inf,Inf,Inf,Inf,0
2,100,d2,ecdf,0.03,Inf,Inf,NA,Inf,Inf,Inf,Inf,0
2,100,d2,ecdf,0.04,Inf,Inf,NA,Inf,Inf,Inf,Inf,0
2,100,d2,ecdf,0.05,Inf,Inf,NA,Inf,Inf,Inf,Inf,0
2,100,d2,ecdf,0.06,Inf,Inf,NA,Inf,Inf,Inf,Inf,0
2,100,d2,ecdf,0.06999999999999999,Inf,Inf,NA,Inf,Inf,Inf,Inf,0
2,100,d2,ecdf,0.08,Inf,Inf,NA,Inf,Inf,Inf,Inf,0
2,100,d2,ecdf,0.09,Inf,Inf,NA,Inf,Inf,Inf,Inf,0
2,100,d2,ecdf,0.1,Inf,Inf,NA,Inf,Inf,Inf,Inf,0
2,100,d2,ecdf,0.11,Inf,Inf,NA,Inf,Inf,Inf,Inf,0
2,100,d2,ecdf,0.12,Inf,Inf,NA,Inf,Inf,Inf,Inf,0
2,100,d2,ecdf,0.13,Inf,Inf,NA,Inf,Inf,Inf,Inf,0
2,100,d2,ecdf,0.14,Inf,Inf,NA,Inf,Inf,Inf,Inf,0
2,100,d2,ecdf,0.15000000000000002,Inf,Inf,NA,Inf,Inf,Inf,Inf,0
2,100,d2,ecdf,0.16,Inf,Inf,NA,Inf,Inf,Inf,Inf,0
2,100,d2,ecdf,0.17,Inf,Inf,NA,Inf,Inf,Inf,Inf,0
2,100,d2,ecdf,0.18000000000000002,Inf,Inf,NA,Inf,Inf,Inf,Inf,0
2,100,d2,ecdf,0.19,Inf,Inf,NA,Inf,Inf,Inf,Inf,0
2,100,d2,ecdf,0.2,Inf,Inf,NA,Inf,Inf,Inf,Inf,0
2,100,d2,ecdf,0.21,Inf,Inf,NA,Inf,Inf,Inf,Inf,0
2,100,d2,ecdf,0.22,Inf,Inf,NA,Inf,Inf,Inf,Inf,0
2,100,d2,ecdf,0.23,Inf,Inf,NA,Inf,Inf,Inf,Inf,0
2,100,d2,ecdf,0.24,Inf,Inf,NA,Inf,Inf,Inf,Inf,0
2,100,d2,ecdf,0.25,Inf,Inf,NA,Inf,Inf,Inf,Inf,0
2,100,d2,ecdf,0.26,Inf,Inf,NA,Inf,Inf,Inf,Inf,0
2,100,d2,ecdf,0.27,Inf,Inf,NA,Inf,Inf,Inf,Inf,0
2,100,d2,ecdf,0.28,Inf,Inf,NA,Inf,Inf,Inf,Inf,0
2,100,d2,ecdf,0.29000000000000004,Inf,Inf,NA,Inf,Inf,Inf,Inf,0
2,100,d2,ecdf,0.3,Inf,Inf,NA,Inf,Inf,Inf,Inf,0
2,100,d2,ecdf,0.31,Inf,Inf,NA,Inf,Inf,Inf,Inf,0
2,100,d2,ecdf,0.32,Inf,Inf,NA,Inf,Inf,Inf,Inf,0
2,100,d2,ecdf,0.33,Inf,Inf,NA,Inf,Inf,Inf,Inf,0
2,100,d2,ecdf,0.34,Inf,Inf,NA,Inf,Inf,Inf,Inf,0
2,100,d2,ecdf,0.35000000000000003,Inf,Inf,NA,Inf,Inf,Inf,Inf,0
2,100,d2,ecdf,0.36000000000000004,Inf,Inf,NA,Inf,Inf,Inf,Inf,0
2,100,d2,ecdf,0.37,Inf,Inf,NA,Inf,Inf,Inf,Inf,0
2,100,d2,ecdf,0.38,Inf,Inf,NA,Inf,Inf,Inf,Inf,0
2,100,d2,ecdf,0.39,Inf,Inf,NA,Inf,Inf,Inf,Inf,1
2,100,d2,ecdf,0.4,Inf,Inf,NA,Inf,Inf,Inf,Inf,2
2,100,d2,ecdf,0.41,Inf,Inf,NA,Inf,Inf,Inf,Inf,3
2,100,d2,ecdf,0.42,Inf,Inf,NA,3.6530120530961856,Inf,Inf,Inf,7
2,100,d2,ecdf,0.43,Inf,Inf,NA,3.72056384900576,Inf,Inf,Inf,9
2,100,d2,ecdf,0.44,Inf,Inf,NA,3.786426277762277,Inf,Inf,Inf,13
2,100,d2,ecdf,0.45,Inf,Inf,NA,3.1575254480750563,3.8506726286350017,Inf,Inf,15
2,100,d2,ecdf,0.46,Inf,Inf,NA,3.220224205589111,3.913371386149056,Inf,Inf,16
2,100,d2,ecdf,0.47,Inf,Inf,NA,3.281439463322968,3.9745866438829127,Inf,Inf,21
2,100,d2,ecdf,0.48,Inf,Inf,NA,2.935766186016998,4.0343784746851075,Inf,Inf,24
2,100,d2,ecdf,0.49,4.092803262702953,Inf,NA,2.994190974034843,3.3996560821430073,Inf,Inf,32
2,100,d2,ecdf,0.5,4.149914001853197,Inf,NA,2.893076573336608,3.4567668212932516,4.149914001853197,Inf,39
2,100,d2,ecdf,0.51,4.205760564722644,Inf,NA,2.819466203602754,3.512613384162699,4.205760564722644,Inf,42
2,100,d2,ecdf,0.52,3.567242764784599,Inf,NA,2.7513666310018383,3.1617776566764344,4.260389945344544,Inf,43
2,100,d2,ecdf,0.53,3.620699298277057,Inf,NA,2.519348836261235,3.2152341901688923,4.313846478837002,Inf,46
2,100,d2,ecdf,0.54,3.2675597518307637,Inf,NA,2.4896296973658263,2.979877679378983,3.673024859938928,4.366172040498873,48
2,100,d2,ecdf,0.55,3.1749529017311344,3.2982601165139895,0.6531140028278926,2.3980538116263332,2.807968314191034,3.7242590460651894,4.417406226625134,50
2,100,d2,ecdf,0.56,3.081292157898512,3.168644456860017,0.5758623266437147,2.388144977338567,2.8581486065843023,3.673073061431417,4.1556702877664256,50
2,100,d2,ecdf,0.5700000000000001,2.9073105224942126,3.0355428402994766,0.5805781435425594,2.2141633419342672,2.5708382858729997,3.418136146260203,3.823601254368368,50
2,100,d2,ecdf,0.5800000000000001,2.864326973108537,2.9372988294148787,0.5564330280925818,2.1670303911412443,2.485484122259779,3.178631302819724,3.8717784833796696,50
2,100,d2,ecdf,0.59,2.7433153840061504,2.772678021713497,0.4935524013998055,2.127243543359834,2.335905229068245,3.002712280713734,3.736543713939214,50
2,100,d2,ecdf,0.6,2.5790108801239775,2.668291609892036,0.4497824760762995,2.093503064342277,2.355867328809768,3.0034341201712245,3.4303832005324013,50
2,100,d2,ecdf,0.61,2.5066366891355183,2.5714428480640867,0.4371954969206627,1.9603148787438633,2.3059659936733667,2.757951117416424,3.317566905351847,50
2,100,d2,ecdf,0.62,2.445819164632303,2.458536834044709,0.3966930651669834,1.9151909135701328,2.1834549001648123,2.668962715946513,3.1389663451922485,50
2,100,d2,ecdf,0.63,2.394212355712982,2.352319728822579,0.35628320437656297,1.8194573374317597,2.101305645280881,2.4895225355173074,3.000348159283298,50
2,100,d2,ecdf,0.64,2.232993053452004,2.267867332990491,0.34566293230479617,1.7648879506677875,2.0169392083882944,2.437101124192031,2.9137799951590444,50
2,100,d2,ecdf,0.65,2.1045057188028675,2.165186121445549,0.33676664711935617,1.676588513708563,1.9461722671937771,2.3121450835811124,2.818092799260927,50
2,100,d2,ecdf,0.66,2.0280528105890356,2.0861408272697886,0.33696944967439674,1.6779773513826952,1.8739021307617776,2.2103743673829905,2.812010694657457,50
2,100,d2,ecdf,0.67,1.9144861437200489,2.003534619179528,0.3247992103875325,1.6431695111451616,1.8235143655143224,2.1257952373872557,2.5611133086451012,50
2,100,d2,ecdf,0.68,1.8855990013926966,1.9235424229991458,0.301245347442406,1.5621737677486096,1.7407707980149474,2.0031350624824382,2.5257977251396335,50
2,100,d2,ecdf,0.6900000000000001,1.819144972827781,1.8398154217966174,0.2564938742263616,1.4957171277995314,1.6794977976623253,1.902526581766832,2.2654320754562005,50
2,100,d2,ecdf,0.7000000000000001,1.780651226493217,1.777522842412802,0.22811620121956527,1.4632321823427843,1.6186893642764644,1.8882287635195367,2.2265667546407677,50
2,100,d2,ecdf,0.7100000000000001,1.7130901731792287,1.7183689841642391,0.22210584990106502,1.4254081007274475,1.5661863775702831,1.7820830446661802,2.124811019324301,50
2,100,d2,ecdf,0.72,1.625076247174894,1.6520252404468967,0.229511909047085,1.3447742820207358,1.5138506120646698,1.7502393901289,2.0859803270319306,50
2,100,d2,ecdf,0.73,1.5907341987955923,1.600948642060428,0.22101345889548846,1.2850208372104972,1.4743805576414517,1.7145238068793447,1.991528896463699,50
2,100,d2,ecdf,0.74,1.5102792591926604,1.5417092668369332,0.20747361068657177,1.2535594123448464,1.4171888361266485,1.6403323874408582,1.8606000235526359,50
2,100,d2,ecdf,0.75,1.4979483424026825,1.4904530768256166,0.19717174374162913,1.214496541464897,1.347125452668099,1.6150684267690436,1.7661314754791222,50
2,100,d2,ecdf,0.76,1.4226579934321988,1.439425974422644,0.1845679858907898,1.1740418536872994,1.3095479910288534,1.550306761704173,1.713504509831011,50
2,100,d2,ecdf,0.77,1.3767536624774022,1.3764222550963776,0.17077396165456815,1.1233047616678633,1.25045993715311,1.4725864270493128,1.6419310456705851,50
2,100,d2,ecdf,0.78,1.309830327789189,1.3202291009538942,0.15472283131829756,1.097588242598632,1.2224428259247515,1.4103337483982463,1.5700287749281219,50
2,100,d2,ecdf,0.79,1.2594780748005832,1.2712938942301537,0.13773478638982237,1.0615934838977434,1.1936794804690645,1.3604881098309285,1.4937011141153849,50
2,100,d2,ecdf,0.8,1.2003086505577614,1.2131721370265234,0.1279298088118117,1.0126643964780249,1.1366563142960535,1.283981029052912,1.4017640647092957,50
2,100,d2,ecdf,0.81,1.1618369977617482,1.17005709228532,0.12883817654391344,0.993191146283445,1.0802173258158623,1.239591559761922,1.364754702715928,50
2,100,d2,ecdf,0.8200000000000001,1.114837900604144,1.1259548928143486,0.12514357118079036,0.9405138669483204,1.0362278479210878,1.1967142900122596,1.324715176873739,50
2,100,d2,ecdf,0.8300000000000001,1.0789037050368515,1.0822664447336083,0.11235932959467226,0.910912093569834,0.991658197399966,1.1616613783932186,1.2603828248427953,50
2,100,d2,ecdf,0.8400000000000001,1.0302613114468744,1.034420340921089,0.10348489528593607,0.8648495010639868,0.9670824098253428,1.1093986320055984,1.195341061806323,50
2,100,d2,ecdf,0.85,0.9869508683175736,0.9909459684924157,0.10322203895230966,0.8363068115661401,0.9186316243400964,1.0602821414031234,1.1525153187433923,50
2,100,d2,ecdf,0.86,0.9341478534875707,0.9524332061531193,0.10334084723962393,0.7942458586344026,0.8931290129855388,1.0266604056100617,1.1241782846690005,50
2,100,d2,ecdf,0.87,0.9133436562840788,0.9190149211683903,0.0991862349161286,0.7503823467746654,0.86160798188489,0.9679026405345132,1.0868545833958785,50
2,100,d2,ecdf,0.88,0.869485456242151,0.8829641134283139,0.0987982755673244,0.7135641938058892,0.8331093444556716,0.9486701432577438,1.0542707345658904,50
2,100,d2,ecdf,0.89,0.8455863969655525,0.8481219514383318,0.09364560909626127,0.699751528564736,0.8016495288665477,0.8935956161519133,1.0206017497252224,50
2,100,d2,ecdf,0.9,0.8127619655734633,0.8156314987896319,0.09004294760446165,0.6849043659177967,0.7695897937082548,0.8483183782620591,0.9980290325971748,50
2,100,d2,ecdf,0.91,0.7829873846568436,0.7853943640621726,0.08691935488558608,0.6529342564086457,0.7421653901365883,0.8219498147126145,0.9487796394995875,50
2,100,d2,ecdf,0.92,0.7591965684936481,0.7556382662391793,0.0807107741369682,0.6439783102739869,0.7046029320904217,0.7944636343483122,0.9053719344098115,50
2,100,d2,ecdf,0.93,0.7156800981154706,0.7238963395402602,0.07930651216179418,0.6159034855170884,0.6603166193992891,0.7694007637214146,0.8742710030596479,50
2,100,d2,ecdf,0.94,0.687959598573018,0.6937473912266332,0.08010755556100876,0.5826273973332092,0.6312943872009253,0.7418747568507367,0.8292859823174961,50
2,100,d2,ecdf,0.95,0.6653834778416737,0.66637419386493435,0.0799798970120786,0.5495898316323169,0.5969488440462744,0.7093965724973496,0.8027517598825036,50
2,100,d2,ecdf,0.96,0.636742038133627,0.6362392416598756,0.07809952401557733,0.5198978274628536,0.5829612230686831,0.689424214309999,0.7598021308908541,50
2,100,d2,ecdf,0.97,0.6130122469375328,0.6103617162132337,0.07794873236900816,0.4902839119820508,0.5546067538904207,0.6526537317729928,0.732673609999968,50
2,100,d2,ecdf,0.98,0.5887983048585956,0.5846889031396573,0.07646980830036292,0.47311881447084814,0.5398916498473739,0.6289735908051275,0.7113056519302295,50
2,100,d2,ecdf,0.99,0.5642330919354587,0.5610267707465475,0.07181081820767012,0.4554528511265712,0.5122031819076395,0.6000978908564547,0.6785514796769683,50
2,100,d2,ecdf,1,0.5329665279081164,0.5399614560267364,0.07174959643142567,0.4402064259020208,0.4929167143674353,0.5780534612548824,0.6549963080442094,50
2,100,d2,logspline,0.01,-1.2520527570624376,-0.501240827550131,2.7348850221113903,-2.8883149383141413,-2.2847878722883506,0.029308625026516072,5.5718055935036706,50
2,100,d2,logspline,0.02,0.08148270866222401,0.8233196429071783,2.7096356387270273,-1.5436407747163703,-0.9433480033261956,1.34524814881252,6.844134274492028,50
2,100,d2,logspline,0.03,0.8387035483028874,1.5710876492261379,2.683125622215488,-0.7749557293761511,-0.17798497574297584,2.084214342050391,7.537170758256286,50
2,100,d2,logspline,0.04,1.3594101590695424,2.081871740785515,2.6553782872265286,-0.2424607970650201,0.3511005333431387,2.586012399400456,7.990757483269052,50
2,100,d2,logspline,0.05,1.7500948069632383,2.4621752544179523,2.626424910724582,0.16033435153431957,0.7503992956564417,2.957141231644875,8.311444239255025,50
2,100,d2,logspline,0.06,2.0581946796349606,2.7594490537355223,2.5963037864870646,0.48086443459841577,1.0673465942546405,3.245046448735428,8.546739962702864,50
2,100,d2,logspline,0.06999999999999999,2.309017023927974,2.9990163004640067,2.565059131407861,0.7444337117686604,1.3272473732435186,3.4750454101318153,8.722036360382624,50
2,100,d2,logspline,0.08,2.51767088426733,3.1960037953952503,2.5327399120165355,0.9661477405741755,1.5441220235833344,3.6622588603854602,8.852537942629475,50
2,100,d2,logspline,0.09,2.69390481125168,3.360179279063206,2.499398656366272,1.1557511058125667,1.7278683200963192,3.8164485213839847,8.9480979050299,50
2,100,d2,logspline,0.1,2.844377962774338,3.4982221328444627,2.4650903077382322,1.319898543972351,1.8860305889837872,3.945446696493141,9.015487349302596,50
2,100,d2,logspline,0.11,2.9738429503384674,3.6149058480414498,2.4298711644909785,1.4633378150945087,2.023358381351886,4.056471001852078,9.05957625976264,50
2,100,d2,logspline,0.12,3.0858118051147776,3.7137636484081247,2.3937979369244418,1.5895756963351668,2.14336041925524,4.149561354089505,9.083997665833312,50
2,100,d2,logspline,0.13,3.1829544412454185,3.797486650571788,2.356926938982601,1.7012764744325497,2.2487030786588385,4.230574282158871,9.091544414157084,50
2,100,d2,logspline,0.14,3.267349013618623,3.8681739629669156,2.3193134212256754,1.8005123339934204,2.341460767714178,4.29950451905229,9.084417982669212,50
2,100,d2,logspline,0.15000000000000002,3.3406456757960257,3.927496229424566,2.2810110424436543,1.888927146967971,2.4232797058094038,4.3570272302689546,9.064390866429198,50
2,100,d2,logspline,0.16,3.4041773639316872,3.976806241503441,2.2420714707585674,1.9678472888403675,2.495488729012335,4.405394787860358,9.032916174773147,50
2,100,d2,logspline,0.17,3.4590369214438423,4.0172159310526325,2.2025441009215165,2.038358795990169,2.5591764364529936,4.44748202828985,8.991203759066408,50
2,100,d2,logspline,0.18000000000000002,3.5050101605980837,4.049651306238675,2.1624758723901927,2.1013624313401893,2.615246244851046,4.481589197948914,8.940274435297553,50
2,100,d2,logspline,0.19,3.5438953846380445,4.074892506362914,2.1219111722228083,2.157613837928711,2.664456530913385,4.508487729737975,8.880999472235466,50
2,100,d2,logspline,0.2,3.576408528609356,4.0936035678321625,2.0808918073933333,2.2077533771452957,2.707450458424808,4.528833974959844,8.814129928574452,50
2,100,d2,logspline,0.21,3.6031053801112334,4.106354921181717,2.0394570324217383,2.252328675719025,2.7447785141999295,4.543191673910869,8.740318846961333,50
2,100,d2,logspline,0.22,3.624466374383132,4.113640653103859,1.9976436198997372,2.2918119192601893,2.7769157907714437,4.552049176889933,8.662281024650568,50
2,100,d2,logspline,0.23,3.6383351351414217,4.115891932893438,1.955485963337814,2.326613295191459,2.8042754187190475,4.5558328188952695,8.57914480654419,50
2,100,d2,logspline,0.24,3.646360046784308,4.113487584725279,1.913016203598144,2.357091569456378,2.8272191330889065,4.554917432736552,8.490606370946827,50
2,100,d2,logspline,0.25,3.65011529249737,4.106762506015126,1.8702643719074186,2.383562499786943,2.846065676740767,4.549634703592597,8.39706250779647,50
2,100,d2,logspline,0.26,3.649890827912194,4.096014439390282,1.8272585440079838,2.4063055951740506,2.861097550314979,4.540279874820935,8.298868556899478,50
2,100,d2,logspline,0.27,3.6462262430491776,4.081509471406758,1.7840250013836618,2.4255695964253814,2.872566483745518,4.527117179986468,8.196344037541992,50
2,100,d2,logspline,0.28,3.643161280428256,4.063486535960194,1.7405883966900066,2.4415769571833548,2.8833774755653065,4.510384280491774,8.089777314578292,50
2,100,d2,logspline,0.29000000000000004,3.6368564909176504,4.0421611319391095,1.6969719215440704,2.4545275361020575,2.8916619646360475,4.489381318408489,7.979429501697685,50
2,100,d2,logspline,0.3,3.627499970745073,4.017728414866528,1.6531974757113472,2.4646016608490653,2.897025527498637,4.458118492514629,7.865537754053115,50
2,100,d2,logspline,0.31,3.6152627066536738,3.990365785567957,1.609285837497599,2.4719626876996195,2.8996331588818163,4.423819785206124,7.7483180669526295,50
2,100,d2,logspline,0.32,3.6003007115258674,3.9602350715386967,1.565256835843542,2.476759152970163,2.8996350148317953,4.3866512058055465,7.627967671083236,50
2,100,d2,logspline,0.33,3.582756829240621,3.927484376067273,1.5211295252652455,2.47912659179648,2.8971682281538467,4.346765136621903,7.504667095141697,50
2,100,d2,logspline,0.34,3.5627622684333558,3.8922496544867475,1.4769223654188517,2.479189083975955,2.891463491775612,4.304301865131234,7.37858195196164,50
2,100,d2,logspline,0.35000000000000003,3.5404379126906567,3.8546560648821435,1.432653407733674,2.4770605744699092,2.881742238612563,4.254444013501509,7.249864492960848,50
2,100,d2,logspline,0.36000000000000004,3.515895445310406,3.8148191312550765,1.3883404922963232,2.4728460067714395,2.8698822247576974,4.201279782149502,7.118654967066183,50
2,100,d2,logspline,0.37,3.489238319417045,3.7728457498647616,1.3440014590307272,2.466642300012432,2.8559827202448047,4.145878869172261,6.985082813543645,50
2,100,d2,logspline,0.38,3.4605625984472805,3.7288350637362875,1.2996543782660144,2.4585391949160416,2.8401357550841326,4.088346380512666,6.817173302315544,50
2,100,d2,logspline,0.39,3.428400981280154,3.682879226062322,1.255317806910145,2.448619989132057,2.8224268557468637,4.0287802051531,6.638315542024271,50
2,100,d2,logspline,0.4,3.3918093896180253,3.6350640986410374,1.2110110620983117,2.436962178849016,2.8029359871145925,3.9672716742636593,6.457423994005762,50
2,100,d2,logspline,0.41,3.3534346115301465,3.585470065496944,1.1667544948989133,2.4236380206530486,2.7817390412784766,3.903906143080084,6.274595095965372,50
2,100,d2,logspline,0.42,3.317477858172727,3.5341728288715824,1.1225698253123633,2.4087150253804555,2.758908536713295,3.8387635066588413,6.089918500383638,50
2,100,d2,logspline,0.43,3.2838098536348594,3.481243930879297,1.0784805036852065,2.3922565400702585,2.7345139122553856,3.7732016695785786,5.903477688329456,50
2,100,d2,logspline,0.44,3.248302851700478,3.42675136018765,1.0345120342367289,2.3743230063036265,2.7086143571982166,3.709992782269979,5.715350516748144,50
2,100,d2,logspline,0.45,3.2101297484670095,3.370760378636704,0.9906924974943793,2.354972760599071,2.6763616793267655,3.6452283473744096,5.525609707552743,50
2,100,d2,logspline,0.46,3.1607988295276748,3.3133348076921143,0.9470542197562866,2.3342622336061893,2.6427766506568404,3.579855037974901,5.3343236327354155,50
2,100,d2,logspline,0.47,3.1001585223803576,3.254539286931691,0.9036385790168528,2.3122461020015663,2.607937479459428,3.518772875012602,5.141590354730752,50
2,100,d2,logspline,0.48,3.052177207543239,3.194443028149068,0.8605038055991713,2.288977422878638,2.5719223913665266,3.4568970160149872,4.94845449998404,50
2,100,d2,logspline,0.49,3.0065112158504887,3.133120610220488,0.8177238833956063,2.2645077525359643,2.5371257797269022,3.401101523202491,4.762480466802689,50
2,100,d2,logspline,0.5,2.959638827880765,3.0706536009424568,0.7753895759717022,2.238887279130923,2.505461039775324,3.3440650770782243,4.575938718632678,50
2,100,d2,logspline,0.51,2.9116163734282754,3.0071326765387765,0.7336091250275636,2.2121658084387956,2.472720584396794,3.284903854124993,4.426681633588144,50
2,100,d2,logspline,0.52,2.8624993881318495,2.9426573706330243,0.6925025345815061,2.184394557888803,2.438963208062661,3.2115878850851614,4.2898727549681634,50
2,100,d2,logspline,0.53,2.8104039146390556,2.877335259845323,0.6521963211090651,2.1556263875183213,2.4042472289432277,3.1371681246961733,4.151893106735338,50
2,100,d2,logspline,0.54,2.7565197284508773,2.8112808798751128,0.6128190850353159,2.125915627560964,2.3686304773279034,3.06172986419496,4.012784216670576,50
2,100,d2,logspline,0.55,2.7016775198526366,2.7446160376073414,0.5745016370158501,2.095317914298367,2.3321702823212487,2.980249535855041,3.8725899309086564,50
2,100,d2,logspline,0.56,2.6459601811752282,2.6774721947267874,0.5373815433384328,2.0638900335997397,2.293470703075815,2.896121760489676,3.731426004390733,50
2,100,d2,logspline,0.5700000000000001,2.5894610775090587,2.6099916319328447,0.5016044325311779,2.0307423002379723,2.2521865592911325,2.8117570648729635,3.5895560237716575,50
2,100,d2,logspline,0.5800000000000001,2.532282774571499,2.5423251813470644,0.4673176493133878,1.995806718524227,2.208849797032034,2.73334519188515,3.43757729604257,50
2,100,d2,logspline,0.59,2.474535846336347,2.474629772061418,0.43466273497036007,1.9603219934028235,2.1475741878222947,2.6525606043610175,3.2686890967145317,50
2,100,d2,logspline,0.6,2.3907441451929587,2.4070662252795603,0.4037675977654445,1.924348589503602,2.0982889143925467,2.5766693314300144,3.1035320306665133,50
2,100,d2,logspline,0.61,2.3121672996340292,2.339797088001503,0.37473849981173707,1.8879464400698596,2.059560135005568,2.5079251832691387,2.942966430165075,50
2,100,d2,logspline,0.62,2.249665107117071,2.2729841317149226,0.3476524447692025,1.851174900646278,2.0177524389998975,2.4473516782578537,2.819684480655094,50
2,100,d2,logspline,0.63,2.187322684092347,2.2067858600411463,0.3225500912866708,1.8140927040682207,1.9604647335144039,2.3850109183502504,2.7129260872920495,50
2,100,d2,logspline,0.64,2.140907842321833,2.1413548327308303,0.2994298999483813,1.7756076003371515,1.9152839019929797,2.326452076261305,2.611547696105177,50
2,100,d2,logspline,0.65,2.0839072193795762,2.076830077471472,0.2782529319094684,1.696668989907466,1.8669792564680034,2.267583121153987,2.5249443526658872,50
2,100,d2,logspline,0.66,2.023038615908515,2.013329600791326,0.2589603351639602,1.652033037596322,1.8189434457993354,2.167563745642805,2.430745799008542,50
2,100,d2,logspline,0.67,1.9594447125631442,1.9509502360633197,0.24147891578621714,1.6067255619373242,1.7706787948806877,2.091438045385588,2.337979917384162,50
2,100,d2,logspline,0.68,1.8964940635322338,1.8897581889205881,0.22571963015109747,1.5614160182888215,1.7207165149746904,2.0244797873852654,2.2511618210614617,50
2,100,d2,logspline,0.6900000000000001,1.836280796279377,1.829788037978689,0.21158946374407248,1.5313214885803652,1.6714253265889785,1.9673889652076344,2.1668923233770694,50
2,100,d2,logspline,0.7000000000000001,1.7695304323572998,1.7710540994545194,0.19899660822584267,1.500339137757931,1.622840215068681,1.8998265593392238,2.0845227714558345,50
2,100,d2,logspline,0.7100000000000001,1.6972718893307,1.7135619710282233,0.1878421380520299,1.4648551236933036,1.5757819233456158,1.8345687796317607,2.024080689303994,50
2,100,d2,logspline,0.72,1.6357144229736695,1.6573157372073894,0.17801442254040994,1.4294819611937903,1.5295569659375157,1.7835372999839985,1.9355511013342943,50
2,100,d2,logspline,0.73,1.5919177330010363,1.6023163171956927,0.1693833071486783,1.3942514878495094,1.483737304954572,1.7184049139852342,1.8470594812337677,50
2,100,d2,logspline,0.74,1.540362000634528,1.5485602228216842,0.16180548418522564,1.359193536898995,1.4392464744348386,1.6635068864360307,1.765694329642447,50
2,100,d2,logspline,0.75,1.4918999905918882,1.496039989903265,0.15513310952722098,1.324336113636597,1.392787589051124,1.6044195574979185,1.70657995695964,50
2,100,d2,logspline,0.76,1.4419582123232746,1.4447450009403355,0.14922182182300822,1.2883133825872426,1.3499275164362778,1.54779243637268,1.6479169719718803,50
2,100,d2,logspline,0.77,1.3823298282776573,1.3946631869828578,0.14393742229032394,1.230456537436433,1.310057399423117,1.4851578150926006,1.5919679794523107,50
2,100,d2,logspline,0.78,1.3257896343285196,1.345781799622008,0.13916038670192574,1.1725004446909495,1.2694404284704845,1.427888413125534,1.5374098060161847,50
2,100,d2,logspline,0.79,1.2848210666066746,1.298087460650162,0.13478878849696457,1.1176424326020178,1.2282074645049734,1.381048487082111,1.4854034239780451,50
2,100,d2,logspline,0.8,1.2432537593103892,1.2515661774653637,0.13073973369401715,1.0657545181229384,1.1822023950322649,1.3290871044774228,1.4373435163519661,50
2,100,d2,logspline,0.81,1.1977605075484212,1.2062033296213894,0.1269495435477579,1.0167010266836758,1.1432626012722347,1.2781551504581459,1.390381436141145,50
2,100,d2,logspline,0.8200000000000001,1.146055131935916,1.1619837397674797,0.12337328477194259,0.970340781301398,1.1017712410988059,1.231734573145081,1.344236522970986,50
2,100,d2,logspline,0.8300000000000001,1.0984312859115373,1.118892872402057,0.11998439009839464,0.9265288822221212,1.0578462937408568,1.1883890882002506,1.2987281474096328,50
2,100,d2,logspline,0.8400000000000001,1.0542727255412048,1.076919475965559,0.11677310910095554,0.8851181420985405,1.0157932596231256,1.1455374178289253,1.253877788870046,50
2,100,d2,logspline,0.85,1.019176828126579,1.0360558642892193,0.11374031136144655,0.8459602303506738,0.9760192644888647,1.1056045069790894,1.2097055858335228,50
2,100,d2,logspline,0.86,0.9862079877987757,0.9962973902507164,0.11088980029243198,0.808906570644153,0.9375504383018324,1.064495055605752,1.166230438342649,50
2,100,d2,logspline,0.87,0.9540668126225555,0.957641893218538,0.10822085529300451,0.7738090272271421,0.9004779104016274,1.0234695635332476,1.1234700965561104,50
2,100,d2,logspline,0.88,0.9215989327709098,0.9200892747511608,0.10572214245359851,0.740520409491402,0.8638714166632708,0.9839268739704755,1.081441237117466,50
2,100,d2,logspline,0.89,0.8893446697143688,0.8836403014985406,0.10336876389399843,0.7088957132825613,0.823153215912869,0.9477140968105779,1.0423648697071484,50
2,100,d2,logspline,0.9,0.859359523108109,0.8482928589738653,0.10112502960694252,0.6787979548001262,0.7846518468019174,0.9137027521332611,1.0090085717420023,50
2,100,d2,logspline,0.91,0.829948405574545,0.8140379604042443,0.09895382143412504,0.6503695495997406,0.7499196643241265,0.8705995670884255,0.976700364301343,50
2,100,d2,logspline,0.92,0.7983061669876255,0.7808608537326871,0.09682408585999114,0.6221326353747569,0.7167532504436264,0.8343428023410413,0.9457086554753229,50
2,100,d2,logspline,0.93,0.7647566851900477,0.7487427063393536,0.09471466636281464,0.5943077951040228,0.6848536556389586,0.8047477776405647,0.9151549890494917,50
2,100,d2,logspline,0.94,0.7304207274977117,0.7176618361726657,0.092615308662065507,0.5674012313003,0.654022315706552,0.7710229658938366,0.8813265095665515,50
2,100,d2,logspline,0.95,0.696961285490497,0.6875946806592063,0.09052551410982773,0.5413995354554366,0.6234624568495931,0.7369942336361004,0.8435225284957991,50
2,100,d2,logspline,0.96,0.6630679486751828,0.6585164351924229,0.08845227912207942,0.5162890136597991,0.5942553066876728,0.7056347800289097,0.8066524458814267,50
2,100,d2,logspline,0.97,0.6319440289645539,0.6304015027149302,0.08640741444402943,0.4918922829303831,0.5668215786055883,0.6809299253834775,0.7714363349144632,50
2,100,d2,logspline,0.98,0.6053772142925047,0.6032234627489588,0.08440499418356648,0.4718043632767994,0.5403075748879965,0.6571546517426086,0.7393881029128311,50
2,100,d2,logspline,0.99,0.5796212830967273,0.5769543328515766,0.08245929447279308,0.4553106795890518,0.5144345338292374,0.6339394189078426,0.7082313885797947,50
2,100,d2,logspline,1,0.5542344974369926,0.5515645208873325,0.08058295257777776,0.43524582416919455,0.4889411107442907,0.6112682103597147,0.6779528865361959,50
2,100,d3,ecdf,0.01,Inf,Inf,NA,Inf,Inf,Inf,Inf,0
2,100,d3,ecdf,0.02,Inf,Inf,NA,Inf,Inf,Inf,Inf,0
2,100,d3,ecdf,0.03,Inf,Inf,NA,Inf,Inf,Inf,Inf,0
2,100,d3,ecdf,0.04,Inf,Inf,NA,Inf,Inf,Inf,Inf,0
2,100,d3,ecdf,0.05,Inf,Inf,NA,Inf,Inf,Inf,Inf,0
2,100,d3,ecdf,0.06,Inf,Inf,NA,Inf,Inf,Inf,Inf,0
2,100,d3,ecdf,0.06999999999999999,Inf,Inf,NA,Inf,Inf,Inf,Inf,0
2,100,d3,ecdf,0.08,Inf,Inf,NA,Inf,Inf,Inf,Inf,0
2,100,d3,ecdf,0.09,Inf,Inf,NA,Inf,Inf,Inf,Inf,0
2,100,d3,ecdf,0.1,Inf,Inf,NA,Inf,Inf,Inf,Inf,0
2,100,d3,ecdf,0.11,Inf,Inf,NA,Inf,Inf,Inf,Inf,0
2,100,d3,ecdf,0.12,Inf,Inf,NA,Inf,Inf,Inf,Inf,0
2,100,d3,ecdf,0.13,Inf,Inf,NA,Inf,Inf,Inf,Inf,0
2,100,d3,ecdf,0.14,Inf,Inf,NA,Inf,Inf,Inf,Inf,0
2,100,d3,ecdf,0.15000000000000002,Inf,Inf,NA,Inf,Inf,Inf,Inf,0
2,100,d3,ecdf,0.16,Inf,Inf,NA,Inf,Inf,Inf,Inf,0
2,100,d3,ecdf,0.17,Inf,Inf,NA,Inf,Inf,Inf,Inf,0
2,100,d3,ecdf,0.18000000000000002,Inf,Inf,NA,Inf,Inf,Inf,Inf,0
2,100,d3,ecdf,0.19,Inf,Inf,NA,Inf,Inf,Inf,Inf,0
2,100,d3,ecdf,0.2,Inf,Inf,NA,Inf,Inf,Inf,Inf,0
2,100,d3,ecdf,0.21,Inf,Inf,NA,Inf,Inf,Inf,Inf,0
2,100,d3,ecdf,0.22,Inf,Inf,NA,Inf,Inf,Inf,Inf,0
2,100,d3,ecdf,0.23,Inf,Inf,NA,Inf,Inf,Inf,Inf,0
2,100,d3,ecdf,0.24,Inf,Inf,NA,Inf,Inf,Inf,Inf,0
2,100,d3,ecdf,0.25,Inf,Inf,NA,Inf,Inf,Inf,Inf,0
2,100,d3,ecdf,0.26,Inf,Inf,NA,Inf,Inf,Inf,Inf,0
2,100,d3,ecdf,0.27,Inf,Inf,NA,Inf,Inf,Inf,Inf,0
2,100,d3,ecdf,0.28,Inf,Inf,NA,Inf,Inf,Inf,Inf,0
2,100,d3,ecdf,0.29000000000000004,Inf,Inf,NA,Inf,Inf,Inf,Inf,0
2,100,d3,ecdf,0.3,Inf,Inf,NA,Inf,Inf,Inf,Inf,0
2,100,d3,ecdf,0.31,Inf,Inf,NA,Inf,Inf,Inf,Inf,0
2,100,d3,ecdf,0.32,Inf,Inf,NA,Inf,Inf,Inf,Inf,0
2,100,d3,ecdf,0.33,Inf,Inf,NA,Inf,Inf,Inf,Inf,0
2,100,d3,ecdf,0.34,Inf,Inf,NA,Inf,Inf,Inf,Inf,0
2,100,d3,ecdf,0.35000000000000003,Inf,Inf,NA,Inf,Inf,Inf,Inf,0
2,100,d3,ecdf,0.36000000000000004,Inf,Inf,NA,Inf,Inf,Inf,Inf,1
2,100,d3,ecdf,0.37,Inf,Inf,NA,Inf,Inf,Inf,Inf,2
2,100,d3,ecdf,0.38,Inf,Inf,NA,Inf,Inf,Inf,Inf,3
2,100,d3,ecdf,0.39,Inf,Inf,NA,Inf,Inf,Inf,Inf,3
2,100,d3,ecdf,0.4,Inf,Inf,NA,Inf,Inf,Inf,Inf,3
2,100,d3,ecdf,0.41,Inf,Inf,NA,2.8591101432433725,Inf,Inf,Inf,5
2,100,d3,ecdf,0.42,Inf,Inf,NA,2.9490476286108804,Inf,Inf,Inf,7
2,100,d3,ecdf,0.43,Inf,Inf,NA,3.0365806822804804,Inf,Inf,Inf,9
2,100,d3,ecdf,0.44,Inf,Inf,NA,3.1218148650028663,Inf,Inf,Inf,10
2,100,d3,ecdf,0.45,Inf,Inf,NA,3.204848721959622,Inf,Inf,Inf,10
2,100,d3,ecdf,0.46,Inf,Inf,NA,2.9045434511277026,Inf,Inf,Inf,12
2,100,d3,ecdf,0.47,Inf,Inf,NA,2.9834472516735477,3.3646782009815177,Inf,Inf,15
2,100,d3,ecdf,0.48,Inf,Inf,NA,2.7484938899095517,3.4416410704694966,Inf,Inf,24
2,100,d3,ecdf,0.49,3.5167390442350963,Inf,NA,2.8235918636751514,3.5167390442350963,Inf,Inf,28
2,100,d3,ecdf,0.5,3.590043643477153,Inf,NA,2.896896462917208,3.590043643477153,Inf,Inf,32
2,100,d3,ecdf,0.51,3.6616222332348807,Inf,NA,2.563009944566771,2.9684750526749353,Inf,Inf,37
2,100,d3,ecdf,0.52,3.731538345536707,Inf,NA,2.632926056868597,3.0383911649767614,3.731538345536707,Inf,41
2,100,d3,ecdf,0.53,3.106704791143185,Inf,NA,2.4135576105832395,2.7012396830350203,3.7998519717031303,Inf,45
2,100,d3,ecdf,0.54,3.1734726467047865,Inf,NA,2.480325466144841,2.7680075385966223,3.866619827264732,Inf,46
2,100,d3,ecdf,0.55,3.2387484119519088,Inf,NA,2.3224576800777537,2.545601231391964,3.758608797371868,Inf,47
2,100,d3,ecdf,0.56,2.8971178426438784,Inf,NA,2.2860153626412125,2.609435770192097,3.3025829507520426,3.995730131311988,49
2,100,d3,ecdf,0.5700000000000001,2.671877329384387,2.9171236110057666,0.6139180174410421,2.181629347371231,2.4487337780701774,3.365024509944333,4.0581716905042775,50
2,100,d3,ecdf,0.5800000000000001,2.621399945122419,2.820579345239809,0.6321799728503934,1.9750438706085678,2.3275066126713595,3.020653793231305,4.119266081899415,50
2,100,d3,ecdf,0.59,2.5696189362363633,2.6568969294378566,0.5769579610887557,1.9818322713342444,2.2331466996151503,2.7927624875505734,3.867140617418487,50
2,100,d3,ecdf,0.6,2.445825948482069,2.5606072148651497,0.5362349668790328,1.9350003247160783,2.191526724186419,2.8512910565902336,3.1389731290420144,50
2,100,d3,ecdf,0.61,2.3489810902922827,2.462728160545075,0.4685578682890025,1.8969959665492255,2.0976666620113766,2.6854533269134957,3.196278950679486,50
2,100,d3,ecdf,0.62,2.2715703739798734,2.361685804390332,0.454468498796685,1.822081776651264,2.0484268226656637,2.5592524464316546,3.122942694388297,50
2,100,d3,ecdf,0.63,2.20875874113642,2.2442765161611495,0.42249936677023797,1.6979331173704295,1.9210766686846392,2.4600731694173263,2.7965454060385393,50
2,100,d3,ecdf,0.64,2.0619444252313466,2.1356611711045783,0.3742418862444531,1.6539074337908968,1.839309361452889,2.380398156349881,2.668080228801662,50
2,100,d3,ecdf,0.65,2.02770713340696,2.0486156904596218,0.37994082604565627,1.592505053600144,1.80456358209275,2.2100286902009145,2.6514865080446386,50
2,100,d3,ecdf,0.66,1.8907831086102886,1.950717535660155,0.33459267993288094,1.6198978948025826,1.7462796853669156,2.0794302241810225,2.457923000141279,50
2,100,d3,ecdf,0.67,1.842450204772723,1.8744307324571259,0.27400543432629304,1.5204820112759314,1.6705999478460638,2.0500895695509675,2.3704021176302623,50
2,100,d3,ecdf,0.68,1.7203096556330508,1.7914460700871837,0.2668434341007364,1.4243014176969857,1.620226197076068,1.956698433697281,2.227698242355787,50
2,100,d3,ecdf,0.6900000000000001,1.6933661433218532,1.733465635500744,0.2473421889179372,1.3619887628891574,1.5779992830314105,1.9409047767207788,2.115195554029848,50
2,100,d3,ecdf,0.7000000000000001,1.6702574449598118,1.6628537730580222,0.23083650917648735,1.3273126938329816,1.4654630323137987,1.8168609191516871,2.0242073627040105,50
2,100,d3,ecdf,0.7100000000000001,1.569706970622287,1.5841417218911473,0.22928501410444269,1.2076141365473803,1.4069957704049731,1.7171506987088123,1.974979808010912,50
2,100,d3,ecdf,0.72,1.4869017485231426,1.5193581304411896,0.22962678525255018,1.138483534102493,1.3884616757098902,1.635321753641416,1.963825820613452,50
2,100,d3,ecdf,0.73,1.465349345227319,1.4558542731772226,0.21313004729521012,1.080585661246819,1.3439884882230515,1.5944077726654176,1.8138768117964652,50
2,100,d3,ecdf,0.74,1.388284480932719,1.3970136055342588,0.2029185055283614,1.0485620236542275,1.2865647678933017,1.5096453379369867,1.7071073966349555,50
2,100,d3,ecdf,0.75,1.3495210258127488,1.3353544793488743,0.18637330118120313,1.006534598830329,1.225907069845572,1.431759124049721,1.6045556572986037,50
2,100,d3,ecdf,0.76,1.2685811887331633,1.2710789330333052,0.183818440453437,0.9506924404586816,1.1585802935188347,1.39219514470034,1.5640454016269991,50
2,100,d3,ecdf,0.77,1.2322804632036504,1.22360243510173,0.1711686955236779,0.9285402359116944,1.125285765186075,1.3104748466096643,1.4758264854624654,50
2,100,d3,ecdf,0.78,1.180981866220533,1.176201572052053,0.1541693954821161,0.9148819243679359,1.0965477192524282,1.2626598972348002,1.4492458528152123,50
2,100,d3,ecdf,0.79,1.136855128921898,1.1200343562166513,0.14492638183608464,0.8765314478896528,1.0301283120785616,1.197191799581607,1.3490046398305715,50
2,100,d3,ecdf,0.8,1.0985186032211611,1.076425992824451,0.1391912304434763,0.8549401802948868,0.9919300153934307,1.1498118976087115,1.2631908390961393,50
2,100,d3,ecdf,0.81,1.057434402425886,1.0382019252460524,0.13156072218467424,0.8306239667235865,0.9483071221999009,1.116882677930267,1.2084153499181165,50
2,100,d3,ecdf,0.8200000000000001,0.9934237546328974,0.9888288021016137,0.12593157938388655,0.8021468048756335,0.8943926909711436,1.050582168472846,1.175745311426852,50
2,100,d3,ecdf,0.8300000000000001,0.9446056523168048,0.948619312640472,0.12204001928063288,0.7789850837140267,0.8768671930517978,1.0172245507467204,1.128186617321357,50
2,100,d3,ecdf,0.8400000000000001,0.9078856845509937,0.9106179943650732,0.11596965400212257,0.7277148361309438,0.8337602057009589,0.9847261290838597,1.1075390179955524,50
2,100,d3,ecdf,0.85,0.8591236301725865,0.8704841489146102,0.10610646565190719,0.7165741906966927,0.8062012287182441,0.926564910968119,1.0384898980538282,50
2,100,d3,ecdf,0.86,0.826532495856189,0.8324299875162195,0.10832886823969115,0.6755741878814596,0.7626158101012465,0.90571665374192,0.9990130147839397,50
2,100,d3,ecdf,0.87,0.7929260652394103,0.7950912042004051,0.10926117056655757,0.6225440340286261,0.7287023730118666,0.8464556013861142,0.9704619704655653,50
2,100,d3,ecdf,0.88,0.7720603216851609,0.7616812350370914,0.10426116466605684,0.5909128646838723,0.7090610820388121,0.8132460235269692,0.9267645569172616,50
2,100,d3,ecdf,0.89,0.7408132212958013,0.7305980004407516,0.0974206503047498,0.5704927425524504,0.66986724485297,0.7815548460206465,0.8808598662674133,50
2,100,d3,ecdf,0.9,0.7051156150402619,0.698326439998588,0.09208329807956678,0.5455990408009689,0.6350748744242594,0.7492032454961096,0.8307253925965108,50
2,100,d3,ecdf,0.91,0.6696322219569651,0.6678003473470011,0.09238066850379131,0.5198850516557914,0.6040617258526578,0.724207211853904,0.8068266346275241,50
2,100,d3,ecdf,0.92,0.6413926519183737,0.6380661415505359,0.09171775181008808,0.5028352927492883,0.5763194060461058,0.6963272786785533,0.767780842810623,50
2,100,d3,ecdf,0.93,0.616069636189054,0.6141536414511459,0.09415585203501882,0.4736151655182573,0.559101156240899,0.6765032679830019,0.7411690713697267,50
2,100,d3,ecdf,0.94,0.5902038344101191,0.5855757628346715,0.09141087660591657,0.45119515322284554,0.5146912075266337,0.6423063713896587,0.7110638028536916,50
2,100,d3,ecdf,0.95,0.5610811044225783,0.5578144551289986,0.08545557416844501,0.4328622879186145,0.4979007836610998,0.6238778048458101,0.6824289272163249,50
2,100,d3,ecdf,0.96,0.5403453243893952,0.5349762843079353,0.08135490090093445,0.4256581390720875,0.4698526175665686,0.5940723494417577,0.6573760746591832,50
2,100,d3,ecdf,0.97,0.5188922431339155,0.5115123672650843,0.08168192946730647,0.3979754342968064,0.44572854612730534,0.5657891176625935,0.6412669562574719,50
2,100,d3,ecdf,0.98,0.4846179055018943,0.4871166992928478,0.0770896122718956,0.3729132881533226,0.4273280824263096,0.5414868156978386,0.6073240410546858,50
2,100,d3,ecdf,0.99,0.4629464087540892,0.46406722240721027,0.07444919108921101,0.355846703676321,0.41060966135796634,0.5144879410335461,0.5771862666751717,50
2,100,d3,ecdf,1,0.4343769151592205,0.4430486347379718,0.07132847722833993,0.3352470108070514,0.3943296984334037,0.5005136560666384,0.5515617674756172,50
2,100,d3,logspline,0.01,-5.346679719054595,-4.592380542881564,2.570299715520783,-7.226466955987371,-6.117400360424362,-3.8307069688557838,0.8399935322482978,50
2,100,d3,logspline,0.02,-3.3237590109383808,-2.575406994871939,2.5479335765679023,-5.188030247467605,-4.087048478493481,-1.820415781665905,2.806336570920696,50
2,100,d3,logspline,0.03,-2.165047488479411,-1.4229869070742611,2.52449067066355,-4.013336729204048,-2.920665266246933,-0.6748130256314187,3.905643375648145,50
2,100,d3,logspline,0.04,-1.3608449674711114,-0.6254141169378519,2.4999885637217942,-3.1926883511745277,-2.108551804077257,0.11580503370738937,4.647656541261014,50
2,100,d3,logspline,0.05,-0.7514136248280094,-0.022942659888477386,2.47445098525019,-2.5663502580313713,-1.490972025984021,0.711181136681147,5.192171817788263,50
2,100,d3,logspline,0.06,-0.2655984189239506,0.4555925987952757,2.447907192100567,-2.063171189646182,-0.9967731267960033,1.1824765573897904,5.610416333258078,50
2,100,d3,logspline,0.06999999999999999,0.1345606172538036,0.8481634206081541,2.420391221152484,-1.6451957492739164,-0.5879978387950338,1.5676555865623434,5.940434676877623,50
2,100,d3,logspline,0.08,0.47172598441607405,1.1774455263601982,2.391941072777756,-1.289766765384786,-0.24198680369876124,1.8869866680613288,6.20498469274901,50
2,100,d3,logspline,0.09,0.7605192808223091,1.4580748718694612,2.362597866455169,-0.98226869347864,0.0558780137909031,2.1574336742050635,6.418792116979421,50
2,100,d3,logspline,0.1,1.0109278552043128,1.7000540125328798,2.3324050061500654,-0.7127209247857917,0.3155800040927756,2.3902875033035174,6.591955267951436,50
2,100,d3,logspline,0.11,1.2300790778051798,1.9105260963015664,2.3014073869738345,-0.47400347329118997,0.5442422112039444,2.59339678299793,6.731717387929464,50
2,100,d3,logspline,0.12,1.4232392914001686,2.094773555258261,2.2696506672380674,-0.2608579797252336,0.7471263130132625,2.770127574759454,6.843463756598506,50
2,100,d3,logspline,0.13,1.5964042308438344,2.2568155681117483,2.2371806222939945,-0.06928996675553108,0.928230349391557,2.922905692126819,6.931317689204188,50
2,100,d3,logspline,0.14,1.7512398442752173,2.399783393262275,2.204042589283728,0.10380674995188618,1.0906642935510105,3.0555621246741476,6.998514548516434,50
2,100,d3,logspline,0.15000000000000002,1.8897254971879347,2.526165832778198,2.170281005659145,0.2608957528121833,1.236895724848452,3.171419564692378,7.047646049916519,50
2,100,d3,logspline,0.16,2.0138567922509374,2.637975266200146,2.135939039329568,0.4039642537884718,1.3689160414443828,3.272491309553948,7.080825307765772,50
2,100,d3,logspline,0.17,2.1252690080139596,2.736863225190726,2.1010583046515268,0.5346388378830709,1.487914745021076,3.360430630978363,7.099801594970515,50
2,100,d3,logspline,0.18000000000000002,2.2253196617852313,2.824202858110778,2.065678656089318,0.6542680692807337,1.5948748139633804,3.436613215672429,7.106042159002245,50
2,100,d3,logspline,0.19,2.3151487049609054,2.901149051783174,2.0298380500761155,0.7639827295548502,1.6917233159056912,3.5021972452811765,7.100791850781999,50
2,100,d3,logspline,0.2,2.3945769980846707,2.968683103023033,1.9935724651714792,0.8647405829999921,1.7794234208147368,3.558168012072874,7.085117444728376,50
2,100,d3,logspline,0.21,2.4637358040251227,3.0276464734135704,1.9569158708175116,0.9573602051794348,1.858799210684559,3.6053716075373172,7.059941167160172,50
2,100,d3,logspline,0.22,2.5257549151554723,3.0787666814044705,1.9199002356381816,1.0425469313457394,1.9305616063316133,3.6445407413816353,7.026066470014554,50
2,100,d3,logspline,0.23,2.58065335672615,3.1226774334956215,1.882555567133347,1.1209130289464833,1.9953285188902077,3.6763147957092572,6.984198134626025,50
2,100,d3,logspline,0.24,2.6289771859173543,3.1599344687941295,1.844909975657192,1.1929935707568813,2.0536407026731265,3.701255591261744,6.934958163615828,50
2,100,d3,logspline,0.25,2.6712078657976566,3.1910281690534195,1.8069897566425226,1.2592590627739233,2.1059743636398363,3.7198599199815687,6.878898498002911,50
2,100,d3,logspline,0.26,2.707772375656378,3.2163936968368017,1.768819486071417,1.3201255913020604,2.152751287994511,3.7325696082585056,6.816511308698552,50
2,100,d3,logspline,0.27,2.739051405514413,3.23641922254446,1.730422125158341,1.3759630515241417,2.1943470532842264,3.739779672920618,6.748237411290523,50
2,100,d3,logspline,0.28,2.76538605392166,3.251452657995862,1.6918191310827462,1.427101876586073,2.2310977410870536,3.741844988625997,6.674473211641517,50
2,100,d3,logspline,0.29000000000000004,2.787083345104032,3.2618072114497205,1.653030571377207,1.4738385832158154,2.263305467357066,3.739085782189571,6.595576488622182,50
2,100,d3,logspline,0.3,2.804420806442131,3.2677660040727696,1.6140752402470933,1.516440374850721,2.291242971432438,3.731792194243158,6.511871246921294,50
2,100,d3,logspline,0.31,2.817650291887773,3.2695859326767804,1.5749707756775093,1.5551489879023608,2.3151574493545413,3.7202280932154372,6.423651819033543,50
2,100,d3,logspline,0.32,2.8270011956191583,3.2675009223970037,1.5357337766859165,1.5901839255101777,2.3352737758556716,3.7046342852949947,6.331186355571511,50
2,100,d3,logspline,0.33,2.832683169101669,3.2617246819873,1.496379920519651,1.6217451920255295,2.3517972282518107,3.6852312329027193,6.234719813082829,50
2,100,d3,logspline,0.34,2.834888431025012,3.252453050825782,1.4569240799932262,1.650015617791821,2.3649158017906675,3.6622213705132607,6.134476525849962,50
2,100,d3,logspline,0.35000000000000003,2.8337937413876224,3.2398660086213154,1.4173804415284306,1.6751628456038021,2.3748021878134136,3.6357910884857474,6.030662430781126,50
2,100,d3,logspline,0.36000000000000004,2.8295620969834294,3.2241294047974796,1.3777626248185644,1.6973410361459111,2.3816154719972897,3.6061124414955428,5.923467001088557,50
2,100,d3,logspline,0.37,2.8223443729200772,3.2053964635050938,1.3380838039634568,1.716692338714361,2.3855025989442615,3.5736107069251313,5.813064934000471,50
2,100,d3,logspline,0.38,2.8122817675715837,3.183809204464494,1.2983568345247418,1.733348164878949,2.386599724952837,3.5419130667964254,5.699617629540903,50
2,100,d3,logspline,0.39,2.7995075622642167,3.159499750675136,1.2585943821301917,1.7474302958894015,2.385034388125174,3.507422623270466,5.583274490904618,50
2,100,d3,logspline,0.4,2.7841479052530946,3.1325913391095104,1.2188090401839757,1.759051849167806,2.3800193142992,3.470266073357379,5.4641740717573715,50
2,100,d3,logspline,0.41,2.766322456610592,3.1031991552070473,1.179013474342122,1.7683181252832916,2.3722464105931054,3.4305615991434877,5.342445091609714,50
2,100,d3,logspline,0.42,2.746144954682285,3.07143110250565,1.1392205585884476,1.7753275692465809,2.362152263061809,3.3884196307078653,5.218207337022816,50
2,100,d3,logspline,0.43,2.723723715054202,3.037388593279578,1.0994434634657775,1.7801735431450618,2.3498421639910356,3.343943522739629,5.091572463638412,50
2,100,d3,logspline,0.44,2.69916207134094,3.0011675064561545,1.0596960529949548,1.7803624504233104,2.335416962832502,3.2972301566973172,4.962644711752512,50
2,100,d3,logspline,0.45,2.6725587657276124,2.962859210351099,1.0199936483874896,1.7774634334531068,2.3189734288014408,3.248370478463873,4.831521546274581,50
2,100,d3,logspline,0.46,2.64400829603587,2.9225510484524237,0.9803533591168548,1.772642626228023,2.2986987862673844,3.197450026226884,4.698294230352702,50
2,100,d3,logspline,0.47,2.613601225099477,2.8803268180772346,0.9407942916491937,1.7659801791336622,2.2730219817809254,3.144552648337659,4.565525996651324,50
2,100,d3,logspline,0.48,2.5814244573990717,2.8362675042488665,0.9013378808058128,1.7575534142114453,2.245536329489317,3.090902156703458,4.432857230657529,50
2,100,d3,logspline,0.49,2.5475617003394673,2.7904521004391523,0.8620083734044939,1.7474373001068484,2.2163357532858377,3.0400873157511707,4.298326129898472,50
2,100,d3,logspline,0.5,2.5120964138099318,2.7429586501981125,0.8228332538175049,1.735706397115446,2.185518058807671,2.987562375802704,4.162003762088721,50
2,100,d3,logspline,0.51,2.475114772855447,2.693865054647127,0.7838437740661233,1.7224360632773048,2.1531843825655916,2.933427076526131,4.023957119470527,50
2,100,d3,logspline,0.52,2.436705571361152,2.643249817876203,0.7450759822131444,1.7077023954478003,2.133875359400514,2.877786377604108,3.8842507966384883,50
2,100,d3,logspline,0.53,2.3981079095832283,2.591194201296018,0.70657425258657,1.691582104614262,2.1133971912818077,2.820936265009092,3.7702126300437806,50
2,100,d3,logspline,0.54,2.3611593388704772,2.537785965498523,0.668398216035343,1.674152395200236,2.091562627915277,2.765877369855029,3.660068798959057,50
2,100,d3,logspline,0.55,2.323256580698625,2.4831240871448332,0.6306297115764269,1.6554908471411143,2.068440216170389,2.709551897044911,3.5489265579006744,50
2,100,d3,logspline,0.56,2.2868658908656734,2.427320738775313,0.5933773806682491,1.6356753000328275,2.037318918035381,2.652061904228443,3.4369931488494876,50
2,100,d3,logspline,0.5700000000000001,2.249315372121148,2.3705055430868494,0.5567888059495694,1.6147837390263575,2.0047668068922118,2.5935110630598843,3.327471084027636,50
2,100,d3,logspline,0.5800000000000001,2.2105730051409833,2.3128256838116164,0.521048109807505,1.5928941823969611,1.9700788329119043,2.5340042458964316,3.2201299629867854,50
2,100,d3,logspline,0.59,2.171784211402237,2.254442057575259,0.48636164766593193,1.5700845708832485,1.9363043682133003,2.4736471532048085,3.1122162167857708,50
2,100,d3,logspline,0.6,2.1307044457085476,2.195525215847318,0.45294309693379897,1.5464326589879729,1.9055836868645353,2.4125459778512734,3.0039444108555164,50
2,100,d3,logspline,0.61,2.087902860071294,2.136251831990325,0.42099908831630184,1.5220159084759395,1.8733202202989214,2.3266774281757514,2.8988796715305076,50
2,100,d3,logspline,0.62,2.0462314215557242,2.076801652061231,0.3907152581949457,1.4969113843082176,1.8384792484456745,2.2781096419856874,2.763382165870896,50
2,100,d3,logspline,0.63,2.0014761797380585,2.017354844204124,0.3622428765323903,1.4711956532268138,1.8029269883757286,2.2258411320035942,2.6553021704229978,50
2,100,d3,logspline,0.64,1.9536847847853218,1.9580892874024631,0.33568680281186103,1.4449446851591736,1.7618361948374761,2.162825439088735,2.5483369646520355,50
2,100,d3,logspline,0.65,1.9006690876444408,1.8991716577083604,0.31109896570723206,1.4194622037228366,1.7167729623222794,2.0995944342236474,2.4427253275274294,50
2,100,d3,logspline,0.66,1.8473640177941268,1.8407472156250217,0.28848321513577363,1.3953210190214484,1.6636105359162563,2.0336122639866896,2.3418618712196206,50
2,100,d3,logspline,0.67,1.795834340326646,1.7829393170923553,0.2678000816515771,1.370644858943286,1.6115823080569085,1.9383606895878598,2.2573904327939576,50
2,100,d3,logspline,0.68,1.7359440145776848,1.7258459033373443,0.24897138925841353,1.3454935775211978,1.563185849902437,1.8774470357802848,2.160563977900782,50
2,100,d3,logspline,0.6900000000000001,1.6812116829668584,1.6695434895292263,0.23189506202747076,1.3199230304510237,1.510147059535155,1.8184728067359746,2.0590583193646808,50
2,100,d3,logspline,0.7000000000000001,1.6344082852226753,1.6140965433471552,0.2164519655188618,1.2939853863392243,1.4724147127687215,1.7615289563801864,1.9642004624502816,50
2,100,d3,logspline,0.7100000000000001,1.5738746629579685,1.5595590598009965,0.2025056762495022,1.2675434880698853,1.4096702244947823,1.7022280381666361,1.891744002068151,50
2,100,d3,logspline,0.72,1.507111708630734,1.50597393342988,0.18991364103010172,1.2329913362185985,1.3640530971373888,1.6460394016632227,1.8207462798088367,50
2,100,d3,logspline,0.73,1.4578668180464844,1.4533744449749992,0.1785414735281789,1.1961536572192517,1.3124739599546709,1.5872222701851755,1.7506994994729919,50
2,100,d3,logspline,0.74,1.4116634467198788,1.4017857759526013,0.1682745550031315,1.150883319676447,1.2626446434618215,1.5300278261792197,1.663055863254933,50
2,100,d3,logspline,0.75,1.3737160446731633,1.351228632495392,0.15902911388399124,1.1055854645468743,1.2230145211061318,1.4739403775200974,1.5712057057833348,50
2,100,d3,logspline,0.76,1.3357645847051252,1.30172600485352,0.15075935504429402,1.0640827484957853,1.1826979473220673,1.4185728084475573,1.4978141309621518,50
2,100,d3,logspline,0.77,1.2764827002634487,1.253304943086811,0.14344497720696017,1.020257506504897,1.1419721171497366,1.3529057843065306,1.4391157696570944,50
2,100,d3,logspline,0.78,1.2279106903286467,1.2059955400740983,0.13706895625779808,0.9762799100543407,1.1023629670847495,1.3003888214490904,1.3947422306426738,50
2,100,d3,logspline,0.79,1.1782563544093816,1.1598292528196281,0.13159402257683453,0.934051639989868,1.0733177984399749,1.2478396953881834,1.3565519229722764,50
2,100,d3,logspline,0.8,1.1306591569847182,1.114837793774289,0.12694383757252098,0.8934698994947445,1.0312407908861945,1.1959067400403753,1.3054475020849319,50
2,100,d3,logspline,0.81,1.0857395288176614,1.0710505534833958,0.12299646479877215,0.8544438724910322,0.9884418096733063,1.14829333141353,1.2563517630792636,50
2,100,d3,logspline,0.8200000000000001,1.0513120205158195,1.028482302594998,0.11960404678888406,0.8168926486367474,0.9583821595123815,1.102297074308081,1.2128185139820475,50
2,100,d3,logspline,0.8300000000000001,1.0087942422913052,0.9871303623077233,0.11662649530671627,0.7806325628766462,0.9160467300595545,1.0614890990743988,1.173883411621805,50
2,100,d3,logspline,0.8400000000000001,0.9639219224345263,0.9469801692075295,0.11395166765596547,0.7452025412314707,0.8742031852639065,1.0251248212580353,1.1351831936593766,50
2,100,d3,logspline,0.85,0.9197272168865883,0.9080094430878646,0.11150239427120502,0.7203093264582965,0.8415449791482023,0.981850795288967,1.0967624507108937,50
2,100,d3,logspline,0.86,0.8832378722350862,0.8701940435253882,0.10922858339582144,0.6855249579097906,0.8096499035749749,0.9407542929768397,1.0586648153048985,50
2,100,d3,logspline,0.87,0.8431901642594787,0.8335128725073832,0.1070930501191154,0.6612683900927114,0.76347049889235,0.9009622898285743,1.0209329422986193,50
2,100,d3,logspline,0.88,0.8057299958690707,0.7979476750884509,0.10506530043027447,0.6305137587131072,0.7212091706192292,0.8608918610472237,0.9831016487789985,50
2,100,d3,logspline,0.89,0.7668912168919577,0.7634821140627579,0.10311871955284643,0.5973547389884633,0.6841380718774597,0.825072493074158,0.9404782116663561,50
2,100,d3,logspline,0.9,0.733864506388197,0.7301001395822447,0.10122978627585896,0.5657161588479482,0.64964232098664,0.7934418741693,0.8985971494007164,50
2,100,d3,logspline,0.91,0.702841505952891,0.6977844184204931,0.09937819071961092,0.5355723832606651,0.6206369895117355,0.7638733079423732,0.8575033313918288,50
2,100,d3,logspline,0.92,0.6720062551495194,0.6665159908680304,0.09754693598001402,0.5068876759464213,0.5926247463406447,0.7315629225086171,0.8172401960268203,50
2,100,d3,logspline,0.93,0.6414297674956085,0.6362744469528543,0.0957222761104434,0.47791503986602935,0.5655780164118286,0.7015497673800153,0.7778497068557242,50
2,100,d3,logspline,0.94,0.6106293016383568,0.6070381413571008,0.0938935302073865,0.4472498157363336,0.5420359078086779,0.6758998620595865,0.7393723067147628,50
2,100,d3,logspline,0.95,0.5828164877006878,0.5787843874473702,0.09205278379787432,0.4184858007614905,0.5243949866644572,0.6470798137692246,0.7018468696900391,50
2,100,d3,logspline,0.96,0.5529207951814934,0.5514896243405814,0.09019451651636998,0.3908945167275113,0.5038631793633123,0.6160640097127958,0.6671205909027131,50
2,100,d3,logspline,0.97,0.5240645466676053,0.525129555165043,0.08831519883734941,0.36501540669201205,0.480108633212616,0.5867646023951371,0.6336333056648278,50
2,100,d3,logspline,0.98,0.49623214650876685,0.49967925644079503,0.08641289824479323,0.34080324006749374,0.45344684451249906,0.5589405175361211,0.6025430876492288,50
2,100,d3,logspline,0.99,0.47306574541954927,0.4751132594285573,0.08448693111012975,0.3181354609688689,0.42892356396441245,0.5291802371766217,0.5772315353104434,50
2,100,d3,logspline,1,0.4471727634799389,0.451405605166712,0.0825375922036072,0.2968868115354172,0.4069669050772753,0.5014623176734302,0.5552423924097118,50
2,200,d0,ecdf,0.01,Inf,Inf,NA,Inf,Inf,Inf,Inf,0
2,200,d0,ecdf,0.02,Inf,Inf,NA,Inf,Inf,Inf,Inf,0
2,200,d0,ecdf,0.03,Inf,Inf,NA,Inf,Inf,Inf,Inf,0
2,200,d0,ecdf,0.04,Inf,Inf,NA,Inf,Inf,Inf,Inf,0
2,200,d0,ecdf,0.05,Inf,Inf,NA,Inf,Inf,Inf,Inf,0
2,200,d0,ecdf,0.06,Inf,Inf,NA,Inf,Inf,Inf,Inf,0
2,200,d0,ecdf,0.06999999999999999,Inf,Inf,NA,Inf,Inf,Inf,Inf,0
2,200,d0,ecdf,0.08,Inf,Inf,NA,Inf,Inf,Inf,Inf,0
2,200,d0,ecdf,0.09,Inf,Inf,NA,Inf,Inf,Inf,Inf,0
2,200,d0,ecdf,0.1,Inf,Inf,NA,Inf,Inf,Inf,Inf,0
2,200,d0,ecdf,0.11,Inf,Inf,NA,Inf,Inf,Inf,Inf,0
2,200,d0,ecdf,0.12,Inf,Inf,NA,Inf,Inf,Inf,Inf,0
2,200,d0,ecdf,0.13,Inf,Inf,NA,Inf,Inf,Inf,Inf,0
2,200,d0,ecdf,0.14,Inf,Inf,NA,Inf,Inf,Inf,Inf,0
2,200,d0,ecdf,0.15000000000000002,Inf,Inf,NA,Inf,Inf,Inf,Inf,0
2,200,d0,ecdf,0.16,Inf,Inf,NA,Inf,Inf,Inf,Inf,0
2,200,d0,ecdf,0.17,Inf,Inf,NA,Inf,Inf,Inf,Inf,0
2,200,d0,ecdf,0.18000000000000002,Inf,Inf,NA,Inf,Inf,Inf,Inf,0
2,200,d0,ecdf,0.19,Inf,Inf,NA,Inf,Inf,Inf,Inf,0
2,200,d0,ecdf,0.2,Inf,Inf,NA,Inf,Inf,Inf,Inf,0
2,200,d0,ecdf,0.21,Inf,Inf,NA,Inf,Inf,Inf,Inf,0
2,200,d0,ecdf,0.22,Inf,Inf,NA,Inf,Inf,Inf,Inf,0
2,200,d0,ecdf,0.23,Inf,Inf,NA,Inf,Inf,Inf,Inf,0
2,200,d0,ecdf,0.24,Inf,Inf,NA,Inf,Inf,Inf,Inf,0
2,200,d0,ecdf,0.25,Inf,Inf,NA,Inf,Inf,Inf,Inf,0
2,200,d0,ecdf,0.26,Inf,Inf,NA,Inf,Inf,Inf,Inf,0
2,200,d0,ecdf,0.27,Inf,Inf,NA,Inf,Inf,Inf,Inf,0
2,200,d0,ecdf,0.28,Inf,Inf,NA,Inf,Inf,Inf,Inf,0
2,200,d0,ecdf,0.29000000000000004,Inf,Inf,NA,Inf,Inf,Inf,Inf,0
2,200,d0,ecdf,0.3,Inf,Inf,NA,Inf,Inf,Inf,Inf,0
2,200,d0,ecdf,0.31,Inf,Inf,NA,Inf,Inf,Inf,Inf,1
2,200,d0,ecdf,0.32,Inf,Inf,NA,Inf,Inf,Inf,Inf,3
2,200,d0,ecdf,0.33,Inf,Inf,NA,Inf,Inf,Inf,Inf,3
2,200,d0,ecdf,0.34,Inf,Inf,NA,5.632350521491509,Inf,Inf,Inf,5
2,200,d0,ecdf,0.35000000000000003,Inf,Inf,NA,5.661166029920839,Inf,Inf,Inf,5
2,200,d0,ecdf,0.36000000000000004,Inf,Inf,NA,5.6891599327618385,Inf,Inf,Inf,5
2,200,d0,ecdf,0.37,Inf,Inf,NA,5.716376990610239,Inf,Inf,Inf,8
2,200,d0,ecdf,0.38,Inf,Inf,NA,5.742858382701787,Inf,Inf,Inf,11
2,200,d0,ecdf,0.39,Inf,Inf,NA,5.387411129813861,Inf,Inf,Inf,12
2,200,d0,ecdf,0.4,Inf,Inf,NA,5.100615985323627,5.793763165883572,Inf,Inf,16
2,200,d0,ecdf,0.41,Inf,Inf,NA,5.1251069493001635,5.818254129860109,Inf,Inf,19
2,200,d0,ecdf,0.42,Inf,Inf,NA,4.743532820708559,5.842145109376669,Inf,Inf,25
2,200,d0,ecdf,0.43,5.865464115312672,Inf,NA,4.766851826644562,5.172316934752726,Inf,Inf,34
2,200,d0,ecdf,0.44,5.888237226782606,Inf,NA,4.789624938114496,5.195090046222661,5.888237226782606,Inf,39
2,200,d0,ecdf,0.45,5.217341584264425,Inf,NA,4.524194403704479,4.81187647615626,5.91048876482437,Inf,44
2,200,d0,ecdf,0.46,5.036361712382027,Inf,NA,4.545947085876164,4.545947085876164,5.932241446996054,Inf,46
2,200,d0,ecdf,0.47,4.854904236677222,Inf,NA,4.161757056117277,4.567222164225441,5.953516525345332,5.953516525345332,49
2,200,d0,ecdf,0.48,4.731880584958313,Inf,NA,4.028423760797001,4.3648959974182135,5.281186729292369,5.974333909852314,49
2,200,d0,ecdf,0.49,4.608417918023563,4.669679512691189,0.6160164879923289,3.7974877018072344,4.2029528099153985,4.896099990475344,5.994712279143454,50
2,200,d0,ecdf,0.5,4.405231267585694,4.552051877739256,0.6248433692788817,3.7120840870257488,4.22290971079174,4.916056891351684,6.014669180019794,50
2,200,d0,ecdf,0.51,4.242461647900815,4.360594596378254,0.5404848883066434,3.636325844330499,3.954779575449034,4.64792675600898,5.341073936568925,50
2,200,d0,ecdf,0.52,4.107473484873525,4.191168027784695,0.4841218435954657,3.488434276467302,3.885604815506715,4.443945721494738,4.954771345260729,50
2,200,d0,ecdf,0.53,3.992729844260412,4.003133923039015,0.42631222058313595,3.3951679770071657,3.6981036580929585,4.280411916712192,4.685877024820357,50
2,200,d0,ecdf,0.54,3.788013114156509,3.855076092816909,0.38642563658000767,3.344755069592769,3.6056915573625536,4.144688058095241,4.481160294716454,50
2,200,d0,ecdf,0.55,3.7107818975270135,3.730332562098698,0.37032846464078506,3.1885684407305672,3.5437278128638474,3.9114525929891646,4.316917701097329,50
2,200,d0,ecdf,0.56,3.561471284423853,3.5788558042322784,0.3518298329499872,3.0538193000250615,3.3699665499300018,3.728525369087019,4.180510492830076,50
2,200,d0,ecdf,0.5700000000000001,3.4035208702549253,3.449337706742443,0.35864665223139686,2.984938328066434,3.253468574029757,3.658933682137921,4.037426458098178,50
2,200,d0,ecdf,0.5800000000000001,3.2991547889102595,3.3176452051062326,0.32104667971471834,2.862091417180421,3.165215066332459,3.521890010271191,3.8734209495922616,50
2,200,d0,ecdf,0.59,3.1332297585925653,3.18460010789176,0.28070817969468337,2.810456366329514,3.0422579803868386,3.344538852259772,3.623477740605721,50
2,200,d0,ecdf,0.6,3.058770685199124,3.0710346317762487,0.27359350723771947,2.667904376512112,2.8984280351239446,3.237002598364946,3.4862147000260637,50
2,200,d0,ecdf,0.61,2.9916191338266795,2.976346905815206,0.25147619034873814,2.5972390485401187,2.7847052099154816,3.119452505336564,3.4106251566377033,50
2,200,d0,ecdf,0.62,2.859155580098339,2.8760972557716222,0.24188380397147244,2.54707300152057,2.6783502328137123,3.007575585216612,3.2820124309183725,50
2,200,d0,ecdf,0.63,2.76102113059146,2.784383551217726,0.22832134176013416,2.4788872358420035,2.638074693627367,2.946305996720234,3.151100409366247,50
2,200,d0,ecdf,0.64,2.6889382990921984,2.701656119724424,0.2074288617451871,2.394187725341454,2.5440054510180836,2.856380136060236,3.004069224342933,50
2,200,d0,ecdf,0.65,2.596542644952371,2.6187797988862993,0.20212730557279404,2.3095004347378647,2.471718919266857,2.776255633607682,2.9054673650876883,50
2,200,d0,ecdf,0.66,2.5150124821388897,2.535119503904883,0.1966928553208352,2.184271678649535,2.4165063460369107,2.676789444300577,2.821971454145075,50
2,200,d0,ecdf,0.67,2.431216118291147,2.459044590149815,0.19341983166048538,2.097724509808072,2.3560279320818864,2.5888450624947303,2.7470690677096243,50
2,200,d0,ecdf,0.68,2.365840548198842,2.3816840465598124,0.17812052221018884,2.0748790111411517,2.273848053502516,2.504742104887052,2.693980697505869,50
2,200,d0,ecdf,0.6900000000000001,2.2969589656900062,2.300328665340453,0.15963619933299963,1.9991978118639897,2.204026059929764,2.4191374395467093,2.5725568196557855,50
2,200,d0,ecdf,0.7000000000000001,2.2262026063855784,2.229766935771349,0.14992997286990534,1.950757576322341,2.1405141116038138,2.3333689193866394,2.4855850951456966,50
2,200,d0,ecdf,0.7100000000000001,2.1469439831961905,2.157290260348115,0.13858186053819366,1.9046968492262195,2.07203303486442,2.248170281306416,2.361802986514764,50
2,200,d0,ecdf,0.72,2.1030054065041126,2.0947466385340023,0.13313928835828012,1.8778967194716896,2.006415308510134,2.190714797263329,2.3141083574662216,50
2,200,d0,ecdf,0.73,2.0230366484965234,2.0257225382507573,0.12784520442264088,1.815138273585772,1.9346917017621201,2.1199385505398296,2.227231904715158,50
2,200,d0,ecdf,0.74,1.9567078962128743,1.9681795862151188,0.12708426244130963,1.7646301644735551,1.8803028432871982,2.055553730849507,2.1732819877875653,50
2,200,d0,ecdf,0.75,1.9181929236562618,1.9038768170637212,0.11859728617894832,1.706958168359093,1.8377049651840816,1.9815991448441508,2.0816826034011333,50
2,200,d0,ecdf,0.76,1.850579227667232,1.8445258917889817,0.11417337489025028,1.6446271354334172,1.7808993070292425,1.9116984320207173,2.0131163466668065,50
2,200,d0,ecdf,0.77,1.7935956964965891,1.7861835606115557,0.10952747279353156,1.5966287686961365,1.7239923507185366,1.8632756171345788,1.9493502259058215,50
2,200,d0,ecdf,0.78,1.7409793863983112,1.7356119172100026,0.10797595637686516,1.5601604594888914,1.673495811760582,1.8133651217530753,1.9024528562418999,50
2,200,d0,ecdf,0.79,1.6922147733605892,1.685691886828808,0.09515881510369677,1.5421792618975458,1.6226447381457132,1.7601206626428363,1.8237866391753146,50
2,200,d0,ecdf,0.8,1.654770871671498,1.6356176859343063,0.09136663041233199,1.5014328941360187,1.5569030214714283,1.70436781281087,1.7755225114599553,50
2,200,d0,ecdf,0.81,1.60427850379028,1.5877047855984205,0.08803025420442805,1.4560102606683305,1.5051920244902548,1.6428933399180596,1.721076681228336,50
2,200,d0,ecdf,0.8200000000000001,1.543124239318255,1.5409913976766656,0.08912808084120948,1.413560469620574,1.4718028966714582,1.6011114969686042,1.683998540530189,50
2,200,d0,ecdf,0.8300000000000001,1.4900885730063336,1.4957225607363882,0.08938431383926662,1.3737629988580684,1.4261780466041891,1.5548416942356733,1.6362639389224967,50
2,200,d0,ecdf,0.8400000000000001,1.4439472712599004,1.4555389925126831,0.08232178777165554,1.348636210686271,1.3953138720725518,1.5116010672727895,1.5773910782637524,50
2,200,d0,ecdf,0.85,1.4277120954488576,1.4135035257028388,0.07906211604293412,1.286633497188952,1.351874019057353,1.4758244570814656,1.5237111745127196,50
2,200,d0,ecdf,0.86,1.3773007146418277,1.369537511389798,0.07945964431848353,1.2416307910635849,1.313827082268074,1.4314464047510644,1.4823406660956937,50
2,200,d0,ecdf,0.87,1.3438630038944273,1.3307517425127309,0.08187060515545876,1.199487684447618,1.2690727539142317,1.3884470455335376,1.456207531295432,50
2,200,d0,ecdf,0.88,1.3043852592095144,1.2922657216787408,0.08404521367749358,1.163957758128346,1.2355673109679781,1.3521396905054146,1.4111901864940837,50
2,200,d0,ecdf,0.89,1.2696754627826814,1.255361202380644,0.08224644781113376,1.1288401934729113,1.195752261171028,1.325669732137256,1.369018391367605,50
2,200,d0,ecdf,0.9,1.2273878236810456,1.2190931543127255,0.07791106686844335,1.0933598159759628,1.163729971909068,1.2853750813313949,1.3236642139142858,50
2,200,d0,ecdf,0.91,1.192116962745738,1.1853773770824991,0.07669162898290591,1.0716489134652711,1.124926034973441,1.2474306007297904,1.3037282656607694,50
2,200,d0,ecdf,0.92,1.1566106587879066,1.1518009147692623,0.06954297011170923,1.042088884185991,1.0933252428033648,1.2116094001753883,1.2536686537120634,50
2,200,d0,ecdf,0.93,1.1209194935438234,1.118896935513119,0.06338796143364644,1.0193214541791615,1.0710794560169405,1.169094257897087,1.2064822019505268,50
2,200,d0,ecdf,0.94,1.093038832398479,1.0864198414115114,0.06374890040499333,0.9756194735766812,1.0431244410167662,1.1291148888722886,1.1740404814897358,50
2,200,d0,ecdf,0.95,1.0626562567297642,1.0593275704509315,0.06168162589915593,0.9516591110648812,1.0093033024898086,1.098253701307323,1.1414870026396453,50
2,200,d0,ecdf,0.96,1.0392030052520536,1.0307644134597296,0.061925724374218886,0.9191887371105537,0.980639951720044,1.0774001561186664,1.1171134673110483,50
2,200,d0,ecdf,0.97,1.0044114109541107,1.0025818963097022,0.061720954871240456,0.9089474557523758,0.9433694075620248,1.050011235982509,1.092441570460771,50
2,200,d0,ecdf,0.98,0.9798266672452622,0.9724565856313899,0.06009927736967171,0.8846655230164508,0.9176229576739673,1.021206176655316,1.0534093171499508,50
2,200,d0,ecdf,0.99,0.9497605283496692,0.9458728877353513,0.058423460913735,0.8509094229819335,0.902202717369484,0.9886524151484202,1.025789676575449,50
2,200,d0,ecdf,1,0.924236899019387,0.9187187631116277,0.059268035391028845,0.8257919127082644,0.8678608767032964,0.9658379863539808,0.999063633982301,50
2,200,d0,logspline,0.01,8.888020760313516,10.273535689039537,4.175685709408224,6.332057579243443,7.73121225245236,11.682401313591644,20.351192878420832,50
2,200,d0,logspline,0.02,8.819370424429726,10.188776067970133,4.1298564407562175,6.287484312719836,7.6744693961717605,11.581805962884605,20.15427079656859,50
2,200,d0,logspline,0.03,8.749248848856517,10.101327315358661,4.080997916031232,6.2422700858444244,7.616707968796877,11.478157309169015,19.9466341263146,50
2,200,d0,logspline,0.04,8.677662473581952,10.01123888506661,4.0292190279357,6.196416134010329,7.55793104759667,11.371483107891198,19.72863879336031,50
2,200,d0,logspline,0.05,8.604620239361523,9.91857625772644,3.9746617448160926,6.148377284394568,7.498142915895457,11.261821547150072,19.5007511083281,50
2,200,d0,logspline,0.06,8.530133514145422,9.82341780279828,3.9174928531829867,6.099075360426706,7.43734903859889,11.149220608438691,19.26352118574787,50
2,200,d0,logspline,0.06999999999999999,8.454216000790584,9.725851457106327,3.8578953854675913,6.049082082720144,7.37405333409597,11.033737285786447,19.01755504123384,50
2,200,d0,logspline,0.08,8.3768836276871,9.62597152692952,3.7960605863245687,5.998401309380332,7.309533938971992,10.91543669047955,18.763488091995683,50
2,200,d0,logspline,0.09,8.298154424185721,9.523875833806832,3.732181004576461,5.9470374475613745,7.243983759330105,10.79226444022224,18.501962018057228,50
2,200,d0,logspline,0.1,8.218048382915473,9.419663327267434,3.6664450088360487,5.8949954352351455,7.177413703154619,10.664480661140292,18.23360606695808,50
2,200,d0,logspline,0.11,8.136587311223611,9.31343220278318,3.599032778403573,5.842280721068029,7.109835742706919,10.53399571662295,17.95902310433147,50
2,200,d0,logspline,0.12,8.053794674053789,9.205278501630437,3.5301136489415446,5.788899242587322,7.041262848288557,10.40090531957471,17.678780136894126,50
2,200,d0,logspline,0.13,7.969695430602744,9.095295132795636,3.459844597415918,5.734857402830065,6.971708918298403,10.265308152945233,17.393402688158314,50
2,200,d0,logspline,0.14,7.885378800948346,8.983571241456492,3.38836961830295,5.680162045674903,6.901188706374097,10.127304773823758,17.103372259313517,50
2,200,d0,logspline,0.15000000000000002,7.802952130426952,8.870191847582594,3.315819752557527,5.6248204300623454,6.829717746406442,9.986996600346833,16.809126102388248,50
2,200,d0,logspline,0.16,7.7193817773033295,8.75523768572065,3.242313563248162,5.568840203310978,6.757312276200466,9.844484994911214,16.50247196837023,50
2,200,d0,logspline,0.17,7.634693185104808,8.638785188349647,3.167957892813195,5.512229373736377,6.683989160529563,9.699870452134949,16.187628070608177,50
2,200,d0,logspline,0.18000000000000002,7.548912444460541,8.520906567221358,3.0928487775781726,5.454996282776296,6.609765814291141,9.553251895436683,15.869608320406085,50
2,200,d0,logspline,0.19,7.46206616235167,8.401669958124263,3.017072430803835,5.397149576820059,6.534660126425114,9.404726082159733,15.548702395556695,50
2,200,d0,logspline,0.2,7.374181336174473,8.28113960377587,2.9407062343713197,5.338698178932366,6.4586903852021145,9.254387113934285,15.225167302251286,50
2,200,d0,logspline,0.21,7.285285233549828,8.159376056903252,2.8638197012621722,5.279651260652219,6.381400663129526,9.102326046467386,14.89923114004246,50
2,200,d0,logspline,0.22,7.195405278645732,8.036436391170126,2.7864753871187324,5.220018214036462,6.298681966763849,8.948630591146127,14.571096544218417,50
2,200,d0,logspline,0.23,7.104568945615684,7.9123744117352,2.7087297405381,5.159808624105079,6.215093039710967,8.793384899670585,14.240943782021514,50
2,200,d0,logspline,0.24,7.0128036595977985,7.78724086018869,2.6306338895154013,5.099032241832049,6.130656358308546,8.636669422313645,13.908933504903121,50
2,200,d0,logspline,0.25,6.920136705570838,7.661083610692221,2.5522343666171055,5.037698957811392,6.045394393163018,8.478560830239656,13.57520917438542,50
2,200,d0,logspline,0.26,6.826595145226248,7.5339478555743815,2.4735737788512253,4.975818776713609,5.959329541067525,8.319131992505936,13.239899187386825,50
2,200,d0,logspline,0.27,6.732205741891292,7.405876279592326,2.3946914304466587,4.913401792633037,5.87248406229464,8.15845199882983,12.903118730478255,50
2,200,d0,logspline,0.28,6.636994893428795,7.276909222696819,2.3156239083490333,4.850458165411972,5.784880023322188,7.996586219847293,12.564971393191437,50
2,200,d0,logspline,0.29000000000000004,6.540988572944156,7.147084831534894,2.236405641566715,4.786998098013138,5.696539244980867,7.833596397347896,12.225550569381936,50
2,200,d0,logspline,0.3,6.44421227705028,7.016439200163597,2.157069446870237,4.7230318149981025,5.607483255950955,7.669540757788194,11.884940673554492,50
2,200,d0,logspline,0.31,6.346690981375563,6.885006501297917,2.0776470742776687,4.65856955828018,5.517733251482317,7.504474143216327,11.543218196503393,50
2,200,d0,logspline,0.32,6.248449102948254,6.752819153434996,1.9981697205211315,4.593622604643325,5.427310057452106,7.33844815455185,11.200452621932406,50
2,200,d0,logspline,0.33,6.149510469051578,6.6199080950983715,1.9186684719309515,4.528206018166481,5.343502435770819,7.171511302932543,10.85670722309235,50
2,200,d0,logspline,0.34,6.04989829211672,6.486303154042722,1.839174811856776,4.462339080014859,5.26361043825098,7.00370916554893,10.51203975601917,50
2,200,d0,logspline,0.35000000000000003,5.949635150203999,6.352033265355809,1.759721300113004,4.396045105776946,5.183173644422315,6.8350845430284375,10.166503063725187,50
2,200,d0,logspline,0.36000000000000004,5.848742972614925,6.217126557727525,1.6803424075242326,4.329351919972294,5.102211326299126,6.66567761600088,9.820145603709605,50
2,200,d0,logspline,0.37,5.746262359901921,6.081610414958246,1.6010755699852994,4.26121540627739,5.020743810498502,6.507335674590191,9.47301190940928,50
2,200,d0,logspline,0.38,5.642864031696046,5.94551182236808,1.521962563069493,4.1957906132720195,4.93879231466939,6.348918653941916,9.125142994692887,50
2,200,d0,logspline,0.39,5.538895713015593,5.808858579376048,1.4430512392908708,4.136516641969194,4.856378802285244,6.1898836851290495,8.77657670919142,50
2,200,d0,logspline,0.4,5.434381997447953,5.6716801718212,1.3643975319114376,4.076915855619426,4.773525853046044,6.051892670436233,8.427348051132142,50
2,200,d0,logspline,0.41,5.3293517481824155,5.5340084285095275,1.2860686456795054,4.017007800122147,4.686886348868608,5.917202626480593,8.077494656463566,50
2,200,d0,logspline,0.42,5.223839365732564,5.395884610773132,1.2081593113932567,3.9568135232905135,4.599513387531749,5.782089878325637,7.727224014112106,50
2,200,d0,logspline,0.43,5.1178889750601115,5.257370662144498,1.130812580475713,3.8963554296142053,4.511695264297879,5.649011102456797,7.377180038645664,50
2,200,d0,logspline,0.44,5.011554580741413,5.118550142164924,1.0542133992975071,3.8356571473943495,4.423455789080894,5.514702732010464,7.036578887492027,50
2,200,d0,logspline,0.45,4.904898746252069,4.979534229321043,0.9785851033552784,3.774743406500717,4.333556932660453,5.356790019668583,6.700504750589211,50
2,200,d0,logspline,0.46,4.7834763440866785,4.840468211419978,0.9041923538370507,3.7136399253523935,4.2353459767692465,5.198680375908007,6.408456732339784,50
2,200,d0,logspline,0.47,4.647072222524184,4.701550360718397,0.8313646132636221,3.6523733059978953,4.156697672795004,5.040640965833407,6.148062178200984,50
2,200,d0,logspline,0.48,4.50626954681476,4.563049484939895,0.7605297660041719,3.5909709363857143,4.078307574322363,4.877708436464999,5.88842123038294,50
2,200,d0,logspline,0.49,4.355733424127287,4.425307919514854,0.6922277432835079,3.529460899084227,3.999111040195067,4.730245907035827,5.630933793755608,50
2,200,d0,logspline,0.5,4.238674470221012,4.288723737232568,0.6270721954405482,3.4678718858408573,3.922271732699766,4.586564519473717,5.3819925207518,50
2,200,d0,logspline,0.51,4.122322038445274,4.153741856955838,0.5657441488976025,3.406233117472178,3.8454128709481545,4.410364172328725,5.060822154345848,50
2,200,d0,logspline,0.52,3.9887765275921883,4.020839692159132,0.5089515502132883,3.344574268655398,3.7685808495354105,4.226466427155105,4.776497647214098,50
2,200,d0,logspline,0.53,3.863689624018103,3.8905069896127826,0.4573465049107315,3.282925397252443,3.666472270769545,4.070446587620454,4.538145221708573,50
2,200,d0,logspline,0.54,3.69893253928016,3.763228743141435,0.41143256613649615,3.2200686500405133,3.5750041139007154,3.951151666246214,4.326868393146334,50
2,200,d0,logspline,0.55,3.5813984317577106,3.6394645507919408,0.37146855077588536,3.1534811821134197,3.470920815133879,3.8169165448078184,4.166453971601115,50
2,200,d0,logspline,0.56,3.476402383348757,3.5196034395088844,0.33740400851180746,3.080892198271102,3.3638306019112076,3.7197056947915073,4.016628889269208,50
2,200,d0,logspline,0.5700000000000001,3.382729779696173,3.403926509200112,0.30887776715976406,2.999877668923863,3.233072588397284,3.6040432362457993,3.882054614694515,50
2,200,d0,logspline,0.5800000000000001,3.291618622286755,3.292567884163482,0.2853011671039191,2.9188759159172353,3.0935339365598837,3.4901048966291746,3.734623898986273,50
2,200,d0,logspline,0.59,3.197610359683744,3.1855238695487853,0.2659858526289102,2.81081095701285,2.974074705692285,3.3947283209284644,3.5862364555739763,50
2,200,d0,logspline,0.6,3.1058140543732318,3.082683526056329,0.2502222717209935,2.708799494470969,2.8754801888347483,3.2606616889833897,3.4452253402929447,50
2,200,d0,logspline,0.61,3.012840547289752,2.9838795513276644,0.23731488938099665,2.612508213291278,2.79796360217114,3.1536562339837877,3.323943759605176,50
2,200,d0,logspline,0.62,2.9275121983757697,2.888922417471874,0.22658227686570043,2.5154409356697887,2.7204893813543984,3.067685624574144,3.2064929762222576,50
2,200,d0,logspline,0.63,2.829854710495147,2.7976029719999818,0.2173780044228944,2.4364062088647884,2.6211639881709243,2.9684590316918427,3.1040477726041145,50
2,200,d0,logspline,0.64,2.7374753626796773,2.709705251032054,0.20917353176010756,2.366574994510656,2.537482173706758,2.8708370669670273,3.004439926048574,50
2,200,d0,logspline,0.65,2.6399552927397583,2.625015599573849,0.20159367249225957,2.2866252366562954,2.4695378045455083,2.787086750781879,2.913820161697677,50
2,200,d0,logspline,0.66,2.545969561870841,2.543331602892032,0.19440404670980863,2.2121606241404277,2.387668732822897,2.7029790956830864,2.82821739603326,50
2,200,d0,logspline,0.67,2.4621965178091787,2.4644792706387397,0.18747394012510898,2.1496252589544107,2.310514921608937,2.6185107509353305,2.744578455713052,50
2,200,d0,logspline,0.68,2.3851018385959217,2.388314143785946,0.18073362363700474,2.0893330261759733,2.2376036408450934,2.5499537466265125,2.6628029118404104,50
2,200,d0,logspline,0.6900000000000001,2.3108615302435362,2.3147139607768286,0.17414807150671707,2.030622050305366,2.171792177306581,2.474138405012476,2.570637342671915,50
2,200,d0,logspline,0.7000000000000001,2.2362419055540097,2.2435729720547553,0.1677025388008342,1.9735084439610757,2.114777894653017,2.4034439686180407,2.481523740017394,50
2,200,d0,logspline,0.7100000000000001,2.1647566300483447,2.1747987489116025,0.16139324687872905,1.915016281817006,2.0617033584680664,2.3244593237357196,2.402880785059268,50
2,200,d0,logspline,0.72,2.0969839494332723,2.108309716697162,0.15522112685408487,1.8555612798509227,1.998459273563067,2.248117443048509,2.3264990373530052,50
2,200,d0,logspline,0.73,2.031656915330836,2.044031794581322,0.14918904570552563,1.7986866107334984,1.9367525853683634,2.175508919133141,2.2541258705123766,50
2,200,d0,logspline,0.74,1.968733549762192,1.9818958214638378,0.1433008700848402,1.7486443269701266,1.8830153452128378,2.1032219249862534,2.185693191551956,50
2,200,d0,logspline,0.75,1.9081609716275847,1.9218361482602464,0.13756089511471836,1.7018659123237334,1.8313630827846648,2.027891917206394,2.1199443184575157,50
2,200,d0,logspline,0.76,1.8498773869462706,1.8637889306748976,0.13197416974673074,1.654219863587075,1.7784712390972206,1.9650921051347294,2.057783238340297,50
2,200,d0,logspline,0.77,1.795161351386725,1.807689675305386,0.12654830771975936,1.605241196115002,1.730166714984214,1.90496792119558,1.9967687262328102,50
2,200,d0,logspline,0.78,1.7430170594184136,1.7534732471728032,0.1212943883888994,1.5576699668481462,1.6813907259615894,1.8468148954135009,1.9350836493130192,50
2,200,d0,logspline,0.79,1.6935599845449898,1.7010745217876966,0.11622662056901521,1.5123511057193932,1.63412178725653,1.7909396346889601,1.8749669236689774,50
2,200,d0,logspline,0.8,1.6421985000425674,1.6504288799822293,0.11136124171270026,1.4687308002672161,1.587975855547092,1.7323820449932184,1.8164320145400972,50
2,200,d0,logspline,0.81,1.5929691467448426,1.6014725913168808,0.10671478046032513,1.4257810152073151,1.5437620468205764,1.6781970547741447,1.759477164342639,50
2,200,d0,logspline,0.8200000000000001,1.5447077024790674,1.5541428703638467,0.10230220204311699,1.3843756251395143,1.4976280158908097,1.6272986392762625,1.706138396064726,50
2,200,d0,logspline,0.8300000000000001,1.5002135954355902,1.5083782872265576,0.09813526452981507,1.3468977268556523,1.4526235051722662,1.578107919472215,1.6541479308563085,50
2,200,d0,logspline,0.8400000000000001,1.459590642457159,1.4641204226833076,0.09422076438445931,1.3108164344368916,1.406424989102724,1.536593572476062,1.6034889116321183,50
2,200,d0,logspline,0.85,1.418919758890314,1.4213143396755619,0.09056025723278133,1.2759580156880603,1.3595620607459764,1.498210406169311,1.5542474900215746,50
2,200,d0,logspline,0.86,1.378579199609756,1.3799080953170615,0.08715075547196979,1.2422476353798277,1.3204826942259045,1.4552957603680536,1.5065326285238303,50
2,200,d0,logspline,0.87,1.3368952093959547,1.3398521721291867,0.0839854768487101,1.2096178881609734,1.2761511172439872,1.409568331007008,1.4618847270384576,50
2,200,d0,logspline,0.88,1.3018057904108913,1.3010988577871836,0.08105465826709547,1.177715128511075,1.2338342449956403,1.3654484185385085,1.4191143534740205,50
2,200,d0,logspline,0.89,1.2682712534779577,1.2636020217019903,0.07834637956116736,1.1467087066999473,1.1979292664354773,1.3234410456028274,1.3773059730705977,50
2,200,d0,logspline,0.9,1.232732270387478,1.227316982944024,0.07584724924239815,1.1154422332260756,1.161172636669955,1.2861765429046774,1.3367388139450793,50
2,200,d0,logspline,0.91,1.1966553668457327,1.1922004847612298,0.07354306053699651,1.0850476954242358,1.1320509069798954,1.251128787082676,1.298904375218478,50
2,200,d0,logspline,0.92,1.1619206440456642,1.1582105585698583,0.0714196680431414,1.0555820137608805,1.0997694809196583,1.2168955162885966,1.263883580617653,50
2,200,d0,logspline,0.93,1.1313357399295796,1.1253053429887485,0.06946501942613321,1.0269982348190965,1.0683522618761063,1.1827712635723222,1.2286975652341057,50
2,200,d0,logspline,0.94,1.1006215074434609,1.0934431523884243,0.06766806056819777,0.9979255732702759,1.0386649499511462,1.148105776528892,1.1938838653958816,50
2,200,d0,logspline,0.95,1.0699614220960516,1.0625834887913974,0.06601743879457148,0.9683754653881284,1.0098072971478527,1.1166120988355859,1.1601063879280127,50
2,200,d0,logspline,0.96,1.0390241813656593,1.0326874444373122,0.0645015296015398,0.939782227528714,0.979837997977725,1.0829894324248075,1.1273300191177882,50
2,200,d0,logspline,0.97,1.0109089556778796,1.0037168016149849,0.06310765465730926,0.9120954585757011,0.9494338787795815,1.052202915954846,1.0955214960274424,50
2,200,d0,logspline,0.98,0.9831221474204452,0.9756348863695377,0.06182332486102182,0.8852632645379579,0.9218293070896715,1.0223787026008577,1.0646492292350387,50
2,200,d0,logspline,0.99,0.9539954687195324,0.9484067762806427,0.06063667815820925,0.8590866449464757,0.8942504314764894,0.9938361754126854,1.034683137651943,50
2,200,d0,logspline,1,0.9263525881737054,0.9219991726679319,0.059536508696339176,0.8343977304125209,0.8687440389323995,0.9665873290990016,1.00759671449066,50
2,200,d1,ecdf,0.01,Inf,Inf,NA,Inf,Inf,Inf,Inf,0
2,200,d1,ecdf,0.02,Inf,Inf,NA,Inf,Inf,Inf,Inf,0
2,200,d1,ecdf,0.03,Inf,Inf,NA,Inf,Inf,Inf,Inf,0
2,200,d1,ecdf,0.04,Inf,Inf,NA,Inf,Inf,Inf,Inf,0
2,200,d1,ecdf,0.05,Inf,Inf,NA,Inf,Inf,Inf,Inf,0
2,200,d1,ecdf,0.06,Inf,Inf,NA,Inf,Inf,Inf,Inf,0
2,200,d1,ecdf,0.06999999999999999,Inf,Inf,NA,Inf,Inf,Inf,Inf,0
2,200,d1,ecdf,0.08,Inf,Inf,NA,Inf,Inf,Inf,Inf,0
2,200,d1,ecdf,0.09,Inf,Inf,NA,Inf,Inf,Inf,Inf,0
2,200,d1,ecdf,0.1,Inf,Inf,NA,Inf,Inf,Inf,Inf,0
2,200,d1,ecdf,0.11,Inf,Inf,NA,Inf,Inf,Inf,Inf,0
2,200,d1,ecdf,0.12,Inf,Inf,NA,Inf,Inf,Inf,Inf,0
2,200,d1,ecdf,0.13,Inf,Inf,NA,Inf,Inf,Inf,Inf,0
2,200,d1,ecdf,0.14,Inf,Inf,NA,Inf,Inf,Inf,Inf,0
2,200,d1,ecdf,0.15000000000000002,Inf,Inf,NA,Inf,Inf,Inf,Inf,0
2,200,d1,ecdf,0.16,Inf,Inf,NA,Inf,Inf,Inf,Inf,0
2,200,d1,ecdf,0.17,Inf,Inf,NA,Inf,Inf,Inf,Inf,0
2,200,d1,ecdf,0.18000000000000002,Inf,Inf,NA,Inf,Inf,Inf,Inf,0
2,200,d1,ecdf,0.19,Inf,Inf,NA,Inf,Inf,Inf,Inf,0
2,200,d1,ecdf,0.2,Inf,Inf,NA,Inf,Inf,Inf,Inf,0
2,200,d1,ecdf,0.21,Inf,Inf,NA,Inf,Inf,Inf,Inf,0
2,200,d1,ecdf,0.22,Inf,Inf,NA,Inf,Inf,Inf,Inf,0
2,200,d1,ecdf,0.23,Inf,Inf,NA,Inf,Inf,Inf,Inf,0
2,200,d1,ecdf,0.24,Inf,Inf,NA,Inf,Inf,Inf,Inf,0
2,200,d1,ecdf,0.25,Inf,Inf,NA,Inf,Inf,Inf,Inf,0
2,200,d1,ecdf,0.26,Inf,Inf,NA,Inf,Inf,Inf,Inf,0
2,200,d1,ecdf,0.27,Inf,Inf,NA,Inf,Inf,Inf,Inf,0
2,200,d1,ecdf,0.28,Inf,Inf,NA,Inf,Inf,Inf,Inf,0
2,200,d1,ecdf,0.29000000000000004,Inf,Inf,NA,Inf,Inf,Inf,Inf,0
2,200,d1,ecdf,0.3,Inf,Inf,NA,Inf,Inf,Inf,Inf,0
2,200,d1,ecdf,0.31,Inf,Inf,NA,Inf,Inf,Inf,Inf,0
2,200,d1,ecdf,0.32,Inf,Inf,NA,Inf,Inf,Inf,Inf,0
2,200,d1,ecdf,0.33,Inf,Inf,NA,Inf,Inf,Inf,Inf,0
2,200,d1,ecdf,0.34,Inf,Inf,NA,Inf,Inf,Inf,Inf,0
2,200,d1,ecdf,0.35000000000000003,Inf,Inf,NA,Inf,Inf,Inf,Inf,0
2,200,d1,ecdf,0.36000000000000004,Inf,Inf,NA,Inf,Inf,Inf,Inf,1
2,200,d1,ecdf,0.37,Inf,Inf,NA,Inf,Inf,Inf,Inf,2
2,200,d1,ecdf,0.38,Inf,Inf,NA,4.440182019157011,Inf,Inf,Inf,5
2,200,d1,ecdf,0.39,Inf,Inf,NA,4.491072376870274,Inf,Inf,Inf,7
2,200,d1,ecdf,0.4,Inf,Inf,NA,4.540620666761764,Inf,Inf,Inf,8
2,200,d1,ecdf,0.41,Inf,Inf,NA,3.89574473753368,Inf,Inf,Inf,11
2,200,d1,ecdf,0.42,Inf,Inf,NA,3.9427992837331223,4.635946464293068,Inf,Inf,16
2,200,d1,ecdf,0.43,Inf,Inf,NA,3.988693204586145,4.68184038514609,Inf,Inf,20
2,200,d1,ecdf,0.44,Inf,Inf,NA,4.033478717588669,4.7266258981486144,Inf,Inf,24
2,200,d1,ecdf,0.45,4.770351705872335,Inf,NA,3.6717394172042246,4.077204525312389,Inf,Inf,28
2,200,d1,ecdf,0.46,4.813063305147283,Inf,NA,3.304039990804577,4.119916124587338,Inf,Inf,33
2,200,d1,ecdf,0.47,4.854803262989384,Inf,NA,3.245365350555283,4.161656082429438,Inf,Inf,37
2,200,d1,ecdf,0.48,4.202464282914821,Inf,NA,3.103851994246712,3.796999174806657,4.895611463474767,Inf,43
2,200,d1,ecdf,0.49,4.2423781485960435,Inf,NA,3.143765859927934,3.836913040487879,4.935525329155989,Inf,45
2,200,d1,ecdf,0.5,3.875967731438645,Inf,NA,3.1828205508786995,3.5882856589868637,4.2814328395468095,Inf,46
2,200,d1,ecdf,0.51,3.914196324585656,Inf,NA,3.2210491440257103,3.403370700819665,4.31966143269382,Inf,47
2,200,d1,ecdf,0.52,3.6639479031729736,Inf,NA,3.104332115237551,3.440804351858764,3.951629975624755,5.050242264292865,49
2,200,d1,ecdf,0.53,3.4774724417461647,Inf,NA,3.0074688125004294,3.29515088495221,3.988298065512155,4.39376317362032,49
2,200,d1,ecdf,0.54,3.422241931098055,Inf,NA,2.8202555289350872,3.1769304728738197,3.7365462608092423,4.024228333261023,49
2,200,d1,ecdf,0.55,3.2121491361641565,Inf,NA,2.668284265856358,2.9608347078832504,3.5486213727853695,4.05944699655136,49
2,200,d1,ecdf,0.56,3.1131496084592096,3.1779252813903467,0.39271503676103986,2.6636610111306,2.8900060571449995,3.246681001083732,3.806296789019155,50
2,200,d1,ecdf,0.5700000000000001,3.029235133873581,3.0636733551655397,0.36506629378038175,2.5874023815945413,2.8285644384114295,3.2805495621544867,3.617021798775699,50
2,200,d1,ecdf,0.5800000000000001,2.9571021497195473,2.9475198055084975,0.376284756228748,2.426473898657377,2.6947378852520565,3.180245701033757,3.6502493302794927,50
2,200,d1,ecdf,0.59,2.8073882324218093,2.8420066188569115,0.35855401700258976,2.347855903043369,2.5842446811075996,3.09507030487359,3.5005354129817547,50
2,200,d1,ecdf,0.6,2.685245377417083,2.7363177005509765,0.31830906293856004,2.301735843185163,2.5517139847925603,2.904654589986564,3.3783925579770284,50
2,200,d1,ecdf,0.61,2.5831410822225105,2.6553755581933056,0.32559749129046467,2.1968278006028044,2.465358046566127,2.790780447000755,3.223285896737083,50
2,200,d1,ecdf,0.62,2.496222578297344,2.5463833306111208,0.30817437506788836,2.167718511325308,2.3420718984700857,2.7302887887065124,3.141957526811267,50
2,200,d1,ecdf,0.63,2.372391159915486,2.4442440470999003,0.28982111361325835,2.049617767652435,2.2082432714007725,2.644324875399128,2.895987729397817,50
2,200,d1,ecdf,0.64,2.311209856635989,2.36826767330202,0.25406509127243443,2.0455066909029833,2.1886075345436566,2.6134907285089226,2.7765999507807515,50
2,200,d1,ecdf,0.65,2.2571056586220033,2.2753074315849053,0.2195025850791685,1.9630547922913992,2.1086856535037297,2.431459045766781,2.617046853206011,50
2,200,d1,ecdf,0.66,2.1907401501424757,2.1900340937480336,0.20850832957939855,1.8772184105556873,2.008253276765762,2.3267070078842966,2.5372398765914035,50
2,200,d1,ecdf,0.67,2.1318590912945874,2.119925364733137,0.2013149476754666,1.804400654974012,1.977708411467329,2.265524852939549,2.4676000281976176,50
2,200,d1,ecdf,0.68,2.0494480489921747,2.04372827415555,0.20031571695841238,1.6991551152646287,1.903814317504664,2.15968471037134,2.3644583641514347,50
2,200,d1,ecdf,0.6900000000000001,1.9773328923385236,1.9603210561947384,0.17644174643624463,1.665336354541703,1.8270506892891856,2.0917432435162677,2.220954974996274,50
2,200,d1,ecdf,0.7000000000000001,1.9262957066479391,1.8933274133444884,0.17601498762467058,1.616099087930093,1.765027559051817,2.0042572481176513,2.153053795635129,50
2,200,d1,ecdf,0.7100000000000001,1.8350046898486203,1.826453134456291,0.1707073927376651,1.579648514945247,1.676137314809492,1.9466145723574109,2.086319118129526,50
2,200,d1,ecdf,0.72,1.7862277282080665,1.773608762437239,0.17638448252041847,1.507414757398535,1.6336166355332948,1.9300687644339567,2.018463254109472,50
2,200,d1,ecdf,0.73,1.7326320036491554,1.7145146670095448,0.16656447553757642,1.463581253431315,1.6032570370729247,1.8432522180058717,1.9557302014325617,50
2,200,d1,ecdf,0.74,1.6582190839254174,1.6552677752324203,0.15852298261182082,1.418552812645763,1.548150871210191,1.7674183758904094,1.9021090966780683,50
2,200,d1,ecdf,0.75,1.5925264841410605,1.5973701910546345,0.15455930576646532,1.3729017679357118,1.498637331330329,1.7137588040066634,1.8315123835885168,50
2,200,d1,ecdf,0.76,1.5485217807677083,1.5409577123984954,0.1458596553758018,1.317912461204303,1.4372961456574844,1.6408951008987238,1.772960672659331,50
2,200,d1,ecdf,0.77,1.488088696127112,1.493597399919815,0.14132881443575007,1.2912946943675512,1.397704634658843,1.6024990473048564,1.6978092271091811,50
2,200,d1,ecdf,0.78,1.459208517623761,1.4464341412532764,0.1390205615358304,1.229981486412806,1.361570048059845,1.5392512252972974,1.6570342609536808,50
2,200,d1,ecdf,0.79,1.3849815591510368,1.3999084513992661,0.1357507032385784,1.1758897612924777,1.3121643589103902,1.4955234335508607,1.5908336133551857,50
2,200,d1,ecdf,0.8,1.3515371971530636,1.3550942925084866,0.12660592702578488,1.130163038632388,1.277429224999342,1.443556095873316,1.5316633633835828,50
2,200,d1,ecdf,0.81,1.3104179843243604,1.307484694729162,0.11797792700510068,1.092311816324264,1.2359764531521917,1.3936992679460722,1.4865360402486392,50
2,200,d1,ecdf,0.8200000000000001,1.2631887451696313,1.2589756130328094,0.11162005764717371,1.0669036586828204,1.1823678325051816,1.3431852228953745,1.4428408349085884,50
2,200,d1,ecdf,0.8300000000000001,1.2337034377142007,1.2240404257035016,0.10253267422332404,1.053009959240264,1.1504940686134515,1.2924730957674109,1.37574067012444,50
2,200,d1,ecdf,0.8400000000000001,1.1892147088728529,1.1829461681678366,0.10320323812367463,1.0111293984464365,1.1072015572120175,1.257757640550647,1.3373072753992368,50
2,200,d1,ecdf,0.85,1.148555995367551,1.1466286230107674,0.09845727558346287,0.9874030949342596,1.0768865148025983,1.2171175197920077,1.2865749248997846,50
2,200,d1,ecdf,0.86,1.1036701892591942,1.1041816671400302,0.09917341963460509,0.9400507467024554,1.0399590516854607,1.1879574450879016,1.2365664417134576,50
2,200,d1,ecdf,0.87,1.0661574326668546,1.066163907773516,0.0962040680660142,0.9239112114738453,1.0109458668266782,1.1377936997246811,1.215397902563964,50
2,200,d1,ecdf,0.88,1.038266237369128,1.0301907888599569,0.10020037202466238,0.8748475577914401,0.9618720991528151,1.0938360885239389,1.199196604181765,50
2,200,d1,ecdf,0.89,0.9837454134956034,0.9922583544393285,0.0968988911989633,0.8305975184647436,0.9377906098058774,1.0485047335598072,1.1521009850780115,50
2,200,d1,ecdf,0.9,0.9488844491049573,0.9602266148918224,0.09385341915287006,0.8116919012191202,0.9025070033568732,1.0179826840001507,1.1105807304981714,50
2,200,d1,ecdf,0.91,0.9250943378608611,0.9311220947284011,0.08754108788179105,0.7945178185199049,0.8671579139884918,0.9896328589984325,1.078298496084089,50
2,200,d1,ecdf,0.92,0.8920263000987738,0.9008050513789716,0.08837569908403116,0.7775394697932189,0.8459540375647813,0.9603450288175704,1.0503141396977451,50
2,200,d1,ecdf,0.93,0.8716286001752456,0.871660038219563,0.08517617324746674,0.7564999611750043,0.812531306265271,0.9372296127021184,1.0109677705355327,50
2,200,d1,ecdf,0.94,0.8401012487587305,0.8384869416360654,0.08087157187932506,0.7327722285282319,0.7850056652774144,0.9023666264539317,0.9671012108152901,50
2,200,d1,ecdf,0.95,0.8014098538688283,0.8039264259985051,0.07802448331497856,0.6838340630447277,0.7493102683343343,0.8625456141851409,0.9438883338696666,50
2,200,d1,ecdf,0.96,0.7856210382441101,0.7773358314966399,0.07673639545560172,0.6578442170374313,0.7288414823016763,0.8187474918935208,0.9175460563465624,50
2,200,d1,ecdf,0.97,0.7577666894770788,0.750166861456262,0.07472480302128602,0.6345638218323114,0.6964234143709481,0.7915960915713927,0.8819470105628672,50
2,200,d1,ecdf,0.98,0.7194711059033245,0.7223752903494463,0.07483156573944226,0.5936514586207925,0.6691071699368403,0.7704438271291787,0.852521455666386,50
2,200,d1,ecdf,0.99,0.7014072583151214,0.6978186061444773,0.07366249656710455,0.5756461647947312,0.6388256868381182,0.747459527840914,0.8245450240550534,50
2,200,d1,ecdf,1,0.6787032783615335,0.6789901943523076,0.07310349265674099,0.5532651084500604,0.624736184350611,0.7317803993277852,0.8035013741712883,50
2,200,d1,logspline,0.01,3.225819986076382,4.209892971583918,2.873280439877367,1.5208227535735706,2.333416366010243,5.123319024069505,10.473141285922244,50
2,200,d1,logspline,0.02,3.8629762506220344,4.836535261999631,2.8455319182102174,2.1736770683237605,2.9762720471251196,5.740490621586009,11.03791661059305,50
2,200,d1,logspline,0.03,4.211434275343809,5.1738940542405505,2.8163666150588895,2.538302582650762,3.3306173954340492,6.068166461776322,11.310158269286454,50
2,200,d1,logspline,0.04,4.441096048504434,5.391881840159652,2.785810650809753,2.784599144862228,3.566353371178486,6.276255232369433,11.459834567692578,50
2,200,d1,logspline,0.05,4.605210193117336,5.543761502928609,2.7538992998453757,2.965812402244244,3.736727169448194,6.418014819496829,11.540284373873085,50
2,200,d1,logspline,0.06,4.727498478119357,5.653272420579651,2.720675895498555,3.1056603321127776,3.865458742450264,6.517178706205257,11.575341214816099,50
2,200,d1,logspline,0.06999999999999999,4.820618367878659,5.733092539303599,2.6861905622211677,3.216795816415343,3.966981889142962,6.586418381918488,11.577792964547086,50
2,200,d1,logspline,0.08,4.892128868372651,5.790803702613872,2.650498855728386,3.3067725178838554,4.047547500352784,6.633309024513264,11.555344531466547,50
2,200,d1,logspline,0.09,4.946909355010991,5.831309948205532,2.613660387608532,3.380463742321125,4.111614086365611,6.6627481437734994,11.513033381773297,50
2,200,d1,logspline,0.1,4.988295093602229,5.85797250779038,2.5757375001818064,3.4411979980767766,4.162512861052708,6.678090901827565,11.454361753521164,50
2,200,d1,logspline,0.11,5.018668631162316,5.873200705920336,2.5367940427897144,3.4913504289271287,4.202621943400923,6.681741291543673,11.381884863219042,50
2,200,d1,logspline,0.12,5.039792744227912,5.878784459683864,2.4968942847237128,3.5326758075072906,4.233699335940287,6.675484864850642,11.297540894006493,50
2,200,d1,logspline,0.13,5.053009633830438,5.876093077596618,2.45610198472711,3.5665077779159025,4.257082151356131,6.660687704337659,11.202847529189427,50
2,200,d1,logspline,0.14,5.061434835086519,5.866200061330645,2.414479623834473,3.593884045970163,4.273811785914906,6.63842134112989,11.099024777943836,50
2,200,d1,logspline,0.15000000000000002,5.064967351228337,5.849964664399074,2.3720877979726245,3.615628269816766,4.2847157925644055,6.609544375941203,10.987074869479343,50
2,200,d1,logspline,0.16,5.058991836789804,5.828087019121359,2.3289847593958113,3.632405463684406,4.290463266650258,6.574757619875314,10.867836030871679,50
2,200,d1,logspline,0.17,5.048202068671233,5.801146485646536,2.285226091429487,3.644760572028199,4.291603401654541,6.534642415538197,10.74201979144383,50
2,200,d1,logspline,0.18000000000000002,5.033061694263033,5.769629001886804,2.2408644986965056,3.653145997647058,4.288592998689903,6.489687924842548,10.610237570666433,50
2,200,d1,logspline,0.19,5.013962142193943,5.73394701883411,2.195949694459526,3.6568424295324338,4.281816519739597,6.4403109756165335,10.473020104855646,50
2,200,d1,logspline,0.2,4.991237482053847,5.694454314107881,2.150528367413342,3.6567779020641646,4.271600983177866,6.386870767152224,10.3308319722702,50
2,200,d1,logspline,0.21,4.965202278532093,5.6514571904097295,2.104644211750105,3.653699610372527,4.258227213772209,6.329679947995755,10.184082688674689,50
2,200,d1,logspline,0.22,4.941701288566415,5.605223072781815,2.0583380062416166,3.6478465876177615,4.241938466215557,6.269013085661989,10.033135353359883,50
2,200,d1,logspline,0.23,4.915404323036108,5.555987201568594,2.0116477301727707,3.639426946881308,4.22294712374341,6.2051132300417535,9.878313510777932,50
2,200,d1,logspline,0.24,4.886501845992152,5.503957909295788,1.9646087060391784,3.628623162304904,4.201439964155309,6.138197062663528,9.719906687357039,50
2,200,d1,logspline,0.25,4.855162882574406,5.449320829421203,1.9172537608782045,3.6155962685547793,4.177554605828939,6.068458982840156,9.558174926383217,50
2,200,d1,logspline,0.26,4.821538365122635,5.392242288861668,1.869613399875998,3.6004892334632537,4.150097992168932,5.996074384889075,9.393352551520712,50
2,200,d1,logspline,0.27,4.785763841651811,5.332872069296112,1.8217159874606137,3.5834296913183614,4.119423841258868,5.921202313016116,9.225651326281424,50
2,200,d1,logspline,0.28,4.7479616864779635,5.271345674911934,1.7735879324552277,3.5645321765140254,4.086311503787312,5.84398763252938,9.055263132811696,50
2,200,d1,logspline,0.29000000000000004,4.708242918417271,5.207786210293221,1.725253875044594,3.543899962934174,4.050749306805534,5.764562821592915,8.882362262439878,50
2,200,d1,logspline,0.3,4.666708706939389,5.14230594744759,1.6767368743311686,3.5216265894254013,4.013407614740919,5.683049462635875,8.70710738837915,50
2,200,d1,logspline,0.31,4.623451628183215,5.075007642784295,1.6280585961600904,3.4977971332612254,3.9743771892888407,5.599559494043376,8.5296432750498,50
2,200,d1,logspline,0.32,4.578556718961506,5.005985651316611,1.5792395017140493,3.472489279738406,3.9337413031589756,5.514196268986511,8.350102266817734,50
2,200,d1,logspline,0.33,4.532102366490413,4.935326875172162,1.530299038163388,3.445774225672597,3.891576632668203,5.427055457895716,8.168605590278618,50
2,200,d1,logspline,0.34,4.484161063669653,4.863111575750267,1.4812558334517847,3.4177174466655207,3.8479540153511227,5.346837388552205,7.9852644976840645,50
2,200,d1,logspline,0.35000000000000003,4.434800053662176,4.7894140729234564,1.4321278981587253,3.3883793519517758,3.8029390963660568,5.265535222471021,7.800181274108009,50
2,200,d1,logspline,0.36000000000000004,4.38408188281376,4.714303350083331,1.3829328383714352,3.357815845936096,3.7565928827686172,5.182732443414777,7.613450127070065,50
2,200,d1,logspline,0.37,4.332064877276203,4.637843593080452,1.3336880751687257,3.3258735222216296,3.7089722210498537,5.098498038149938,7.425157974274088,50
2,200,d1,logspline,0.38,4.278803555805103,4.560094776422963,1.2844110040189816,3.29238961163112,3.6601302104444993,5.012896526521757,7.2353851426758204,50
2,200,d1,logspline,0.39,4.224348988911741,4.4811132154934405,1.2351191663483743,3.2578215754054316,3.6101167095620497,4.925988344210818,7.044205990114262,50
2,200,d1,logspline,0.4,4.1687491127215655,4.400952136372097,1.18583041472001,3.2222119446389703,3.5589805475458336,4.837830181793555,6.851689459118997,50
2,200,d1,logspline,0.41,4.095686331526368,4.319662251879761,1.136563114939593,3.1856021301524406,3.508961599938816,4.750995898702816,6.6578995711617015,50
2,200,d1,logspline,0.42,4.0147841784821425,4.237292265447983,1.0873365131969117,3.1480332484976823,3.4600183703823824,4.655436953411554,6.462895868495586,50
2,200,d1,logspline,0.43,3.9337421886065993,4.153890075184973,1.0381710873099843,3.109546168210172,3.410091765264663,4.551790826826695,6.266733809778314,50
2,200,d1,logspline,0.44,3.873656854049164,4.069504219771937,0.9890890494026232,3.0701815211130086,3.3592175302367915,4.446493058631057,6.069465124868387,50
2,200,d1,logspline,0.45,3.8126264718623837,3.9841856560154425,0.9401153430411464,3.029979709343766,3.307429474149834,4.3401711872086866,5.871138133496833,50
2,200,d1,logspline,0.46,3.7475652344229555,3.8979905991170303,0.8912794810234705,2.9889809347973246,3.2547596188631873,4.24637660445801,5.671798031925034,50
2,200,d1,logspline,0.47,3.6733388595105803,3.810981743279213,0.8426171935118769,2.9472256515458057,3.204470426995859,4.142230337359206,5.4714871511899394,50
2,200,d1,logspline,0.48,3.592523013688432,3.7232303301226675,0.7941743148863466,2.9047551413441957,3.151159626013526,4.031515644593754,5.270245190097112,50
2,200,d1,logspline,0.49,3.5111222227125154,3.6348182217415896,0.7460122165792692,2.861611500965879,3.0990624467274914,3.920323378375458,5.068111985038055,50
2,200,d1,logspline,0.5,3.429283315768016,3.5458438105386074,0.6982249028344396,2.817837543734576,3.04352170001994,3.8088460135049638,4.870818046787334,50
2,200,d1,logspline,0.51,3.3471679236344594,3.456425204668432,0.6509464583242165,2.773476706401749,2.9869305421774213,3.697291881557223,4.690337460774065,50
2,200,d1,logspline,0.52,3.2649498636943584,3.366701802267756,0.6043506488459807,2.7285729606775706,2.9152181582226206,3.5866929992544456,4.509111986017233,50
2,200,d1,logspline,0.53,3.187946052129076,3.2768395350914634,0.5586591746973253,2.682569808923421,2.85432669970593,3.482999779754729,4.32744154217639,50
2,200,d1,logspline,0.54,3.1222123472111223,3.1870293631922575,0.5141378688679857,2.634878317519343,2.794168796707276,3.3796379914805756,4.145902646880568,50
2,200,d1,logspline,0.55,3.056146277528455,3.0974811438540866,0.4710850235719226,2.573156193497117,2.729239405491084,3.2781815011219937,3.9652938519862633,50
2,200,d1,logspline,0.56,2.9866880191218836,3.0084168388181403,0.42982107244447,2.5037276125714083,2.663401338986398,3.174681381890652,3.786577931659388,50
2,200,d1,logspline,0.5700000000000001,2.9026980734942267,2.9200687931289537,0.39069316496259654,2.433692504298601,2.608051924470161,3.0893849171592103,3.6108307423972095,50
2,200,d1,logspline,0.5800000000000001,2.8197051522844987,2.83268263222096,0.35409083235730615,2.374976833088903,2.5546904027559934,3.0141027909326725,3.4391960334946834,50
2,200,d1,logspline,0.59,2.7260942559599943,2.7465108551451047,0.3204272813477871,2.327385538600785,2.5064906473545,2.9300426406165068,3.2728455928467657,50
2,200,d1,logspline,0.6,2.619331082910737,2.6617996214314146,0.29010593258756084,2.279643697928277,2.44450788342123,2.8229239040870735,3.1129439930866916,50
2,200,d1,logspline,0.61,2.5250672391331968,2.578781375762403,0.26347832713159525,2.231797425161121,2.3919506293774484,2.744284150698772,2.97232444985083,50
2,200,d1,logspline,0.62,2.4413335691969413,2.497667659149136,0.2407890381700755,2.183892556438949,2.3370418567283755,2.6669535126233983,2.837180634282741,50
2,200,d1,logspline,0.63,2.3719728269556306,2.4186362370617953,0.22211709684602196,2.1334678660967983,2.2628097846177466,2.5901030130901073,2.7089368322145395,50
2,200,d1,logspline,0.64,2.2944148209964688,2.341817215284756,0.2073177887735966,2.075615449810962,2.190556266972215,2.506055895505139,2.6267251590749066,50
2,200,d1,logspline,0.65,2.2303328448194906,2.26727888247549,0.19599169882915918,2.013044934789298,2.1272586379611376,2.4273663649855104,2.5508456901392105,50
2,200,d1,logspline,0.66,2.176252955972579,2.195025687564938,0.18753471670510152,1.9235817224062797,2.0577542176232124,2.3513062124062385,2.482323488891271,50
2,200,d1,logspline,0.67,2.1208166102424215,2.1250126426283513,0.18127034250368293,1.837430725583074,1.9840933677631407,2.26602431749868,2.4140907237480906,50
2,200,d1,logspline,0.68,2.054673140650368,2.057169040131658,0.1765684114944059,1.7702596442765577,1.9222149856552018,2.1955490685436265,2.3303238661750525,50
2,200,d1,logspline,0.6900000000000001,1.9930185503611668,1.9914101278392997,0.17290479068414077,1.7008330541830594,1.8636706620906174,2.1301068858450707,2.257569508019719,50
2,200,d1,logspline,0.7000000000000001,1.9350005628620064,1.927644481338142,0.16987931752716004,1.6341570053682988,1.813063457962866,2.0705144997506375,2.190467630157242,50
2,200,d1,logspline,0.7100000000000001,1.876860590393881,1.8657790554552538,0.16720800481912643,1.5714117908392904,1.7534019321823187,2.0038790132378077,2.124031049184603,50
2,200,d1,logspline,0.72,1.8276032545845817,1.8057261234539683,0.16469949988998064,1.5121935065034915,1.7041317219738175,1.930176208929218,2.0583331510265666,50
2,200,d1,logspline,0.73,1.7727646207039947,1.7474084789080142,0.16223082977749093,1.456138944629984,1.6512713215922141,1.8591198531547917,1.9935967367836862,50
2,200,d1,logspline,0.74,1.7108637357820815,1.6907606534519104,0.15972558270048615,1.4029462683616982,1.598368317805309,1.7977870755775283,1.929945841974508,50
2,200,d1,logspline,0.75,1.66357367011625,1.6357261193150083,0.15713839601279997,1.352362749563702,1.5439885312069614,1.7469771074138256,1.86728450520497,50
2,200,d1,logspline,0.76,1.6105060273428455,1.5822545662883334,0.15444525097998044,1.3019548838714872,1.4896802286704367,1.6909414435217396,1.805672869160614,50
2,200,d1,logspline,0.77,1.5606140993192281,1.5303002018931267,0.15163695352865839,1.2528216738242468,1.4373960001354265,1.6375179269030626,1.7451641368577002,50
2,200,d1,logspline,0.78,1.504104255312539,1.4798208089275564,0.14871433510305967,1.206051897171323,1.389993640839766,1.5899647069472922,1.6858053211392061,50
2,200,d1,logspline,0.79,1.4472270262824733,1.4307776573827595,0.14568452354277564,1.1614823095834148,1.3444488860159824,1.5408741372330677,1.6323208042573951,50
2,200,d1,logspline,0.8,1.391955242248454,1.383135424721802,0.14255851485724497,1.1189670113014527,1.2981853915431156,1.493196455789711,1.5812451283903797,50
2,200,d1,logspline,0.81,1.3453351210252071,1.336861591621113,0.13934970166401117,1.0783745634087512,1.2500260945130222,1.4495612279176866,1.5311895357157987,50
2,200,d1,logspline,0.8200000000000001,1.298784774308693,1.2919258751653535,0.1360728981893879,1.0395857055190054,1.2035000783371794,1.405800520098641,1.4809569552488582,50
2,200,d1,logspline,0.8300000000000001,1.2526240678497398,1.2482995678392181,0.13274379902344421,1.0024915304569628,1.1571441428238227,1.3622302110042739,1.432682264871598,50
2,200,d1,logspline,0.8400000000000001,1.2100114135546534,1.2059549894330088,0.1293785233660696,0.9669920101918642,1.114982012217129,1.3159290363685965,1.3818650372309287,50
2,200,d1,logspline,0.85,1.1730761851773264,1.1648654534599672,0.12599264156482662,0.9331165023117085,1.0777512287052509,1.2680029145431442,1.3320005240816002,50
2,200,d1,logspline,0.86,1.1384496351330964,1.12500506217215,0.12260091854676247,0.9006937151068317,1.0396801625599017,1.2172747420111452,1.2848963552576598,50
2,200,d1,logspline,0.87,1.1047000825612916,1.086348559248755,0.11921730797565516,0.8700113657326206,1.0020220807434082,1.1767605607207057,1.2399484285196523,50
2,200,d1,logspline,0.88,1.0662054693096068,1.0488712255689845,0.11585488047761598,0.8425262992233988,0.9689033910149518,1.1411246472427308,1.1994275642073502,50
2,200,d1,logspline,0.89,1.028912760310552,1.0125487496048529,0.11252566321496477,0.8159077488013158,0.939128619057063,1.1041186696617589,1.160283204638982,50
2,200,d1,logspline,0.9,0.9954629077386865,0.9773570538751258,0.10924047731183809,0.7900988449388437,0.9032207706509789,1.0659679186802742,1.122538723304649,50
2,200,d1,logspline,0.91,0.960551909651244,0.9432721735091014,0.10600886822328509,0.7650313308940004,0.8685761926958091,1.0308858907553498,1.086938619115877,50
2,200,d1,logspline,0.92,0.9259847995424483,0.9102702404738947,0.10283911231854466,0.74069421889904,0.8325844845013464,0.9924940556844155,1.0539505897493642,50
2,200,d1,logspline,0.93,0.888902739024831,0.8783273379856629,0.09973823707460136,0.7170537627700959,0.8014820376802159,0.9527314443934837,1.0217501944952347,50
2,200,d1,logspline,0.94,0.8508061028908225,0.847419187589696,0.09671208869703371,0.6940789760119961,0.773226816886989,0.9184374372374764,0.9890174665691038,50
2,200,d1,logspline,0.95,0.8158721439363199,0.8175211469312695,0.09376541841044099,0.6717413311531504,0.7470794892431433,0.8865061876615197,0.9560233519817423,50
2,200,d1,logspline,0.96,0.7840565852954522,0.7886082948658139,0.09090194246769737,0.6500144975449833,0.7210533623276073,0.8599246231980673,0.9243015007441933,50
2,200,d1,logspline,0.97,0.7543757464088822,0.7606554994460535,0.08812438556920632,0.6288741119575844,0.6953883296810963,0.8310977713092427,0.8933658817775625,50
2,200,d1,logspline,0.98,0.7254734511306526,0.7336373235959827,0.08543465410040618,0.6082975772523436,0.6700066966278571,0.8036336291512998,0.8632102049471302,50
2,200,d1,logspline,0.99,0.700791481004632,0.7075275609660344,0.08283440313600815,0.5882638851837843,0.6454638391791601,0.7770537795710823,0.8338271665574011,50
2,200,d1,logspline,1,0.6802206058193725,0.6822993884870489,0.08032518799515254,0.5687534600131761,0.6217418126493985,0.7511782143278739,0.8052085626806911,50
2,200,d2,ecdf,0.01,Inf,Inf,NA,Inf,Inf,Inf,Inf,0
2,200,d2,ecdf,0.02,Inf,Inf,NA,Inf,Inf,Inf,Inf,0
2,200,d2,ecdf,0.03,Inf,Inf,NA,Inf,Inf,Inf,Inf,0
2,200,d2,ecdf,0.04,Inf,Inf,NA,Inf,Inf,Inf,Inf,0
2,200,d2,ecdf,0.05,Inf,Inf,NA,Inf,Inf,Inf,Inf,0
2,200,d2,ecdf,0.06,Inf,Inf,NA,Inf,Inf,Inf,Inf,0
2,200,d2,ecdf,0.06999999999999999,Inf,Inf,NA,Inf,Inf,Inf,Inf,0
2,200,d2,ecdf,0.08,Inf,Inf,NA,Inf,Inf,Inf,Inf,0
2,200,d2,ecdf,0.09,Inf,Inf,NA,Inf,Inf,Inf,Inf,0
2,200,d2,ecdf,0.1,Inf,Inf,NA,Inf,Inf,Inf,Inf,0
2,200,d2,ecdf,0.11,Inf,Inf,NA,Inf,Inf,Inf,Inf,0
2,200,d2,ecdf,0.12,Inf,Inf,NA,Inf,Inf,Inf,Inf,0
2,200,d2,ecdf,0.13,Inf,Inf,NA,Inf,Inf,Inf,Inf,0
2,200,d2,ecdf,0.14,Inf,Inf,NA,Inf,Inf,Inf,Inf,0
2,200,d2,ecdf,0.15000000000000002,Inf,Inf,NA,Inf,Inf,Inf,Inf,0
2,200,d2,ecdf,0.16,Inf,Inf,NA,Inf,Inf,Inf,Inf,0
2,200,d2,ecdf,0.17,Inf,Inf,NA,Inf,Inf,Inf,Inf,0
2,200,d2,ecdf,0.18000000000000002,Inf,Inf,NA,Inf,Inf,Inf,Inf,0
2,200,d2,ecdf,0.19,Inf,Inf,NA,Inf,Inf,Inf,Inf,0
2,200,d2,ecdf,0.2,Inf,Inf,NA,Inf,Inf,Inf,Inf,0
2,200,d2,ecdf,0.21,Inf,Inf,NA,Inf,Inf,Inf,Inf,0
2,200,d2,ecdf,0.22,Inf,Inf,NA,Inf,Inf,Inf,Inf,0
2,200,d2,ecdf,0.23,Inf,Inf,NA,Inf,Inf,Inf,Inf,0
2,200,d2,ecdf,0.24,Inf,Inf,NA,Inf,Inf,Inf,Inf,0
2,200,d2,ecdf,0.25,Inf,Inf,NA,Inf,Inf,Inf,Inf,0
2,200,d2,ecdf,0.26,Inf,Inf,NA,Inf,Inf,Inf,Inf,0
2,200,d2,ecdf,0.27,Inf,Inf,NA,Inf,Inf,Inf,Inf,0
2,200,d2,ecdf,0.28,Inf,Inf,NA,Inf,Inf,Inf,Inf,0
2,200,d2,ecdf,0.29000000000000004,Inf,Inf,NA,Inf,Inf,Inf,Inf,0
2,200,d2,ecdf,0.3,Inf,Inf,NA,Inf,Inf,Inf,Inf,0
2,200,d2,ecdf,0.31,Inf,Inf,NA,Inf,Inf,Inf,Inf,0
2,200,d2,ecdf,0.32,Inf,Inf,NA,Inf,Inf,Inf,Inf,0
2,200,d2,ecdf,0.33,Inf,Inf,NA,Inf,Inf,Inf,Inf,0
2,200,d2,ecdf,0.34,Inf,Inf,NA,Inf,Inf,Inf,Inf,0
2,200,d2,ecdf,0.35000000000000003,Inf,Inf,NA,Inf,Inf,Inf,Inf,0
2,200,d2,ecdf,0.36000000000000004,Inf,Inf,NA,Inf,Inf,Inf,Inf,0
2,200,d2,ecdf,0.37,Inf,Inf,NA,Inf,Inf,Inf,Inf,0
2,200,d2,ecdf,0.38,Inf,Inf,NA,Inf,Inf,Inf,Inf,0
2,200,d2,ecdf,0.39,Inf,Inf,NA,Inf,Inf,Inf,Inf,1
2,200,d2,ecdf,0.4,Inf,Inf,NA,Inf,Inf,Inf,Inf,2
2,200,d2,ecdf,0.41,Inf,Inf,NA,Inf,Inf,Inf,Inf,3
2,200,d2,ecdf,0.42,Inf,Inf,NA,3.6530120530961856,Inf,Inf,Inf,8
2,200,d2,ecdf,0.43,Inf,Inf,NA,3.72056384900576,Inf,Inf,Inf,11
2,200,d2,ecdf,0.44,Inf,Inf,NA,3.786426277762277,Inf,Inf,Inf,12
2,200,d2,ecdf,0.45,Inf,Inf,NA,3.4694416793270317,3.8506726286350017,Inf,Inf,15
2,200,d2,ecdf,0.46,Inf,Inf,NA,3.220224205589111,3.913371386149056,Inf,Inf,19
2,200,d2,ecdf,0.47,Inf,Inf,NA,3.281439463322968,3.9745866438829127,Inf,Inf,21
2,200,d2,ecdf,0.48,Inf,Inf,NA,2.935766186016998,4.0343784746851075,Inf,Inf,25
2,200,d2,ecdf,0.49,4.092803262702953,Inf,NA,2.994190974034843,4.092803262702953,Inf,Inf,29
2,200,d2,ecdf,0.5,4.149914001853197,Inf,NA,2.893076573336608,4.149914001853197,Inf,Inf,33
2,200,d2,ecdf,0.51,4.205760564722644,Inf,NA,2.819466203602754,3.512613384162699,Inf,Inf,35
2,200,d2,ecdf,0.52,4.260389945344544,Inf,NA,2.8740955842246536,3.567242764784599,Inf,Inf,37
2,200,d2,ecdf,0.53,3.620699298277057,Inf,NA,2.704408566402902,3.3166004671959333,4.313846478837002,Inf,40
2,200,d2,ecdf,0.54,3.673024859938928,Inf,NA,2.656457271828098,3.2675597518307637,4.366172040498873,Inf,43
2,200,d2,ecdf,0.55,3.318793937957025,Inf,NA,2.540863883492087,3.031111865505244,3.7242590460651894,Inf,46
2,200,d2,ecdf,0.56,3.081292157898512,Inf,NA,2.5216763699630893,2.8581486065843023,3.673073061431417,4.467586519018402,49
2,200,d2,ecdf,0.5700000000000001,2.9073105224942126,Inf,NA,2.437306893248477,2.7249889657002577,3.418136146260203,4.516748434928313,49
2,200,d2,ecdf,0.5800000000000001,2.77316619471156,Inf,NA,2.309752802991591,2.485484122259779,3.178631302819724,3.8717784833796696,49
2,200,d2,ecdf,0.59,2.666240044092521,Inf,NA,2.2142549203494637,2.414925615811615,3.002712280713734,3.919003012587889,49
2,200,d2,ecdf,0.6,2.5201193622957856,2.673780570581043,0.5390648778125271,2.093503064342277,2.355867328809768,2.8666929525757583,3.5598401331357037,50
2,200,d2,ecdf,0.61,2.5066366891355183,2.5675540897534566,0.42865500043457055,2.064803936856479,2.3059659936733667,2.757951117416424,3.4757920452003255,50
2,200,d2,ecdf,0.62,2.3505089848279783,2.4558968886768664,0.3969417884208089,1.9424719933875285,2.1834549001648123,2.639516957032417,3.1389663451922485,50
2,200,d2,ecdf,0.63,2.307200978723353,2.3386504370920207,0.37266944626447285,1.8476686493449128,2.101305645280881,2.4895225355173074,3.000348159283298,50
2,200,d2,ecdf,0.64,2.195939067375143,2.219405226983849,0.3112641610163068,1.8124295331432232,2.0624076747506206,2.3500897472024014,2.7025524892651926,50
2,200,d2,ecdf,0.65,2.1045057188028675,2.128010924287041,0.2880837355187109,1.7181924371831614,1.9326554618762084,2.2936180905426817,2.6324576316604076,50
2,200,d2,ecdf,0.66,2.0280528105890356,2.0551092686448613,0.2817697572401271,1.6755900685262441,1.8739021307617776,2.2103743673829905,2.5729498945792084,50
2,200,d2,ecdf,0.67,1.9889229550832561,1.9797939187453795,0.2477397743937452,1.6238692852489631,1.7915946547002253,2.171263703749582,2.319951251828213,50
2,200,d2,ecdf,0.68,1.9078248826781137,1.903383046000219,0.2480556690834892,1.547418347478264,1.675754736903944,2.0416050332731013,2.290817134934219,50
2,200,d2,ecdf,0.6900000000000001,1.819144972827781,1.8326957833189745,0.24931154310846895,1.5116602730798203,1.6122310489165834,1.9934983599725589,2.2736471822644684,50
2,200,d2,ecdf,0.7000000000000001,1.726737922416707,1.7536673949799544,0.23660817859822975,1.4246154152493669,1.5799805310310655,1.8882287635195367,2.193223212641729,50
2,200,d2,ecdf,0.7100000000000001,1.680300350356238,1.6749087224285317,0.22464778804946336,1.3530874391478216,1.5102193857441883,1.7820830446661802,2.075665700375447,50
2,200,d2,ecdf,0.72,1.5964970402549197,1.6079349963370897,0.20693097606512503,1.3447742820207358,1.4378647050867477,1.7174495673059094,1.97338294144311,50
2,200,d2,ecdf,0.73,1.5247198174255985,1.5432623360683295,0.19607483936904663,1.2942995164517284,1.3812901345754398,1.6839818220918592,1.8557481141705552,50
2,200,d2,ecdf,0.74,1.4629216997961534,1.4848567166419209,0.20388485834646702,1.2348672793326938,1.3320310277863416,1.6614605451658804,1.7442681766972026,50
2,200,d2,ecdf,0.75,1.3879474471883535,1.4183835373431426,0.20159829807505966,1.1393313074434541,1.2518152728637737,1.621562298369859,1.6911235019718174,50
2,200,d2,ecdf,0.76,1.3330911882733152,1.364772507458197,0.196978973421646,1.095933429763167,1.2205951687741954,1.550306761704173,1.6049795502261537,50
2,200,d2,ecdf,0.77,1.302805154525319,1.3138272392479664,0.1873749856879031,1.0437449348699894,1.184862654667297,1.477849779348771,1.5438077471405685,50
2,200,d2,ecdf,0.78,1.2507036028063627,1.2565895409732173,0.17660796059784126,1.0106751724662408,1.1166794092933399,1.4248973127910725,1.4697571688690476,50
2,200,d2,ecdf,0.79,1.1825124682353587,1.1979214717859892,0.16649817665560948,0.956243344070997,1.0540752290570496,1.347213427006378,1.405628583954621,50
2,200,d2,ecdf,0.8,1.1435529753622213,1.15143250832352,0.16185580009120087,0.9212286752115577,1.0203965081801916,1.283981029052912,1.3666727448980254,50
2,200,d2,ecdf,0.81,1.0960209253597222,1.113126252444925,0.15336285409432016,0.9206173627705614,0.9761449579752778,1.2470531742454893,1.3409081663724163,50
2,200,d2,ecdf,0.8200000000000001,1.0538411165077806,1.0696652803861457,0.149594352209109,0.88445492735133735,0.9288447776735831,1.207059281611512,1.3161878742789583,50
2,200,d2,ecdf,0.8300000000000001,0.9997663844781276,1.0205192051654344,0.14433477653854856,0.8436098111009893,0.8990452223536497,1.1364226968536468,1.2386818475515615,50
2,200,d2,ecdf,0.8400000000000001,0.9569300383613246,0.9736140173328186,0.13523563258573512,0.79845969738955,0.8699186613716952,1.0522402181656496,1.2111798924407844,50
2,200,d2,ecdf,0.85,0.92811036829464,0.9374515779747522,0.12289320407124173,0.7654328974518054,0.854682899739823,1.0047956149069837,1.1459284136676988,50
2,200,d2,ecdf,0.86,0.8842792244358384,0.9045054545922215,0.1211529694310839,0.7233362534344852,0.8179120393875662,0.9866550709963624,1.1080730212558885,50
2,200,d2,ecdf,0.87,0.8490903308070259,0.8737111868299854,0.11942461221617337,0.7049221186657706,0.7828646057452611,0.9471004718764575,1.083299404421395,50
2,200,d2,ecdf,0.88,0.8252041649485585,0.842961803503501,0.11632890748893904,0.6851231445895863,0.7585813924955033,0.9158010603007852,1.0498372011665351,50
2,200,d2,ecdf,0.89,0.7923418824467403,0.8098901400959283,0.11373696169849327,0.6407541894580464,0.7278033613091691,0.8895304859339681,1.0072283213602615,50
2,200,d2,ecdf,0.9,0.773123377319801,0.7831875023644801,0.10852228707302562,0.6283027256431633,0.701536330463239,0.8407281273142988,0.9679639755420246,50
2,200,d2,ecdf,0.91,0.755588410468729,0.7553601684246922,0.10055525932004654,0.6111371277301842,0.6902056512058773,0.8165346287324993,0.9289046413640383,50
2,200,d2,ecdf,0.92,0.7235512271859967,0.7274759185891473,0.09720031817936488,0.5807424865314166,0.6470427114721086,0.7893441605455123,0.875270158770024,50
2,200,d2,ecdf,0.93,0.6883595537182886,0.6930776955426133,0.09725694958126044,0.554079938088414,0.6134431595422173,0.7613205266332247,0.8505263085337832,50
2,200,d2,ecdf,0.94,0.656404842565956,0.6649934957225815,0.0930166287511806,0.5415007978200628,0.5974299888949659,0.7190493208594781,0.8292859823174961,50
2,200,d2,ecdf,0.95,0.6406945373882287,0.6396734015193287,0.09033965655183161,0.516006076767073,0.5650736390132273,0.6978523608401087,0.792906169567948,50
2,200,d2,ecdf,0.96,0.600575265331587,0.6144722052184852,0.08505071193842806,0.5013400166669074,0.5462280305927951,0.6783895567761613,0.7703851532754207,50
2,200,d2,ecdf,0.97,0.5761162183283477,0.5918184580074177,0.08213075829813078,0.4858600832864971,0.5300807254974114,0.6435558112541963,0.742075548347583,50
2,200,d2,ecdf,0.98,0.5628919848467273,0.5645217735700839,0.07905669302827638,0.4654590550646043,0.5052724701135543,0.6190847134573408,0.707140979664735,50
2,200,d2,ecdf,0.99,0.5395429375494674,0.545439301607364,0.07581210757316675,0.4502978619728696,0.4813970863563096,0.5953975102502886,0.6836608705775922,50
2,200,d2,ecdf,1,0.5180226354985116,0.5252183107637378,0.07329524134623354,0.4285147683865269,0.4644015440594139,0.5635416345004559,0.6588444613857135,50
2,200,d2,logspline,0.01,-0.4666730207030444,-0.15945995016380535,2.3624761747830885,-2.749267649215251,-1.6313058915791656,0.31492777687656026,4.879720523856689,50
2,200,d2,logspline,0.02,0.8575530725929894,1.1620096751301796,2.341113387963221,-1.4060436348147647,-0.2987661491624371,1.6313854505998362,6.162497052623771,50
2,200,d2,logspline,0.03,1.605138311843934,1.906615408968078,2.3186690377703583,-0.6388471525976597,0.4574263582988034,2.370892789146943,6.86661996393925,50
2,200,d2,logspline,0.04,2.115885127673189,2.4141651213176596,2.295163780620529,-0.1078790653080212,0.977072202973641,2.873254754114755,7.331918356222459,50
2,200,d2,logspline,0.05,2.49628860735545,2.7911612577347094,2.2706252646241345,0.2933511403030252,1.3666638939321138,3.2449699346362606,7.6649238984869275,50
2,200,d2,logspline,0.06,2.7937895227107212,3.0850536329354394,2.2450872790741006,0.6122784173512001,1.6736389281639568,3.533483534915246,7.9131231426089945,50
2,200,d2,logspline,0.06999999999999999,3.0336994363033605,3.321164264582956,2.2185887732278697,0.8742073102868619,1.9233049258021597,3.7641124301227844,8.10188176013488,50
2,200,d2,logspline,0.08,3.231132402645855,3.51461878063685,2.191172807233013,1.0942437099493976,2.130771365748884,3.951976808465109,8.2463752535306991,50
2,200,d2,logspline,0.09,3.395842634386179,3.6751837862413397,2.162885494623269,1.282132581361705,2.3057872910984405,4.106837770673488,8.35642554770255,50
2,200,d2,logspline,0.1,3.534495556500141,3.809537627201595,2.1337749873499265,1.4445290863631177,2.4550124067288355,4.236533930330591,8.438770921220199,50
2,200,d2,logspline,0.11,3.6518506019006867,3.922452914675462,2.10389054278285,1.5861814534945864,2.5831999217752473,4.346874400288268,8.498247665718825,50
2,200,d2,logspline,0.12,3.7514271237935284,4.017462194452213,2.0732816994963015,1.7105969694157825,2.693862511585141,4.439264334206949,8.538454880907416,50
2,200,d2,logspline,0.13,3.835902803078781,4.097256144040989,2.0419975765939484,1.8204404690760965,2.7896707767119313,4.516387351066906,8.562151811393347,50
2,200,d2,logspline,0.14,3.907363948815964,4.1639336977406955,2.0100863009574828,1.9177847215744928,2.872703596225545,4.58033593965961,8.571507146260592,50
2,200,d2,logspline,0.15000000000000002,3.9674691982071892,4.219165606051742,1.977594558716306,2.0042742170974917,2.9446118810754887,4.632775106519493,8.568261805404088,50
2,200,d2,logspline,0.16,4.017321883793636,4.264305054240332,1.9445672615649519,2.081235980483223,3.0083058799338898,4.6750530511511466,8.55383885136512,50
2,200,d2,logspline,0.17,4.0581925726388235,4.300464652620758,1.9110473151079823,2.1497567258875483,3.0660168077353536,4.70827818467221,8.529419849207244,50
2,200,d2,logspline,0.18000000000000002,4.091062582714482,4.32857136307024,1.8770754748113962,2.210737919688431,3.116011085847954,4.733374060490352,8.495999245012811,50
2,200,d2,logspline,0.19,4.116704238822816,4.349406538468823,1.8426902749383087,2.26493593128676,3.159049995506742,4.751119397974677,8.454423942145246,50
2,200,d2,logspline,0.2,4.135774786185891,4.363635668783201,1.8079280166113987,2.312991868562455,3.195779661168846,4.76217779699147,8.405422668304151,50
2,200,d2,logspline,0.21,4.148838856226608,4.371830854969894,1.7728228025020925,2.3554541220935477,3.226753573407523,4.767120168326823,8.349628151279415,50
2,200,d2,logspline,0.22,4.156385683132232,4.374488045802893,1.7374066073039196,2.3927956559571006,3.2524498589439164,4.766441918534705,8.28759413326457,50
2,200,d2,logspline,0.23,4.1585965147138975,4.372040438039623,1.7017093748931917,2.4254274479646325,3.273284700803623,4.760576292593457,8.214269822668436,50
2,200,d2,logspline,0.24,4.155812691916993,4.364869022183024,1.665759134774048,2.453709063735439,3.2896228931196787,4.749904859124905,8.118658191450278,50
2,200,d2,logspline,0.25,4.148641598561991,4.353310974776748,1.6295821319643145,2.4779570674035423,3.30178623347968,4.7347658411565385,8.018030617709238,50
2,200,d2,logspline,0.26,4.137379635532826,4.337666405296576,1.5932029658635578,2.4984517786147618,3.309730730124735,4.715460802117463,7.912745195677102,50
2,200,d2,logspline,0.27,4.122292158379357,4.318203831177419,1.5566447348448413,2.515442750709587,3.312380245093114,4.692260061864785,7.803123640401717,50
2,200,d2,logspline,0.28,4.103617912209199,4.295164659207896,1.5199291843359781,2.5291532494741498,3.3116041322472842,4.665407121908654,7.689456046481766,50
2,200,d2,logspline,0.29000000000000004,4.0815726833795205,4.2687668830252035,1.4830768570247777,2.5397839431663036,3.307609069494017,4.635122310232136,7.57200487251529,50
2,200,d2,logspline,0.3,4.054871274652687,4.239208156556891,1.4461072445623238,2.547515964489375,3.300582108534666,4.601605805988868,7.451008303902019,50
2,200,d2,logspline,0.31,4.02444406131333,4.2066683664803275,1.4090389407777848,2.552513468286217,3.290693218936505,4.565040167399845,7.3266831114552815,50
2,200,d2,logspline,0.32,3.9911696025597894,4.171311799352217,1.371889796987434,2.5549257812043207,3.2780974256327777,4.52559245860326,7.199227097221394,50
2,200,d2,logspline,0.33,3.955198578288738,4.133288978403461,1.3346770805094654,2.5548892188396657,3.262936615335379,4.483416050437185,7.0688211993894345,50
2,200,d2,logspline,0.34,3.9166696732591015,4.092738229279616,1.297417638014792,2.552528630080002,3.2453410715451083,4.438652154330035,6.935631313400908,50
2,200,d2,logspline,0.35000000000000003,3.875710886997675,4.049787021942683,1.260128065883233,2.5479587162434942,3.2257998974235935,4.391431136342475,6.799809875068121,50
2,200,d2,logspline,0.36000000000000004,3.838136461584388,4.004553126609321,1.2228248903272791,2.541285163217093,3.2054309226355198,4.330629062495799,6.661497242778411,50
2,200,d2,logspline,0.37,3.799883187887164,3.9571456143112793,1.1855247607285369,2.5326056174662557,3.182970378218899,4.264574265617568,6.520822909048712,50
2,200,d2,logspline,0.38,3.752267620902684,3.907665726932832,1.1482446604476046,2.5220105310193826,3.1585129705858077,4.196359164649637,6.377906566329649,50
2,200,d2,logspline,0.39,3.6994690819444567,3.8562076430046273,1.111002135754138,2.5095838959607053,3.132146806272956,4.126084373135172,6.232859047694884,50
2,200,d2,logspline,0.4,3.6447459373294024,3.8028592132547647,1.0738155042517905,2.495403885321135,3.103954030586134,4.055959479794281,6.08578315963411,50
2,200,d2,logspline,0.41,3.588182645493415,3.7477026412041807,1.0367040962787522,2.4795434143321637,3.074011387431823,3.9865979871002475,5.9410024232201195,50
2,200,d2,logspline,0.42,3.5299284114701086,3.6908151975331682,0.9996885808019884,2.4620706336470657,3.042390711876498,3.9154514068894635,5.7957436012174135,50
2,200,d2,logspline,0.43,3.4731678239882022,3.632270107149397,0.9627913944385759,2.4430493642172038,3.0091593650574584,3.8425991435831137,5.648724731230775,50
2,200,d2,logspline,0.44,3.414037578763905,3.5721377973385606,0.9260372849140182,2.422539481947097,2.9743806195054576,3.768130581116871,5.500022970469652,50
2,200,d2,logspline,0.45,3.3488760338409698,3.5104867147235197,0.8894536983765379,2.4005972589690314,2.9381140882359698,3.6921475726285102,5.3497104584546555,50
2,200,d2,logspline,0.46,3.282766626820965,3.447383741026866,0.8530711902502482,2.377275667320596,2.900417675423124,3.6259928043094085,5.197854735432042,50
2,200,d2,logspline,0.47,3.223349071527574,3.382894660876103,0.8169239958708606,2.352624649933151,2.861350165224538,3.5651062624102403,5.044520030789354,50
2,200,d2,logspline,0.48,3.1645674433920874,3.3170859860453605,0.781052639262091,2.326691383991683,2.8209720506570664,3.5069764590550365,4.88979285961738,50
2,200,d2,logspline,0.49,3.100849197494684,3.250027964941919,0.7455075811136348,2.299521605650469,2.779345824849246,3.447534944607096,4.733822853183463,50
2,200,d2,logspline,0.5,3.034031931279954,3.1817958749060353,0.7103488207766051,2.271162550700069,2.7363200652193416,3.3868361589812657,4.576817024255711,50
2,200,d2,logspline,0.51,2.9764928905135744,3.112470533608122,0.6756457003197557,2.2416637031085678,2.6903159261069596,3.309181901931966,4.419025928687526,50
2,200,d2,logspline,0.52,2.9193740507523325,3.042139245478976,0.6414778941811135,2.2110774582529116,2.643293196804408,3.2312876312019174,4.260732302283937,50
2,200,d2,logspline,0.53,2.8611235490224827,2.9708992724013865,0.6079448135112042,2.1794594832797705,2.595326855260357,3.1667771658040094,4.138627393449934,50
2,200,d2,logspline,0.54,2.7951781325941143,2.8988616763992394,0.5751731525168927,2.1468684229392583,2.545079342918956,3.1022526142604834,4.0125202576990375,50
2,200,d2,logspline,0.55,2.7355366774503773,2.8261499512043735,0.5433068284475377,2.1107918051336383,2.493975340338374,3.0368957803439596,3.838178467620243,50
2,200,d2,logspline,0.56,2.6752765908626763,2.7528984208262415,0.5124957097098504,2.0718867597588773,2.4432977719779725,2.970795234370038,3.6644920677326516,50
2,200,d2,logspline,0.5700000000000001,2.607371623130107,2.6792520961229345,0.4828874877392638,2.0323341139256734,2.399053840228581,2.9040468442566247,3.4922639301277956,50
2,200,d2,logspline,0.5800000000000001,2.530362747531183,2.605366620266972,0.45462151572635073,1.9922749175476242,2.348794649513314,2.8183583184007075,3.32235111144625,50
2,200,d2,logspline,0.59,2.4583144219798374,2.53140625155823,0.4278197695989869,1.9545621044098902,2.2918274023997496,2.72718641592275,3.200354189814484,50
2,200,d2,logspline,0.6,2.385628114434178,2.4575413803980712,0.40257696286024164,1.9162773627389735,2.2293120756492923,2.6559458468286765,3.1082587452127597,50
2,200,d2,logspline,0.61,2.3012765823676737,2.3839466593076413,0.37895310683857086,1.8774872998704504,2.1672934005595517,2.589742314267043,3.0158925164358754,50
2,200,d2,logspline,0.62,2.2181660186399257,2.310801220860112,0.35697621458522355,1.83825928546336,2.119779564552849,2.512933957509949,2.92341883174455,50
2,200,d2,logspline,0.63,2.153212756485516,2.2382877542151394,0.3366419376631893,1.7986612651106157,2.061490505824501,2.4423327332794615,2.8310076436229323,50
2,200,d2,logspline,0.64,2.104044490077933,2.1665888230495662,0.31790797991923914,1.7587615826306946,1.9827629293852778,2.371891208104013,2.7398270525816857,50
2,200,d2,logspline,0.65,2.0296717528346067,2.095877046109041,0.30069389056755336,1.7186288104418228,1.9239306759881565,2.3017199687927494,2.6492501595270226,50
2,200,d2,logspline,0.66,1.9704767242995298,2.0263006173551745,0.28489705397849424,1.6659992379071626,1.833554105147042,2.2309855328822508,2.559278809672415,50
2,200,d2,logspline,0.67,1.91175400303621,1.9579827358012682,0.2704121880993982,1.5960895210698423,1.7743196542603912,2.1480946908014085,2.4597773678047776,50
2,200,d2,logspline,0.68,1.8535999506416614,1.8910253144714908,0.25714076089894095,1.5538970509498,1.711619147748196,2.075211099334953,2.347056050532882,50
2,200,d2,logspline,0.6900000000000001,1.8026231307144234,1.825512085300443,0.24499327678228164,1.4870392765614153,1.6501110419610325,2.0026212848942215,2.2393378061739404,50
2,200,d2,logspline,0.7000000000000001,1.746262782025937,1.761510666690063,0.23388530688121584,1.4187245260569814,1.5896433563436347,1.9309782096982735,2.1342271310786467,50
2,200,d2,logspline,0.7100000000000001,1.6882739471155142,1.6990716355279416,0.22372709180007117,1.3559773179113426,1.5253949869245,1.8615599169575872,2.0391846421068,50
2,200,d2,logspline,0.72,1.630952491349397,1.6382303101867306,0.21442438693576749,1.3074833202992795,1.4736830054363366,1.7928337698853969,1.9622401628970656,50
2,200,d2,logspline,0.73,1.577817971270992,1.57900967144696,0.20588363739851237,1.2619049678174348,1.4196854615854568,1.720830904739417,1.8866189562182976,50
2,200,d2,logspline,0.74,1.528619396299503,1.5214219405168397,0.19801536223119123,1.2174741368157176,1.3707888723278767,1.6570718886652915,1.8137654769376006,50
2,200,d2,logspline,0.75,1.4727827719035504,1.4654683310506784,0.19073426669598922,1.1741972175041466,1.3205311127155743,1.5825105771269268,1.742727417418835,50
2,200,d2,logspline,0.76,1.414494540626031,1.4111418339837158,0.18395772897626894,1.1314604293369923,1.2717070138625,1.5322754503717413,1.6621646370523089,50
2,200,d2,logspline,0.77,1.36271700540925,1.3584293358932418,0.17760880253745,1.087920027729393,1.223589351199125,1.486549558102184,1.6001662782581463,50
2,200,d2,logspline,0.78,1.3183191238059955,1.3073129450480125,0.17161869539563054,1.0455998621590827,1.1818891372981368,1.439641930578286,1.5464831156549663,50
2,200,d2,logspline,0.79,1.265044974990473,1.2577717012692073,0.16592650890865643,1.0045197672934294,1.1470163141703766,1.3870266512819116,1.4942211558314438,50
2,200,d2,logspline,0.8,1.212698698832649,1.2097822299673158,0.16047997986304288,0.964690066526134,1.1128512883790587,1.3302045226223964,1.4433967984498488,50
2,200,d2,logspline,0.81,1.1677834063936139,1.1633190240082802,0.15523585876466556,0.926060545096064,1.079165317898243,1.2686804682790256,1.3936987521672335,50
2,200,d2,logspline,0.8200000000000001,1.1270168286174234,1.118354664037783,0.1501595788524793,0.8877031915866647,1.045435151842352,1.221960753098254,1.3451344838924801,50
2,200,d2,logspline,0.8300000000000001,1.0852921262308617,1.074859653044442,0.1452245993046556,0.8507094282170824,1.0086655888297933,1.1751593673997875,1.2977080062075088,50
2,200,d2,logspline,0.8400000000000001,1.0440878750592455,1.0328025867090187,0.14041153198567385,0.8150592894807573,0.9651731147192106,1.1280443862694025,1.251420303540665,50
2,200,d2,logspline,0.85,0.9980753469526297,0.9921505869759776,0.13570704035277506,0.7807283274947843,0.9225314696775653,1.0805314734631009,1.206269704856566,50
2,200,d2,logspline,0.86,0.9500324067984149,0.9528701948769688,0.13110250427739537,0.7458566100740877,0.8813950405555666,1.0344754603065898,1.162252209753931,50
2,200,d2,logspline,0.87,0.9095611339588177,0.9149280395156084,0.12659272344855538,0.7119911168278414,0.8428587530911634,0.9907185386828163,1.1193617740262427,50
2,200,d2,logspline,0.88,0.8731319264820406,0.8782908106009424,0.1221749426539451,0.6797223409183307,0.8091079524650995,0.9507912867940626,1.0775905599836877,50
2,200,d2,logspline,0.89,0.8380803031057877,0.8429248348002957,0.11784827285163012,0.6489846311638598,0.7784151525641752,0.9133160797246194,1.036929156158151,50
2,200,d2,logspline,0.9,0.8043558994982044,0.8087958384012786,0.11361353222340764,0.6197114852101342,0.7447846274519916,0.8751924404730802,0.9973667704127224,50
2,200,d2,logspline,0.91,0.7744499408823096,0.7758694029291676,0.10947300348570116,0.5918359103980091,0.715351560329348,0.8381079655463293,0.9558472642945175,50
2,200,d2,logspline,0.92,0.7454616061777473,0.7441110498781728,0.10543001452174,0.5652907251196961,0.6864341141240307,0.8004083791918054,0.9156455574694787,50
2,200,d2,logspline,0.93,0.7155210403332872,0.7134862711614687,0.10148873633634299,0.5400088086277326,0.6578745166520805,0.7661947040353074,0.8768033982282544,50
2,200,d2,logspline,0.94,0.6859106796511013,0.6839605602974661,0.09765407545388623,0.5159233059472825,0.6305308540044927,0.736386810018513,0.8396227504512792,50
2,200,d2,logspline,0.95,0.6574599543920396,0.6554994659228469,0.09393145379970061,0.492967793437,0.6044550352648298,0.7076991642912244,0.8052092639329764,50
2,200,d2,logspline,0.96,0.6299002332367248,0.6280686514220274,0.09032651662417712,0.4710764098689175,0.5795704093542215,0.6800384256498371,0.7719071384298652,50
2,200,d2,logspline,0.97,0.6044410079207667,0.6016339562170199,0.08684478121375422,0.4501841794166017,0.5558035856098494,0.6527889341294767,0.7396920082307368,50
2,200,d2,logspline,0.98,0.5815321707851089,0.5761615332761185,0.08349116964882089,0.4302283427949065,0.5325344931123662,0.6249646345400226,0.7085393202365762,50
2,200,d2,logspline,0.99,0.5599913142927586,0.551618026030425,0.08026957251241001,0.4128421429481206,0.5065458782012711,0.5990196875316842,0.6784243900155915,50
2,200,d2,logspline,1,0.5383211352094455,0.5279706519144224,0.07718252474092391,0.3956633628862045,0.4863575743973019,0.5739446900706829,0.6493224520249832,50
2,200,d3,ecdf,0.01,Inf,Inf,NA,Inf,Inf,Inf,Inf,0
2,200,d3,ecdf,0.02,Inf,Inf,NA,Inf,Inf,Inf,Inf,0
2,200,d3,ecdf,0.03,Inf,Inf,NA,Inf,Inf,Inf,Inf,0
2,200,d3,ecdf,0.04,Inf,Inf,NA,Inf,Inf,Inf,Inf,0
2,200,d3,ecdf,0.05,Inf,Inf,NA,Inf,Inf,Inf,Inf,0
2,200,d3,ecdf,0.06,Inf,Inf,NA,Inf,Inf,Inf,Inf,0
2,200,d3,ecdf,0.06999999999999999,Inf,Inf,NA,Inf,Inf,Inf,Inf,0
2,200,d3,ecdf,0.08,Inf,Inf,NA,Inf,Inf,Inf,Inf,0
2,200,d3,ecdf,0.09,Inf,Inf,NA,Inf,Inf,Inf,Inf,0
2,200,d3,ecdf,0.1,Inf,Inf,NA,Inf,Inf,Inf,Inf,0
2,200,d3,ecdf,0.11,Inf,Inf,NA,Inf,Inf,Inf,Inf,0
2,200,d3,ecdf,0.12,Inf,Inf,NA,Inf,Inf,Inf,Inf,0
2,200,d3,ecdf,0.13,Inf,Inf,NA,Inf,Inf,Inf,Inf,0
2,200,d3,ecdf,0.14,Inf,Inf,NA,Inf,Inf,Inf,Inf,0
2,200,d3,ecdf,0.15000000000000002,Inf,Inf,NA,Inf,Inf,Inf,Inf,0
2,200,d3,ecdf,0.16,Inf,Inf,NA,Inf,Inf,Inf,Inf,0
2,200,d3,ecdf,0.17,Inf,Inf,NA,Inf,Inf,Inf,Inf,0
2,200,d3,ecdf,0.18000000000000002,Inf,Inf,NA,Inf,Inf,Inf,Inf,0
2,200,d3,ecdf,0.19,Inf,Inf,NA,Inf,Inf,Inf,Inf,0
2,200,d3,ecdf,0.2,Inf,Inf,NA,Inf,Inf,Inf,Inf,0
2,200,d3,ecdf,0.21,Inf,Inf,NA,Inf,Inf,Inf,Inf,0
2,200,d3,ecdf,0.22,Inf,Inf,NA,Inf,Inf,Inf,Inf,0
2,200,d3,ecdf,0.23,Inf,Inf,NA,Inf,Inf,Inf,Inf,0
2,200,d3,ecdf,0.24,Inf,Inf,NA,Inf,Inf,Inf,Inf,0
2,200,d3,ecdf,0.25,Inf,Inf,NA,Inf,Inf,Inf,Inf,0
2,200,d3,ecdf,0.26,Inf,Inf,NA,Inf,Inf,Inf,Inf,0
2,200,d3,ecdf,0.27,Inf,Inf,NA,Inf,Inf,Inf,Inf,0
2,200,d3,ecdf,0.28,Inf,Inf,NA,Inf,Inf,Inf,Inf,0
2,200,d3,ecdf,0.29000000000000004,Inf,Inf,NA,Inf,Inf,Inf,Inf,0
2,200,d3,ecdf,0.3,Inf,Inf,NA,Inf,Inf,Inf,Inf,0
2,200,d3,ecdf,0.31,Inf,Inf,NA,Inf,Inf,Inf,Inf,0
2,200,d3,ecdf,0.32,Inf,Inf,NA,Inf,Inf,Inf,Inf,0
2,200,d3,ecdf,0.33,Inf,Inf,NA,Inf,Inf,Inf,Inf,0
2,200,d3,ecdf,0.34,Inf,Inf,NA,Inf,Inf,Inf,Inf,0
2,200,d3,ecdf,0.35000000000000003,Inf,Inf,NA,Inf,Inf,Inf,Inf,0
2,200,d3,ecdf,0.36000000000000004,Inf,Inf,NA,Inf,Inf,Inf,Inf,1
2,200,d3,ecdf,0.37,Inf,Inf,NA,Inf,Inf,Inf,Inf,1
2,200,d3,ecdf,0.38,Inf,Inf,NA,Inf,Inf,Inf,Inf,1
2,200,d3,ecdf,0.39,Inf,Inf,NA,Inf,Inf,Inf,Inf,1
2,200,d3,ecdf,0.4,Inf,Inf,NA,Inf,Inf,Inf,Inf,2
2,200,d3,ecdf,0.41,Inf,Inf,NA,Inf,Inf,Inf,Inf,2
2,200,d3,ecdf,0.42,Inf,Inf,NA,Inf,Inf,Inf,Inf,2
2,200,d3,ecdf,0.43,Inf,Inf,NA,3.0365806822804804,Inf,Inf,Inf,4
2,200,d3,ecdf,0.44,Inf,Inf,NA,3.1218148650028663,Inf,Inf,Inf,5
2,200,d3,ecdf,0.45,Inf,Inf,NA,3.204848721959622,Inf,Inf,Inf,5
2,200,d3,ecdf,0.46,Inf,Inf,NA,3.2857744004356726,Inf,Inf,Inf,6
2,200,d3,ecdf,0.47,Inf,Inf,NA,3.3646782009815177,Inf,Inf,Inf,10
2,200,d3,ecdf,0.48,Inf,Inf,NA,3.4416410704694966,3.4416410704694966,Inf,Inf,16
2,200,d3,ecdf,0.49,Inf,Inf,NA,2.8235918636751514,3.5167390442350963,Inf,Inf,24
2,200,d3,ecdf,0.5,3.590043643477153,Inf,NA,2.896896462917208,3.590043643477153,Inf,Inf,33
2,200,d3,ecdf,0.51,3.6616222332348807,Inf,NA,2.745469243215445,2.9684750526749353,Inf,Inf,35
2,200,d3,ecdf,0.52,3.0383911649767614,Inf,NA,2.8153853555172708,3.0383911649767614,Inf,Inf,37
2,200,d3,ecdf,0.53,3.106704791143185,Inf,NA,2.5430145431865405,3.106704791143185,3.7998519717031303,Inf,40
2,200,d3,ecdf,0.54,3.1734726467047865,Inf,NA,2.480325466144841,2.7680075385966223,3.866619827264732,Inf,43
2,200,d3,ecdf,0.55,3.2387484119519088,Inf,NA,2.3224576800777537,2.545601231391964,3.2387484119519088,Inf,46
2,200,d3,ecdf,0.56,2.8971178426438784,Inf,NA,2.0498199822566745,2.609435770192097,3.3025829507520426,Inf,47
2,200,d3,ecdf,0.5700000000000001,2.8157183656102776,Inf,NA,2.0388192755054773,2.4487337780701774,2.959559401836168,4.0581716905042775,49
2,200,d3,ecdf,0.5800000000000001,2.7329717207795237,2.6951829184602936,0.46650030177625634,1.9220415045631951,2.509828169465314,3.020653793231305,3.426118901339469,50
2,200,d3,ecdf,0.59,2.5696189362363633,2.5633055082248775,0.36019189886163283,1.876471755676418,2.387297379442409,2.7927624875505734,3.0804445600023542,50
2,200,d3,ecdf,0.6,2.445825948482069,2.447997656792046,0.3496654425832039,1.8396901449117535,2.291675268654811,2.628147505276024,2.8512910565902336,50
2,200,d3,ecdf,0.61,2.3489810902922827,2.343304802124472,0.34350282107938457,1.7659611003391509,2.0976666620113766,2.503131770119541,2.6854533269134957,50
2,200,d3,ecdf,0.62,2.2715703739798734,2.2535987017425896,0.32768543652809984,1.7119545860444507,2.0484268226656637,2.405101766604396,2.659529302668329,50
2,200,d3,ecdf,0.63,2.20875874113642,2.1265370294918147,0.31332849314369143,1.6979331173704295,1.8610446379294872,2.2970960178787077,2.614223849244585,50
2,200,d3,ecdf,0.64,2.018438736736532,2.0410578780603656,0.3142138528935351,1.5951892263615293,1.8207823684144584,2.2626151206934977,2.513929548974404,50
2,200,d3,ecdf,0.65,1.9476644257334237,1.973623683690924,0.2933230577870748,1.5399634921153669,1.7561596912395718,2.1147185103965898,2.433172241515124,50
2,200,d3,ecdf,0.66,1.856286672866813,1.8956055497120652,0.2590704632948609,1.5198144362456,1.731123529912807,1.9993875165074864,2.3197000645867822,50
2,200,d3,ecdf,0.67,1.781825582956288,1.820123456908842,0.25214670335914396,1.4369850966645583,1.6705999478460638,1.9759815973972457,2.269564253106512,50
2,200,d3,ecdf,0.68,1.7203096556330508,1.7325302066621509,0.2542316802740166,1.3858949163874437,1.5737061814411757,1.8770037571056015,2.266853362001121,50
2,200,d3,ecdf,0.6900000000000001,1.6224510456022443,1.665531510571471,0.2350460419408224,1.3619887628891574,1.475407637857462,1.7690545197941197,2.115195554029848,50
2,200,d3,ecdf,0.7000000000000001,1.583246067970182,1.6007648499776035,0.2369544022035466,1.2786395832516868,1.4654630323137987,1.7051474566859814,2.0348723622044376,50
2,200,d3,ecdf,0.7100000000000001,1.5500966140456465,1.5476376370659912,0.23203066502390465,1.237351108246032,1.4069957704049731,1.672698936137979,1.9249282722113108,50
2,200,d3,ecdf,0.72,1.4869017485231426,1.4781834274834709,0.20318505490966834,1.1767111379886108,1.3576900170431367,1.5866659584924232,1.836509731079381,50
2,200,d3,ecdf,0.73,1.4182148175793619,1.4271674098755205,0.204731479546965,1.1381364340189029,1.315817611256355,1.532040719725991,1.8082940963541496,50
2,200,d3,ecdf,0.74,1.374199042449371,1.3755018780640171,0.191218816930285,1.0802427500411955,1.267576411905084,1.4778966396224062,1.6901242490426742,50
2,200,d3,ecdf,0.75,1.3235455394094882,1.3218139823396018,0.19960722961994223,1.034125098359521,1.208664931177048,1.431759124049721,1.614815752976876,50
2,200,d3,ecdf,0.76,1.257086429620814,1.2629033311452276,0.1923320080393873,0.9599363555326914,1.143115828116783,1.3662196582970794,1.519839909542889,50
2,200,d3,ecdf,0.77,1.200473951395336,1.2126603203882746,0.17452682886474005,0.9608010981299158,1.0873639489919906,1.3104748466096643,1.4487563384720297,50
2,200,d3,ecdf,0.78,1.161563780363431,1.160400577638768,0.1591717535388561,0.9539244155851868,1.0567124240764065,1.2416064880369675,1.4239280448309224,50
2,200,d3,ecdf,0.79,1.1278458761705588,1.1205988584055184,0.15177073248120948,0.9190910623084488,1.0100628405141752,1.2165174127171068,1.351971082504722,50
2,200,d3,ecdf,0.8,1.0738590408340605,1.0732310444783961,0.1487080842804349,0.8419608709298287,0.973355460267155,1.1324201548968424,1.3123834752941397,50
2,200,d3,ecdf,0.81,0.9977151677242638,1.022473909684363,0.14231055189516156,0.8063941594492317,0.941362231173132,1.0886869459299904,1.2688007585052254,50
2,200,d3,ecdf,0.8200000000000001,0.9796304325005616,0.9745449977504482,0.1332085828978961,0.7702802033186876,0.8880632389750711,1.050582168472846,1.1943911648484766,50
2,200,d3,ecdf,0.8300000000000001,0.9257354883253814,0.929141592996374,0.13142727342953545,0.7367072774060536,0.8417758732405277,0.9901958783588009,1.1488009085354396,50
2,200,d3,ecdf,0.8400000000000001,0.9019684557274924,0.89942139185495,0.12146488658918259,0.7098907239881731,0.8255634028018162,0.95017055754537,1.1040382757671048,50
2,200,d3,ecdf,0.85,0.8591236301725865,0.8569218100205028,0.118393137164425,0.6937118197896989,0.7757420212335355,0.915004088567043,1.057463741647807,50
2,200,d3,ecdf,0.86,0.7965294951960047,0.8206396047644892,0.11494534597825568,0.6891883415464295,0.7531370661467027,0.8813028448263271,1.0166054639200148,50
2,200,d3,ecdf,0.87,0.764886232697524,0.790423118935143,0.11634494671406496,0.639441432001788,0.7066936590109557,0.8439680186728222,1.0037113129904531,50
2,200,d3,ecdf,0.88,0.7411427296256252,0.7548458108029836,0.11002471956375885,0.6220153282755525,0.6678175949419933,0.8109204253613909,0.9391884505940581,50
2,200,d3,ecdf,0.89,0.7159156696740742,0.7247685471073978,0.10875701410801189,0.588041965349557,0.6428821713771345,0.766346523300966,0.8949639011230596,50
2,200,d3,ecdf,0.9,0.6856898397737836,0.6954609008469604,0.10759737500614303,0.5590628756086715,0.613373989989715,0.7616002219595176,0.894998505292298,50
2,200,d3,ecdf,0.91,0.6550863185951055,0.6668983834104041,0.10421298444684716,0.5290876563119302,0.5972240322279173,0.7281280989990528,0.8497516793445582,50
2,200,d3,ecdf,0.92,0.6345197726306117,0.6385293327464628,0.09756290629949083,0.51159321822196,0.5682703870894111,0.6908727091817434,0.7950981407559532,50
2,200,d3,ecdf,0.93,0.6063397811728397,0.6125947652073734,0.08714938888945355,0.4907095988775573,0.5453391857106014,0.6661582763837499,0.7577116717502295,50
2,200,d3,ecdf,0.94,0.5902038344101191,0.5859165102836256,0.08582644170419382,0.4521813599887292,0.5304925174306931,0.6358442629278731,0.7164361829529483,50
2,200,d3,ecdf,0.95,0.5698105835755344,0.5591042726355477,0.07983861796923314,0.4277756765424672,0.4979007836610998,0.6085773721209096,0.6795350265676942,50
2,200,d3,ecdf,0.96,0.543085057271708,0.5380452995319442,0.08270163866665703,0.39184646402051326,0.4801753415696012,0.5882752317574319,0.6608028770220331,50
2,200,d3,ecdf,0.97,0.5162812711433395,0.5138630153263676,0.0850004369921269,0.375523337310666,0.46043495988443583,0.5657891176625935,0.6611486390214429,50
2,200,d3,ecdf,0.98,0.494494589214756,0.49238425891150295,0.08520045061812567,0.36177624955850196,0.4448766525718702,0.5572146126100429,0.6266468509014962,50
2,200,d3,ecdf,0.99,0.472347274183195,0.47088343906725666,0.08514354531585437,0.3418480543189685,0.41839494201963107,0.5293581718501442,0.6031757500627395,50
2,200,d3,ecdf,1,0.4432267037089209,0.4464158440694759,0.08224055258464458,0.31081922687652114,0.39539579813001813,0.48995841244034666,0.5817985768748575,50
2,200,d3,logspline,0.01,-5.184846382518579,-4.787260051383834,1.7028927077755058,-6.6759114728703235,-5.832658808251591,-4.353279603569335,-1.5300301977986972,50
2,200,d3,logspline,0.02,-3.1628333968338866,-2.7685770881378082,1.6882922057492336,-4.6412787736469,-3.806558923309287,-2.3378733629839537,0.459074259885228,50
2,200,d3,logspline,0.03,-2.0050612334962263,-1.6143112808284867,1.6730734550055988,-3.470490552349691,-2.64456162049724,-1.1869507428831108,1.582490453631216,50
2,200,d3,logspline,0.04,-1.2018295145789666,-0.8147599191550983,1.657243402095276,-2.6538484064788612,-1.8369673175146677,-0.3908096968887401,2.3499340998647957,50
2,200,d3,logspline,0.05,-0.5934001481562567,-0.21018170653535817,1.6408115163008923,-2.031616989674779,-1.224039027152251,0.21029017980226417,2.921164420095011,50
2,200,d3,logspline,0.06,-0.10861775096040319,0.2705827593767633,1.6237896282325375,-1.5326444146906764,-0.7346227709669118,0.6875072053366077,3.3673633875596227,50
2,200,d3,logspline,0.06999999999999999,0.290478055549939,0.6654986200281054,1.6061917332394966,-1.1189745246377942,-0.33075986404871016,1.0788052870449203,3.7265230245802416,50
2,200,d3,logspline,0.08,0.6265502500406295,0.9972342799879305,1.5880337669929787,-0.7679492585217547,0.010210703273048705,1.4068514930567284,4.021342537503561,50
2,200,d3,logspline,0.09,0.9142209712015755,1.280417878497598,1.569333361154709,-0.46495205734976097,0.3029088407072831,1.6862725744254456,4.266484357272997,50
2,200,d3,logspline,0.1,1.1634781662919185,1.5250438449232344,1.5501095871414445,-0.20000117767222914,0.5573200236275542,1.9270615720313453,4.471980233841321,50
2,200,d3,logspline,0.11,1.3814498574406597,1.7382470699251222,1.5303826956714024,0.03402461604895818,0.7805695779063182,2.1363520380895364,4.645004928193341,50
2,200,d3,logspline,0.12,1.573403087640492,1.9253017567942965,1.5101738591099765,0.24238504165084634,0.9779216456305956,2.319416934944811,4.79087457802423,50
2,200,d3,logspline,0.13,1.7433416128045622,2.0902190215570817,1.4895049227110682,0.42907603787579673,1.153376897796949,2.4802662782748506,4.913643816491221,50
2,200,d3,logspline,0.14,1.8943814358328535,2.2361223396825354,1.468398169773754,0.5972053467593974,1.310048089659007,2.622022621389796,5.0164807515750045,50
2,200,d3,logspline,0.15000000000000002,2.028996441313801,2.3654930995312267,1.446876104593702,0.749238197865865,1.4504057170834397,2.7471666399678365,5.101912074528752,50
2,200,d3,logspline,0.16,2.1491845697122685,2.4803367025269405,1.4249612559635119,0.8871635326737728,1.5764442125046079,2.857703256750053,5.171988744222363,50
2,200,d3,logspline,0.17,2.2565835032658845,2.5822981830355305,1.4026760029277474,1.012609740806267,1.6897976524524714,2.955277279034411,5.228401225616784,50
2,200,d3,logspline,0.18000000000000002,2.3525532147730788,2.6727446995582325,1.3800424235698279,1.1269272587894241,1.7918223276068113,3.041255900706058,5.272561637669762,50
2,200,d3,logspline,0.19,2.438236149203483,2.752825667296576,1.3570821668243538,1.2312488008048548,1.8836569450986624,3.1167888392173446,5.305663582953013,50
2,200,d3,logspline,0.2,2.5146019336715186,2.8235174275052244,1.333816346679702,1.3265341165532052,1.9662673584128263,3.1828530034655014,5.328726555285199,50
2,200,d3,logspline,0.21,2.582481152292247,2.885656989824957,1.310265457659521,1.4136038123682124,2.0404803612481635,3.2402862294167525,5.342629461297472,50
2,200,d3,logspline,0.22,2.64259124295769,2.939967904151997,1.2864493101371792,1.493165292287585,2.107009602237015,3.289813140767625,5.348136311239662,50
2,200,d3,logspline,0.23,2.695556620573429,2.9870803659902956,1.2623869838278923,1.5658329233378483,2.166475724952546,3.333817416714028,5.345916180949896,50
2,200,d3,logspline,0.24,2.74192450357174,3.0275470314376896,1.2380967977002086,1.6321439016163768,2.219422209934757,3.3721054823733994,5.3365589185311135,50
2,200,d3,logspline,0.25,2.7821774980574494,3.061855595458161,1.2135962945321883,1.69257087334295,2.266327973030512,3.4073292915514606,5.320587646374579,50
2,200,d3,logspline,0.26,2.8167360466123794,3.0904388973254053,1.1889022383894472,1.7475320753445893,2.307617484610166,3.4395975391104647,5.298468819158776,50
2,200,d3,logspline,0.27,2.845784504385583,3.113683114948331,1.1640306234056454,1.7973995572969605,2.343888133886547,3.466539499920115,5.270620396170475,50
2,200,d3,logspline,0.28,2.869967312610316,3.1319344665056605,1.1389966923869037,1.8425059047763206,2.3816291942088963,3.48849864117967,5.237418543018471,50
2,200,d3,logspline,0.29000000000000004,2.8894948188726652,3.14550473480632,1.1138149639286519,1.8831497791638603,2.414836682812452,3.5057842760055657,5.199203174897773,50
2,200,d3,logspline,0.3,2.904645632359296,3.154675854755483,1.0884992669179097,1.9196005153936748,2.443782918223435,3.518676136789328,5.156282578691853,50
2,200,d3,logspline,0.31,2.9156726474673293,3.159703748980197,1.063062781489849,1.952101963186737,2.46871468406417,3.527428195486741,5.108937296089897,50
2,200,d3,logspline,0.32,2.922806256247196,3.1608215554162857,1.0375180857110056,1.9808757161315993,2.489856451890598,3.532271875067429,5.057423408890976,50
2,200,d3,logspline,0.33,2.926257064663596,3.1582423595786033,1.0118772074711546,2.0061204477821724,2.5074131058250204,3.5334187652160276,5.001975336851455,50
2,200,d3,logspline,0.34,2.9262182021094603,3.152161520593904,0.9861516812821507,2.0280093593725175,2.521572258537704,3.531062931677398,4.942808235058861,50
2,200,d3,logspline,0.35000000000000003,2.9228672954075234,3.142758661927529,0.9603526099074158,2.0467270118088727,2.532506229939798,3.524697252098071,4.880120059933143,50
2,200,d3,logspline,0.36000000000000004,2.9163681644371398,3.1301993856283183,0.9344907294329022,2.062429531285796,2.540373745859506,3.4940017842577946,4.814093359163278,50
2,200,d3,logspline,0.37,2.9068722855189177,3.1146367767857397,0.9085764615972389,2.0752609916962323,2.545321402971903,3.460215392200743,4.744896830166551,50
2,200,d3,logspline,0.38,2.894520060034383,3.0962127129956745,0.8826199720932779,2.0853546857724967,2.547484937598651,3.4234859417495054,4.672686683263961,50
2,200,d3,logspline,0.39,2.879441918903326,3.075058981870471,0.8566312578555985,2.0928342303092573,2.546072319234032,3.383950824091636,4.59760783914728,50
2,200,d3,logspline,0.4,2.8617592880773897,3.051298258469111,0.8306202437478678,2.0978145307976837,2.5399397504053924,3.3417379436003016,4.519794984960339,50
2,200,d3,logspline,0.41,2.841585435826147,3.0250450018722903,0.8045968663164826,2.1004026264145503,2.5310956041710275,3.2969665881494152,4.439373509120764,50
2,200,d3,logspline,0.42,2.819026219056636,2.9964062639270814,0.7785711616039409,2.1006984327700318,2.518205982147614,3.2497481988432915,4.356460331634848,50
2,200,d3,logspline,0.43,2.7941807430400587,2.965482357514719,0.7525534016838038,2.098795396944346,2.5030672550034905,3.20212542646109,4.27116464392994,50
2,200,d3,logspline,0.44,2.7671420610068593,2.9323674870457275,0.7265542394415608,2.094781076998368,2.4857740963466077,3.1613322511236053,4.183588570008921,50
2,200,d3,logspline,0.45,2.7407717250205166,2.8971504452622816,0.7005848371644763,2.088737656219914,2.466416601598172,3.1201129316325305,4.0938277589150145,50
2,200,d3,logspline,0.46,2.7137565933652343,2.8599151871001705,0.674657056845536,2.080742400782358,2.445080650196248,3.0768443906077025,4.0019719170006365,50
2,200,d3,logspline,0.47,2.6848040247517755,2.820741286520618,0.6487837919895072,2.070868068179963,2.4218482280940643,3.031606019675825,3.909287295037216,50
2,200,d3,logspline,0.48,2.653986296893657,2.7797047130053265,0.6229796225249326,2.0591832727132817,2.396797715576592,2.9844726930588235,3.815273032034547,50
2,200,d3,logspline,0.49,2.621372820138925,2.7368793505562676,0.5972615246989288,2.045752813531009,2.370004144744814,2.9296460726956415,3.7194022778431215,50
2,200,d3,logspline,0.5,2.587034359214102,2.692338865950385,0.571649484451668,2.030200203630328,2.341539430436062,2.8795052644392,3.6217453093885386,50
2,200,d3,logspline,0.51,2.5510455804438665,2.646158560238795,0.5461673897984071,2.0112836414468065,2.3114728074332413,2.8306818282410333,3.5223750343790003,50
2,200,d3,logspline,0.52,2.513971506063146,2.5984175559213747,0.5208447755265037,1.9905578768246384,2.2798023849621973,2.778412366470995,3.421388693742107,50
2,200,d3,logspline,0.53,2.474433718419596,2.549199365327337,0.4957172086090125,1.9683158751074186,2.246699410558987,2.722889503772926,3.318911834545257,50
2,200,d3,logspline,0.54,2.4339764880287076,2.498592229171456,0.4708259891042962,1.9446178159323382,2.2123699099514664,2.6659362706222876,3.21509321448839,50
2,200,d3,logspline,0.55,2.3843100969818223,2.446689800856224,0.4462180560245403,1.919525552449164,2.176679522323362,2.6076513352332933,3.110103887109866,50
2,200,d3,logspline,0.56,2.325460891746329,2.393592408117945,0.4219475487519864,1.8931024022831118,2.1397692956966083,2.5481956104360943,3.022116367249178,50
2,200,d3,logspline,0.5700000000000001,2.268254822858057,2.339407706947392,0.39807711630487774,1.8654129522857965,2.1017579447587784,2.4882312643096265,2.9453100567531427,50
2,200,d3,logspline,0.5800000000000001,2.2141055764757827,2.2842513433907645,0.37468205997730253,1.8365228761297268,2.0627435156395904,2.427317129242584,2.8674142110504715,50
2,200,d3,logspline,0.59,2.1645461097025924,2.2282493836456543,0.35186012951161094,1.8064987630889124,2.025656347849499,2.3655677933136863,2.7913277811871278,50
2,200,d3,logspline,0.6,2.1168874611363666,2.1715382549229623,0.32973406713120373,1.7754079567769172,1.9887248854448305,2.3033469126125024,2.7168910159520148,50
2,200,d3,logspline,0.61,2.063085195645732,2.114262867551264,0.30844790150706736,1.7405994966683145,1.9403740904411138,2.2419529087044205,2.641924626831864,50
2,200,d3,logspline,0.62,2.013331646633736,2.056574581843284,0.28816171436761523,1.701384472952404,1.8966997972594903,2.169094213213299,2.5666610635941796,50
2,200,d3,logspline,0.63,1.9634157766805858,1.9986290315205846,0.2690457012457308,1.6615409338424874,1.851908025424292,2.1125499233760943,2.4913428729098994,50
2,200,d3,logspline,0.64,1.9160202527525318,1.9405833028986952,0.2512735942273029,1.6211583168294905,1.7961275313703395,2.0442832253242758,2.3839723325327427,50
2,200,d3,logspline,0.65,1.8690853418120286,1.882595334046503,0.2350126350688438,1.580185487085846,1.7441470977997646,1.9852422811305177,2.2591080096726706,50
2,200,d3,logspline,0.66,1.8218337487855814,1.824828621107618,0.22040362579969905,1.5381572587637349,1.6921531012299411,1.9217784912431521,2.137707627010915,50
2,200,d3,logspline,0.67,1.7607589683690916,1.767450967840211,0.20753662354048316,1.4930494807337282,1.6394770696760164,1.8585942914866418,2.024809399592316,50
2,200,d3,logspline,0.68,1.6995112165840003,1.7106295718737243,0.19642696929261233,1.4475664055040611,1.5844918239574057,1.797329851866217,1.931616382182844,50
2,200,d3,logspline,0.6900000000000001,1.6488770510139152,1.654519824177652,0.18700203014451663,1.385435835144201,1.5300819972880866,1.752073485094444,1.8733570562723596,50
2,200,d3,logspline,0.7000000000000001,1.6029399928003993,1.5992479984891217,0.17912094300600165,1.3256559021201963,1.4769153173849157,1.6868130622588202,1.822209817364226,50
2,200,d3,logspline,0.7100000000000001,1.5581057812148043,1.544911050199325,0.1726019599415309,1.2730111345601314,1.4257136348866442,1.6283604617541194,1.7721070649039634,50
2,200,d3,logspline,0.72,1.5036662616999603,1.4915812852410677,0.16724286284010023,1.2218993168393855,1.3848227414400158,1.5789973802932589,1.7221751660319156,50
2,200,d3,logspline,0.73,1.4506317350999254,1.4393112999142725,0.1628401860078053,1.177837793197523,1.3383474337259633,1.5245212585956378,1.6724871686577718,50
2,200,d3,logspline,0.74,1.3877135498113153,1.388138848193797,0.15920218551980705,1.140776860589129,1.2878685800285474,1.4743593294661714,1.623108893038508,50
2,200,d3,logspline,0.75,1.334926377045397,1.3380930065863332,0.15615043286184166,1.1041798307593584,1.2395702370758426,1.4199728800432108,1.5740997964558119,50
2,200,d3,logspline,0.76,1.2802433327941674,1.2891973382324724,0.15352265029758022,1.0622923487996618,1.1923839947839294,1.3670125193858027,1.5231762694734532,50
2,200,d3,logspline,0.77,1.233541073096415,1.2414704320683787,0.15117762585490505,1.02062493124661,1.1477686001773955,1.3196911700528986,1.4569023692059426,50
2,200,d3,logspline,0.78,1.192869203988701,1.1949257187880886,0.14899843609165547,0.9794218867694758,1.1042768068132205,1.2673781876853227,1.411192091221935,50
2,200,d3,logspline,0.79,1.145264023061664,1.1495719608720307,0.1468925894958801,0.92833705724545,1.060662994628104,1.2195609332250663,1.3699394833610574,50
2,200,d3,logspline,0.8,1.1044965468437797,1.105413806683298,0.14478997428863893,0.8796292246591713,1.019471847517878,1.1786474646220602,1.3291627217730548,50
2,200,d3,logspline,0.81,1.0664018469698684,1.0624523210716066,0.1426399630195773,0.8341071680068545,0.9790084033912981,1.1350237649907693,1.2888906324626876,50
2,200,d3,logspline,0.8200000000000001,1.0293351648300715,1.0206855327072828,0.1404083224961839,0.7919876084155386,0.9316103990629265,1.0917040959546882,1.2453416741315197,50
2,200,d3,logspline,0.8300000000000001,0.9929947942292721,0.9801086034410912,0.13807433756650303,0.7529780280124829,0.8898635766364852,1.0424165751877195,1.2008740932420217,50
2,200,d3,logspline,0.8400000000000001,0.9584257201116739,0.9407136157263928,0.13562842533659406,0.7194510641912596,0.8481997086880843,1.0039242566419673,1.1571227120889014,50
2,200,d3,logspline,0.85,0.9198655036357897,0.9024898248720153,0.1330699075491984,0.6902527955924315,0.8056752943546097,0.9672199190054885,1.1141124083135334,50
2,200,d3,logspline,0.86,0.8775654339358149,0.8654244708299685,0.13040421877682026,0.6625413763580074,0.7688792034030205,0.9290492086179121,1.0718662405917625,50
2,200,d3,logspline,0.87,0.8371562949208897,0.8295034187007303,0.127640172829633,0.6357159568609914,0.7336285851038842,0.8959679012878387,1.0304056000705186,50
2,200,d3,logspline,0.88,0.7972242260652931,0.7947110804906221,0.12478880815677448,0.6085877939223003,0.7013581250667242,0.8640383119809059,0.9897503398321292,50
2,200,d3,logspline,0.89,0.7588365033141173,0.7610304239220653,0.12186245800069533,0.5818216991620166,0.6740927300711373,0.8300249846005392,0.9499188853015224,50
2,200,d3,logspline,0.9,0.7245128986537154,0.7284432226303411,0.11887416150148587,0.5563798241620774,0.6457750435395776,0.7974005296461877,0.9109283280957929,50
2,200,d3,logspline,0.91,0.6920517639866581,0.6969301960794798,0.11583726823429855,0.532146700043957,0.6175741101676617,0.7655943056765862,0.8727945054553431,50
2,200,d3,logspline,0.92,0.661055551657902,0.6664707892798426,0.11276537116972472,0.5088659488564882,0.58843522487367,0.7374450376157209,0.8355320670855357,50
2,200,d3,logspline,0.93,0.6294239128366513,0.6370432677320804,0.10967217892762122,0.48624369120298533,0.5630320864545882,0.7099165737125428,0.7994128322836749,50
2,200,d3,logspline,0.94,0.5985237060986723,0.6086250547460703,0.10657134838033555,0.4612956341688941,0.5382939325324633,0.6818354545783185,0.7647004830115007,50
2,200,d3,logspline,0.95,0.5701150878827103,0.5811930028426753,0.10347628608892685,0.43407878227892865,0.5141830548052277,0.6540773030743132,0.7309140863496459,50
2,200,d3,logspline,0.96,0.5455012416504146,0.554723733772511,0.10039982239936845,0.4122767122516683,0.4888114334553944,0.6273577552577703,0.7007748543141996,50
2,200,d3,logspline,0.97,0.5179280743031514,0.5291938259764055,0.09735403920401804,0.3915128430805207,0.4619164527731689,0.6014150370783201,0.6716765032541152,50
2,200,d3,logspline,0.98,0.4911812388612484,0.5045800682569674,0.09435016039571242,0.37255212339452226,0.4392028224422628,0.5762343455409538,0.6434492054880823,50
2,200,d3,logspline,0.99,0.4659852744456713,0.480859411863621,0.09139860608719123,0.35450491080234925,0.41724770255221844,0.5508289310368628,0.616078645346579,50
2,200,d3,logspline,1,0.44283876353155616,0.4580086179577264,0.08850909974380582,0.3370926984339465,0.39565218050976536,0.52266791037615,0.5895498769377248,50
