delta_true,N,order,method,epsilon,median_log_bf10,mean_log_bf10,sd_log_bf10,q05_log_bf10,q25_log_bf10,q75_log_bf10,q95_log_bf10,n_valid
0,20,d0,ecdf,0.01,-0.599174802668956,Inf,NA,-1.25842043155322,-1.0266188174958957,-0.19370969456079143,1.0102631097651444,49
0,20,d0,ecdf,0.02,-0.631451571985068,-0.4757636823915745,0.6434026827168176,-1.1208993801951719,-0.9356545480374954,-0.24250736747755008,0.722573528566037,50
0,20,d0,ecdf,0.03,-0.6635162859705152,-0.4904327757804036,0.5642954354189135,-1.0345526462560868,-0.8486274109286247,-0.28903989752665277,0.5217995125106842,50
0,20,d0,ecdf,0.04,-0.6773579678277781,-0.5307549517040132,0.48547928850745087,-1.0374672765957489,-0.8743156359095144,-0.27181527869223,0.28105916775646983,50
0,20,d0,ecdf,0.05,-0.6504730508117971,-0.538441147518602,0.46901848853138683,-1.0447388864904847,-0.8844043590612211,-0.31152334204650456,0.27416628038939317,50
0,20,d0,ecdf,0.06,-0.6373998674919936,-0.5500803729057793,0.4648441957461702,-1.0267064149375684,-0.8910765122558018,-0.39331358394269944,0.1522889281016806,50
0,20,d0,ecdf,0.06999999999999999,-0.641248707588026,-0.5495438489284552,0.469034330520504,-1.0430229450771382,-0.890522984643545,-0.3576484792452209,0.15045287438376675,50
0,20,d0,ecdf,0.08,-0.6401224642994766,-0.5597438867189736,0.4720840216599482,-1.068389368504757,-0.8978890706916229,-0.34942403047564224,0.10980521519825866,50
0,20,d0,ecdf,0.09,-0.6463437585716527,-0.5604240557961188,0.4586113332899765,-1.0403551992325422,-0.8994540594906651,-0.352777703370666,0.14504822904621506,50
0,20,d0,ecdf,0.1,-0.6417973330889808,-0.5612408093442003,0.4580028592481167,-1.044926568129799,-0.8795668088437404,-0.3636736621606342,0.14761385294592716,50
0,20,d0,ecdf,0.11,-0.6554502574438098,-0.5697788095298099,0.44898318535080955,-1.0489887561361773,-0.8860182130931846,-0.3782183448700048,0.13798435720074953,50
0,20,d0,ecdf,0.12,-0.6509613299486553,-0.56676206096501,0.447517891052048,-1.0507712185274398,-0.8861708668279622,-0.403788060102706,0.14167231891949925,50
0,20,d0,ecdf,0.13,-0.6447156137180279,-0.567001301110528,0.4483169178417024,-1.0325300874557986,-0.8795325524380713,-0.39233534845249324,0.14482833117152608,50
0,20,d0,ecdf,0.14,-0.6324419216875106,-0.5645790266798957,0.45483911344980454,-1.0305123156316487,-0.8855139628678357,-0.4014989426854182,0.19691319071820912,50
0,20,d0,ecdf,0.15000000000000002,-0.6453435094700128,-0.5704557836566323,0.4539572973972276,-1.0363955336270072,-0.8798624717628137,-0.42272234004771186,0.18440834131402026,50
0,20,d0,ecdf,0.16,-0.6523680239725416,-0.5659977737473486,0.4521729317004737,-1.0290133431548472,-0.8811654022269417,-0.41120035846491243,0.1827198100124877,50
0,20,d0,ecdf,0.17,-0.6383544654908737,-0.5672585559668478,0.4478997529642601,-1.02246486887537,-0.8606949225946334,-0.4104564113204307,0.18986920742664737,50
0,20,d0,ecdf,0.18000000000000002,-0.6327148285347526,-0.5673263911959426,0.4438763337885831,-1.0190578500443088,-0.8385613798472269,-0.42870387420673256,0.21093666390722815,50
0,20,d0,ecdf,0.19,-0.6478283361511707,-0.5658599261481638,0.4399355676856154,-1.020000950850684,-0.8508959962890442,-0.4281991681227014,0.19235144746076724,50
0,20,d0,ecdf,0.2,-0.6441579042962282,-0.5660681040792928,0.4400429840296311,-1.0198258671570686,-0.8573956810364285,-0.43076602471342945,0.18886872742021626,50
0,20,d0,ecdf,0.21,-0.6299870049061856,-0.5653877844394045,0.44001413074242185,-1.020312758219273,-0.8601923192379024,-0.4395896662193387,0.17908560360697248,50
0,20,d0,ecdf,0.22,-0.6243316217999825,-0.5630972957595036,0.44133116495379227,-1.0249860367397747,-0.8498415228665478,-0.4342876066330371,0.18041205987086117,50
0,20,d0,ecdf,0.23,-0.6234027915631982,-0.5637260953033182,0.4382768826712,-1.0259163630596773,-0.8454281234057686,-0.4405132765560328,0.18549821187506033,50
0,20,d0,ecdf,0.24,-0.6144059487796649,-0.5652691809163857,0.4362440985513485,-1.0277435268960713,-0.8559341718731461,-0.4591092325313485,0.16600735219008378,50
0,20,d0,ecdf,0.25,-0.6126557880567813,-0.565007580890132,0.4361876542109277,-1.0220355512578096,-0.8589739125220195,-0.4607063840503446,0.17824068653054742,50
0,20,d0,ecdf,0.26,-0.6186233948157832,-0.5641637813992528,0.43630285394399887,-1.0133101884620783,-0.8587489385623761,-0.4643954991413598,0.15723373932806134,50
0,20,d0,ecdf,0.27,-0.6205435556469743,-0.5630795840036268,0.43262945382960283,-1.012366974390598,-0.8590732821978853,-0.4635637526950882,0.1496785514893176,50
0,20,d0,ecdf,0.28,-0.630426944874057,-0.5620930598825814,0.43049029630086627,-1.0047547728976838,-0.8634912955355011,-0.46827450118602676,0.14677285634312395,50
0,20,d0,ecdf,0.29000000000000004,-0.6262070632390101,-0.5628184246871573,0.4234938119045923,-1.0037461973330486,-0.8680450891993368,-0.46148302880327574,0.14107274047831586,50
0,20,d0,ecdf,0.3,-0.640560136899976,-0.5639668898505046,0.42051977158743253,-0.9970430850636958,-0.8629297125230839,-0.4640582533142127,0.13577640317864145,50
0,20,d0,ecdf,0.31,-0.6364291727053479,-0.5647292883811955,0.42110777829523516,-0.9974464304203741,-0.865589959677264,-0.45721078748215,0.13354287784743107,50
0,20,d0,ecdf,0.32,-0.645544028136448,-0.5634787009637815,0.4196498996206141,-0.9900431263624013,-0.8568566167692582,-0.4549120969787626,0.13493945432914306,50
0,20,d0,ecdf,0.33,-0.643440249854309,-0.5628860647887761,0.4166244401773638,-0.9811600981834175,-0.8556588430702289,-0.4593339330269534,0.13031737227559678,50
0,20,d0,ecdf,0.34,-0.6376882560522559,-0.5630311679259347,0.4143311125802573,-0.9844670652575718,-0.8541893302362484,-0.4657162084364057,0.11074887810230265,50
0,20,d0,ecdf,0.35000000000000003,-0.6331731998252891,-0.5622330294822464,0.4105000764440704,-0.9788492019573596,-0.8471950132263133,-0.45637626657003344,0.10784958020196057,50
0,20,d0,ecdf,0.36000000000000004,-0.6316067440750208,-0.5646224837618514,0.4031594207097025,-0.9697093505853744,-0.8409685176732682,-0.4625066670769756,0.07898105376014061,50
0,20,d0,ecdf,0.37,-0.6345087261045012,-0.5633079986789328,0.40192845999847904,-0.9676945573941595,-0.8385689082100174,-0.46258949273972993,0.06878546243181195,50
0,20,d0,ecdf,0.38,-0.6372641541979782,-0.5642133011522177,0.4008197972351521,-0.9608746215854811,-0.8346243531008648,-0.46573164339484185,0.06876990896687125,50
0,20,d0,ecdf,0.39,-0.6357428291288565,-0.5633618173977044,0.3985313443781232,-0.9564726380505533,-0.8312032930347225,-0.4633114041129567,0.06231170331150153,50
0,20,d0,ecdf,0.4,-0.6327239824114204,-0.5636207386344498,0.3978931185321611,-0.952543093990398,-0.828636499459968,-0.45668588696841,0.06384367443201372,50
0,20,d0,ecdf,0.41,-0.631388282128746,-0.5636952454968914,0.39230539354529775,-0.9514745474833517,-0.8274556009293648,-0.4583840727953465,0.060822696209096055,50
0,20,d0,ecdf,0.42,-0.6309376071065271,-0.5638871671664459,0.39132248915659484,-0.951071365596207,-0.8269916918224873,-0.46092380617739326,0.05951563488137307,50
0,20,d0,ecdf,0.43,-0.6297831856201819,-0.5615075691319613,0.3916144687174591,-0.9496743071429739,-0.8213079407048578,-0.4620115392599222,0.06266933935560778,50
0,20,d0,ecdf,0.44,-0.6256726250969364,-0.5600787192370071,0.3885555314961351,-0.9496815066120232,-0.8225397704256144,-0.4626484899321332,0.06324592289128614,50
0,20,d0,ecdf,0.45,-0.6268682163422117,-0.5604402851084204,0.3872883042116382,-0.9456241245242076,-0.8181204387819578,-0.46962947266375177,0.07098318035202866,50
0,20,d0,ecdf,0.46,-0.6301218444206613,-0.5592591894894915,0.3843688908227621,-0.9410529182718674,-0.8173865087732661,-0.46384516795062347,0.06587178521971776,50
0,20,d0,ecdf,0.47,-0.6304978067677862,-0.5604119993382398,0.38042400407146754,-0.9428457400438748,-0.8138086398982912,-0.4586398413625942,0.05543781946951957,50
0,20,d0,ecdf,0.48,-0.630186106004639,-0.560133313080798,0.3792378872719569,-0.9373449663035105,-0.8132261975428037,-0.4569009536328567,0.047236707428061395,50
0,20,d0,ecdf,0.49,-0.6272790213710795,-0.5597148945365261,0.3763344126219138,-0.9307459368925309,-0.809347301734592,-0.4619659069483527,0.038703896439290515,50
0,20,d0,ecdf,0.5,-0.631707841645365,-0.5595344589143926,0.37293486063541015,-0.9262977589260672,-0.805071421691137,-0.46063687463732594,0.03314275983914676,50
0,20,d0,ecdf,0.51,-0.63144961821391,-0.5582365210983699,0.365804307735854,-0.921653389266031,-0.8033746029342257,-0.46099010909319443,0.02309177006415271,50
0,20,d0,ecdf,0.52,-0.6274584504227649,-0.5575519732064268,0.3636210809484557,-0.9178626338349322,-0.8043881860747824,-0.46015822341550733,0.01389833090708217,50
0,20,d0,ecdf,0.53,-0.62359009547506306,-0.5564325187099309,0.3596498510134762,-0.9137441023205519,-0.7996975137166282,-0.4579130292303392,0.015814137241753134,50
0,20,d0,ecdf,0.54,-0.6265795679862642,-0.555842998004718,0.35737144389083764,-0.9104171341947703,-0.7954221877580243,-0.46008214555107074,0.01071728092596494,50
0,20,d0,ecdf,0.55,-0.6252898781800167,-0.5563091814092599,0.35271159985835393,-0.9067463419706692,-0.7907915021454625,-0.4663523279875026,0.008388166954569756,50
0,20,d0,ecdf,0.56,-0.6258251681886381,-0.5560243074862345,0.3492079265444087,-0.9068832703560537,-0.7870658480647347,-0.47138960925096607,0.009597903886859497,50
0,20,d0,ecdf,0.5700000000000001,-0.6240646093677857,-0.5556405187725537,0.3455765194947634,-0.9007878975097985,-0.7856706793082749,-0.46782674503499627,0.0033370531758120797,50
0,20,d0,ecdf,0.5800000000000001,-0.6200870944471472,-0.5529484033221859,0.3430577369562767,-0.8954035127315458,-0.7766050925378083,-0.46905993050695266,-2.5940396606076097e-4,50
0,20,d0,ecdf,0.59,-0.6207198117555972,-0.5523109894497317,0.34140952713904965,-0.893923944860801,-0.7742487544021343,-0.4676371924571423,-0.00748547490629034,50
0,20,d0,ecdf,0.6,-0.6251933825232483,-0.5521666196410235,0.3388035182944085,-0.8893901123974662,-0.7743435235459221,-0.467883731228394,-0.006041118197989668,50
0,20,d0,ecdf,0.61,-0.6203507029066353,-0.5521072777132991,0.3357663994899342,-0.8863430714843442,-0.7739664906302519,-0.47027554544107586,-0.006792465702735841,50
0,20,d0,ecdf,0.62,-0.6140808206208626,-0.5507220451739246,0.3321838257491449,-0.8823544851477769,-0.7676822567835703,-0.4745251725898322,-0.010353203456331717,50
0,20,d0,ecdf,0.63,-0.6121916102877617,-0.5515578900548365,0.32747766798352085,-0.8817172625881846,-0.7692793062494645,-0.47863641652691163,-0.013874586221553194,50
0,20,d0,ecdf,0.64,-0.6119337447486922,-0.5525862920417323,0.32144572452949105,-0.8764803241026722,-0.7666119556263269,-0.4802315370000036,-0.02884600917729028,50
0,20,d0,ecdf,0.65,-0.6121878682808672,-0.552423737132817,0.3173976695556128,-0.8739053541169375,-0.7640388299962738,-0.4815209815836133,-0.03397883813040542,50
0,20,d0,ecdf,0.66,-0.6129822324037303,-0.5521370512365925,0.3158192148144059,-0.870704507296357,-0.7660859255926952,-0.4850594630436528,-0.037283148258308585,50
0,20,d0,ecdf,0.67,-0.6102940079062227,-0.5511638836888282,0.31347808397489196,-0.866614337122737,-0.7661585416284629,-0.47832964822510143,-0.042085942435379185,50
0,20,d0,ecdf,0.68,-0.6062223926629196,-0.5508978074368739,0.310720542842712,-0.8633217158931249,-0.7654281031766854,-0.47626012426130815,-0.0450407519483515,50
0,20,d0,ecdf,0.6900000000000001,-0.6012798320245021,-0.5500144524739667,0.30795826192263676,-0.8577424727870687,-0.7620312643799857,-0.4761849751735,-0.0486477966073402,50
0,20,d0,ecdf,0.7000000000000001,-0.5998276262472662,-0.5496118506949963,0.304489745292668,-0.8550298533434895,-0.7601668652055579,-0.47505044626442833,-0.04807472430530205,50
0,20,d0,ecdf,0.7100000000000001,-0.597489959674812,-0.5493759611240792,0.30165703258951854,-0.8529183421866711,-0.7563298476615989,-0.47881426294676155,-0.0495398398507717,50
0,20,d0,ecdf,0.72,-0.5975501989156546,-0.5494750303830435,0.29713601340776097,-0.8534182996357256,-0.7556121427111558,-0.47425797816991866,-0.04737139461731653,50
0,20,d0,ecdf,0.73,-0.5981072608569884,-0.5490536708999969,0.29272551361484717,-0.8475546914593093,-0.7511482190878885,-0.4776818702352493,-0.04633115428307867,50
0,20,d0,ecdf,0.74,-0.5968269656537344,-0.5484914764990516,0.2894882523744,-0.8461858325263145,-0.7493607478323004,-0.47302547122740995,-0.05448701854747143,50
0,20,d0,ecdf,0.75,-0.5955919489084645,-0.5475466354742575,0.2861800029837021,-0.8398483633867151,-0.7472462490868692,-0.47283327615914655,-0.050832754710267776,50
0,20,d0,ecdf,0.76,-0.5939580422585347,-0.5473428244693093,0.28347814945273303,-0.8335091320506782,-0.7438426918482427,-0.47367418546550993,-0.057186812515103394,50
0,20,d0,ecdf,0.77,-0.5910444788276765,-0.546972322499178,0.28038770908523714,-0.8264980800162889,-0.7435835519097578,-0.47101035050628204,-0.06014381725939718,50
0,20,d0,ecdf,0.78,-0.5873651565823037,-0.5465164569902158,0.2766853403623504,-0.8227208377142993,-0.74294353428296,-0.47483918589535395,-0.06634867692350872,50
0,20,d0,ecdf,0.79,-0.5859412997454082,-0.5457235206100404,0.2738707172000877,-0.8187936801364377,-0.7395788389648232,-0.47299003741109624,-0.06821990436478984,50
0,20,d0,ecdf,0.8,-0.5798176370036863,-0.5452055634265875,0.2715302676904834,-0.8139679493863375,-0.7342672018751029,-0.47576095669167884,-0.06885940828825736,50
0,20,d0,ecdf,0.81,-0.57510533168154,-0.5439649139473355,0.2697677764628219,-0.8094675164237917,-0.7341706540669158,-0.4777597305014248,-0.06877195710306619,50
0,20,d0,ecdf,0.8200000000000001,-0.5751597834952384,-0.5427379352711544,0.26653742112711587,-0.8052227426215999,-0.7319404305579111,-0.4750437530026621,-0.07569737777180127,50
0,20,d0,ecdf,0.8300000000000001,-0.5743923856197026,-0.5425838523316551,0.2629016329750407,-0.8009424041713342,-0.7270899652781265,-0.4728605765088081,-0.08072686769390197,50
0,20,d0,ecdf,0.8400000000000001,-0.5769640184103759,-0.5423905055203583,0.2591131593087334,-0.7963297557603863,-0.725357211848701,-0.46912129738093084,-0.08818688081460405,50
0,20,d0,ecdf,0.85,-0.5733582365695652,-0.5411593179791048,0.25649924387657347,-0.7917514220812862,-0.7210297872634119,-0.4693770833120675,-0.09119021778132491,50
0,20,d0,ecdf,0.86,-0.5746986297322766,-0.5401245021923334,0.25301189888238623,-0.7893567407649136,-0.718205347158807,-0.4711891604191448,-0.09119725482820198,50
0,20,d0,ecdf,0.87,-0.5712176503699504,-0.5388705492387105,0.25163295912567457,-0.7854098932435305,-0.7166670669178158,-0.4738884172719973,-0.09251443731748013,50
0,20,d0,ecdf,0.88,-0.5694077604758473,-0.5377938861640561,0.24872223673397065,-0.7821553764989343,-0.713965862784359,-0.47365916863928054,-0.09256322279599541,50
0,20,d0,ecdf,0.89,-0.5703948579929532,-0.5367722409492727,0.24609659175800544,-0.7803772499169149,-0.713030920327274,-0.473041791783094,-0.09625816204700598,50
0,20,d0,ecdf,0.9,-0.5709969415952065,-0.5366549750312888,0.24226587560366475,-0.7752335120153491,-0.7107793110551868,-0.47458047735868597,-0.09682542697177535,50
0,20,d0,ecdf,0.91,-0.5696702918869887,-0.5358949615681561,0.23994920194601455,-0.7712881462025234,-0.7092540633333335,-0.47355474281377996,-0.09807891531381097,50
0,20,d0,ecdf,0.92,-0.5683901014668289,-0.5344691819885757,0.23833743822114975,-0.7689550393509479,-0.7052798987026098,-0.4731833020225899,-0.09890388443993989,50
0,20,d0,ecdf,0.93,-0.5682728942524922,-0.5330916533643353,0.23481101555867617,-0.7654392968860352,-0.7022125424823468,-0.4711806642010732,-0.09971901234329404,50
0,20,d0,ecdf,0.94,-0.5659230765149017,-0.5320671813367002,0.23336186451828175,-0.7605480418709454,-0.7010131432535716,-0.4690243029817307,-0.10266527045303088,50
0,20,d0,ecdf,0.95,-0.5617774998373792,-0.5304980918949521,0.2306854729394491,-0.7553479083940913,-0.6970913867349591,-0.4685574180228096,-0.10462228903322601,50
0,20,d0,ecdf,0.96,-0.5584520115785506,-0.5295674691298201,0.22729939288270123,-0.7517347130468379,-0.6929207584256043,-0.46486219311797083,-0.1114733329104125,50
0,20,d0,ecdf,0.97,-0.5552049790914542,-0.5282425260744086,0.22569642240133955,-0.7475876725350359,-0.6905996755569843,-0.4664782820827708,-0.1101603264834907,50
0,20,d0,ecdf,0.98,-0.5556632386907208,-0.527404729427829,0.2227449725272384,-0.742490863945763,-0.6865782360881807,-0.4714584012586398,-0.11291571970194512,50
0,20,d0,ecdf,0.99,-0.5586376716023933,-0.5261019071667353,0.2219223167209877,-0.7366429800618415,-0.6835827232771575,-0.46789113612992156,-0.11361109198786894,50
0,20,d0,ecdf,1,-0.5551583836149977,-0.5252874686789694,0.21892025381188335,-0.7315445638460202,-0.6806500731805516,-0.4669321314301582,-0.11744932390187493,50
0,20,d0,logspline,0.01,-0.6575327960303363,-0.5821716349266519,0.47676742566047975,-1.1191211211389898,-0.9308714800283622,-0.44149045608850546,0.16341299901492684,50
0,20,d0,logspline,0.02,-0.6574118702971381,-0.5843866840328625,0.4719506138293901,-1.1145572126555785,-0.9278284590666684,-0.44273299234027375,0.15906353919318655,50
0,20,d0,logspline,0.03,-0.6573366169213879,-0.5865034068392659,0.4676511753294826,-1.110005308424078,-0.924793583826097,-0.44398005613997765,0.15581854122365585,50
0,20,d0,logspline,0.04,-0.6572669203926066,-0.5884626105731747,0.463885572915013,-1.105465408050489,-0.9217668540288738,-0.44523094329430146,0.15256506908635947,50
0,20,d0,logspline,0.05,-0.6572027803637268,-0.5902211592478569,0.460625487967665,-1.1009375109832544,-0.9187482692861573,-0.4464849465624706,0.14930312317784933,50
0,20,d0,logspline,0.06,-0.6571441963885569,-0.5917432786774697,0.45781774941617537,-1.0964216165132628,-0.9157378290980349,-0.4477413560769673,0.14603270400797252,50
0,20,d0,logspline,0.06999999999999999,-0.6570911679217617,-0.5930111032945096,0.455389409607345,-1.0919177237739075,-0.9127355328535637,-0.45403251919853754,0.14275381219980315,50
0,20,d0,logspline,0.08,-0.6570436943189558,-0.5940244606917618,0.45326181748019956,-1.0874258317411072,-0.9097413798307805,-0.45466214561266294,0.1394664484896365,50
0,20,d0,logspline,0.09,-0.6570017748367214,-0.5947929278442863,0.4513623522163318,-1.0829459392333687,-0.9067553691967568,-0.45529690486453667,0.1361706137269424,50
0,20,d0,logspline,0.1,-0.6570631020806754,-0.5953316509267906,0.4496289104337771,-1.07847804491184,-0.9037775000076274,-0.45598316864497657,0.1328663088743327,50
0,20,d0,logspline,0.11,-0.6577152874557977,-0.5956590291854031,0.4480109006815286,-1.0740221472803786,-0.9008077712086509,-0.45711595161610225,0.12955353500749173,50
0,20,d0,logspline,0.12,-0.6709447994833242,-0.5957952733515836,0.446468571765088,-1.0695782446856195,-0.8978461816342518,-0.4582152900278593,0.12623229331514937,50
0,20,d0,logspline,0.13,-0.6808453010775943,-0.5957614477611103,0.4449715829820578,-1.0651463353170632,-0.8948927300080853,-0.45931145039922006,0.12290258509900881,50
0,20,d0,logspline,0.14,-0.6862667738143347,-0.5955788103326949,0.4434973627007698,-1.060726417207158,-0.8919474149430964,-0.4604036601482019,0.11956441177367237,50
0,20,d0,logspline,0.15000000000000002,-0.6858623070108116,-0.595268279450341,0.44202988060023735,-1.0563184882314014,-0.8890431397151951,-0.46149114477339803,0.11621777486659185,50
0,20,d0,logspline,0.16,-0.6854638628143068,-0.5948495280885586,0.44055829079613157,-1.0519225461084383,-0.8865211775037352,-0.462573127966035,0.11286267601797463,50
0,20,d0,logspline,0.17,-0.6850714396713778,-0.5943395401799952,0.43907507396980944,-1.0475385884001776,-0.8840044715942068,-0.4636488317308639,0.10949911698071127,50
0,20,d0,logspline,0.18000000000000002,-0.6846850359288215,-0.5937528275015036,0.4375748119317967,-1.0431666125119095,-0.8814928515362472,-0.4647174765158966,0.10612709962028706,50
0,20,d0,logspline,0.19,-0.6843046498337826,-0.5931019276474894,0.43605342397564967,-1.0388066156924298,-0.879441774146279,-0.46519864232357494,0.1027466259146867,50
0,20,d0,logspline,0.2,-0.6839302795338302,-0.5923976055371625,0.4345075277401391,-1.03445859503418,-0.8780892866328242,-0.46546508440937584,0.09935769795429468,50
0,20,d0,logspline,0.21,-0.6835619230770659,-0.591649147257799,0.432934044428796,-1.0301225474733835,-0.8767322199687535,-0.46535834092874095,0.09596031794179764,50
0,20,d0,logspline,0.22,-0.6831995784122269,-0.5908646750451597,0.4313299710837048,-1.0257984697901965,-0.8763744676703523,-0.4652538129379366,0.09255448819206807,50
0,20,d0,logspline,0.23,-0.6827225525037841,-0.5900513509666778,0.42969224348030505,-1.0214863586088687,-0.8775975729798012,-0.4651513665364288,0.08914021113205463,50
0,20,d0,logspline,0.24,-0.6814644642181735,-0.5892151825820643,0.42801786800861835,-1.0171862103979037,-0.8786789237745919,-0.465050867843865,0.08571748930065572,50
0,20,d0,logspline,0.25,-0.6802122061252751,-0.5883608324968166,0.4263041199696462,-1.012898021470233,-0.8789627421510124,-0.4665700853574114,0.08228632534859838,50
0,20,d0,logspline,0.26,-0.6789657757805942,-0.5874919128790367,0.42454852271244314,-1.008621787983395,-0.87580866332742,-0.4670726589930533,0.07884672203830526,50
0,20,d0,logspline,0.27,-0.6785438161617141,-0.5866115885435809,0.42274906489560676,-1.0043575059397238,-0.87266338419938,-0.467565952044775,0.07539868224375458,50
0,20,d0,logspline,0.28,-0.6782196475596576,-0.5857230768963356,0.42090443409967654,-1.0001051711865423,-0.8695269016873937,-0.46804990980056305,0.07194220895034295,50
0,20,d0,logspline,0.29000000000000004,-0.6777556272054217,-0.5848296117788486,0.4190139214267119,-0.9958647794163645,-0.8663992125971738,-0.46852449473757596,0.06847730525473238,50
0,20,d0,logspline,0.3,-0.6771603063059688,-0.5839342888587168,0.4170772416251962,-0.9916363261671062,-0.8632803136198011,-0.46898968397455243,0.06500397436469817,50
0,20,d0,logspline,0.31,-0.6764421771658835,-0.5830397782693418,0.4150942566473824,-0.9874198068222999,-0.8601702013318886,-0.46944546720754465,0.06152221959897312,50
0,20,d0,logspline,0.32,-0.675609663454432,-0.5821482473410268,0.41306488086503207,-0.983215216611322,-0.8570688721957482,-0.4699630027528731,0.05803204438707672,50
0,20,d0,logspline,0.33,-0.6746711121286663,-0.5812613917138406,0.4109890724809593,-0.9790225506096217,-0.8539763225595648,-0.4707374786932087,0.05453345226915216,50
0,20,d0,logspline,0.34,-0.6736347869675614,-0.5803804997944674,0.4088668404738047,-0.9748418037389643,-0.8508925486575746,-0.47150926109128116,0.05102644689578616,50
0,20,d0,logspline,0.35000000000000003,-0.6725088636747023,-0.5795065058773354,0.40669825203519255,-0.9706729707676721,-0.8479273770009983,-0.47214803376277104,0.04751103202783042,50
0,20,d0,logspline,0.36000000000000004,-0.6713013906231986,-0.5786400282665887,0.4044834383280494,-0.9665160463108826,-0.8451757048865238,-0.4723751387738151,0.04398721153621646,50
0,20,d0,logspline,0.37,-0.6700199149102753,-0.5777813865049705,0.40222259493105067,-0.9623710248308075,-0.8424028578148193,-0.47260716174768747,0.041008656923028644,50
0,20,d0,logspline,0.38,-0.6686711818576911,-0.5769306161666498,0.39991598229721786,-0.958237900637003,-0.8396113260351743,-0.4728440848832016,0.03880140640487201,50
0,20,d0,logspline,0.39,-0.6672612106203624,-0.5760875083990057,0.39756393734726664,-0.9541166678866425,-0.8368033346581558,-0.4730858902511841,0.036587186360445334,50
0,20,d0,logspline,0.4,-0.6657953892216787,-0.5752517201614374,0.3951669155294367,-0.9500073205848021,-0.8339808779510793,-0.4733325598051003,0.03436600088790951,50
0,20,d0,logspline,0.41,-0.6642785550352263,-0.5744228523803268,0.39272552621345663,-0.9459098525847494,-0.8311457484404625,-0.4735840753902354,0.03213785418907373,50
0,20,d0,logspline,0.42,-0.6627150632497774,-0.5736004622108511,0.3902405286874727,-0.9418242575882394,-0.8288628085151472,-0.47384041875162874,0.02990275056915516,50
0,20,d0,logspline,0.43,-0.6611088453610374,-0.5727841259922247,0.3877127738454177,-0.9383631843080642,-0.8263240965636228,-0.4741015715409614,0.027660694436576174,50
0,20,d0,logspline,0.44,-0.6594634593457415,-0.5719734826286283,0.38514316204845017,-0.9350553173629401,-0.8230084233044244,-0.4743675153226231,0.025411690302762455,50
0,20,d0,logspline,0.45,-0.6577821328667106,-0.5711682299865469,0.3825326406053481,-0.9317509408590641,-0.8197023983359935,-0.4746382315790155,0.023155742781862537,50
0,20,d0,logspline,0.46,-0.6560678006131369,-0.5703681136129782,0.3798822030486503,-0.9284488509812805,-0.8164060211895368,-0.47491370171524805,0.020892856590560817,50
0,20,d0,logspline,0.47,-0.6543231366847316,-0.5695728571537023,0.3771928955146828,-0.9251477892050615,-0.8132596614357835,-0.4743528728255817,0.018623036547810386,50
0,20,d0,logspline,0.48,-0.652550582770904,-0.5687819244356613,0.3744659452760942,-0.9218464508662928,-0.8106217933907217,-0.47378002159253524,0.01634628757461171,50
0,20,d0,logspline,0.49,-0.6507523727487359,-0.5679946213120448,0.3717026819031888,-0.9185434929300174,-0.8082192107813717,-0.4732113270221694,0.014062614693741718,50
0,20,d0,logspline,0.5,-0.6489305542199142,-0.5672102746455846,0.36890441371635724,-0.9152375410855951,-0.8058110968332595,-0.4726467418986755,0.011772023029510574,50
0,20,d0,logspline,0.51,-0.6470870074221763,-0.5664282388807413,0.3660724301285624,-0.911927196274698,-0.8033975469908134,-0.4720862190107404,0.009474517807498046,50
0,20,d0,logspline,0.52,-0.6452234618813695,-0.56564789401201,0.36320800966640826,-0.9086110407411019,-0.8009959530211913,-0.4715297111586312,0.007170104354305512,50
0,20,d0,logspline,0.53,-0.6433415111130103,-0.5648686440554713,0.3603124277793682,-0.9051646320805851,-0.7991111270880271,-0.47097717116068166,0.0048587880972617535,50
0,20,d0,logspline,0.54,-0.6414426256348738,-0.5640899160889625,0.35738696438646383,-0.9015178608356743,-0.7972883726008915,-0.4704285518592315,0.0025405745641689896,50
0,20,d0,logspline,0.55,-0.6395281645128101,-0.5633111596586824,0.35443290985890497,-0.8978621730069072,-0.7954491147460925,-0.4698838061261166,2.154693830054774e-4,50
0,20,d0,logspline,0.56,-0.637599385629183,-0.5625318489219616,0.3514515710032945,-0.8941961280903796,-0.7935929931331769,-0.46934288686775083,-0.0021165217183188104,50
0,20,d0,logspline,0.5700000000000001,-0.6356574548358747,-0.561751492054588,0.348444280220001,-0.890518292155793,-0.7919994119190379,-0.4688057470298716,-0.004455392912305584,50
0,20,d0,logspline,0.5800000000000001,-0.6337034541307476,-0.5609696321442805,0.34541240348661884,-0.886827242224649,-0.7907000543762708,-0.4682723396019789,-0.006801138272116192,50
0,20,d0,logspline,0.59,-0.6317383889770307,-0.5601858435950002,0.34235734520396144,-0.8831215872329976,-0.7893657327879082,-0.46774261762152025,-0.009153751771885033,50
0,20,d0,logspline,0.6,-0.6297631948686747,-0.5593997422485938,0.3392805629739969,-0.8794002704578239,-0.7869153826472024,-0.4675501121662559,-0.01151322728702971,50
0,20,d0,logspline,0.61,-0.6277787432308011,-0.5586109996365796,0.3361835856543061,-0.8756629592540865,-0.7844447106624579,-0.46759913640488,-0.013879558594541184,50
0,20,d0,logspline,0.62,-0.6257858467325242,-0.5578193357665268,0.33306801246718015,-0.8719100290427177,-0.7819611982779684,-0.467642540014128,-0.016252739373316186,50
0,20,d0,logspline,0.63,-0.6237852640793264,-0.5570245053576582,0.3299355075369517,-0.8682177248412161,-0.779465751982723,-0.4676801674222116,-0.018632763204440378,50
0,20,d0,logspline,0.64,-0.6217623801046894,-0.5562262825800505,0.3267877913091682,-0.8645619484965974,-0.7769592228026441,-0.46771187758901334,-0.021019623571548785,50
0,20,d0,logspline,0.65,-0.6196531474235001,-0.555424426439837,0.3236266165661299,-0.8608890571890288,-0.7744424106344244,-0.4677375429148525,-0.0234133138611228,50
0,20,d0,logspline,0.66,-0.6175501984322692,-0.5546186691609748,0.3204537580588493,-0.8572009023490686,-0.7719160681768419,-0.46775704824693837,-0.025813827362830236,50
0,20,d0,logspline,0.67,-0.6154534945258788,-0.5538087208782101,0.3172710143594809,-0.8534993018352683,-0.7693809045024727,-0.4687065064108645,-0.028221157269855957,50
0,20,d0,logspline,0.68,-0.6133629966893304,-0.5529942726828012,0.3140802075799372,-0.8497860729500956,-0.7669702155434052,-0.4698997438488415,-0.030635296679243758,50
0,20,d0,logspline,0.6900000000000001,-0.6112786655430076,-0.5521750054473608,0.3108831843973886,-0.8460630316876921,-0.7645992079362555,-0.47078978611589317,-0.03305623859223481,50
0,20,d0,logspline,0.7000000000000001,-0.6092004613841435,-0.5513506082462521,0.30768182123390847,-0.8423319913119611,-0.7622208210672257,-0.4715338001734326,-0.035483975914629616,50
0,20,d0,logspline,0.7100000000000001,-0.6071283442248598,-0.5505207814584101,0.3044780232843256,-0.8385947611171869,-0.7593514326329976,-0.4722043739591264,-0.03791850145710667,50
0,20,d0,logspline,0.72,-0.6050622738271296,-0.5496852354185012,0.3012737215271242,-0.8348531453822494,-0.7561429922715172,-0.47280286956731227,-0.040359807935618344,50
0,20,d0,logspline,0.73,-0.6030022097349463,-0.5488436850409826,0.29807087802172105,-0.8311089425264218,-0.7532815530022705,-0.4733307053953199,-0.04280788797172844,50
0,20,d0,logspline,0.74,-0.6009481113039772,-0.5479958444666506,0.29487146013743903,-0.8273046193276006,-0.7504197212494275,-0.47378935026390395,-0.045262734092971255,50
0,20,d0,logspline,0.75,-0.598899937728935,-0.5471414284384087,0.2916773827841659,-0.823418919034963,-0.7475579981992726,-0.47418031798157506,-0.04772433873324347,50
0,20,d0,logspline,0.76,-0.5968576480688804,-0.5462801525446083,0.2884905020253877,-0.8195508188883966,-0.744696898444945,-0.4745051623192718,-0.050192694233152715,50
0,20,d0,logspline,0.77,-0.5948212012706466,-0.5454117366697536,0.2853126203921596,-0.8157011920602184,-0.7418369193079417,-0.4747654723649712,-0.05266779284041579,50
0,20,d0,logspline,0.78,-0.5927905561905589,-0.5445358908720631,0.2821454912385865,-0.8118709464264511,-0.7389785275785699,-0.4749628682306677,-0.055149626710216684,50
0,20,d0,logspline,0.79,-0.5907656716145996,-0.5436522928169337,0.27899081565048506,-0.8080608833589382,-0.7362358963885343,-0.4750989970866757,-0.05763818790561135,50
0,20,d0,logspline,0.8,-0.5887465062771615,-0.5427605817572074,0.27585023640400924,-0.8042715587470295,-0.7336554118737119,-0.4751755295004569,-0.06013346839791367,50
0,20,d0,logspline,0.81,-0.5867330188785088,-0.5418603607427024,0.27272533745668887,-0.8005032861035187,-0.7310761612357671,-0.4751941560592082,-0.06263546006708084,50
0,20,d0,logspline,0.8200000000000001,-0.5847251681010619,-0.540951198754444,0.2696176439632492,-0.7967561534923546,-0.7284984261159252,-0.47515658425724455,-0.06514415470211078,50
0,20,d0,logspline,0.8300000000000001,-0.5831538299745611,-0.5400326313834176,0.2665286223951072,-0.7930300390139845,-0.7259224738009828,-0.475064535630855,-0.06765954400145369,50
0,20,d0,logspline,0.8400000000000001,-0.5818670318427167,-0.5391041640298443,0.26345968463300506,-0.7893246455779509,-0.723348558085404,-0.4749197431247657,-0.07018161957340613,50
0,20,d0,logspline,0.85,-0.5805816383116855,-0.5381652880389064,0.26041220132970855,-0.7856396232390719,-0.7207769200716366,-0.4747239486756739,-0.07271037293653107,50
0,20,d0,logspline,0.86,-0.5792972005827886,-0.5372154972490266,0.25738750523140574,-0.7819746349445357,-0.7182077889137635,-0.47447890099951634,-0.07524579552005067,50
0,20,d0,logspline,0.87,-0.5780132568627742,-0.5362543341820449,0.2543868838953134,-0.7783293582510697,-0.7156413825091079,-0.4741863535702068,-0.07778787866429002,50
0,20,d0,logspline,0.88,-0.5766934012068382,-0.5352814195456206,0.2514115683233486,-0.7747034845129124,-0.7130779081420069,-0.47384806277857494,-0.08033661362107514,50
0,20,d0,logspline,0.89,-0.5753367998759488,-0.5342964715080555,0.24846269025861442,-0.771096718122658,-0.7105175630835674,-0.47346578597480393,-0.08269597690634733,50
0,20,d0,logspline,0.9,-0.5739759694600612,-0.5332993129488787,0.24554126202351678,-0.7675087758010135,-0.7079605351508788,-0.4730412624524098,-0.08491755610139576,50
0,20,d0,logspline,0.91,-0.5726106698399771,-0.5322898630497459,0.24264818371545724,-0.7639393859318304,-0.7056314851408414,-0.47257616547556874,-0.08714539960724846,50
0,20,d0,logspline,0.92,-0.5712406797965196,-0.5312681134355857,0.23978425568828757,-0.7603882879390857,-0.7033231432795825,-0.4720720916515406,-0.09003169534175462,50
0,20,d0,logspline,0.93,-0.5698657960855914,-0.5302340785539498,0.23695021833296262,-0.7568552317027661,-0.7010209140072725,-0.47153056530846477,-0.0952249219616659,50
0,20,d0,logspline,0.94,-0.5684858325624084,-0.5291877656768544,0.23414677975843073,-0.7533399770108498,-0.6987244399389754,-0.4709530427123948,-0.10032972425576954,50
0,20,d0,logspline,0.95,-0.5671006193517907,-0.5281291691330334,0.23137461794930367,-0.7498422930448188,-0.696432882541408,-0.47034091598862193,-0.10534194651747025,50
0,20,d0,logspline,0.96,-0.5656821639485308,-0.5270582711455852,0.22863438208556386,-0.7463619578963412,-0.6941449472972236,-0.46969551677125293,-0.11025734865618489,50
0,20,d0,logspline,0.97,-0.5636802162842314,-0.5259750434354339,0.22592669269452606,-0.7428987581129387,-0.691858913740133,-0.4690181196028033,-0.11507159777272673,50
0,20,d0,logspline,0.98,-0.5616806614867715,-0.5248794471759138,0.2232521432098907,-0.7394524882706472,-0.6895726648970515,-0.46830994510360335,-0.11978026248501551,50
0,20,d0,logspline,0.99,-0.5596835812809489,-0.523771431691408,0.220611300970672,-0.7360229505718141,-0.6872837165190591,-0.46757216292903087,-0.12437881088915362,50
0,20,d0,logspline,1,-0.557689052718469,-0.5226509261113874,0.21800471421396003,-0.7326099544663389,-0.6849892464305636,-0.46680589453100496,-0.1288500285908617,50
0,20,d1,ecdf,0.01,Inf,Inf,NA,-2.814963657552124,Inf,Inf,Inf,5
0,20,d1,ecdf,0.02,Inf,Inf,NA,-2.1218584113587213,-1.4287112307987762,Inf,Inf,15
0,20,d1,ecdf,0.03,-0.6178509024021868,Inf,NA,-2.0041452635220773,-1.3109980829621322,Inf,Inf,28
0,20,d1,ecdf,0.04,-0.7357317751452711,Inf,NA,-1.7522993632561015,-1.1411968832534356,-0.04258459458532583,Inf,40
0,20,d1,ecdf,0.05,-0.6950355611189802,Inf,NA,-1.542333421506184,-1.1500752970564185,0.4035767275491295,Inf,45
0,20,d1,ecdf,0.06,-0.7298000120090514,Inf,NA,-1.6347958244627767,-1.023693344460111,-0.33054616390016567,0.7680661247679442,48
0,20,d1,ecdf,0.06999999999999999,-0.7155736278465754,Inf,NA,-1.6008175675516023,-1.0032557002983562,-0.3101085197384109,0.7642696101295023,48
0,20,d1,ecdf,0.08,-0.736402473889436,Inf,NA,-1.4338508619365136,-1.0310286600568894,-0.2663988446437007,0.2444267791222901,49
0,20,d1,ecdf,0.09,-0.7242174159898201,Inf,NA,-1.3942826140753675,-1.0421626595726028,-0.3675424720510878,0.192073315884335,49
0,20,d1,ecdf,0.1,-0.6090719156305329,Inf,NA,-1.2812850891547765,-1.0292338314342697,-0.3200639434260942,0.30211439795655193,49
0,20,d1,ecdf,0.11,-0.6599068371752979,Inf,NA,-1.2397253324282398,-0.9652884867264796,-0.32343460055408485,0.3697125800058605,49
0,20,d1,ecdf,0.12,-0.6803611776292795,Inf,NA,-1.2527946096917546,-0.9381902869313792,-0.2667959506188412,0.20694201737162324,49
0,20,d1,ecdf,0.13,-0.6831436082422478,-0.5921703532958662,0.6169882838524663,-1.260278422719853,-0.9455078727097388,-0.3954615357904668,0.3065893895753943,50
0,20,d1,ecdf,0.14,-0.6963461456121488,-0.5952784448035098,0.6155539847351879,-1.2170585629946071,-0.9735593269587474,-0.3870750699898045,0.3279839698011899,50
0,20,d1,ecdf,0.15000000000000002,-0.7160115928232731,-0.5848466216011269,0.6366723943306808,-1.263717881502373,-0.9573389662229204,-0.30587946794724014,0.2133793017151676,50
0,20,d1,ecdf,0.16,-0.7232077103400171,-0.5656985322852571,0.6494155329774731,-1.2093278372164824,-0.930413931226412,-0.3178685944210038,0.25358423240562356,50
0,20,d1,ecdf,0.17,-0.7079050120212422,-0.5750093172888618,0.6487826008791677,-1.208580396781073,-0.913757066225391,-0.38123795368834956,0.2824936920066348,50
0,20,d1,ecdf,0.18000000000000002,-0.7276073302459841,-0.574629362261538,0.5877863646870268,-1.2019121669788517,-0.8888754778421063,-0.3709323863072518,0.262125667571658,50
0,20,d1,ecdf,0.19,-0.7377713634074122,-0.5773661332750321,0.5996862747670059,-1.1809307330785828,-0.9338547742025143,-0.4045376911035075,0.3045175109313943,50
0,20,d1,ecdf,0.2,-0.7509897000742274,-0.5849304038266346,0.56536728857271,-1.1996990020789426,-0.914934555301172,-0.3983059052761079,0.22649563983556809,50
0,20,d1,ecdf,0.21,-0.7210398191525101,-0.5963749646440771,0.5352041306930582,-1.138775019852489,-0.9178936465819643,-0.4081200238615476,0.22932237294582672,50
0,20,d1,ecdf,0.22,-0.700057061673185,-0.5930368847903239,0.5118310775162339,-1.1231656209946355,-0.9402777313169908,-0.40081416682032805,0.18233211852528863,50
0,20,d1,ecdf,0.23,-0.6783406854304213,-0.5931081139676768,0.4837073547799496,-1.1326089938825499,-0.908045216837591,-0.42769222285657404,0.17358392423823749,50
0,20,d1,ecdf,0.24,-0.686270104692829,-0.589623405498085,0.4908247871189385,-1.1470880580341176,-0.906563184777282,-0.42754934327585536,0.1815952051295911,50
0,20,d1,ecdf,0.25,-0.6899725067487849,-0.5900569191245805,0.4793773688346555,-1.1221058619391104,-0.8829237587253487,-0.40217011942760567,0.10048656329865303,50
0,20,d1,ecdf,0.26,-0.6839115288742732,-0.585925709455221,0.47851938640265046,-1.132873545342354,-0.8828852638072046,-0.3728909041900662,0.076388526525729,50
0,20,d1,ecdf,0.27,-0.6582580270000065,-0.5848615541437419,0.4803538606249688,-1.1141567956158043,-0.8944987318034818,-0.3805011393136181,0.09861449613810983,50
0,20,d1,ecdf,0.28,-0.6555552429734577,-0.5868390484043527,0.47909855754251496,-1.1126520574299015,-0.8843804968382684,-0.36936810825607747,0.07709279699187879,50
0,20,d1,ecdf,0.29000000000000004,-0.651177339270709,-0.5930741781388361,0.46935535537271367,-1.106354590328044,-0.8690785736865838,-0.3990865852702117,0.06622055116576984,50
0,20,d1,ecdf,0.3,-0.6401508100377623,-0.589011216225635,0.46270865667988076,-1.1171775379021225,-0.8652980595710998,-0.3906375765026724,0.05635985227593195,50
0,20,d1,ecdf,0.31,-0.6698746950514287,-0.5886884077402248,0.468596868335501,-1.1147253798232244,-0.8930133648764146,-0.38754302162031956,0.02421399355222901,50
0,20,d1,ecdf,0.32,-0.6639310249211767,-0.5847566404408819,0.46973489109264094,-1.1077367652180288,-0.899981887248652,-0.4078741112734794,0.043710863584894774,50
0,20,d1,ecdf,0.33,-0.6613725277131621,-0.5848821718895891,0.466352170912881,-1.090795747017801,-0.902814479261744,-0.387817042621458,0.055868902716171176,50
0,20,d1,ecdf,0.34,-0.6610970360191291,-0.5852170465894467,0.46803696929571653,-1.0833922798909776,-0.8962889258495135,-0.3751881208383122,0.06861258254598564,50
0,20,d1,ecdf,0.35000000000000003,-0.6557471412205045,-0.5886438591859956,0.4618086963383539,-1.0834166911544743,-0.8988073642897552,-0.4079917198810815,0.03543910272837969,50
0,20,d1,ecdf,0.36000000000000004,-0.6631010180455179,-0.5958565999207587,0.4441161741772843,-1.0763063328597238,-0.8996797122341822,-0.41515415165529673,0.012140187220128485,50
0,20,d1,ecdf,0.37,-0.6746956364336223,-0.5924731951454538,0.4484982077061389,-1.0705496074786431,-0.9053873223680093,-0.4099688030302224,0.05126359035900767,50
0,20,d1,ecdf,0.38,-0.6687481009634659,-0.5898478491998982,0.452703592365595,-1.0709679166887005,-0.8925015390800318,-0.4137937798731201,0.04021132281825553,50
0,20,d1,ecdf,0.39,-0.6765626076105591,-0.5873906943359631,0.4527776110800883,-1.0665717982878742,-0.9036734149653132,-0.3973477596791116,0.0668424831026539,50
0,20,d1,ecdf,0.4,-0.6796036581916083,-0.5948159364469477,0.43223125171319243,-1.0688328420481987,-0.8854136555051717,-0.42222396349814345,0.04470142958277742,50
0,20,d1,ecdf,0.41,-0.6631621696155408,-0.5945834816398691,0.42857830121795754,-1.068400771467811,-0.8781111390141251,-0.4349886027526504,0.055376659085457657,50
0,20,d1,ecdf,0.42,-0.6497119982628239,-0.5949847097927319,0.43010929520710034,-1.0621030916717324,-0.8784145849387541,-0.4531883373329107,0.0662125104802102,50
0,20,d1,ecdf,0.43,-0.6556861374689997,-0.5965232011116173,0.42925871352798894,-1.0544660565767843,-0.8730044048701897,-0.4554243317672711,0.09740021019425177,50
0,20,d1,ecdf,0.44,-0.6689606155513599,-0.5985058727403187,0.420242011331674,-1.0417047957914551,-0.867123027596722,-0.46771599783549966,0.08135056168002289,50
0,20,d1,ecdf,0.45,-0.6719160599404463,-0.5984748774181635,0.42160997900070996,-1.0359427049206056,-0.8759676400820064,-0.4740269124340548,0.07024074634723476,50
0,20,d1,ecdf,0.46,-0.6612862270912783,-0.5938894443817883,0.424695214007814,-1.029406436417506,-0.8730631539422523,-0.4688488954567279,0.06101222429553345,50
0,20,d1,ecdf,0.47,-0.6863372374262775,-0.5929696562912328,0.4194614071805738,-1.0201495336112578,-0.8646874948177307,-0.4608537160765591,0.0784131045694306,50
0,20,d1,ecdf,0.48,-0.6915249630539662,-0.5960026243323752,0.41274491294890653,-1.0174416673599467,-0.8695648367672906,-0.4621017385533245,0.057743503395994406,50
0,20,d1,ecdf,0.49,-0.6902160587049193,-0.5978412140281797,0.4006011987610465,-1.0146853157345856,-0.86583661599194,-0.47161645706629224,0.06063137789903117,50
0,20,d1,ecdf,0.5,-0.6935737854397217,-0.6013805787556608,0.389116396019638,-1.0011161980766246,-0.8653146970693172,-0.49453275416246273,0.04641598291549877,50
0,20,d1,ecdf,0.51,-0.6825703022442451,-0.599407428117585,0.38418695980365947,-0.991560091615669,-0.8599765117018288,-0.4864004396992266,0.0391220217907067,50
0,20,d1,ecdf,0.52,-0.6765577351498424,-0.5972468384430369,0.3842175599441283,-0.9806804918002907,-0.8550747083207513,-0.47414176917555695,0.0511364150362541,50
0,20,d1,ecdf,0.53,-0.6704116395518314,-0.5944107195446072,0.382297694254027,-0.9888848807234298,-0.8492396928166193,-0.4620758127329958,0.03798809307748374,50
0,20,d1,ecdf,0.54,-0.6732171288362389,-0.5917662344090237,0.38411046935562654,-0.9880570016732791,-0.8387328612399992,-0.46720136162064785,0.050315974431826734,50
0,20,d1,ecdf,0.55,-0.6664637162122646,-0.590406391082008,0.3832117468533706,-0.9839781203678865,-0.8252321217111735,-0.47673031794977977,0.04600828573276101,50
0,20,d1,ecdf,0.56,-0.6667441182148401,-0.5879989135141407,0.38310329071981497,-0.9772265993367116,-0.8211150095351527,-0.47728977284147417,0.04260836383581447,50
0,20,d1,ecdf,0.5700000000000001,-0.6637248463807024,-0.5901193638825298,0.37345175381351664,-0.972798981122826,-0.8220411135575434,-0.4714712970169247,0.039819175356562896,50
0,20,d1,ecdf,0.5800000000000001,-0.6725016546716651,-0.5877787204440471,0.37306206789470053,-0.9686860857597224,-0.8219484506178867,-0.46797351372019824,0.02004188688926074,50
0,20,d1,ecdf,0.59,-0.6660997636459,-0.5905311396522926,0.3614696521685448,-0.966948359800103,-0.8208225200062123,-0.47602611358396263,0.005317936982245881,50
0,20,d1,ecdf,0.6,-0.6659040092631617,-0.5913822915754943,0.36154735882954403,-0.960815392244217,-0.8241587206992069,-0.46869701498486416,-0.004461051328911909,50
0,20,d1,ecdf,0.61,-0.6639898862379755,-0.5900614813623225,0.3590549440188261,-0.9602954069495093,-0.8164724785407984,-0.47834246784369544,-0.007048535231996014,50
0,20,d1,ecdf,0.62,-0.667800925168301,-0.5898994051382953,0.35200938727910336,-0.9542707193166238,-0.8214615833962982,-0.4684775860089182,-0.015141537635057966,50
0,20,d1,ecdf,0.63,-0.6764497593274088,-0.588150563975554,0.3502795834095776,-0.9478788049872555,-0.8149813950786013,-0.4698839155319277,-0.018769193331360567,50
0,20,d1,ecdf,0.64,-0.6733517713116597,-0.5869033708508999,0.3432457125303951,-0.9386575387821188,-0.815629648879512,-0.4640815946298461,-0.019030483709755866,50
0,20,d1,ecdf,0.65,-0.6702354220989046,-0.5850381924206145,0.3425862706711271,-0.9319675077050666,-0.8080682922587966,-0.4753112645225373,-0.02668579190364683,50
0,20,d1,ecdf,0.66,-0.6679390171433941,-0.5845671365687621,0.33508457735954555,-0.9302556309904236,-0.8059647707047998,-0.4842005786576213,-0.045240845561879725,50
0,20,d1,ecdf,0.67,-0.6654036530650386,-0.582314484768867,0.33198192287167466,-0.9226037696854661,-0.7997548989657337,-0.4751371857552572,-0.06212880470642383,50
0,20,d1,ecdf,0.68,-0.6537180063246959,-0.5789883022823407,0.32882604802988885,-0.915432413472822,-0.7917060406341896,-0.4679549311962823,-0.061993687906105766,50
0,20,d1,ecdf,0.6900000000000001,-0.6588127693277789,-0.577166425685482,0.32470976901613063,-0.9076007329108589,-0.7820646565932603,-0.4731737127108915,-0.060775486410933915,50
0,20,d1,ecdf,0.7000000000000001,-0.6595584869568091,-0.5746600840789208,0.3215604283218981,-0.8980961374868981,-0.7829972015678908,-0.4646879778184442,-0.05553077737057511,50
0,20,d1,ecdf,0.7100000000000001,-0.6535920135881912,-0.5707449213979559,0.3206029693732285,-0.8940065554759165,-0.7811676589381822,-0.46590077606305713,-0.05320987726141453,50
0,20,d1,ecdf,0.72,-0.6557205009855156,-0.5679972690326982,0.3153356578791573,-0.884940865753852,-0.7811359258856191,-0.46509568335949525,-0.06308047295296387,50
0,20,d1,ecdf,0.73,-0.6496011067078111,-0.5689599399331114,0.31133680087009924,-0.8857557198282894,-0.780865633510737,-0.4587801032309653,-0.06857106767049043,50
0,20,d1,ecdf,0.74,-0.647806877129365,-0.5668682854261367,0.3073099315996733,-0.8741700544629685,-0.7803719335665196,-0.4608172095707709,-0.05832557566790445,50
0,20,d1,ecdf,0.75,-0.6399584055819453,-0.5667763607765001,0.3030160747952113,-0.8681639724786446,-0.7722826507983306,-0.4635440625511899,-0.06885315839913836,50
0,20,d1,ecdf,0.76,-0.6347079743584458,-0.5651016304453702,0.2976506103387545,-0.8625704721937923,-0.7668327963428028,-0.4550335035256095,-0.0638026841050686,50
0,20,d1,ecdf,0.77,-0.6367585860305848,-0.56575638049446475,0.29247511132616727,-0.8558119130448393,-0.7585645410282656,-0.460700563443591,-0.06698719730294755,50
0,20,d1,ecdf,0.78,-0.6321777764515246,-0.5647428171986653,0.28441628964625,-0.8503830395478711,-0.754258444340185,-0.46209523030789335,-0.07482379243534773,50
0,20,d1,ecdf,0.79,-0.6236993846172947,-0.5638823129344868,0.2766193484600033,-0.8412072223281175,-0.7461464587165776,-0.46369520810855247,-0.07599706408275464,50
0,20,d1,ecdf,0.8,-0.623735037360214,-0.5623810382239555,0.27274998548265506,-0.8361149192577033,-0.7455929546716148,-0.4542484377865838,-0.08153925503989295,50
0,20,d1,ecdf,0.81,-0.6236301793967332,-0.5615280048870358,0.26978868050396043,-0.8402583397246324,-0.7356100218746628,-0.45605519296389535,-0.08674063657650583,50
0,20,d1,ecdf,0.8200000000000001,-0.616730269769446,-0.5607004461106102,0.267485819030811,-0.834094262761192,-0.7369014190642165,-0.45580428300113957,-0.09418295684720876,50
0,20,d1,ecdf,0.8300000000000001,-0.6084960823051715,-0.5588845683573846,0.26495937944692005,-0.8333404864918597,-0.7306112969286572,-0.4588766490944673,-0.09124074513729041,50
0,20,d1,ecdf,0.8400000000000001,-0.6003850879027353,-0.5572077692676942,0.25936549861362024,-0.8260792196392808,-0.7275768573639657,-0.45952702796529715,-0.10409608201102272,50
0,20,d1,ecdf,0.85,-0.603581005077626,-0.5561919266549137,0.2562808051703092,-0.8173554420246585,-0.7247833638263281,-0.4563752926429746,-0.10395569557122364,50
0,20,d1,ecdf,0.86,-0.6044665089974817,-0.5544829799792677,0.25196380427881604,-0.8162327784691037,-0.7113102123580648,-0.45118003242134763,-0.10801653434887183,50
0,20,d1,ecdf,0.87,-0.602438414420688,-0.5530912916302744,0.2502312391928763,-0.8138198988695469,-0.7059303914171604,-0.4530552872829209,-0.11024476688217266,50
0,20,d1,ecdf,0.88,-0.601724550272934,-0.5514639482977871,0.2468517683659302,-0.8105071812824339,-0.7062200893596734,-0.45404428670257635,-0.11207847898223784,50
0,20,d1,ecdf,0.89,-0.5989655727053932,-0.5504370461233619,0.24336783901671163,-0.80498352168616,-0.7043404137558618,-0.4566830070435069,-0.11711714011311539,50
0,20,d1,ecdf,0.9,-0.5968256555452722,-0.5495527117940919,0.24163488633376815,-0.8004488156226429,-0.7009702329730042,-0.46159939082977275,-0.11568123695113919,50
0,20,d1,ecdf,0.91,-0.5970930857088559,-0.5476869579796071,0.23855203177045084,-0.7930955439450211,-0.6970455754144702,-0.45871094307301163,-0.11609106512325781,50
0,20,d1,ecdf,0.92,-0.6002940827993246,-0.5465113024277028,0.23505537875805588,-0.7870539768846543,-0.6950630745544771,-0.46173561567838495,-0.1225850242683696,50
0,20,d1,ecdf,0.93,-0.6002700431543997,-0.5458383542840572,0.2326335428886169,-0.7824948482133778,-0.6919524844521304,-0.46453060718396455,-0.13164114397230792,50
0,20,d1,ecdf,0.94,-0.5942786102320088,-0.5440616344745423,0.22953867866697453,-0.775424558423103,-0.6883065340901349,-0.4600742928179204,-0.14273665887146442,50
0,20,d1,ecdf,0.95,-0.5895242170111625,-0.5425498724328239,0.22784014496578567,-0.7690844341780396,-0.686778791892807,-0.4582976579592727,-0.14290913493625496,50
0,20,d1,ecdf,0.96,-0.5916438701446387,-0.5404955473392644,0.2236997541352806,-0.7648058291532047,-0.684425667660402,-0.45842890227008587,-0.1404919078189475,50
0,20,d1,ecdf,0.97,-0.5891352699321512,-0.5391005104305593,0.22009832584985733,-0.757589284322888,-0.6830739149249038,-0.46512413819167303,-0.14511934069250634,50
0,20,d1,ecdf,0.98,-0.5866111421543179,-0.537835607682281,0.21774262532106808,-0.7529182993972713,-0.6806741117152467,-0.45558711887579545,-0.14732901685850286,50
0,20,d1,ecdf,0.99,-0.5835311744368281,-0.5361643327326968,0.21612579389225792,-0.7503421319170771,-0.679738700936911,-0.4582365521564102,-0.1481220538755998,50
0,20,d1,ecdf,1,-0.5788802730903998,-0.5335020031687059,0.2147846395078371,-0.748553364722393,-0.6792279139298509,-0.4592174319168875,-0.15698701749449412,50
0,20,d1,logspline,0.01,-2.9064548051371366,-2.831054677432136,0.6456504088391537,-3.5644321302793727,-3.320142453415296,-2.6147554043947423,-1.9511982378564292,50
0,20,d1,logspline,0.02,-2.250460578075767,-2.1799003059922692,0.6209263562720757,-2.889243762715663,-2.6502372838409447,-1.9782294474471633,-1.3432222156192937,50
0,20,d1,logspline,0.03,-1.8826497958238897,-1.8173469443496297,0.5961049493903983,-2.5018740657766796,-2.2682184181847704,-1.6091297419092951,-1.014650880391287,50
0,20,d1,logspline,0.04,-1.6331130297028165,-1.57345788937584,0.5717930934880765,-2.233637453145996,-2.004186719959501,-1.3608556382489638,-0.7847959939269684,50
0,20,d1,logspline,0.05,-1.4509064676074745,-1.3948837729478691,0.5488290139515827,-2.0404653233074437,-1.8058148388812743,-1.1737972676472486,-0.6205732438203178,50
0,20,d1,logspline,0.06,-1.3050969751343828,-1.257718419219534,0.5281796794151009,-1.8891219129879007,-1.6497384137247866,-1.0279637193253799,-0.49817296985850057,50
0,20,d1,logspline,0.06999999999999999,-1.1837531244406672,-1.149064311290207,0.5106791866372037,-1.7686675754133494,-1.522064871398861,-0.9106778616709887,-0.404796828074242,50
0,20,d1,logspline,0.08,-1.0809459498219174,-1.0610941930428324,0.49682014536660324,-1.6726230869269392,-1.4152314334927203,-0.8120930092558812,-0.391094518032429,50
0,20,d1,logspline,0.09,-1.0112139070049855,-0.9886547700642896,0.4866378238453268,-1.5806379852424919,-1.3243507532961774,-0.7591632443203001,-0.30878941542292326,50
0,20,d1,logspline,0.1,-0.9608217318303092,-0.928147977502282,0.47971225856664257,-1.5004543061274607,-1.2460773578179265,-0.7333632284155478,-0.25997605265493656,50
0,20,d1,logspline,0.11,-0.948916410671613,-0.8769567197914137,0.4752884260541874,-1.4305253318974958,-1.1775590334804087,-0.6802206230680775,-0.2106854138447167,50
0,20,d1,logspline,0.12,-0.92254128349077,-0.8331504548924106,0.47248257719663506,-1.369096464304743,-1.1131845436435168,-0.6307979448155765,-0.15853389877503374,50
0,20,d1,logspline,0.13,-0.8978475347412429,-0.7953870722706046,0.4705712840793197,-1.3151296902425285,-1.0732868053447038,-0.588006302048918,-0.11350175768614112,50
0,20,d1,logspline,0.14,-0.8717258909829677,-0.7627465866959415,0.46916485836173655,-1.2685737856619672,-1.0274549849439283,-0.5512431147351154,-0.07452454835646462,50
0,20,d1,logspline,0.15000000000000002,-0.8748192247807716,-0.7345330261874703,0.46811111147105716,-1.2330171673795554,-0.9872956252423593,-0.5196334296635556,-0.040750896138285614,50
0,20,d1,logspline,0.16,-0.8603307281501082,-0.7101548058952867,0.4673378987784743,-1.2061146844413,-0.964969912837657,-0.5036717663029864,-0.011487153258374953,50
0,20,d1,logspline,0.17,-0.8329998110845942,-0.6891041821685413,0.4667953033652117,-1.1865058420165748,-0.9644506462340372,-0.5047758165638718,0.013841110930842561,50
0,20,d1,logspline,0.18000000000000002,-0.8064876267333363,-0.6709469880627339,0.46643986322139286,-1.1759391700191157,-0.9575581369124524,-0.4936084012032606,0.03571648006465473,50
0,20,d1,logspline,0.19,-0.7754694687941579,-0.6553113707431159,0.4662296024647563,-1.1655104828651144,-0.9403981939987721,-0.466513479631297,0.05454845366893697,50
0,20,d1,logspline,0.2,-0.747290777045142,-0.6418775497302938,0.46612293647082154,-1.1551348515380095,-0.9342349774358348,-0.4400580222122803,0.0706864323348353,50
0,20,d1,logspline,0.21,-0.7216721472304239,-0.6303691839110014,0.46607895248604503,-1.1450766203144362,-0.9245554883894755,-0.41614517529187645,0.0844295405136865,50
0,20,d1,logspline,0.22,-0.7101519693054474,-0.6205465397593044,0.46605842736169856,-1.1355088646784073,-0.9191553253903789,-0.40934646182255097,0.09603549817953151,50
0,20,d1,logspline,0.23,-0.6942128139949142,-0.612201087376114,0.46602513774886883,-1.1265436941631843,-0.9145880513095077,-0.4078337312508258,0.10572800447581515,50
0,20,d1,logspline,0.24,-0.6778832931034913,-0.6051506010217911,0.46594653027442967,-1.1159350416413694,-0.9046621019503138,-0.4045702947398482,0.11370253393421864,50
0,20,d1,logspline,0.25,-0.6699318165487745,-0.5992351436077236,0.46579404117085643,-1.1043373431008556,-0.8944218229046629,-0.4133843986188329,0.12013093460605602,50
0,20,d1,logspline,0.26,-0.6614805278165286,-0.5943143320946412,0.46554340668372085,-1.0962556261582441,-0.8880750902961985,-0.42025915624717003,0.12516511411560838,50
0,20,d1,logspline,0.27,-0.6539714718663778,-0.5902651580776292,0.46517493557423634,-1.098015680143374,-0.8825711908114278,-0.4270985920750051,0.12894002305976604,50
0,20,d1,logspline,0.28,-0.6519274801008459,-0.586979511194359,0.4646734126642964,-1.0941159893517978,-0.8738115722274566,-0.43381770006670256,0.13157609115629565,50
0,20,d1,logspline,0.29000000000000004,-0.6498439970998997,-0.5843615279902798,0.4640272549507617,-1.094800650819931,-0.8676844566865378,-0.4403469610292956,0.1331812328734608,50
0,20,d1,logspline,0.3,-0.6408853982149275,-0.5823237970231715,0.4632257590480741,-1.0993324445133184,-0.8631685560887302,-0.44557825034137544,0.13385251121808373,50
0,20,d1,logspline,0.31,-0.6386720693210852,-0.5807853185586052,0.46225773202067233,-1.1031914694062073,-0.8606665873464252,-0.4490970430050054,0.13367752774988276,50
0,20,d1,logspline,0.32,-0.637380669422573,-0.5796710213646168,0.46111138755244463,-1.1037970246466524,-0.8627426161875332,-0.4527416722660218,0.1327355915757903,50
0,20,d1,logspline,0.33,-0.6369302449275704,-0.5789114106482265,0.4597743253554046,-1.1032893743141314,-0.8674883169694259,-0.4564584578454166,0.13109870857674133,50
0,20,d1,logspline,0.34,-0.6408610648544111,-0.5784423746256944,0.45823383752676294,-1.1017737108823553,-0.8724791648471524,-0.46020086434704593,0.1288324233958034,50
0,20,d1,logspline,0.35000000000000003,-0.6463783968063076,-0.5782080803055902,0.4564812100914338,-1.0993585447100236,-0.8712208902674763,-0.4639286626085813,0.12599654003833577,50
0,20,d1,logspline,0.36000000000000004,-0.6520826119923773,-0.5781649356123117,0.4545177205244622,-1.0961545592793005,-0.8703108503745278,-0.46760720469004174,0.12264574177828853,50
0,20,d1,logspline,0.37,-0.6578924826189481,-0.5782799420345486,0.45235354731991617,-1.092272350209995,-0.8720589179416962,-0.46860336813180925,0.1190651749407303,50
0,20,d1,logspline,0.38,-0.6626106824282151,-0.5785260004634715,0.4500023455307035,-1.087815553861271,-0.870748234693786,-0.46367426563077907,0.11912928745545398,50
0,20,d1,logspline,0.39,-0.6628219319475861,-0.5788785275710284,0.44747725873919797,-1.0828764869449676,-0.8694738992704268,-0.4593102117230827,0.11862302249932352,50
0,20,d1,logspline,0.4,-0.663197918929968,-0.5793147883377191,0.4447902800345003,-1.0775337575952886,-0.8682123680291103,-0.4554675971383428,0.11758679869099878,50
0,20,d1,logspline,0.41,-0.6636917410441026,-0.5798134271703052,0.4419522390789247,-1.07185385307486,-0.8669432792398862,-0.452105981311739,0.11605828213741787,50
0,20,d1,logspline,0.42,-0.6642595146512728,-0.5803541883890695,0.43897295835178946,-1.0658932245316022,-0.8656491350970617,-0.44966240457551837,0.11407264352755252,50
0,20,d1,logspline,0.43,-0.6648601831614941,-0.5809179293416012,0.43586139079700764,-1.0591941810498589,-0.8643150187278217,-0.4587355501526196,0.11166278502013807,50
0,20,d1,logspline,0.44,-0.6687004699118682,-0.5814866360103269,0.43262569631455483,-1.0524221853683815,-0.8625074657732591,-0.46582253497322945,0.1088595410992837,50
0,20,d1,logspline,0.45,-0.6731745103661775,-0.5820434860587879,0.4292733312338154,-1.0456531002500984,-0.8603211304025551,-0.4726587964972453,0.10569185691233438,50
0,20,d1,logspline,0.46,-0.6775040618413167,-0.5825728027415628,0.42581107578475536,-1.0388991497755542,-0.8581714126355813,-0.4713357826606927,0.1021869470613061,50
0,20,d1,logspline,0.47,-0.6789786050652996,-0.5830601792575908,0.422245130445142,-1.0321704206841646,-0.8560548719844918,-0.4677715386056978,0.09837043737004636,50
0,20,d1,logspline,0.48,-0.6803791985421415,-0.5834928841488048,0.4185812686001286,-1.0269052235921838,-0.853967871896133,-0.4640240666032064,0.09426649177610574,50
0,20,d1,logspline,0.49,-0.681084970789131,-0.5838607249457545,0.4148251387831068,-1.0218794113936231,-0.8519066582197871,-0.4606541005701468,0.08989792618496936,50
0,20,d1,logspline,0.5,-0.6801845085149172,-0.5841563036459553,0.41098249899945255,-1.0151162709823676,-0.848691734665359,-0.4576359614035008,0.0852863108635287,50
0,20,d1,logspline,0.51,-0.6791813907644613,-0.5843746798411784,0.4070592704161994,-1.007995258205554,-0.8452632744972246,-0.45494493244698037,0.08045206273039872,50
0,20,d1,logspline,0.52,-0.6780733496548823,-0.5845130483053375,0.4030615049320661,-1.0010073408486386,-0.8438031278706505,-0.4525572052551904,0.0754145287156179,50
0,20,d1,logspline,0.53,-0.676864595759611,-0.5845704609329986,0.39899539556275543,-0.9940890655410008,-0.8423115565107562,-0.45045005422211093,0.07019206120554639,50
0,20,d1,logspline,0.54,-0.6755646529520394,-0.5845475182668368,0.39486729588790664,-0.9872379811260317,-0.8421504747604454,-0.44860215097724476,0.06515314176853833,50
0,20,d1,logspline,0.55,-0.6741849074416577,-0.5844457955556014,0.390683663330415,-0.9804555105327641,-0.8371659222338188,-0.4462528589414301,0.06008471529455815,50
0,20,d1,logspline,0.56,-0.6727353674605354,-0.584267172093417,0.38645088667373195,-0.9737426018403076,-0.834388845302034,-0.444001020392648,0.05486388594714453,50
0,20,d1,logspline,0.5700000000000001,-0.6712245572460822,-0.5840136883406367,0.3821752485355342,-0.9674979905301284,-0.8324992765129037,-0.4419681091169366,0.04950617378227234,50
0,20,d1,logspline,0.5800000000000001,-0.6696597372497026,-0.5836875552615435,0.37786294255731834,-0.9613512780342981,-0.8311830599599195,-0.4401482423684057,0.04402640419174843,50
0,20,d1,logspline,0.59,-0.6680470896304478,-0.5832911546831412,0.3735200877916408,-0.9552662534598078,-0.8283068496648431,-0.43853492141111616,0.03843874988030933,50
0,20,d1,logspline,0.6,-0.6663918750487003,-0.5828269243184309,0.36915270120338944,-0.9492426430472787,-0.8254756099047885,-0.4371211137512837,0.03275676923534954,50
0,20,d1,logspline,0.61,-0.6646985656283007,-0.5822971769405233,0.36476668784371985,-0.9432799699447103,-0.8228824862372128,-0.43589931674992216,0.026993441443608594,50
0,20,d1,logspline,0.62,-0.6629709580455012,-0.5817041203648666,0.3603678354572585,-0.9373775878864334,-0.8202764998498574,-0.4348616066762104,0.02116119866891296,50
0,20,d1,logspline,0.63,-0.6612122699794825,-0.5810505502516309,0.35596172680352556,-0.9315347101723659,-0.8176578806018138,-0.4339996765013937,0.015271955569961243,50
0,20,d1,logspline,0.64,-0.6594252225803445,-0.5803403556967065,0.3515536452691345,-0.9257504346242256,-0.8150267123831284,-0.4333048651382542,0.009337136406518776,50
0,20,d1,logspline,0.65,-0.6576121111450492,-0.5795782966076682,0.34714849695775135,-0.9203629743396409,-0.8123829593827924,-0.4327681803613434,0.003367699955504658,50
0,20,d1,logspline,0.66,-0.6557748658155733,-0.5787698396008867,0.34275073077654794,-0.9158061577664962,-0.8097264887098281,-0.4323803172678055,-0.0026258380209654725,50
0,20,d1,logspline,0.67,-0.6539151038079644,-0.5779210616658281,0.3383643023163755,-0.9112255680159216,-0.8070570898759849,-0.43213167383479756,-0.00863342946970593,50
0,20,d1,logspline,0.68,-0.65203417443168,-0.5770377720985671,0.33399271569949984,-0.9066255140424804,-0.8043744915724987,-0.4320123648799873,-0.014645623811882393,50
0,20,d1,logspline,0.6900000000000001,-0.6501331979542391,-0.5761248428565218,0.3296390775833633,-0.9020098184886681,-0.8016783761096334,-0.432012235523229,-0.020653589525996326,50
0,20,d1,logspline,0.7000000000000001,-0.6482130991981028,-0.5751862774702036,0.32530613054801877,-0.8973818734287435,-0.7989683918341803,-0.4326424375922886,-0.026649078782181614,50
0,20,d1,logspline,0.7100000000000001,-0.6462746366177378,-0.5742253497028047,0.3209963239493445,-0.8927446892712051,-0.7962441637949302,-0.4348333276350545,-0.03262439350245429,50
0,20,d1,logspline,0.72,-0.6443184274896478,-0.5732447001172403,0.31671189321026244,-0.8881009377477825,-0.7935053028880154,-0.43698641646603603,-0.03857235367537849,50
0,20,d1,logspline,0.73,-0.6423449697522499,-0.5722463962722115,0.312454942538079,-0.8834529897771798,-0.7907514136816483,-0.4390945153873254,-0.04448626775012383,50
0,20,d1,logspline,0.74,-0.6412958861206091,-0.5712319645251676,0.30822752818202737,-0.8788216046049595,-0.7879821010923428,-0.4411501660573479,-0.05035990495033939,50
0,20,d1,logspline,0.75,-0.6408651116961301,-0.5702023997780751,0.3040317387056813,-0.874217088133451,-0.7851969760612834,-0.4431456693367528,-0.05618746936215424,50
0,20,d1,logspline,0.76,-0.6403539878905585,-0.5691581586686628,0.2998697677168768,-0.8696050244840556,-0.7823956603595267,-0.4450731170178066,-0.06196357566315015,50
0,20,d1,logspline,0.77,-0.6397620776070276,-0.5680991414340794,0.29574397342729936,-0.864987647299239,-0.7787925346792361,-0.4469244265887331,-0.06768322637049409,50
0,20,d1,logspline,0.78,-0.6372384682953927,-0.567024675072305,0.29165692104183416,-0.8603669657982074,-0.7748109031895826,-0.4486913790983401,-0.07334179049666495,50
0,20,d1,logspline,0.79,-0.6344764990098413,-0.5659335300071534,0.2876114099064473,-0.8557447876782931,-0.7707995043079456,-0.4509390254550479,-0.07893498351049678,50
0,20,d1,logspline,0.8,-0.631732085410233,-0.5648239218023177,0.2836104619337443,-0.8511227395608411,-0.7667625431390132,-0.4533640131200699,-0.0844588485096967,50
0,20,d1,logspline,0.81,-0.6290067105769771,-0.5636934984023313,0.279657267080847,-0.846502285269118,-0.7627038712958873,-0.455668060915486,-0.08990973851864081,50
0,20,d1,logspline,0.8200000000000001,-0.6263011683038189,-0.5625393426437137,0.27575509440372153,-0.8418847421885891,-0.7586270183774921,-0.4578427220765128,-0.09528429983222453,50
0,20,d1,logspline,0.8300000000000001,-0.623615595260768,-0.5613579957305291,0.2719071739498192,-0.8372712959280333,-0.7545352203258521,-0.4598796527405908,-0.10057945633285825,50
0,20,d1,logspline,0.8400000000000001,-0.620949500598359,-0.5601455023237796,0.2681165579958065,-0.8326630134725501,-0.7504314450101612,-0.4615260217473069,-0.10579239471350618,50
0,20,d1,logspline,0.85,-0.6183017938576878,-0.5588974815779247,0.26438597824994564,-0.8280608549958711,-0.7463184153414981,-0.4626253592128336,-0.11092055054488945,50
0,20,d1,logspline,0.86,-0.6156708119414347,-0.5576092301593566,0.26071772148161315,-0.8234656844789694,-0.742198630184944,-0.4636293338101921,-0.11596159512983079,50
0,20,d1,logspline,0.87,-0.6130543533209066,-0.5562758519171058,0.2571135416655099,-0.8188782792642733,-0.7380743833037313,-0.46453855033717756,-0.12091342309207752,50
0,20,d1,logspline,0.88,-0.6100207812516947,-0.5548924185140636,0.2535746267601446,-0.8142993386594268,-0.7339477805422014,-0.4653537108197887,-0.125689382355904,50
0,20,d1,logspline,0.89,-0.6070487916925763,-0.5534541799496846,0.25010151810554226,-0.8091164492647571,-0.7298207554301782,-0.46607560861363506,-0.12882120819304904,50
0,20,d1,logspline,0.9,-0.6040592342032856,-0.5519568169539621,0.24669387940078247,-0.8038322074603367,-0.7256950833702767,-0.46670512276584236,-0.13186729606016018,50
0,20,d1,logspline,0.91,-0.6010462581733815,-0.5503966256600757,0.24335060452554155,-0.7985088658080244,-0.7215723945512971,-0.46724321262563046,-0.1348279908306612,50
0,20,d1,logspline,0.92,-0.5980116032217253,-0.5487708350456679,0.24007009621729453,-0.7931063927360538,-0.7174541857147795,-0.4676909126924126,-0.1377037791476484,50
0,20,d1,logspline,0.93,-0.5949569594373914,-0.5470789106572052,0.23685063022960132,-0.7877292269910381,-0.7133418308877035,-0.46804932769087226,-0.14049528057690655,50
0,20,d1,logspline,0.94,-0.5922601409441469,-0.5453230805995046,0.2336908266631715,-0.7818687216806282,-0.7092365911819756,-0.4680343627399426,-0.1432032392757853,50
0,20,d1,logspline,0.95,-0.5898773956075833,-0.5435085481125945,0.23058953853086983,-0.7758304278192627,-0.7051396237504581,-0.4671134032236512,-0.14582851614859493,50
0,20,d1,logspline,0.96,-0.5875047422964446,-0.5416425114230916,0.22754575462269486,-0.7698506625579948,-0.701051989979739,-0.4661649216329918,-0.1483720814612734,50
0,20,d1,logspline,0.97,-0.585140045841292,-0.5397327440642435,0.22455863920107122,-0.7639311745716864,-0.696974662991383,-0.4650531567864957,-0.15083500789002308,50
0,20,d1,logspline,0.98,-0.5827813601923222,-0.5377873399443426,0.2216273189715625,-0.7580734543865084,-0.6929085345159304,-0.46307186502848113,-0.1532184639803786,50
0,20,d1,logspline,0.99,-0.580426919421285,-0.5358147702504237,0.2187506806396512,-0.7522787534155899,-0.6888544211973227,-0.46105868860715715,-0.15552370799485407,50
0,20,d1,logspline,1,-0.5780751290770109,-0.5338240913099225,0.2159272169960747,-0.7465481010919075,-0.6848130703795433,-0.4589521708530523,-0.15775208200392576,50
0,20,d2,ecdf,0.01,Inf,Inf,NA,Inf,Inf,Inf,Inf,0
0,20,d2,ecdf,0.02,Inf,Inf,NA,Inf,Inf,Inf,Inf,1
0,20,d2,ecdf,0.03,Inf,Inf,NA,Inf,Inf,Inf,Inf,2
0,20,d2,ecdf,0.04,Inf,Inf,NA,Inf,Inf,Inf,Inf,3
0,20,d2,ecdf,0.05,Inf,Inf,NA,-2.6683898804525854,Inf,Inf,Inf,4
0,20,d2,ecdf,0.06,Inf,Inf,NA,-2.1218323348788255,Inf,Inf,Inf,9
0,20,d2,ecdf,0.06999999999999999,Inf,Inf,NA,-2.041092278833046,-1.659861329525076,Inf,Inf,15
0,20,d2,ecdf,0.08,Inf,Inf,NA,-2.3584343271541077,-1.259822038485998,Inf,Inf,18
0,20,d2,ecdf,0.09,Inf,Inf,NA,-2.005713894458594,-0.9071016057904844,Inf,Inf,19
0,20,d2,ecdf,0.1,-0.5917224466324811,Inf,NA,-1.8485598751490702,-0.5917224466324811,Inf,Inf,28
0,20,d2,ecdf,0.11,-0.306567926076529,Inf,NA,-1.6928622871964196,-0.9997151066364744,Inf,Inf,35
0,20,d2,ecdf,0.12,-0.04638335393304922,Inf,NA,-1.6558212663671497,-1.1449956426011592,-0.04638335393304922,Inf,42
0,20,d2,ecdf,0.13,-0.5003254106533481,Inf,NA,-1.5168929987641784,-0.9057905187615126,0.1928217699065972,Inf,44
0,20,d2,ecdf,0.14,-0.27899782561245723,Inf,NA,-1.5317607941078253,-0.9721450061724024,0.41414935494748806,Inf,46
0,20,d2,ecdf,0.15000000000000002,-0.2758213122849168,Inf,NA,-1.5771661550071086,-0.9893794901049896,-0.07308875823083455,Inf,47
0,20,d2,ecdf,0.16,-0.5737630131140896,Inf,NA,-1.5424743438806234,-1.0948411310926978,0.11938416744585573,0.8125313480058011,48
0,20,d2,ecdf,0.17,-0.5046765183360024,Inf,NA,-1.4047056543573777,-1.0862519232388428,0.30004243788104784,0.9931896184409932,48
0,20,d2,ecdf,0.18000000000000002,-0.5372222414554223,Inf,NA,-1.4015729080858812,-1.1392086436183904,-0.22291791174423517,1.1633764493756555,48
0,20,d2,ecdf,0.19,-0.4675424322136134,Inf,NA,-1.44837168522534,-1.073678235783929,-0.285220875419659,1.012300805762464,49
0,20,d2,ecdf,0.2,-0.5360125087419607,Inf,NA,-1.4137084212705506,-1.143866999951214,-0.31509613260244096,1.1647471053736367,49
0,20,d2,ecdf,0.21,-0.5756966727594219,Inf,NA,-1.3742043689771934,-1.0692740786536745,-0.32438224447851594,0.745921425368177,49
0,20,d2,ecdf,0.22,-0.5907303224968925,Inf,NA,-1.3559810623729587,-1.0130788618404656,-0.1864002886559978,0.5314406391279037,49
0,20,d2,ecdf,0.23,-0.5936915767583726,-0.5569283284141188,0.6420176701749827,-1.286838757318318,-0.9848670814065497,-0.3060095043065915,0.5627312536668208,50
0,20,d2,ecdf,0.24,-0.6218852819070606,-0.5606786968665527,0.6488058161562982,-1.2616816707038496,-1.015152848972867,-0.30924059023692885,0.5304630884969124,50
0,20,d2,ecdf,0.25,-0.6024748940593898,-0.5563584624854424,0.5840000626842176,-1.248097115796493,-0.9531978857467102,-0.2818035494341723,0.4463619546202252,50
0,20,d2,ecdf,0.26,-0.6367299033041401,-0.5628695523388522,0.5855534081855975,-1.3066116895173647,-0.9550284716461124,-0.3113075028695122,0.3925145794417028,50
0,20,d2,ecdf,0.27,-0.6795956264583467,-0.5726611943122403,0.5887116491751841,-1.3157045394806772,-0.9935961887685801,-0.29137873622192023,0.5037995361147547,50
0,20,d2,ecdf,0.28,-0.6634714525038222,-0.5701442677322573,0.6105747704017839,-1.3141816580104515,-0.9619644410598188,-0.31572211426856245,0.6108954882750058,50
0,20,d2,ecdf,0.29000000000000004,-0.6632671626804041,-0.5679055151995258,0.614367685396496,-1.3073226001049583,-0.9511415058517242,-0.3286695444492963,0.5692197430280884,50
0,20,d2,ecdf,0.3,-0.7094711230001216,-0.5858708837841416,0.6097777560693602,-1.286944742991116,-0.975625229934098,-0.333154331772156,0.3480939728846714,50
0,20,d2,ecdf,0.31,-0.6789350358667503,-0.5859702740900863,0.5659098431183163,-1.2737253988556616,-0.9179529363382504,-0.3645676981534636,0.3502775057712686,50
0,20,d2,ecdf,0.32,-0.6326233731244797,-0.5689332552801692,0.5878331716321648,-1.2828809727724788,-0.9145580660200859,-0.35499163652620014,0.443235176337583,50
0,20,d2,ecdf,0.33,-0.683745151650427,-0.5882090323938892,0.5547712156487951,-1.2602622033644253,-0.9581819973521872,-0.3871363320520628,0.32449627097611866,50
0,20,d2,ecdf,0.34,-0.7084625914559308,-0.5820245984122989,0.544443363038475,-1.2075229665168246,-0.910271443048893,-0.36842256183536864,0.2153811872473804,50
0,20,d2,ecdf,0.35000000000000003,-0.7032033247923634,-0.5771964074840656,0.5505260455007238,-1.2004842022646707,-0.8999136190384178,-0.32417922203374816,0.21909120936651622,50
0,20,d2,ecdf,0.36000000000000004,-0.7145393431279483,-0.5758022192022091,0.5373129886144888,-1.1882225956502983,-0.9193504298217918,-0.2965858263056128,0.21790844043120478,50
0,20,d2,ecdf,0.37,-0.7112110690453683,-0.586177577290284,0.5115159901865075,-1.1976064252232042,-0.939144655523933,-0.3306374275617605,0.209170572741733,50
0,20,d2,ecdf,0.38,-0.7216913976386967,-0.5925125290061595,0.5086881189331691,-1.1466099010916369,-0.9323931058763345,-0.34271001408362955,0.11682796915500095,50
0,20,d2,ecdf,0.39,-0.7036033825443317,-0.6058333379496783,0.48898883379863156,-1.1629496359748215,-0.9203638727637988,-0.3612737742081605,0.09615625360769887,50
0,20,d2,ecdf,0.4,-0.721165908558139,-0.6090808968703827,0.4938350612162704,-1.150918754454065,-0.9329502844812785,-0.4044533225941892,0.11294782727834751,50
0,20,d2,ecdf,0.41,-0.7601130895145577,-0.6064420644353208,0.49976491889941177,-1.1412365028672489,-0.9049440373930135,-0.42814547926901425,0.13839632943751373,50
0,20,d2,ecdf,0.42,-0.7475721478721602,-0.6063832638429439,0.5010886064403755,-1.1276510176410122,-0.8982193111717209,-0.44546483461371755,0.145439721305126,50
0,20,d2,ecdf,0.43,-0.7279354273661516,-0.6164419480831059,0.4766758389739472,-1.1448613973231097,-0.918972528671337,-0.4576402889225739,0.11553336197167988,50
0,20,d2,ecdf,0.44,-0.7351259485378583,-0.6149960608949427,0.4643535931798476,-1.1269368817404857,-0.8886622301202693,-0.45482356994599726,0.09321383785066058,50
0,20,d2,ecdf,0.45,-0.7444472214995884,-0.6230319762284208,0.44767740215963747,-1.1134728803664902,-0.876715190077339,-0.4759884799362354,0.09520987155098808,50
0,20,d2,ecdf,0.46,-0.7405889640084671,-0.6256637871545415,0.42061905678140976,-1.1132584708429443,-0.8720282942153605,-0.47730132726458674,0.06838788262559829,50
0,20,d2,ecdf,0.47,-0.7304186396694623,-0.6258604909501093,0.408453592113009,-1.102775094682688,-0.8793431361262106,-0.4531306360279124,0.07379105485998673,50
0,20,d2,ecdf,0.48,-0.719211716421257,-0.6260364787179316,0.39933160503270476,-1.097607365543932,-0.8764313842265388,-0.4343868179253818,0.044675021940839464,50
0,20,d2,ecdf,0.49,-0.7234296977857745,-0.6193227670061445,0.4008504165513435,-1.0981727021246899,-0.8682869743922929,-0.4257317346705916,0.07425086049171166,50
0,20,d2,ecdf,0.5,-0.7252833213479547,-0.6233363885002539,0.3913955141717186,-1.0817150808742158,-0.8590490452053597,-0.4344448665330234,0.03577102019319866,50
0,20,d2,ecdf,0.51,-0.7214931204345603,-0.6191077503205497,0.3903799831087889,-1.0825064659718908,-0.8614760759325375,-0.44573981824886155,0.07100329184856362,50
0,20,d2,ecdf,0.52,-0.6883447947607384,-0.6191610965697797,0.38723191240001875,-1.073673193779961,-0.8394764824796543,-0.46033116280486197,0.07226008890115153,50
0,20,d2,ecdf,0.53,-0.690099827108457,-0.6188368128991301,0.3872871448822283,-1.0702075557619928,-0.8321902678987528,-0.48806682176181293,0.07882962220569176,50
0,20,d2,ecdf,0.54,-0.6995775771247257,-0.6180437766407922,0.3802683306163755,-1.069144289954251,-0.8350721875312758,-0.48385188695896564,0.066985668291992,50
0,20,d2,ecdf,0.55,-0.7035370250146739,-0.6171467572152963,0.37803575268944467,-1.06701010143599,-0.8439241464372722,-0.4897135786377006,0.06714676409392685,50
0,20,d2,ecdf,0.56,-0.6799079577950504,-0.6175662928591387,0.37192980566745265,-1.0553465190113558,-0.8431441922777068,-0.4934672097876865,0.07602452846635756,50
0,20,d2,ecdf,0.5700000000000001,-0.6734228934371698,-0.6174095986710251,0.3715178592300587,-1.0571262175673861,-0.8374681537550636,-0.48204613536730845,0.07131397902879352,50
0,20,d2,ecdf,0.5800000000000001,-0.6925561445361428,-0.6162480564236571,0.3649068888347469,-1.053498499352741,-0.8343503049187199,-0.48001483842566484,0.053663540309374945,50
0,20,d2,ecdf,0.59,-0.6811420054734517,-0.6161416659970456,0.3582093381635561,-1.033564874886721,-0.8335072632323467,-0.4769000276796489,0.014790470548901546,50
0,20,d2,ecdf,0.6,-0.6814837440292509,-0.620453463175734,0.3491961673316288,-1.040807401718312,-0.8211426586855577,-0.5205063290867471,-0.007188380879432788,50
0,20,d2,ecdf,0.61,-0.676036087068722,-0.619108238800504,0.3416492657640959,-1.0312570717458034,-0.8165976460411241,-0.5339069594156349,0.008963616121636854,50
0,20,d2,ecdf,0.62,-0.6787242437869139,-0.6182502077593656,0.34240936119768484,-1.017683088537186,-0.8341504304564809,-0.5373247451082656,0.017557350500131373,50
0,20,d2,ecdf,0.63,-0.6946568135967478,-0.6192681607883889,0.3325921186639935,-1.014681476990311,-0.8228386435348154,-0.5272348616564113,0.009653776125529808,50
0,20,d2,ecdf,0.64,-0.6942358137711968,-0.6191677103978541,0.3290439818030399,-1.004892044068929,-0.8166140477513877,-0.4987550911188673,-0.003345510787595332,50
0,20,d2,ecdf,0.65,-0.7081935545454208,-0.6171702678758466,0.3252232094893272,-0.98889982591706,-0.8157945266403911,-0.5072758776842348,-0.0011998731322328607,50
0,20,d2,ecdf,0.66,-0.7163586570923551,-0.6164309882674099,0.32173100060929605,-0.9777588713067666,-0.8181477289939914,-0.5007845389493139,-0.02306580275888676,50
0,20,d2,ecdf,0.67,-0.7160299532764152,-0.615896206045591,0.3162473900258237,-0.9681805562575094,-0.810870036600251,-0.5047166866139756,-0.02355559264534516,50
0,20,d2,ecdf,0.68,-0.7131797895953771,-0.613720248075567,0.31792479163051923,-0.9686878545611833,-0.8002114882206812,-0.5012939759345437,-0.024038351554010913,50
0,20,d2,ecdf,0.6900000000000001,-0.7097671156215759,-0.6158093072000801,0.3097844549583917,-0.9600400274706067,-0.801893057125552,-0.5168692987491131,-0.029546359488596116,50
0,20,d2,ecdf,0.7000000000000001,-0.6964985670106685,-0.6115515488655673,0.30559335690850015,-0.9568373278421659,-0.7942172638423399,-0.5060560221198349,-0.04621448777117064,50
0,20,d2,ecdf,0.7100000000000001,-0.6968489560613711,-0.6103936407514143,0.2991787712944661,-0.943598910009082,-0.7876617836052635,-0.5213933148689895,-0.056158071475636936,50
0,20,d2,ecdf,0.72,-0.6862766753663829,-0.6070210154060932,0.29558799245322814,-0.9335078474977254,-0.781465381416238,-0.5149720388779745,-0.0667547658767901,50
0,20,d2,ecdf,0.73,-0.6883727635922986,-0.6015948177617324,0.29128229548453743,-0.9293679370017671,-0.7813885914016989,-0.5158298503104416,-0.06592821000904224,50
0,20,d2,ecdf,0.74,-0.6855663721074324,-0.600483531463936,0.28734813895019823,-0.9277607495371389,-0.7744641177177993,-0.5134489548025329,-0.07618679153204473,50
0,20,d2,ecdf,0.75,-0.6717616526987547,-0.5990621573168995,0.28325338485341667,-0.9216620784340915,-0.7667087357008378,-0.5223441864167836,-0.09009684386259312,50
0,20,d2,ecdf,0.76,-0.6671430139840243,-0.5970180529202026,0.2812903076495974,-0.909637468586938,-0.7675979145879271,-0.5157536962180312,-0.10285400352867725,50
0,20,d2,ecdf,0.77,-0.665960936804672,-0.5965530901310399,0.2763919497469325,-0.8978511973739935,-0.7678271813733952,-0.5227641844519217,-0.1057246224954102,50
0,20,d2,ecdf,0.78,-0.6703082740503584,-0.5952452335971202,0.2746204192873077,-0.8975053560755424,-0.7647452688295159,-0.5210417624040715,-0.09991887806113797,50
0,20,d2,ecdf,0.79,-0.667992170217472,-0.5928620932918964,0.274598842780786,-0.8835796316758848,-0.7634234343541588,-0.5148253245173702,-0.08976075408970874,50
0,20,d2,ecdf,0.8,-0.6687088069877801,-0.5916679027659422,0.2712336959865004,-0.8751851947484224,-0.7611483676381451,-0.5024628153039701,-0.10190863100542058,50
0,20,d2,ecdf,0.81,-0.665584125956176,-0.5919620283435072,0.26554303491804643,-0.8647991858718026,-0.76248296603843,-0.5089631923720557,-0.11095952661056863,50
0,20,d2,ecdf,0.8200000000000001,-0.6578931517430512,-0.59099547708849,0.2605106106039446,-0.8581170511534125,-0.7531058476869978,-0.5015136229830333,-0.1323006357650055,50
0,20,d2,ecdf,0.8300000000000001,-0.6717872425355349,-0.5899658849375389,0.2563668807629,-0.8458933071302279,-0.7475413221790935,-0.5079081966611716,-0.12982614354997035,50
0,20,d2,ecdf,0.8400000000000001,-0.6585421240776449,-0.5860751779530313,0.2525168010926721,-0.8357545782673719,-0.7376656824130824,-0.5011965050999557,-0.12399551444577792,50
0,20,d2,ecdf,0.85,-0.6650041015428323,-0.5848686568975068,0.2517443563054671,-0.8281041635140034,-0.7404896750206407,-0.505837797251491,-0.11396534667173142,50
0,20,d2,ecdf,0.86,-0.6603012681934666,-0.5836308236396524,0.24835509120126134,-0.8249916999375384,-0.7375111070991645,-0.5014969198567123,-0.12500160926471082,50
0,20,d2,ecdf,0.87,-0.6591360457631741,-0.5808677735720595,0.2484739282148473,-0.8219003508394267,-0.7321613289943042,-0.5018429877255093,-0.1234023552025601,50
0,20,d2,ecdf,0.88,-0.6567326195359127,-0.5783544469842422,0.24262629142816944,-0.8101137329952446,-0.7287873632982925,-0.5002129342855464,-0.1269827516096334,50
0,20,d2,ecdf,0.89,-0.6584894927675553,-0.5746188365527991,0.24043102352910695,-0.8076416015886174,-0.7211537750180859,-0.4972984143919647,-0.12905785958016114,50
0,20,d2,ecdf,0.9,-0.6521597144655915,-0.5720827843185647,0.23614485594299245,-0.8042896962196322,-0.7183166328328645,-0.4886877504270558,-0.13317590412616886,50
0,20,d2,ecdf,0.91,-0.6474553813983526,-0.5689719179577643,0.23275321164510304,-0.7969920962840962,-0.7125652231755379,-0.48454546971262663,-0.1483731210235863,50
0,20,d2,ecdf,0.92,-0.6507485326620593,-0.5659327061169575,0.23212622390695217,-0.7931806557972194,-0.7029480485877582,-0.48075891637234947,-0.14721145083403486,50
0,20,d2,ecdf,0.93,-0.6425310207763584,-0.5626607797426147,0.23054207229813248,-0.7868573491372821,-0.7001702467576811,-0.4838255969362841,-0.15323261786180922,50
0,20,d2,ecdf,0.94,-0.6398076792698262,-0.5600357529001266,0.22744379771865122,-0.779289820381172,-0.6943203995232166,-0.4832710575974975,-0.15252974152487725,50
0,20,d2,ecdf,0.95,-0.6278192983280473,-0.5564707350640886,0.22583602723313667,-0.7712836359977735,-0.6902351430270788,-0.48068805983509555,-0.14860967436600933,50
0,20,d2,ecdf,0.96,-0.6250030266775687,-0.555481575438322,0.22041779553641772,-0.7710947164905414,-0.6867664665641492,-0.47839843709861113,-0.1479995826590424,50
0,20,d2,ecdf,0.97,-0.6220542851520879,-0.5542207494653767,0.21504712362751421,-0.7651695084195813,-0.6828503894348609,-0.4780390473932436,-0.15832762169311376,50
0,20,d2,ecdf,0.98,-0.6175570571943565,-0.5523708081384492,0.2107299463758184,-0.7600492330207884,-0.6822110927008177,-0.47375268623542854,-0.16457789963076697,50
0,20,d2,ecdf,0.99,-0.6186050511975529,-0.5508430867132592,0.20728961281091657,-0.754548449859849,-0.6761148244573514,-0.4717969328990339,-0.17354524473320415,50
0,20,d2,ecdf,1,-0.6214003864311797,-0.5498709590900408,0.20255908144990814,-0.74993743170669,-0.6745505402015841,-0.4760641845910476,-0.1798779735533544,50
0,20,d2,logspline,0.01,-5.784289607343096,-5.586397711721064,1.1622298005693552,-6.9994781885656625,-6.48287052908942,-5.103624747725485,-3.0934500170491717,50
0,20,d2,logspline,0.02,-4.43387334206266,-4.254624392370527,1.1337113234262994,-5.63998586680363,-5.133066533540995,-3.78380144959681,-1.8361691780960039,50
0,20,d2,logspline,0.03,-3.659308960870092,-3.4994999160618883,1.1040548300189281,-4.8561632569183,-4.356059477792278,-3.0407956301708747,-1.1597083511451332,50
0,20,d2,logspline,0.04,-3.1207978435866375,-2.981212613084207,1.0733630786286041,-4.308212101861052,-3.816766615703515,-2.5355906102534624,-0.7238467677293021,50
0,20,d2,logspline,0.05,-2.711087797213844,-2.5932550823948692,1.0417602600675142,-3.88964311606689,-3.409069519395776,-2.1638013348041985,-0.4219794036051283,50
0,20,d2,logspline,0.06,-2.3824034218785335,-2.2881717339708776,1.0093916510290086,-3.553022917016787,-3.083528920911168,-1.868897483611503,-0.20653078960650145,50
0,20,d2,logspline,0.06999999999999999,-2.11712983834187,-2.040634045761285,0.9764231908234873,-3.2730488679624363,-2.8200361096278934,-1.6241724385501455,-0.052034192303395524,50
0,20,d2,logspline,0.08,-1.8995453751471105,-1.8355083624407742,0.9430414814764215,-3.0346173158648133,-2.6006203361530256,-1.4217919130669712,0.05679551267550033,50
0,20,d2,logspline,0.09,-1.7049173859200408,-1.6630145633692013,0.9094630210288609,-2.827985855445746,-2.4066859894619608,-1.2520038714493602,0.12989491051321952,50
0,20,d2,logspline,0.1,-1.5395509722039182,-1.5164506479653022,0.8759451379876019,-2.6465021973148755,-2.2381149217426435,-1.1081452897183532,0.17411871119865951,50
0,20,d2,logspline,0.11,-1.399988713321587,-1.3910117417601222,0.8427780741349017,-2.4854212833680775,-2.0901534512240714,-0.9887089080454208,0.19442920000634584,50
0,20,d2,logspline,0.12,-1.2777104698710988,-1.2831209981904155,0.8102827440916678,-2.3469751400993615,-1.9593692130858784,-0.884292836321741,0.21394293988599253,50
0,20,d2,logspline,0.13,-1.1715978035476575,-1.1900190938524546,0.7788117007525512,-2.222892243165892,-1.84356113211628,-0.8027923912312308,0.22437763058144616,50
0,20,d2,logspline,0.14,-1.0752678242017144,-1.1095011781501571,0.7487321120764172,-2.1110206493542583,-1.740034484793856,-0.7671660862713403,0.2445468383716402,50
0,20,d2,logspline,0.15000000000000002,-0.9897828922899874,-1.0397598366792191,0.7203837651387242,-2.0096886661839712,-1.6471128371879011,-0.6860892544395027,0.2858690617748112,50
0,20,d2,logspline,0.16,-0.963072207360666,-0.9792832535677038,0.6940381247954249,-1.9175381613141438,-1.563434737252963,-0.6146213166100106,0.31724492953947747,50
0,20,d2,logspline,0.17,-0.9106565251164525,-0.9267854228496247,0.6698678646962353,-1.8334480209900823,-1.4892476596797881,-0.5516684166523387,0.33998893880755,50
0,20,d2,logspline,0.18000000000000002,-0.8656345334138231,-0.8811583582559909,0.6479274012745356,-1.7564795569392955,-1.4279070475552926,-0.49632140303646866,0.35524893222069387,50
0,20,d2,logspline,0.19,-0.8271339228521393,-0.8414400408169966,0.6281474294632323,-1.685836743686885,-1.3728639700719985,-0.4551508613318703,0.3640410427398773,50
0,20,d2,logspline,0.2,-0.7894845258846815,-0.8068065368221586,0.6103613486893923,-1.6208373342167568,-1.3452429082718766,-0.4387801578370152,0.3672759804258445,50
0,20,d2,logspline,0.21,-0.7515220587451226,-0.7765685317619966,0.5943601022085991,-1.5622297440028037,-1.2947752915628548,-0.41133572546601327,0.3657818236120361,50
0,20,d2,logspline,0.22,-0.724355173376988,-0.7501428525255258,0.5799253755788668,-1.5090443783088356,-1.2480214399061542,-0.39318261920307573,0.360318778968311,50
0,20,d2,logspline,0.23,-0.7345834754680243,-0.7270291252132938,0.5668439892626529,-1.462227751325257,-1.2029227395674664,-0.38505424587781234,0.3515882776144534,50
0,20,d2,logspline,0.24,-0.7508859532344431,-0.7068046079064272,0.5549173839734856,-1.427193246608725,-1.1618616269298958,-0.35959077634131104,0.34023963574640237,50
0,20,d2,logspline,0.25,-0.7270986216527164,-0.6891245343800704,0.543976946570223,-1.3769578584997682,-1.1245048305073777,-0.35852237233876744,0.3113668995683661,50
0,20,d2,logspline,0.26,-0.7214650127484035,-0.6737053523429902,0.5338924065757881,-1.331963127276146,-1.0905546711836773,-0.34763618124618423,0.26005047560038264,50
0,20,d2,logspline,0.27,-0.7194544714075868,-0.6603038197017231,0.5245619470853724,-1.300489759622214,-1.0585051030456518,-0.3216337605607993,0.23243629043820274,50
0,20,d2,logspline,0.28,-0.7187206892668885,-0.6487069222713551,0.5159059337660246,-1.271717342441511,-1.0308804627579113,-0.2954246287700924,0.2134050206880163,50
0,20,d2,logspline,0.29000000000000004,-0.7282443181529092,-0.6387237743842513,0.5078595522917371,-1.2468865023625741,-1.0086967534737004,-0.2722258720061407,0.19349497044598363,50
0,20,d2,logspline,0.3,-0.7349439528341917,-0.6301798116083874,0.5003645793669411,-1.2239821936009352,-0.9859570854891316,-0.28449428438338037,0.17314318230306036,50
0,20,d2,logspline,0.31,-0.7316723012808538,-0.6229154518623905,0.4933677369151878,-1.2028265857493514,-0.9691318192404464,-0.29615804890689357,0.15275939543353848,50
0,20,d2,logspline,0.32,-0.7095779851086339,-0.616784903640373,0.48681998911347185,-1.187872416122413,-0.956855003703321,-0.29450568105104263,0.13272624039138728,50
0,20,d2,logspline,0.33,-0.6989317392130059,-0.6116545234159071,0.48067602835046513,-1.188751821303843,-0.948249269029788,-0.29327399698110057,0.11339895603054637,50
0,20,d2,logspline,0.34,-0.7007326374950669,-0.6074019242446088,0.4748931599614016,-1.1881170656756304,-0.9298887167401982,-0.29242210661377166,0.09508804467510867,50
0,20,d2,logspline,0.35000000000000003,-0.7087966050900201,-0.603918454913683,0.4694284307131897,-1.186193865989985,-0.9203645125987876,-0.29953485647409234,0.0780119027908999,50
0,20,d2,logspline,0.36000000000000004,-0.7153848763245522,-0.6011098610871191,0.46423957840502983,-1.1838598265772702,-0.9084504451943975,-0.30967236265850046,0.06663489377213712,50
0,20,d2,logspline,0.37,-0.7148171590579261,-0.5988940103894586,0.45928699931162614,-1.175493263032423,-0.8948445544893868,-0.32116036784398017,0.05759490435838644,50
0,20,d2,logspline,0.38,-0.7150302081953734,-0.5971970907364997,0.4545336155527045,-1.1657660428302772,-0.8915533560568516,-0.33439817993474963,0.049432608700741155,50
0,20,d2,logspline,0.39,-0.7150608076677074,-0.5959529100372882,0.4499443892652853,-1.1570316452941896,-0.8821005508868638,-0.3478152779130887,0.05719576234621199,50
0,20,d2,logspline,0.4,-0.7151393825133593,-0.5951026825980421,0.44548655873611603,-1.1488661851779867,-0.8759361225990495,-0.3612482494355857,0.06532486792401306,50
0,20,d2,logspline,0.41,-0.7100124593821309,-0.5945943365068692,0.4411302071888677,-1.1411486749961903,-0.8721264677273446,-0.3745569917527349,0.07213064154662728,50
0,20,d2,logspline,0.42,-0.7043275275590384,-0.5943817935599618,0.43684870235895934,-1.1338216983070883,-0.8691989471629034,-0.38762298477737145,0.0776897931180367,50
0,20,d2,logspline,0.43,-0.7033014506007018,-0.5944243096826693,0.43261888826633504,-1.1268332469427262,-0.8652214601629765,-0.3997835533039803,0.08207491126710455,50
0,20,d2,logspline,0.44,-0.7103379941170416,-0.5946858828215049,0.4284210849928833,-1.1201362257420786,-0.8612720985403192,-0.402274411919583,0.08535483513401951,50
0,20,d2,logspline,0.45,-0.7168628324096311,-0.5951347284810442,0.4242389484361375,-1.1136880105993632,-0.858618848977215,-0.4027776340666611,0.08759498246846212,50
0,20,d2,logspline,0.46,-0.7161623516753377,-0.5957428196169322,0.42005922878339713,-1.10745005293523,-0.8581214238131122,-0.4032114421431646,0.0888576398543123,50
0,20,d2,logspline,0.47,-0.7110891993350391,-0.5964854188183673,0.4158713339367341,-1.1013875247319131,-0.8580603016989334,-0.4040463742991643,0.08920222000090607,50
0,20,d2,logspline,0.48,-0.7146528428268787,-0.5973403610146535,0.4116669198891176,-1.0954689991321074,-0.8579867452866621,-0.40671970519741557,0.08868549031272362,50
0,20,d2,logspline,0.49,-0.715464620632094,-0.5982869820648663,0.4074403198883102,-1.0896661623180361,-0.8498111152854964,-0.4092078428294795,0.08736177634073507,50
0,20,d2,logspline,0.5,-0.7170591729320623,-0.5993056815935885,0.4031884951858263,-1.0821218813044324,-0.8421083751146968,-0.4115300070400184,0.08528314320781002,50
0,20,d2,logspline,0.51,-0.7203871614384794,-0.6003778378070175,0.3989105750933439,-1.0738001996439823,-0.8391717492424937,-0.4137021888259962,0.0824995576701967,50
0,20,d2,logspline,0.52,-0.7204726203732965,-0.6014856991342894,0.3946074363413217,-1.0655136347124925,-0.839581850182528,-0.4158545511494356,0.07905903311314508,50
0,20,d2,logspline,0.53,-0.7203972243455072,-0.6026123586566741,0.3902813615037246,-1.0572690401386193,-0.8394865541513595,-0.4185924328824638,0.07500775946985343,50
0,20,d2,logspline,0.54,-0.7182370306097509,-0.603741672265803,0.38593573965876893,-1.0490716198912886,-0.8389024634937843,-0.42353353599887866,0.07039021978999996,50
0,20,d2,logspline,0.55,-0.7144080829484718,-0.6048582038282961,0.3815747899839349,-1.0409252403708464,-0.8378479966909604,-0.43419933202810707,0.06524929495942797,50
0,20,d2,logspline,0.56,-0.7106697977540833,-0.6059471147077962,0.37720326226145284,-1.0328326860194048,-0.8338684153810989,-0.444554701046994,0.0596263578801976,50
0,20,d2,logspline,0.5700000000000001,-0.7070210494590277,-0.6069940675028029,0.3728261735091452,-1.0247958692163128,-0.8293028804697904,-0.45456157642870926,0.053561358254801544,50
0,20,d2,logspline,0.5800000000000001,-0.7034599620216735,-0.6079852975062671,0.3684486656324762,-1.0168160030002382,-0.8247677947386427,-0.4641841288994496,0.04709289897598478,50
0,20,d2,logspline,0.59,-0.6999840696135082,-0.6089077544829887,0.3640759386232203,-1.0125682673017617,-0.8203076269403655,-0.47333875129863345,0.04025830500054265,50
0,20,d2,logspline,0.6,-0.6998002836476129,-0.6097494118140344,0.3597129317074469,-1.0093877183155437,-0.8169016558690382,-0.48093304259192715,0.0308330584247163,50
0,20,d2,logspline,0.61,-0.7027959155037474,-0.6104993556095902,0.35536390523100686,-1.0052570692466924,-0.8133291119538782,-0.48958960578827876,0.01900092399089326,50
0,20,d2,logspline,0.62,-0.7061021567514311,-0.6111454277080722,0.35103199939756813,-0.9970031212247428,-0.8095652553598759,-0.49718894334496055,0.007388996020329906,50
0,20,d2,logspline,0.63,-0.7094728693585742,-0.6116721786595531,0.3467184086461271,-0.9888700772357122,-0.806754337112857,-0.5014152977839819,-0.003987810379121562,50
0,20,d2,logspline,0.64,-0.712550250178395,-0.6120610028204752,0.3424217262433515,-0.9808805564333065,-0.8051932227413133,-0.5051931988265612,-0.015115876585201596,50
0,20,d2,logspline,0.65,-0.714980881346013,-0.6122944989821062,0.3381389466075451,-0.9733561114490394,-0.8044313377993191,-0.5085221344423784,-0.02598278671306535,50
0,20,d2,logspline,0.66,-0.7165185671087095,-0.6123604411117822,0.3338672391204137,-0.9659118477893828,-0.8016182573566599,-0.5114026690052212,-0.03657724289917025,50
0,20,d2,logspline,0.67,-0.7153513869239713,-0.6122515867035436,0.32960478530366527,-0.958542681304149,-0.7967134364678448,-0.5138363864628706,-0.046888988656351424,50
0,20,d2,logspline,0.68,-0.7131488349625582,-0.6119649032168683,0.3253512166173044,-0.9512439545532148,-0.7916410455742798,-0.5158259503258383,-0.056908739459036406,50
0,20,d2,logspline,0.6900000000000001,-0.7108729754892278,-0.6115009346343419,0.3211076876685795,-0.9440114138655119,-0.7864223034456208,-0.5173762080683597,-0.0666281198213065,50
0,20,d2,logspline,0.7000000000000001,-0.7085302883756914,-0.6108632970258264,0.31687669788577477,-0.9368411872942972,-0.7820555453166547,-0.5184950528467553,-0.07603960622058759,50
0,20,d2,logspline,0.7100000000000001,-0.7061264059599193,-0.6100579440683964,0.3126618214733507,-0.9297297634750366,-0.7780392626962918,-0.5191930937205286,-0.08513647529776383,50
0,20,d2,logspline,0.72,-0.7036662316136899,-0.6090925506663047,0.30846735343103926,-0.9226739713831479,-0.7759048163082491,-0.5194419600450908,-0.09391275683231909,50
0,20,d2,logspline,0.73,-0.6991382483031099,-0.6079760649870379,0.30429793233862273,-0.9156709609818405,-0.7752782290168028,-0.5192559110872159,-0.0989223509649377,50
0,20,d2,logspline,0.74,-0.6936277721096937,-0.6067183574339242,0.30015821476513777,-0.9099659228411761,-0.7744407674825922,-0.5187061161295884,-0.10250043479529208,50
0,20,d2,logspline,0.75,-0.6871478311417767,-0.6053298363213699,0.2960526239100932,-0.9043058533097101,-0.7733802813760051,-0.5178197814258211,-0.10584398320378093,50
0,20,d2,logspline,0.76,-0.6854145289632319,-0.6038207625640405,0.2919850194737653,-0.8985628413385398,-0.7720854724491232,-0.5166238412196942,-0.10896161169929794,50
0,20,d2,logspline,0.77,-0.6851885818752542,-0.6022003570740428,0.28795842980688074,-0.8927454154257777,-0.7705458816378178,-0.5151435380803424,-0.11186180581317903,50
0,20,d2,logspline,0.78,-0.6847473264106223,-0.6004768320662781,0.283975092959507,-0.8868614772555266,-0.7687518775026974,-0.513402545019637,-0.11455293062078606,50
0,20,d2,logspline,0.79,-0.6817816008924268,-0.5986576451745558,0.2800365603731479,-0.8809183737175527,-0.7666946458527584,-0.511423152950471,-0.11704323835537347,50
0,20,d2,logspline,0.8,-0.6778620028846647,-0.5967496587438728,0.2761438046053333,-0.8749229593212623,-0.7643661804004738,-0.5089680741822021,-0.11934087445152969,50
0,20,d2,logspline,0.81,-0.6766380388331926,-0.5947592139958544,0.27229728574568524,-0.8688816504113389,-0.7617592743007657,-0.5063162736320168,-0.12145388230372929,50
0,20,d2,logspline,0.8200000000000001,-0.6733391365830184,-0.592692156992253,0.2684970407534088,-0.8628004723681355,-0.7588675124290521,-0.5035275407665623,-0.12339020698238512,50
0,20,d2,logspline,0.8300000000000001,-0.6696473439629114,-0.5905539027660525,0.2647428240645325,-0.856685100790958,-0.755685264255411,-0.5006149729251245,-0.12515769811365213,50
0,20,d2,logspline,0.8400000000000001,-0.6659842449724758,-0.5883494473236182,0.261034227417714,-0.8505408975091742,-0.7522093502404382,-0.4975913963912124,-0.1267641120989451,50
0,20,d2,logspline,0.85,-0.6623501355430128,-0.5860833685698806,0.25737077040060086,-0.8443729421386683,-0.7485048762053736,-0.4944550043271824,-0.1282171138245885,50
0,20,d2,logspline,0.86,-0.6587451522915974,-0.5837598531022111,0.2537519891333167,-0.8381860597948441,-0.7444953509514818,-0.49104985142818697,-0.12952427799051464,50
0,20,d2,logspline,0.87,-0.65516929252209,-0.5813826813092191,0.25017749477283696,-0.8323961421004492,-0.7405549069131485,-0.4875440496970265,-0.13069309016867217,50
0,20,d2,logspline,0.88,-0.6516224320660382,-0.578955277177833,0.2466470537216626,-0.8266748050476853,-0.7371498458534073,-0.48396010414883217,-0.1317309476863825,50
0,20,d2,logspline,0.89,-0.6481043412064253,-0.5764812067706361,0.24316092663162361,-0.8209153528185638,-0.7336473466823508,-0.48042336917560013,-0.13264516041672644,50
0,20,d2,logspline,0.9,-0.6446146988974495,-0.5739644614523818,0.23972002367370765,-0.8151214304349566,-0.7297456857533282,-0.47954887700098553,-0.135749330544907,50
0,20,d2,logspline,0.91,-0.641153105467721,-0.5714094012003611,0.23632577997573379,-0.8092967733340285,-0.7254561839663711,-0.47871751282629327,-0.1388587052352026,50
0,20,d2,logspline,0.92,-0.6377190939719048,-0.5688208453003123,0.2329800691723961,-0.8034451966939073,-0.7211216340025491,-0.4786301404319395,-0.1418761020691922,50
0,20,d2,logspline,0.93,-0.6343121403363816,-0.5662038361795707,0.22968496006188105,-0.7975705855722528,-0.7167440925179236,-0.4784607356293348,-0.14480052732027696,50
0,20,d2,logspline,0.94,-0.6309316724275491,-0.5635627354285047,0.22644210091288347,-0.7916768858203642,-0.7124464502672825,-0.4782120433277515,-0.14763133042577697,50
0,20,d2,logspline,0.95,-0.6275770781566059,-0.5609011129388228,0.22325254639786604,-0.7857680956802562,-0.7080998130774799,-0.47788490445491444,-0.1503681769944418,50
0,20,d2,logspline,0.96,-0.624247712721711,-0.5582218877830988,0.22011682411543548,-0.7798482338715305,-0.703690838741644,-0.4774801242059261,-0.15301102366550953,50
0,20,d2,logspline,0.97,-0.6207780165768517,-0.5555273295149419,0.217035000419234,-0.7739212123743391,-0.6992246589726525,-0.47699864066167535,-0.15556009470075988,50
0,20,d2,logspline,0.98,-0.6173461200685593,-0.5528190579837959,0.21400669787199583,-0.7679907780443656,-0.6947064182267944,-0.47644151556328296,-0.1578840172038234,50
0,20,d2,logspline,0.99,-0.614006741431169,-0.5500981723863575,0.21103120294431083,-0.7620605221478056,-0.690141267552902,-0.47580992556320423,-0.15968224404713993,50
0,20,d2,logspline,1,-0.6107555660632422,-0.5473656940077674,0.20810777982388737,-0.7561643952414276,-0.6852099257421013,-0.4751051539283728,-0.161413516898812,50
0,20,d3,ecdf,0.01,Inf,Inf,NA,Inf,Inf,Inf,Inf,0
0,20,d3,ecdf,0.02,Inf,Inf,NA,Inf,Inf,Inf,Inf,0
0,20,d3,ecdf,0.03,Inf,Inf,NA,Inf,Inf,Inf,Inf,0
0,20,d3,ecdf,0.04,Inf,Inf,NA,Inf,Inf,Inf,Inf,0
0,20,d3,ecdf,0.05,Inf,Inf,NA,Inf,Inf,Inf,Inf,0
0,20,d3,ecdf,0.06,Inf,Inf,NA,Inf,Inf,Inf,Inf,0
0,20,d3,ecdf,0.06999999999999999,Inf,Inf,NA,Inf,Inf,Inf,Inf,1
0,20,d3,ecdf,0.08,Inf,Inf,NA,Inf,Inf,Inf,Inf,2
0,20,d3,ecdf,0.09,Inf,Inf,NA,Inf,Inf,Inf,Inf,3
0,20,d3,ecdf,0.1,Inf,Inf,NA,-2.6582282299650632,Inf,Inf,Inf,4
0,20,d3,ecdf,0.11,Inf,Inf,NA,-2.278717056567954,Inf,Inf,Inf,6
0,20,d3,ecdf,0.12,Inf,Inf,NA,-1.9325642817362896,Inf,Inf,Inf,9
0,20,d3,ecdf,0.13,Inf,Inf,NA,-1.9956799061318549,Inf,Inf,Inf,10
0,20,d3,ecdf,0.14,Inf,Inf,NA,-2.0133820777862073,-1.320234897226262,Inf,Inf,15
0,20,d3,ecdf,0.15000000000000002,Inf,Inf,NA,-1.9627960696803932,-1.0466430796609578,Inf,Inf,18
0,20,d3,ecdf,0.16,Inf,Inf,NA,-2.0478674133935795,-0.7910299848769904,Inf,Inf,22
0,20,d3,ecdf,0.17,-0.5512332570312466,Inf,NA,-2.0602565713739525,-1.244380437591192,Inf,Inf,27
0,20,d3,ecdf,0.18000000000000002,-0.32546154565080304,Inf,NA,-1.834484859993509,-1.0186087262107484,Inf,Inf,29
0,20,d3,ecdf,0.19,-0.11221417105598216,Inf,NA,-1.7216520834900826,-1.210826459724092,Inf,Inf,32
0,20,d3,ecdf,0.2,0.08977858008447158,Inf,NA,-1.7019808891435837,-1.008833708583638,Inf,Inf,36
0,20,d3,ecdf,0.21,-0.4115466034638959,Inf,NA,-1.5949417660369976,-1.104693784023841,0.28160057709604946,Inf,40
0,20,d3,ecdf,0.22,-0.43169527361747034,Inf,NA,-1.615257080683279,-0.9221099001233334,0.4641844609965573,Inf,42
0,20,d3,ecdf,0.23,-0.4602737295865504,Inf,NA,-1.5588860182546602,-0.9710993533525412,0.6383385590815592,Inf,44
0,20,d3,ecdf,0.24,-0.43768525785574813,Inf,NA,-1.5028253928021504,-0.986991402189803,0.11162088647830674,Inf,47
0,20,d3,ecdf,0.25,-0.6453460084113012,Inf,NA,-1.3909137878636249,-0.9432805750756994,-0.13452038464531038,Inf,47
0,20,d3,ecdf,0.26,-0.6749032093607539,Inf,NA,-1.4120738791411442,-0.8290538891880123,0.01824397119919146,0.8049400286153239,48
0,20,d3,ecdf,0.27,-0.6052892250699738,Inf,NA,-1.3755117455435484,-0.933678993264509,-0.12274877704818028,0.951629352819733,48
0,20,d3,ecdf,0.28,-0.5413185738348963,Inf,NA,-1.2724118337126646,-0.8979935177736287,-0.037488673728026015,0.7114443946604717,49
0,20,d3,ecdf,0.29000000000000004,-0.5390609495556468,-0.4653133417117877,0.688806186487388,-1.2928327519320273,-0.9227732134164037,-0.2513788771038659,0.8472334115642438,50
0,20,d3,ecdf,0.3,-0.6313252850628926,-0.5029958688496942,0.6434688842684329,-1.3282250734416277,-0.9677975216841056,-0.27465034112416026,0.5726475192630435,50
0,20,d3,ecdf,0.31,-0.6003529181358476,-0.5267629018277652,0.6022449511400687,-1.3644458382248321,-0.9589117372928653,-0.14836779439279035,0.5694731333911112,50
0,20,d3,ecdf,0.32,-0.6054163530278137,-0.5702482853741547,0.544724659425195,-1.3626252795521814,-0.9414143483851141,-0.2777129267392646,0.3100737381628545,50
0,20,d3,ecdf,0.33,-0.6361287039057621,-0.5652684790670712,0.5648090435346266,-1.3163600881631612,-0.9583072121010188,-0.3604702113453984,0.3459424484615916,50
0,20,d3,ecdf,0.34,-0.6816963292998865,-0.5632986738428939,0.5456777680048088,-1.2366679772893427,-0.8930054229670935,-0.3333896350316708,0.35975754552827455,50
0,20,d3,ecdf,0.35000000000000003,-0.6824373166256692,-0.5809779262371372,0.5031456678769364,-1.2370777822579946,-0.8734925533883785,-0.3770556670744875,0.2560023868044223,50
0,20,d3,ecdf,0.36000000000000004,-0.6754472689653654,-0.5963950061138625,0.4684998142627673,-1.201766875063039,-0.8890213692634245,-0.4035135534817237,0.2366312610328488,50
0,20,d3,ecdf,0.37,-0.7255471444903617,-0.6090067362876378,0.45477608914598544,-1.215961770996225,-0.9110314806727062,-0.4174540747784532,0.17033259012366567,50
0,20,d3,ecdf,0.38,-0.7032716504630055,-0.5944078368207077,0.45629945603936223,-1.1639745667334682,-0.8920408512498266,-0.33019351166383365,0.1757997787515294,50
0,20,d3,ecdf,0.39,-0.6957355256320935,-0.5957871157473459,0.44951077663645983,-1.089639811339182,-0.9049159148600555,-0.3479995141506917,0.10661094689284382,50
0,20,d3,ecdf,0.4,-0.729852605648279,-0.5963172944405374,0.43425099273361567,-1.115886663051194,-0.8642641421376442,-0.3688392601109485,0.13731021871836108,50
0,20,d3,ecdf,0.41,-0.7381082823067948,-0.5996863067120386,0.43208481910353685,-1.1026100825719367,-0.919332111118714,-0.3597656816248283,0.05924034118619541,50
0,20,d3,ecdf,0.42,-0.7271729215109108,-0.5973133418169038,0.4337031160252464,-1.087495960544262,-0.9221533822970104,-0.4182482013755936,0.05867587071471569,50
0,20,d3,ecdf,0.43,-0.724619433413082,-0.5977612514521972,0.436195327677978,-1.0932600665672842,-0.8952449504438454,-0.4291552205192461,0.09214170311403994,50
0,20,d3,ecdf,0.44,-0.7283327367071921,-0.5897786867677384,0.4451930567835973,-1.0539926306235199,-0.8671691815614079,-0.4405759157282214,0.12608259144887543,50
0,20,d3,ecdf,0.45,-0.7654431915924998,-0.5956841107647081,0.4366625921905896,-1.0146589832164847,-0.8555942885867973,-0.4127362524551428,0.16032628423619896,50
0,20,d3,ecdf,0.46,-0.7213934682140393,-0.601782547839213,0.41565470238479796,-1.0521485847127023,-0.8413599846094189,-0.4518952178476957,0.13112835801806477,50
0,20,d3,ecdf,0.47,-0.6957648095649018,-0.5993953625595783,0.40306528475337694,-1.036519504616419,-0.8657786037604537,-0.4639631955075775,0.11116990760205883,50
0,20,d3,ecdf,0.48,-0.7555326102391989,-0.6051105298470058,0.3967679278099612,-1.0541332246299635,-0.8590226097207283,-0.44471609589250294,0.1458042044651679,50
0,20,d3,ecdf,0.49,-0.7317561978142627,-0.6086956014018866,0.38232549785062614,-1.0533086801022906,-0.8746044804377032,-0.49509876737304415,0.16874344014482068,50
0,20,d3,ecdf,0.5,-0.740689696809178,-0.6092359851768138,0.3852947237615311,-1.0304956364077629,-0.8729742695771618,-0.47467297540909137,0.17409084154465165,50
0,20,d3,ecdf,0.51,-0.7572183745617171,-0.6180891312944591,0.3818254295955396,-1.0306010201568472,-0.8655422632592739,-0.5127650366607563,0.0935972771104536,50
0,20,d3,ecdf,0.52,-0.7626846744944957,-0.6282304050037586,0.3775282396905011,-1.0282688774521573,-0.8508650080920679,-0.5346380919982935,0.09395218581032104,50
0,20,d3,ecdf,0.53,-0.7327475214501259,-0.6197768088481271,0.3697794436623904,-1.017530053943101,-0.8564095959383292,-0.5341493889750392,0.05159362958517423,50
0,20,d3,ecdf,0.54,-0.7381001561017775,-0.6202820739283995,0.3675135860031932,-1.014694919640232,-0.8739262236857908,-0.5431297601326075,0.050066829470963234,50
0,20,d3,ecdf,0.55,-0.7267142742897851,-0.6167585880126599,0.3697561712428167,-0.9972959974934315,-0.861820252381213,-0.545250373108296,0.04232468406984845,50
0,20,d3,ecdf,0.56,-0.7315010335258041,-0.6213781322312816,0.3607979561893921,-0.9938959548567878,-0.8621367379391702,-0.5554187000163607,0.0551663599519664,50
0,20,d3,ecdf,0.5700000000000001,-0.7330560596971187,-0.6262784277543676,0.35036986945151416,-0.9986907809228456,-0.8654322947976388,-0.5367971218197188,0.024855190074398053,50
0,20,d3,ecdf,0.5800000000000001,-0.7284733625036798,-0.6323422172938454,0.34618018757101526,-1.0079620020397424,-0.8694600136117219,-0.5176707366792656,-0.04480265152782016,50
0,20,d3,ecdf,0.59,-0.7299079834167769,-0.6309514951359336,0.3417451868879759,-0.9990977360497408,-0.9023475163139992,-0.4932603686257637,-0.04135590332936176,50
0,20,d3,ecdf,0.6,-0.7110738639851752,-0.6333002208547885,0.3243497006923996,-1.0080359144897195,-0.8833845139314557,-0.4851057169735653,-0.06533849902718314,50
0,20,d3,ecdf,0.61,-0.7056880505071911,-0.6302692726126397,0.3210682123619698,-1.0043761580356074,-0.8769848848864079,-0.509030104175535,-0.06451421741248367,50
0,20,d3,ecdf,0.62,-0.7209877833460056,-0.6282665976283668,0.3191907045022255,-0.9891640587865297,-0.8611915743162286,-0.5184382529822654,-0.08073668592532508,50
0,20,d3,ecdf,0.63,-0.7179629451972747,-0.6285735693214339,0.31170056695046816,-0.9880884457795498,-0.8630394297151588,-0.5121263291120723,-0.09879877814158866,50
0,20,d3,ecdf,0.64,-0.7247135937023026,-0.6227845266639792,0.31348568078783684,-0.969934911791746,-0.8496441278886325,-0.5047470995592137,-0.09292911837931145,50
0,20,d3,ecdf,0.65,-0.7130028007555713,-0.6144739318013687,0.3163981001650297,-0.9512180218306496,-0.8404094858002518,-0.4794111422900231,-0.09150636695763092,50
0,20,d3,ecdf,0.66,-0.6930364128426716,-0.6106054520067496,0.3107539084054243,-0.9582520963137029,-0.8224412617784674,-0.49974656385030414,-0.09811429412547273,50
0,20,d3,ecdf,0.67,-0.6907473757176361,-0.6051687802231451,0.30867967916914085,-0.9484776038999941,-0.799947887604571,-0.5074060415626276,-0.09852717579207226,50
0,20,d3,ecdf,0.68,-0.6823475579209475,-0.6041064502114497,0.3121425224253204,-0.945082753547146,-0.8085569804055441,-0.5042867332161656,-0.08313878247647156,50
0,20,d3,ecdf,0.6900000000000001,-0.6801340473918015,-0.6015494506175346,0.306721585593241,-0.9323005139502545,-0.8019432575449648,-0.4932454557492828,-0.07773270508809872,50
0,20,d3,ecdf,0.7000000000000001,-0.6789297892921471,-0.5995999858877847,0.3011150221775533,-0.9226142217264535,-0.8012974225987768,-0.5013502955103377,-0.10457761200152862,50
0,20,d3,ecdf,0.7100000000000001,-0.6786741777565422,-0.6029635719224009,0.2927078655954594,-0.9216383637073028,-0.7883700623093667,-0.5062413306752662,-0.1110311934084423,50
0,20,d3,ecdf,0.72,-0.6652593286538603,-0.6021363712237688,0.29245752078421355,-0.9184120700165153,-0.7956460744263995,-0.516440449618046,-0.13553158662381998,50
0,20,d3,ecdf,0.73,-0.6613154946288919,-0.5997280908355828,0.2908905029725004,-0.9050169842691373,-0.8002695019569008,-0.4999548218939193,-0.11428878860719145,50
0,20,d3,ecdf,0.74,-0.6676674083643821,-0.5991062967805246,0.28740328616179694,-0.9112136347092097,-0.7929397550570592,-0.49006102221027525,-0.11479515256421675,50
0,20,d3,ecdf,0.75,-0.6583397121041031,-0.5956933232504815,0.2853930389798526,-0.9025672855413878,-0.7905307002535555,-0.4934287036975622,-0.11821385452461908,50
0,20,d3,ecdf,0.76,-0.6656315082273263,-0.5941637862812241,0.27801289798243606,-0.8903663802942369,-0.7888135262938121,-0.4814782397714261,-0.1463684281471033,50
0,20,d3,ecdf,0.77,-0.6648921322352628,-0.5907947557324171,0.275217663469677,-0.8907573116835954,-0.7711437648136424,-0.49282353674499785,-0.13781119053819396,50
0,20,d3,ecdf,0.78,-0.6523786903421158,-0.588410167074911,0.2699105046239987,-0.8813976622326387,-0.7621232319071718,-0.49114956551115696,-0.14590554209709483,50
0,20,d3,ecdf,0.79,-0.645895087554818,-0.5875866766695482,0.26596247437076637,-0.8788260776783574,-0.7730609019257331,-0.4886347555052156,-0.14230668091663654,50
0,20,d3,ecdf,0.8,-0.6346096970520668,-0.5814815707088241,0.2639329767578498,-0.8688241373467311,-0.756473901149177,-0.4847191485163726,-0.13167520976056407,50
0,20,d3,ecdf,0.81,-0.6430932774457142,-0.5807731550863848,0.2595586237710527,-0.8660895430472548,-0.7596334683302013,-0.49176342963085745,-0.14752807590513722,50
0,20,d3,ecdf,0.8200000000000001,-0.6447408052574205,-0.5793900017790586,0.25544302346742787,-0.8591758284181579,-0.7515129030806819,-0.49510122913589183,-0.14354096586028414,50
0,20,d3,ecdf,0.8300000000000001,-0.63247341021797,-0.5744119881744123,0.25763217459034915,-0.85643747898828,-0.7508131230411901,-0.4822761790021419,-0.1385603208718238,50
0,20,d3,ecdf,0.8400000000000001,-0.6291866623263892,-0.5737627266653855,0.2510142237623431,-0.8438476417566443,-0.7393095751826813,-0.493110734948131,-0.16301790422879564,50
0,20,d3,ecdf,0.85,-0.6242079061325092,-0.5735410251089211,0.24617083425223255,-0.8329911830361427,-0.7333187825817401,-0.4841354027603897,-0.17425205709550184,50
0,20,d3,ecdf,0.86,-0.6236757165434896,-0.5721172910790289,0.24196063799934733,-0.8238927170093493,-0.7297530974101274,-0.47574064184123227,-0.17280677630490276,50
0,20,d3,ecdf,0.87,-0.6167890840198009,-0.5685526726293906,0.23872906827060944,-0.8195498938940041,-0.7299324068043908,-0.4658987527019706,-0.16750387857934876,50
0,20,d3,ecdf,0.88,-0.611999424177365,-0.5671917368229761,0.2381874189882681,-0.81038590326281,-0.7394362469511494,-0.4520683749633406,-0.17458492632949407,50
0,20,d3,ecdf,0.89,-0.6069324697068543,-0.56415951027236,0.2348296359191557,-0.8071957795635212,-0.7314850085319566,-0.45191369415790433,-0.17869462326174407,50
0,20,d3,ecdf,0.9,-0.5973693856132914,-0.5608137934279883,0.23461873318452744,-0.8196597649726003,-0.7262228779072137,-0.45494684743791985,-0.17434404285405053,50
0,20,d3,ecdf,0.91,-0.5888505710634329,-0.5590681913529526,0.23052495918201266,-0.8214126580286232,-0.7216925251300982,-0.4530605419172037,-0.18405332156526744,50
0,20,d3,ecdf,0.92,-0.5803440598073493,-0.5586499795620221,0.22529955301335047,-0.8127939968501121,-0.7235544956338533,-0.4583664277514625,-0.18298258766803585,50
0,20,d3,ecdf,0.93,-0.5836644730423608,-0.55773853890611,0.22244383688203878,-0.8120108964425478,-0.718422288258406,-0.45217787846981977,-0.17595763570921094,50
0,20,d3,ecdf,0.94,-0.5824921343761409,-0.5541168000314106,0.22112770069525203,-0.8061214627616835,-0.7127136515209394,-0.4492459237125102,-0.17897088394540245,50
0,20,d3,ecdf,0.95,-0.5763567801217262,-0.5524369648168623,0.21819757784228141,-0.7937841223955928,-0.7129893687342265,-0.44495450367196915,-0.18452039939541026,50
0,20,d3,ecdf,0.96,-0.5701268087425329,-0.5499042482479648,0.21405047118857395,-0.7923663043023587,-0.7057390362860023,-0.4548773015393097,-0.19305931912828697,50
0,20,d3,ecdf,0.97,-0.574372188102489,-0.5475267135165229,0.21116930992542635,-0.7860297442281352,-0.7023389247088858,-0.4459092625277141,-0.19330566760566967,50
0,20,d3,ecdf,0.98,-0.572986477267339,-0.5452908638403621,0.20812340091340978,-0.7725454482131378,-0.6998801085068613,-0.4501183544794712,-0.18538892103867685,50
0,20,d3,ecdf,0.99,-0.5720657154911795,-0.5422439764759936,0.20495183769863395,-0.7676089435443078,-0.6957355428872507,-0.44344262767052706,-0.19452516918509197,50
0,20,d3,ecdf,1,-0.5668843873010113,-0.5400801116124024,0.20233274638171156,-0.7548557715740022,-0.6911191720237214,-0.4550881876953087,-0.19944714772131122,50
0,20,d3,logspline,0.01,-9.094783127725645,-8.82368078545668,1.4875340460809376,-10.239419148234145,-9.776247419720647,-8.293354583319822,-6.224152355540841,50
0,20,d3,logspline,0.02,-7.074746683479967,-6.801531418194508,1.459012477581445,-8.198072056964982,-7.738565250473197,-6.280326983382476,-4.251492888234318,50
0,20,d3,logspline,0.03,-5.912626666152649,-5.643842215484035,1.4290500312277252,-7.020396458668868,-6.564645638190912,-5.131880893762046,-3.145461862064817,50
0,20,d3,logspline,0.04,-5.104078280070328,-4.840903461910656,1.3976976194757251,-6.196694515546807,-5.7447904705254365,-4.338313420845724,-2.3963264155765502,50
0,20,d3,logspline,0.05,-4.49018413448602,-4.232964638195929,1.3650200636170302,-5.567231668104579,-5.11926480527344,-3.739882988186394,-1.8443039588641215,50
0,20,d3,logspline,0.06,-3.9940661423675055,-3.748855404066868,1.3310939881591108,-5.060857034451011,-4.616917271317996,-3.265429795657372,-1.4181835216769363,50
0,20,d3,logspline,0.06999999999999999,-3.5870395518243727,-3.3505985116573846,1.2960055561860426,-4.639615676877291,-4.199792337296548,-2.876988161135947,-1.0799391675807646,50
0,20,d3,logspline,0.08,-3.2389897205898164,-3.015512816688657,1.2598482689372712,-4.280850961778661,-3.8452326740394023,-2.5500534798527523,-0.8068336536138931,50
0,20,d3,logspline,0.09,-2.933713486995428,-2.72895725758769,1.2227209833735473,-3.969947932617869,-3.538622557088135,-2.2689896418324813,-0.5841632321421061,50
0,20,d3,logspline,0.1,-2.6697157541935024,-2.480924679159934,1.1847263185508252,-3.696926063268318,-3.269981176191775,-2.0265309411688808,-0.4018524122956082,50
0,20,d3,logspline,0.11,-2.438776887077233,-2.2642679310745217,1.1459695837918737,-3.454664291751005,-3.032188323210821,-1.815543240826707,-0.2526811057298761,50
0,20,d3,logspline,0.12,-2.246482310129322,-2.0737008381910096,1.1065581936509787,-3.23790228251306,-2.8196928372582324,-1.6307529921048953,-0.1312870536730546,50
0,20,d3,logspline,0.13,-2.076178200684426,-1.9052002159280972,1.0666017718326175,-3.0426429366447767,-2.6226334704068943,-1.4681496048618983,-0.03356943435957572,50
0,20,d3,logspline,0.14,-1.9247275033562024,-1.7556303513013125,1.0262128494543983,-2.8657769481488025,-2.4485157486833864,-1.3246099761307142,0.04368547221441431,50
0,20,d3,logspline,0.15000000000000002,-1.7896309133623634,-1.622497332902872,0.9855078521244334,-2.7048371998106493,-2.2942965973951814,-1.1976529175029071,0.10304884032593872,50
0,20,d3,logspline,0.16,-1.668861411381313,-1.503782127394516,0.9446089692966493,-2.5578325863241913,-2.155126267754828,-1.085273041517477,0.14661452636172656,50
0,20,d3,logspline,0.17,-1.5607491004893252,-1.3978246011107816,0.9036463353496301,-2.4231322525917656,-2.0294554042330706,-0.9858251241932492,0.17784417419077486,50
0,20,d3,logspline,0.18000000000000002,-1.4511359756851743,-1.3032403873123393,0.8627603338735338,-2.2993817164165646,-1.910860178136612,-0.8979412222902297,0.19770585599717894,50
0,20,d3,logspline,0.19,-1.3417736114464067,-1.2188600646886083,0.8221047533833127,-2.185440712040116,-1.802249109522103,-0.8204655166354544,0.20621555158482338,50
0,20,d3,logspline,0.2,-1.2497678348770822,-1.1436843816432058,0.781851162956306,-2.0803386384952898,-1.7031992717117057,-0.7524011325843141,0.20442279448064857,50
0,20,d3,logspline,0.21,-1.168419300922846,-1.0768483096597568,0.7421981740905003,-1.9832412361604959,-1.612258675879254,-0.6928767173075225,0.21516802516826727,50
0,20,d3,logspline,0.22,-1.1124207952446494,-1.0175907311578756,0.7033855018398819,-1.8934779910753334,-1.5287061366743333,-0.6439300066068344,0.24933872691365472,50
0,20,d3,logspline,0.23,-1.0631954718799712,-0.965233396390162,0.6656990469593057,-1.81064390640794,-1.4519122842177488,-0.6023283014355854,0.2850744965691997,50
0,20,d3,logspline,0.24,-1.020094890896627,-0.9191603760847793,0.629485242535159,-1.7339030570428215,-1.381323808809835,-0.5757193563093583,0.31414443143723314,50
0,20,d3,logspline,0.25,-0.9692748122106326,-0.8787774390857845,0.5952013377204471,-1.66275831453614,-1.316450935180076,-0.5548682239244948,0.23342379800361865,50
0,20,d3,logspline,0.26,-0.915681881560213,-0.8434939955202174,0.5633793585124438,-1.5967651568956716,-1.2568573665975133,-0.5368331593415622,0.11771762151385362,50
0,20,d3,logspline,0.27,-0.8562030667212537,-0.8127296715072898,0.5345276534153726,-1.5355236255633413,-1.203425032189135,-0.5149135929144036,0.09791423546294276,50
0,20,d3,logspline,0.28,-0.8012426664260706,-0.7859217383125882,0.5090368831650821,-1.4786717659181265,-1.1530675812824707,-0.4773038012428842,0.08139348170437213,50
0,20,d3,logspline,0.29000000000000004,-0.7667024016301022,-0.7625319921525548,0.48710528124401,-1.425880240109069,-1.106153108248048,-0.4780945135150006,0.014713265321280023,50
0,20,d3,logspline,0.3,-0.7362595151077251,-0.7420527702395012,0.4686967705640837,-1.3768478837306253,-1.0640052192633018,-0.47670880100203983,-0.0178514632849084,50
0,20,d3,logspline,0.31,-0.7389802055842196,-0.7240216577888738,0.4535440291057871,-1.33129881056963,-1.0279206179933635,-0.47350376975883257,-0.049094358056371246,50
0,20,d3,logspline,0.32,-0.7256625368692675,-0.7080621526545707,0.4412217646954886,-1.2889817573404239,-0.99079736889415,-0.4806729705210908,-0.07065250796670619,50
0,20,d3,logspline,0.33,-0.6984853726497878,-0.6938826544142329,0.43126612419840726,-1.249667930064569,-0.9635643036595789,-0.4932703463928722,-0.08572638270021082,50
0,20,d3,logspline,0.34,-0.6951423878522296,-0.6812568627624893,0.42324700564555356,-1.2131483304984223,-0.9511814384966645,-0.49901031558422126,-0.1011008248841773,50
0,20,d3,logspline,0.35000000000000003,-0.7042042539456161,-0.6700057241120091,0.41679576654401385,-1.1792314601691356,-0.9327226951039123,-0.49800725609481933,-0.08833770354953832,50
0,20,d3,logspline,0.36000000000000004,-0.7266159252559516,-0.6599845165880179,0.4116039199739938,-1.147741350488256,-0.9169931103944728,-0.4939207043012448,-0.06463149509428352,50
0,20,d3,logspline,0.37,-0.7307883408888648,-0.6510700351703038,0.407401964534948,-1.124449041330311,-0.8939288053820811,-0.48655739319713986,-0.043543548594251746,50
0,20,d3,logspline,0.38,-0.749713441359773,-0.6431549409611343,0.4039550967199544,-1.1202945556280588,-0.869803856621211,-0.47855389934841874,-0.02400503306474845,50
0,20,d3,logspline,0.39,-0.7416459263509185,-0.6361453062084155,0.4010674249488416,-1.1189494537966236,-0.8482558888365525,-0.4722612417449709,-0.006820122708143557,50
0,20,d3,logspline,0.4,-0.7229874358326978,-0.6299558684010197,0.39858459967524895,-1.1084864522047102,-0.8378131791314924,-0.46046206198225575,0.008143914775114041,50
0,20,d3,logspline,0.41,-0.7195909769321347,-0.624507622417561,0.3963898156367822,-1.0941108640189787,-0.8474325076626346,-0.4383850090923405,0.021012593182344174,50
0,20,d3,logspline,0.42,-0.7043773810955252,-0.6197254298943282,0.39439581005878616,-1.0816051554946007,-0.8689480688928415,-0.4178419727809007,0.0319048902607434,50
0,20,d3,logspline,0.43,-0.6923696721357709,-0.6155363242304294,0.39253639138268964,-1.0714111779867073,-0.8769778945521371,-0.41611553906325177,0.04093384561720216,50
0,20,d3,logspline,0.44,-0.7082480851670196,-0.6118706314571949,0.3907592871322471,-1.0619908286666164,-0.8865995496400436,-0.41661848278725067,0.04820708587353506,50
0,20,d3,logspline,0.45,-0.7154922561920195,-0.6086665639147305,0.3890194482839846,-1.0536835419322141,-0.8778656777313717,-0.41029940796055536,0.05382728701524113,50
0,20,d3,logspline,0.46,-0.70607048677339,-0.6058711867759887,0.38727680049512714,-1.036737599039896,-0.8689522897401245,-0.4108353172315529,0.057892582360755555,50
0,20,d3,logspline,0.47,-0.6975133461061636,-0.6034378456444113,0.3854957671189233,-1.0234895292970356,-0.8609088888398682,-0.4209768654273474,0.0604969233143014,50
0,20,d3,logspline,0.48,-0.6962507213022238,-0.6013252682123041,0.3836457650033183,-1.0106252297510114,-0.853655470933226,-0.4382414868576857,0.06173039901072654,50
0,20,d3,logspline,0.49,-0.694811298349852,-0.5994965727669582,0.38170173944244057,-1.0008014106317018,-0.847116542352208,-0.4547319594580436,0.06167952007682746,50
0,20,d3,logspline,0.5,-0.6927402905689471,-0.597918367076011,0.37964453096749323,-1.0003657963057029,-0.8415824328291128,-0.4693854746154366,0.061454908085812755,50
0,20,d3,logspline,0.51,-0.6922989558368398,-0.596560366434643,0.37746058266784965,-1.0025198595474287,-0.8395054895621902,-0.48225322163124745,0.0634612508041013,50
0,20,d3,logspline,0.52,-0.6917807425412879,-0.5953950611840088,0.37514147805298403,-1.0038668958868933,-0.839222917181442,-0.4934120819175921,0.06421372953069722,50
0,20,d3,logspline,0.53,-0.6929566773406115,-0.594397401629505,0.37268339119004096,-1.0044246992008432,-0.8396709975279021,-0.5029583943104539,0.06380757566615236,50
0,20,d3,logspline,0.54,-0.6956323696981932,-0.5935445779312988,0.3700863595430669,-1.0042154283517735,-0.8378822563289581,-0.5110030777019854,0.06234074403539616,50
0,20,d3,logspline,0.55,-0.6936010208622923,-0.59281603402131,0.36735320661396237,-1.0032649273163703,-0.8383178249568544,-0.5104216034112854,0.0599080936061824,50
0,20,d3,logspline,0.56,-0.6898937315691434,-0.5921932520043147,0.3644887306991772,-1.001602135724732,-0.8381438447702183,-0.5076243477293814,0.05494059448341542,50
0,20,d3,logspline,0.5700000000000001,-0.6864557133545591,-0.5916588936673932,0.3614992788259119,-0.9992585772416788,-0.8330201901410466,-0.5050892483310745,0.04792291542563625,50
0,20,d3,logspline,0.5800000000000001,-0.6832714030336207,-0.591196445407843,0.3583923164843259,-0.996267915281621,-0.8282538050607164,-0.5019162419498999,0.04065068881629605,50
0,20,d3,logspline,0.59,-0.6803235864638325,-0.5907904263219899,0.3551760283240413,-0.99266556726575,-0.8251176572608745,-0.4990310206034278,0.0331792658435212,50
0,20,d3,logspline,0.6,-0.6845577032247263,-0.590426537708126,0.3518590317858625,-0.9884883700605087,-0.8244360011097379,-0.4967185071429142,0.02555871623840351,50
0,20,d3,logspline,0.61,-0.68934458077543,-0.5900915460082554,0.34845009254493015,-0.9837742904272414,-0.8238123036317165,-0.49493249681866713,0.01783425679307118,50
0,20,d3,logspline,0.62,-0.6878614901523088,-0.5897730858683216,0.34495785832729653,-0.9785621753051112,-0.8237307151191368,-0.49188462340992234,0.010046648929297672,50
0,20,d3,logspline,0.63,-0.6845703742470682,-0.5894596035854048,0.3413907457870097,-0.9728915375768652,-0.824016081453291,-0.4890356672712438,0.0022325664693040176,50
0,20,d3,logspline,0.64,-0.6813624158487717,-0.589140294754325,0.33775691211163555,-0.9668023736585405,-0.8242213530056366,-0.4865661397008107,-0.005575065003521295,50
0,20,d3,logspline,0.65,-0.6753480055420618,-0.588804992743365,0.3340642297333561,-0.9603350098336791,-0.8243276266212121,-0.4831909392877003,-0.013346755649681534,50
0,20,d3,logspline,0.66,-0.6687355232339405,-0.588444163868174,0.33032025046193986,-0.9535299747401526,-0.8234183532885975,-0.480829661947511,-0.021056164108912354,50
0,20,d3,logspline,0.67,-0.6623607541388028,-0.5880489177058373,0.32653218116101773,-0.9467135430161746,-0.8177430663284606,-0.48361261517807885,-0.028679833791918033,50
0,20,d3,logspline,0.68,-0.6562104640586277,-0.5876109752863032,0.322706833860599,-0.9396939550468213,-0.8120662692641147,-0.4823751415775252,-0.03619695105734194,50
0,20,d3,logspline,0.6900000000000001,-0.6512160111686877,-0.5871226132750721,0.3188505491087528,-0.9324500674281049,-0.8063924835477392,-0.4810154404519277,-0.04358912363694592,50
0,20,d3,logspline,0.7000000000000001,-0.649907897177681,-0.5865768538832588,0.3149691843306404,-0.9250175362396433,-0.8007256551839559,-0.4784464523987956,-0.050840177728899136,50
0,20,d3,logspline,0.7100000000000001,-0.6483260368965087,-0.5859676825366473,0.3110681470496249,-0.9174294300962018,-0.7950692541525632,-0.47775574563851303,-0.057935972252125226,50
0,20,d3,logspline,0.72,-0.6464976928214801,-0.5852900218046249,0.30715247509533405,-0.9097165523654243,-0.7895575332176655,-0.4773867785958663,-0.06486422883806248,50
0,20,d3,logspline,0.73,-0.6444511581658293,-0.5845397960333839,0.30322697075657773,-0.9019077190183091,-0.7857881398277631,-0.4771721014409843,-0.07161437622565459,50
0,20,d3,logspline,0.74,-0.6426412939459114,-0.5837139791320605,0.2992963096437862,-0.89403000039146,-0.7818849280380825,-0.47709162491894974,-0.07817740781740926,50
0,20,d3,logspline,0.75,-0.6416464311799113,-0.582810505113362,0.295365055194674,-0.8861089335667116,-0.7778476052470419,-0.4771264563509647,-0.08669328637401165,50
0,20,d3,logspline,0.76,-0.6406033161837428,-0.5818281211724322,0.2914376513383707,-0.8798956908105334,-0.7741377811638662,-0.47725916653405476,-0.09518173621957923,50
0,20,d3,logspline,0.77,-0.639503469020037,-0.5807661667272576,0.28751843257599374,-0.8747924884844059,-0.7719036395887049,-0.4774737418636408,-0.1035280528996887,50
0,20,d3,logspline,0.78,-0.6383383644297476,-0.5796243815098306,0.28361162098427056,-0.8696152474934381,-0.7694073914361262,-0.4760084302747797,-0.11170818481512879,50
0,20,d3,logspline,0.79,-0.6370994979222147,-0.5784028633066601,0.27972129657551287,-0.86437692411676,-0.7692774038564896,-0.4743222501547389,-0.11941477778974618,50
0,20,d3,logspline,0.8,-0.6357784436575011,-0.5771020523599448,0.27585137515059016,-0.8590889595490131,-0.7687687749241631,-0.47274699190554786,-0.12497622450642357,50
0,20,d3,logspline,0.81,-0.6343669053013244,-0.5757227762833593,0.27200563490399016,-0.8537614555729885,-0.7671471687215573,-0.4712737614813682,-0.129056419737542,50
0,20,d3,logspline,0.8200000000000001,-0.6318277845749667,-0.574266278938993,0.26818774080339375,-0.8484033283044583,-0.7619224551406805,-0.46989409570903895,-0.13289187076083558,50
0,20,d3,logspline,0.8300000000000001,-0.6294843255565636,-0.5727341941177602,0.2644012334507365,-0.8439716138691142,-0.7565831379101173,-0.4685999449604895,-0.13664653421893125,50
0,20,d3,logspline,0.8400000000000001,-0.6273394709687867,-0.5711285407112912,0.2606495223476575,-0.8399418908639236,-0.7511406918696394,-0.4673836564652587,-0.14036056883561568,50
0,20,d3,logspline,0.85,-0.6251601283550969,-0.5694517660393695,0.25693585550429193,-0.8361736086798914,-0.7461358390984182,-0.46623795825642494,-0.14402765835479037,50
0,20,d3,logspline,0.86,-0.6229480196942327,-0.5677067964271448,0.2532631835868325,-0.8329623037355646,-0.7413357692543681,-0.46515594373886326,-0.1476421227513028,50
0,20,d3,logspline,0.87,-0.6206563900732578,-0.5658970169992701,0.24963410303776884,-0.8299652374047839,-0.7365023894956507,-0.4641310568654957,-0.15119887449063313,50
0,20,d3,logspline,0.88,-0.6179941012854391,-0.5640262256736049,0.24605089200838653,-0.8267565956060814,-0.7324929062081729,-0.463157077904811,-0.15469337801796224,50
0,20,d3,logspline,0.89,-0.6153013770438329,-0.5620985189864462,0.24251549840773629,-0.8233322763462778,-0.7296444759484462,-0.46009907378747705,-0.1581216122039213,50
0,20,d3,logspline,0.9,-0.6125821491060226,-0.5601181631701003,0.23902954786241998,-0.8196915718104053,-0.7274108684300403,-0.45692693199688766,-0.16148003549967432,50
0,20,d3,logspline,0.91,-0.6098405925538405,-0.5580896203773338,0.23559446744273238,-0.8158393277078831,-0.7251515157784438,-0.45385013472755686,-0.16476555357698028,50
0,20,d3,logspline,0.92,-0.6054449673012304,-0.5560176569790792,0.23221146546442895,-0.8117853825365402,-0.7228635950695976,-0.4508643637624645,-0.1679754892497618,50
0,20,d3,logspline,0.93,-0.6010347714335075,-0.5539073276154638,0.2288814273893481,-0.8075438349851486,-0.7195878849513175,-0.44796542070487955,-0.17110755449261006,50
0,20,d3,logspline,0.94,-0.5967256040409264,-0.5517620631635398,0.22560455699540918,-0.8031323323148004,-0.7156579168752358,-0.44514922739380114,-0.17415982438878125,50
0,20,d3,logspline,0.95,-0.5925158560025783,-0.549583710077303,0.22238047773794134,-0.7985699505460255,-0.7117282664918492,-0.4466229658562387,-0.17713071285571916,50
0,20,d3,logspline,0.96,-0.5884037720799373,-0.5473739592955558,0.2192085386285896,-0.7938743537948729,-0.7078003397419796,-0.44862585696193213,-0.18001895001016896,50
0,20,d3,logspline,0.97,-0.5843874703881422,-0.5451343718767071,0.21608786819023684,-0.7888289906334198,-0.7038753521403651,-0.45051129693428227,-0.18282356104757716,50
0,20,d3,logspline,0.98,-0.5805846036740665,-0.5428663688303549,0.21301736135964913,-0.7825078652336326,-0.6999543510179114,-0.4518988977684405,-0.18554384652196632,50
0,20,d3,logspline,0.99,-0.5771752820716973,-0.5405712629795426,0.20999565180383659,-0.7762414695256321,-0.6960382353937126,-0.4528742806804009,-0.18817936392278628,50
0,20,d3,logspline,1,-0.5734624502568704,-0.5382504400061561,0.2070213886357802,-0.770036845319219,-0.6924909996268573,-0.45375588353964036,-0.19072991045459994,50
0,50,d0,ecdf,0.01,-0.9589070471076152,Inf,NA,-1.5569220732062843,-1.2405556905576836,-0.5635647793381351,0.8808061771618423,49
0,50,d0,ecdf,0.02,-0.9934109915984175,Inf,NA,-1.4719999456375437,-1.236611303313827,-0.6788769880079624,0.3480174707722805,49
0,50,d0,ecdf,0.03,-0.9972249554511388,Inf,NA,-1.4281850965658494,-1.1992515833244255,-0.7674972828653326,0.29725348775713833,49
0,50,d0,ecdf,0.04,-1.0949114478450737,-0.862758149992622,0.7638368124495706,-1.3918206691283244,-1.2321367111864685,-0.7496141916444513,0.22073824813938675,50
0,50,d0,ecdf,0.05,-1.0729745072379016,-0.8536586417780082,0.8001776061825745,-1.4035855550046397,-1.2375738146377655,-0.7703831267686448,0.24498620402276539,50
0,50,d0,ecdf,0.06,-1.069048968358816,-0.8510149731680797,0.8171765189712092,-1.3649853022723928,-1.251295044857061,-0.7652392589798905,0.17416817805845888,50
0,50,d0,ecdf,0.06999999999999999,-1.0633283959940012,-0.8460631182664147,0.8180430075309687,-1.3574171019467305,-1.237379959794249,-0.7431827539581158,0.06801319069894242,50
0,50,d0,ecdf,0.08,-1.0770347716597926,-0.8464562107121496,0.8312909963682803,-1.3630527379309574,-1.2223682097775288,-0.740783186792628,0.08140657440777525,50
0,50,d0,ecdf,0.09,-1.069367922971108,-0.8421324760397974,0.8413087848069982,-1.3414871670651671,-1.2363306876785987,-0.7566952651640138,0.047741760413801945,50
0,50,d0,ecdf,0.1,-1.0525382608644795,-0.8623122452017565,0.7178696152591422,-1.3483000521190736,-1.2253562055715248,-0.7390723586363264,0.014650231795066776,50
0,50,d0,ecdf,0.11,-1.0502384095428834,-0.8618252415569972,0.7247786593254745,-1.32758258075136,-1.2429073280388216,-0.75337701663216206,0.03330432432980979,50
0,50,d0,ecdf,0.12,-1.0518665832518823,-0.8669415881380023,0.6980110110964605,-1.3161512627368999,-1.239920243538097,-0.755985982344115,-0.011843447538231508,50
0,50,d0,ecdf,0.13,-1.0467138626587715,-0.8702902970936779,0.7076277351987666,-1.3244141688230466,-1.2421229182389553,-0.7733052813011964,-0.010840202414651404,50
0,50,d0,ecdf,0.14,-1.0316957697963964,-0.8675094803921125,0.71717908344652,-1.3188926038945679,-1.2390071917353214,-0.767991975540182,-0.008135629034319303,50
0,50,d0,ecdf,0.15000000000000002,-1.0415312683252065,-0.8663190489999338,0.7237515866542877,-1.3021628760425448,-1.2404188631137532,-0.7763572979006903,-0.012621708305010235,50
0,50,d0,ecdf,0.16,-1.013542540855003,-0.8672388476610212,0.7029737519106012,-1.3041134991880141,-1.2427607563376328,-0.7785838958849967,-0.04068687536267254,50
0,50,d0,ecdf,0.17,-1.0131721114031738,-0.8681064913461833,0.6843408928161869,-1.2925402549146279,-1.2277189316175432,-0.7812796101359565,-0.07028148809419998,50
0,50,d0,ecdf,0.18000000000000002,-1.016491054657319,-0.8646160312225686,0.6877043905366469,-1.2913175868525193,-1.2196624752471337,-0.776097998137067,-0.09170462343195258,50
0,50,d0,ecdf,0.19,-1.0320829619833076,-0.8651921561019398,0.6905357918902552,-1.291665498229635,-1.2232880119817062,-0.7860253911226001,-0.10486321285744976,50
0,50,d0,ecdf,0.2,-1.0369896767734414,-0.8605448537303726,0.6952505399304638,-1.2725186477311836,-1.2126508680428918,-0.7880231485584387,-0.10000740207291316,50
0,50,d0,ecdf,0.21,-1.0397639518317552,-0.8568200269735852,0.6988100772903737,-1.2666988394625691,-1.2046768659255647,-0.7885154478039037,-0.12878161719526435,50
0,50,d0,ecdf,0.22,-1.0420843573750527,-0.8585558412613901,0.7035215054135743,-1.2643195598542465,-1.2098148138919056,-0.7766924112750903,-0.12728566935121238,50
0,50,d0,ecdf,0.23,-1.0285588278003064,-0.8620300757719916,0.6718529630969704,-1.265623116815624,-1.2034554234777253,-0.787558772044436,-0.11582485456414324,50
0,50,d0,ecdf,0.24,-1.0295460325155479,-0.8619064482865594,0.6598843286025842,-1.2683504106606922,-1.1972333911091801,-0.7874821052862682,-0.12672868297571666,50
0,50,d0,ecdf,0.25,-1.026945007711069,-0.8630439416124055,0.6489693930557651,-1.2575106406742806,-1.1896319824339925,-0.8022609242366507,-0.13708198287173237,50
0,50,d0,ecdf,0.26,-1.0228192678349808,-0.8616379432602698,0.651145790095106,-1.2432415382067843,-1.1882926913908314,-0.8157271511407764,-0.1406187463515768,50
0,50,d0,ecdf,0.27,-1.0304560054757874,-0.8599494428304645,0.653608067938513,-1.2341586814688665,-1.1832793431381825,-0.8136900109949424,-0.13464468220838044,50
0,50,d0,ecdf,0.28,-1.031504306616803,-0.8638783219105812,0.633491572886526,-1.229025879253131,-1.1806170145126034,-0.8050217580519504,-0.1431551837768666,50
0,50,d0,ecdf,0.29000000000000004,-1.021709315450253,-0.8619431866866555,0.6264831518825559,-1.2224414143764957,-1.1732922397024075,-0.8034469846951868,-0.13449215764392378,50
0,50,d0,ecdf,0.3,-1.0243006388512272,-0.8597660670335168,0.62017088390658,-1.221578261959599,-1.1676817946913105,-0.8070429655621297,-0.1276304139843477,50
0,50,d0,ecdf,0.31,-1.024076803217501,-0.8620258408399571,0.5980482420221656,-1.2139574352816829,-1.1639507756056815,-0.8060392564356602,-0.13032370802974358,50
0,50,d0,ecdf,0.32,-1.0175397619355206,-0.8613447770598291,0.5856652032736597,-1.209553957629653,-1.1541782962342293,-0.8059140144063923,-0.13886904591329982,50
0,50,d0,ecdf,0.33,-1.008016915308736,-0.8607739160153671,0.5795914792107002,-1.2063142713934476,-1.14931043292389,-0.8046072447033904,-0.16765824046234432,50
0,50,d0,ecdf,0.34,-1.0048654240221222,-0.8590872987418342,0.5746632127992567,-1.1957136728533018,-1.1424441406246686,-0.8013460385579823,-0.181345584700693,50
0,50,d0,ecdf,0.35000000000000003,-1.0089661754310384,-0.8607525520891255,0.5597712991508442,-1.1907322162672136,-1.1353782025786816,-0.8057550924563192,-0.19201705118548207,50
0,50,d0,ecdf,0.36000000000000004,-1.0097197087686776,-0.8594976003556258,0.5475386057111145,-1.1831972858452324,-1.1314016877493906,-0.8042136910499806,-0.19861594744724903,50
0,50,d0,ecdf,0.37,-1.0002170500689478,-0.8571427514967808,0.5438412683885221,-1.173415910017579,-1.1257721033907502,-0.7979634108020606,-0.20765771915021244,50
0,50,d0,ecdf,0.38,-1.0012001099363457,-0.8570314355820862,0.5322019452780079,-1.1698844377913893,-1.1183288485723115,-0.7985274367015964,-0.21237018401661434,50
0,50,d0,ecdf,0.39,-0.9963909111045115,-0.8574472915072919,0.5150881888018869,-1.1652564052615966,-1.1145618610253658,-0.7983772840781919,-0.21427290363317655,50
0,50,d0,ecdf,0.4,-0.9895620347203884,-0.8559572053889737,0.515988845552093,-1.1613414205404626,-1.1102342132519507,-0.8016741860823912,-0.22406480106482868,50
0,50,d0,ecdf,0.41,-0.9824649893086301,-0.8546389593694835,0.501429912700661,-1.1546293316963796,-1.1014297199873015,-0.804148200964981,-0.23094808516113685,50
0,50,d0,ecdf,0.42,-0.9767783586874713,-0.8547271117545469,0.49031737646280693,-1.149568527058071,-1.1007358841627697,-0.80651413919326,-0.23880232416663788,50
0,50,d0,ecdf,0.43,-0.9697198927327816,-0.8514003832125464,0.48865147839080514,-1.1461040541672123,-1.0981957719218776,-0.7973308163919703,-0.23640017632956045,50
0,50,d0,ecdf,0.44,-0.9666444236498686,-0.8501329726028974,0.4802320670073109,-1.1386237754637318,-1.0923007986966222,-0.795744038599492,-0.23500598195275607,50
0,50,d0,ecdf,0.45,-0.9590419280760643,-0.8461468857371195,0.47564769350104713,-1.1322779663421019,-1.0843599592582402,-0.7942317751137113,-0.2375355057950031,50
0,50,d0,ecdf,0.46,-0.9537792092866098,-0.844607767714094,0.4670952662609678,-1.129649407567351,-1.0834697633345178,-0.7957627235214082,-0.24703404907000864,50
0,50,d0,ecdf,0.47,-0.950729467307232,-0.842268219954454,0.46117324378130214,-1.1195390818031166,-1.0755698606093667,-0.7919766671301925,-0.25995765532617454,50
0,50,d0,ecdf,0.48,-0.9507698867272003,-0.8405384268664398,0.45792035546984733,-1.1139454245703235,-1.071441527531338,-0.7900880200135191,-0.26617456762148767,50
0,50,d0,ecdf,0.49,-0.948891605569198,-0.8382120835719984,0.4501854393152359,-1.1090125162163256,-1.0644754264280478,-0.7857196011394563,-0.2751402320461031,50
0,50,d0,ecdf,0.5,-0.9442488563114576,-0.8353429889126561,0.44647369908401385,-1.100943676230378,-1.055629757069978,-0.7873641731483514,-0.28267672508844144,50
0,50,d0,ecdf,0.51,-0.9472439142456117,-0.8355565620669902,0.4328707984933085,-1.099043274698808,-1.0523061239459335,-0.7944282444805885,-0.29697339132043726,50
0,50,d0,ecdf,0.52,-0.9446683439134109,-0.8329022221177806,0.42521737120515546,-1.093284915262261,-1.046642510432897,-0.7964224300684029,-0.29766023095931227,50
0,50,d0,ecdf,0.53,-0.939937415344507,-0.8310659226186302,0.4166631686803136,-1.08729805810614,-1.0432026072010783,-0.7970738152873597,-0.3065116144830607,50
0,50,d0,ecdf,0.54,-0.9402588780842032,-0.8297428503295219,0.40976226020918016,-1.083188220687164,-1.0396974940244104,-0.7969403647872109,-0.31736985095820636,50
0,50,d0,ecdf,0.55,-0.9362275667517141,-0.8283402930898327,0.40064165220382963,-1.0771540631548606,-1.0357290745991952,-0.798325483898698,-0.32392056807955505,50
0,50,d0,ecdf,0.56,-0.9314769252228885,-0.8262717997434577,0.3938860698337532,-1.0689892024148455,-1.0268260752749263,-0.7972065350272075,-0.32380780801326375,50
0,50,d0,ecdf,0.5700000000000001,-0.9294261536934102,-0.8257549994583497,0.3844300519927959,-1.0629448201508578,-1.0262711986293729,-0.7934723372295254,-0.3243234287362038,50
0,50,d0,ecdf,0.5800000000000001,-0.9249485223049574,-0.8235050184043337,0.377354612413103,-1.058581633041453,-1.0209983926729442,-0.7881876227309939,-0.3282212601472605,50
0,50,d0,ecdf,0.59,-0.9226730570682128,-0.8200354052131668,0.3752454547793927,-1.0517603766741854,-1.0145987096936548,-0.7894504580949702,-0.32296153703753816,50
0,50,d0,ecdf,0.6,-0.9200958932739145,-0.8177562725218804,0.3691358502483746,-1.0507047010905217,-1.0104189076458252,-0.7862757235821458,-0.327665822831011,50
0,50,d0,ecdf,0.61,-0.9167966507947006,-0.8157869217526941,0.3636313363128908,-1.0440302440975495,-1.004737699567569,-0.7788352230141304,-0.3339460373420542,50
0,50,d0,ecdf,0.62,-0.9132086114385283,-0.8128925246565326,0.3580264475510473,-1.0395011395254699,-0.9986563218858113,-0.781375345899647,-0.3303462973807118,50
0,50,d0,ecdf,0.63,-0.9077727411778382,-0.8109525712495683,0.3523008253642511,-1.0333026290520717,-0.9941957018064522,-0.7796068706842898,-0.3293858142068691,50
0,50,d0,ecdf,0.64,-0.9036546300997119,-0.8089582586044705,0.34681835703738884,-1.0304504599957576,-0.9873640286146156,-0.7741532428553739,-0.3342691267980527,50
0,50,d0,ecdf,0.65,-0.9011939503003714,-0.8061451325573957,0.34227130359850366,-1.0264608714435342,-0.9810607942815232,-0.7714673084227425,-0.3311160177701225,50
0,50,d0,ecdf,0.66,-0.8938842985201076,-0.8037468837647055,0.33957238614670526,-1.0199534239749357,-0.9766712084886435,-0.7725510143921472,-0.3358699497063533,50
0,50,d0,ecdf,0.67,-0.8927690654156926,-0.8013562336911582,0.33209783438311913,-1.0131924961121115,-0.9698075919503384,-0.768086384484301,-0.339948019615673,50
0,50,d0,ecdf,0.68,-0.8887333749207192,-0.798774805292155,0.3282011374804882,-1.0058887997846766,-0.9703176809768287,-0.7687897041803943,-0.340563823106464,50
0,50,d0,ecdf,0.6900000000000001,-0.8826075920181509,-0.7967240722258487,0.3222682640472388,-1.0015450597165367,-0.9671154517890996,-0.7651405284123731,-0.35024426126348585,50
0,50,d0,ecdf,0.7000000000000001,-0.8758940923498392,-0.7949919294500379,0.3152484688869347,-1.0001976815793654,-0.9641725785647368,-0.7603601479278227,-0.3502221879420597,50
0,50,d0,ecdf,0.7100000000000001,-0.8693400930752277,-0.7919433677871894,0.31246395108373903,-0.995816926636865,-0.9591622960344032,-0.7607922059666017,-0.34951090247258837,50
0,50,d0,ecdf,0.72,-0.868326503247125,-0.7894723275586655,0.305954152678637,-0.989827187461968,-0.9536217062122508,-0.7608169919374697,-0.3538045301528423,50
0,50,d0,ecdf,0.73,-0.8645164941513568,-0.7865300187442132,0.30102127091162545,-0.9842620270050453,-0.9477227240401311,-0.7555257039784435,-0.35847564496421336,50
0,50,d0,ecdf,0.74,-0.8611631984643627,-0.7842039674860556,0.2962836968761403,-0.975922072291427,-0.9416381604210985,-0.7525178539597306,-0.36215484155031896,50
0,50,d0,ecdf,0.75,-0.8599814843754788,-0.7819058582791252,0.2920893717166499,-0.9718792519276043,-0.936010660295402,-0.7480414627444275,-0.36940610535049023,50
0,50,d0,ecdf,0.76,-0.8560954573996679,-0.7785490392774329,0.28901748435429336,-0.9659087986643036,-0.931946913649837,-0.7455982723418902,-0.36898106377295986,50
0,50,d0,ecdf,0.77,-0.8509373663004599,-0.7764110114829216,0.2817905828257447,-0.961868941625906,-0.9278262415715104,-0.742653838060451,-0.37603692678166445,50
0,50,d0,ecdf,0.78,-0.8512982040586841,-0.7736937409316542,0.2788963675535149,-0.9564410595621958,-0.9236487653046453,-0.7384630076427555,-0.381188572592615,50
0,50,d0,ecdf,0.79,-0.8466767225719232,-0.7706826618638487,0.2748992851081794,-0.9509549736974224,-0.9172334706185512,-0.7349408128122185,-0.383055299521872,50
0,50,d0,ecdf,0.8,-0.8421599710833041,-0.7678813910404381,0.2721784023361413,-0.944657783050886,-0.9097113449440486,-0.734284543327482,-0.38359244835456285,50
0,50,d0,ecdf,0.81,-0.837739042275403,-0.7650473221083786,0.26827956175488654,-0.9398550816013338,-0.9041806300637867,-0.7334762257119353,-0.3876721870933274,50
0,50,d0,ecdf,0.8200000000000001,-0.8321087938659185,-0.7622013113745126,0.2646873193044967,-0.9351573275411909,-0.9027377032416103,-0.7317928192193572,-0.38798356392864025,50
0,50,d0,ecdf,0.8300000000000001,-0.8301665920047043,-0.7596334237157418,0.2599775166055294,-0.9271850547795166,-0.8992228373952036,-0.7276480399357654,-0.39037451345634266,50
0,50,d0,ecdf,0.8400000000000001,-0.8276365173100977,-0.7568922782327087,0.25735562748605256,-0.9242591543980836,-0.8941399447985034,-0.7235969593524714,-0.39407242697196465,50
0,50,d0,ecdf,0.85,-0.8242133427323288,-0.7539690136255237,0.25285345838975914,-0.9203946152086336,-0.8866217554383353,-0.7258101762458503,-0.3983909441188898,50
0,50,d0,ecdf,0.86,-0.8192861305276058,-0.7508121012218163,0.24998714422057164,-0.9148906969640781,-0.8820596690331273,-0.721017950274847,-0.39862062086603633,50
0,50,d0,ecdf,0.87,-0.8154121716528465,-0.7479962642754484,0.24537621822459854,-0.909437224151617,-0.8768527166414881,-0.7177123587252641,-0.4005472216450353,50
0,50,d0,ecdf,0.88,-0.8100565047046292,-0.7450298785749597,0.24121707861937075,-0.9067305672076098,-0.8720415164705781,-0.7137938643167265,-0.4011072912224326,50
0,50,d0,ecdf,0.89,-0.8057352562740571,-0.7417204435277978,0.23812637820589183,-0.9028513348906098,-0.8673275571463327,-0.7085907859203316,-0.40375394518525176,50
0,50,d0,ecdf,0.9,-0.8008832012659209,-0.7388544034622359,0.23654905056105927,-0.8980448030134135,-0.8618355002200587,-0.7051841681169742,-0.4078079453304891,50
0,50,d0,ecdf,0.91,-0.7958188123566288,-0.7359326035892315,0.23318486773509794,-0.892718848392146,-0.8584645225935608,-0.7027021283294237,-0.4143270312478326,50
0,50,d0,ecdf,0.92,-0.7932882466974077,-0.7327888946747614,0.22827616282884985,-0.8869907083971871,-0.8533039173889218,-0.6979327258036032,-0.41192854302341475,50
0,50,d0,ecdf,0.93,-0.7899114482890945,-0.7301349330193948,0.22689427402190537,-0.8851119704210726,-0.8520826477943925,-0.6957501305085669,-0.4124786943953449,50
0,50,d0,ecdf,0.94,-0.7863048667530257,-0.7280244358406502,0.22174639837715945,-0.8809598361625941,-0.849486722614589,-0.6942783731022345,-0.4113372247839068,50
0,50,d0,ecdf,0.95,-0.7815779535389504,-0.7252455158742582,0.21810232083103942,-0.875937581619599,-0.8435861656412684,-0.6935057679207319,-0.4098708017883486,50
0,50,d0,ecdf,0.96,-0.7781272384579703,-0.7223373914248512,0.21500671936793442,-0.8721946530254412,-0.8383457674234238,-0.6911428658799823,-0.4133860054951648,50
0,50,d0,ecdf,0.97,-0.7747447937319509,-0.7189683514422853,0.21237097700234864,-0.8671547479967505,-0.8315270713795287,-0.687224549321025,-0.41830829074161413,50
0,50,d0,ecdf,0.98,-0.7690850359480687,-0.7166483392670933,0.20943993050410412,-0.862978392639041,-0.8292428757757067,-0.6819399671056686,-0.41882234046560174,50
0,50,d0,ecdf,0.99,-0.765854145932819,-0.713673336210801,0.20588524718256324,-0.8581076191760678,-0.8253620552512373,-0.6783381033379123,-0.4205705604107063,50
0,50,d0,ecdf,1,-0.7644280511083691,-0.7110223405409479,0.20283927799679058,-0.8534258837664188,-0.8210074680716453,-0.6741697467162839,-0.4258973633418975,50
0,50,d0,logspline,0.01,-1.1250079583602806,-0.9118268401428982,0.8021090348353344,-1.401998054353243,-1.3238577552576238,-0.8180995222168357,0.07986864574497562,50
0,50,d0,logspline,0.02,-1.1205984673087723,-0.9103464542237393,0.7949704713628133,-1.395668192220322,-1.317905769994453,-0.8178176044083594,0.07048191531086921,50
0,50,d0,logspline,0.03,-1.1162005141421094,-0.9088843955541082,0.7877929525505842,-1.3893568155991587,-1.3121189043275894,-0.81754075760136935,0.06110319475838574,50
0,50,d0,logspline,0.04,-1.1118140984852847,-0.9074369027330437,0.7805799740482172,-1.3830639236964808,-1.3063483640729538,-0.8172689815479931,0.05176455411525528,50
0,50,d0,logspline,0.05,-1.1074392198133045,-0.9060009143949567,0.7733344649129962,-1.3767895154017804,-1.3005941483465753,-0.8170022759029704,0.042489828956981335,50
0,50,d0,logspline,0.06,-1.1030758774512206,-0.9045738819571891,0.7660588220061094,-1.3705335892873962,-1.2948562560120063,-0.8167406402213271,0.033289856707977905,50
0,50,d0,logspline,0.06999999999999999,-1.0987240705741734,-0.9031536286834787,0.7587551630241324,-1.364124908644589,-1.2891346856804016,-0.8164840739604291,0.024170091155292908,50
0,50,d0,logspline,0.08,-1.0943837982074114,-0.9017387176724146,0.7514250935440112,-1.357390910150691,-1.2834294357105915,-0.8162325764772759,0.015133914666520656,50
0,50,d0,logspline,0.09,-1.0900550592263558,-0.900328229178761,0.744069903047937,-1.3506778665611732,-1.277740504209192,-0.8159861470314631,0.006183743826923591,50
0,50,d0,logspline,0.1,-1.0857378523566477,-0.8989215105089244,0.7366907666733736,-1.3439857743569101,-1.2720678890307102,-0.8157447847836315,-0.0026785278566322096,50
0,50,d0,logspline,0.11,-1.0814321761742094,-0.8975180277577882,0.7292888496605963,-1.3373146296057854,-1.2664115877776811,-0.8155084887956432,-0.011451328272531994,50
0,50,d0,logspline,0.12,-1.0789556205928552,-0.8961161820012723,0.7218653662761925,-1.33066442796303,-1.2607715978008094,-0.8152772580311456,-0.020133305397498802,50
0,50,d0,logspline,0.13,-1.07663880677379,-0.8947118489539967,0.7144215406941469,-1.3240351646715989,-1.2551479161991295,-0.8150510913546997,-0.02872327227293038,50
0,50,d0,logspline,0.14,-1.0743303109725804,-0.8932990372427022,0.7069585009866522,-1.317426834562581,-1.2495405398201824,-0.8148299875329105,-0.03722017508451296,50
0,50,d0,logspline,0.15000000000000002,-1.0720301315057745,-0.8918723449567969,0.6994772612244817,-1.3108394320556482,-1.243949465260209,-0.8146139452338783,-0.045623073530946856,50
0,50,d0,logspline,0.16,-1.0697382665656956,-0.8904297642382762,0.6919788526374127,-1.3042729511595363,-1.2383746888643503,-0.8143180130768688,-0.05393112807768358,50
0,50,d0,logspline,0.17,-1.067454714220526,-0.888972130264563,0.6844644624504452,-1.2977273854725602,-1.232816206726872,-0.813727399569053,-0.06214359123748141,50
0,50,d0,logspline,0.18000000000000002,-1.0651794724143033,-0.8875016553665577,0.6769354851259368,-1.2912027281831695,-1.2272740146914003,-0.8131419674983551,-0.07025980129240139,50
0,50,d0,logspline,0.19,-1.0629125389671528,-0.8860202400865844,0.6693934927145371,-1.284698972070534,-1.221748108351173,-0.8125617151394927,-0.07827917754174199,50
0,50,d0,logspline,0.2,-1.0606539115752942,-0.8845292243328504,0.6618401873813837,-1.278216109505168,-1.2162384830493045,-0.8119866406692166,-0.08620121652864071,50
0,50,d0,logspline,0.21,-1.0575434265302999,-0.8830294411759663,0.6542773474085046,-1.2717541324495834,-1.2107451338790696,-0.811416742166415,-0.09402548890844868,50
0,50,d0,logspline,0.22,-1.0532232753004345,-0.8815213025100697,0.6467068074673246,-1.2653130324589852,-1.2052680556841964,-0.8108520176120841,-0.10175163674618809,50
0,50,d0,logspline,0.23,-1.0489150830104959,-0.8800048927774383,0.6391304550870823,-1.2588928006819957,-1.19980724305918,-0.8102924648896243,-0.10937937110586422,50
0,50,d0,logspline,0.24,-1.0446188463831314,-0.8784800399123941,0.6315502277286111,-1.2524934278614168,-1.1943626903496072,-0.8097380817848447,-0.1169084698415253,50
0,50,d0,logspline,0.25,-1.0403345634538632,-0.8769463901653289,0.6239681201392019,-1.2461149043350215,-1.1889343916524975,-0.8091888659861686,-0.12433877553001671,50
0,50,d0,logspline,0.26,-1.0360622339343184,-0.87540351345812,0.616386213089986,-1.239757220036387,-1.1835223408166589,-0.8086448150845515,-0.13167019350492393,50
0,50,d0,logspline,0.27,-1.0318018588663778,-0.8738509304281464,0.6088066720389103,-1.2334203644957522,-1.1781265314430582,-0.8081059265738977,-0.13890268996419786,50
0,50,d0,logspline,0.28,-1.0275534403274027,-0.8722875747527538,0.6012315495858549,-1.227104326840919,-1.1727469568852058,-0.8075721978509722,-0.14603629013266972,50
0,50,d0,logspline,0.29000000000000004,-1.0233169811966178,-0.8707106456282075,0.593662355679206,-1.22080909579818,-1.1673836102495558,-0.8070436262156833,-0.15307107646662274,50
0,50,d0,logspline,0.3,-1.0190924849683933,-0.8691160874605366,0.5861001641743987,-1.214534659693281,-1.1620364843959208,-0.8065202088711274,-0.16000718689170407,50
0,50,d0,logspline,0.31,-1.0148799556018355,-0.8675010270335405,0.5785464455419794,-1.2082810064524174,-1.156705571937898,-0.8060019429237713,-0.16684481306832086,50
0,50,d0,logspline,0.32,-1.010679397398753,-0.8658646781940161,0.5710034084208323,-1.2020481236032667,-1.1514289905923174,-0.8054888253836453,-0.1735841986806606,50
0,50,d0,logspline,0.33,-1.0064908149039793,-0.8642075414247854,0.5634737403110857,-1.1958359982760454,-1.1469088978617683,-0.8049808531250557,-0.1802256377469029,50
0,50,d0,logspline,0.34,-1.002314212823453,-0.8625302541085783,0.5559602076321457,-1.1896446172046093,-1.1416987068457574,-0.8044780086673622,-0.1867694729491815,50
0,50,d0,logspline,0.35000000000000003,-0.9985201591389676,-0.8608333702579523,0.5484655747067763,-1.183473966727576,-1.1359200500041478,-0.8039801934703612,-0.19321609398253742,50
0,50,d0,logspline,0.36000000000000004,-0.9954946354520531,-0.8591173716417089,0.5409926014494525,-1.1773240327894858,-1.1306285080501466,-0.8034872040443863,-0.19956593592263763,50
0,50,d0,logspline,0.37,-0.9924784975422261,-0.8573826881271208,0.5335440289228239,-1.171194800941994,-1.1253965427158108,-0.8029987450069653,-0.20581947761231378,50
0,50,d0,logspline,0.38,-0.9894717510916652,-0.8556297119788754,0.5261225698417764,-1.1650862563450906,-1.1200585428664165,-0.8025144412632402,-0.21197724006726337,50
0,50,d0,logspline,0.39,-0.986474401724502,-0.8538588028058925,0.5187309095225194,-1.1589983837683575,-1.1147372515135219,-0.8020338483640299,-0.218039784901351,50
0,50,d0,logspline,0.4,-0.9834864549787615,-0.852070277781898,0.5113717066807102,-1.1529311675922518,-1.109455622581746,-0.8015564613736124,-0.2240077127720898,50
0,50,d0,logspline,0.41,-0.9805079162825519,-0.8502643999214842,0.5040475934158819,-1.1468845918094228,-1.104056746864509,-0.801081722513832,-0.22988166184688225,50
0,50,d0,logspline,0.42,-0.9775387909338202,-0.8484413750947086,0.49676117589070307,-1.140858640026059,-1.098612892480606,-0.8006090277997769,-0.23566230629066404,50
0,50,d0,logspline,0.43,-0.974579084083076,-0.8466013100165221,0.48951504177863336,-1.1348532954632642,-1.0931865202407784,-0.8001377328417828,-0.24135035477514405,50
0,50,d0,logspline,0.44,-0.9716288007186276,-0.8447441150514265,0.48231180096849247,-1.128868540958468,-1.0877862508723628,-0.7996671579563586,-0.24694653686434764,50
0,50,d0,logspline,0.45,-0.9686879456539343,-0.842869404449836,0.4751541407382541,-1.1229043942752979,-1.0826001404546075,-0.7991965927028801,-0.25245149923151666,50
0,50,d0,logspline,0.46,-0.9657565233359375,-0.8409765295318566,0.46804483739579794,-1.1169614642358883,-1.0774305280348804,-0.7982976920159868,-0.25786573087974096,50
0,50,d0,logspline,0.47,-0.9628324957489776,-0.8390645335805971,0.4609867238288671,-1.1110410943151647,-1.0722774162586464,-0.797122079247867,-0.26318957421178074,50
0,50,d0,logspline,0.48,-0.959896306936094,-0.8371315823902664,0.45398246000984865,-1.1051445781640228,-1.0671408094239483,-0.7959519871020778,-0.26842324037541454,50
0,50,d0,logspline,0.49,-0.9569143105299261,-0.8351754648538098,0.4470343844473525,-1.0992730531609705,-1.0620207132241026,-0.7947869244127557,-0.2735668226813561,50
0,50,d0,logspline,0.5,-0.9538648297471894,-0.8331948935368175,0.4401447036554269,-1.093430982822072,-1.0569171345218444,-0.7936262360691517,-0.27862030839512897,50
0,50,d0,logspline,0.51,-0.9498016765458726,-0.8311894558255891,0.4333156353615821,-1.0877063323329321,-1.0518300811506198,-0.7924691197745124,-0.2835835891558549,50
0,50,d0,logspline,0.52,-0.9454417088107394,-0.8291592010389969,0.4265494713392824,-1.0820074504617416,-1.04675956173938,-0.7913146409672638,-0.28845647023503684,50
0,50,d0,logspline,0.53,-0.9410954746345599,-0.8271042943974356,0.41984849054845386,-1.0765276786289362,-1.041705585557782,-0.7901617461678735,-0.2932386788153845,50
0,50,d0,logspline,0.54,-0.9367630304168266,-0.8250249977815559,0.41321492160548023,-1.071305493742826,-1.0366681623791665,-0.78900927497479445,-0.2979298714422993,50
0,50,d0,logspline,0.55,-0.9324444390585738,-0.8229216568036674,0.4066509309439937,-1.0661007336743467,-1.031647302359049,-0.7878559707991502,-0.30252964284672507,50
0,50,d0,logspline,0.56,-0.9281397691447466,-0.8207946032326872,0.4001586159464934,-1.0609134115092016,-1.0267033380581636,-0.7863498886930397,-0.3070375884715193,50
0,50,d0,logspline,0.5700000000000001,-0.9238490942152483,-0.8186440816020907,0.3937400011045024,-1.055743543755928,-1.0218842473232206,-0.7841375640375199,-0.31145340818126444,50
0,50,d0,logspline,0.5800000000000001,-0.9195724921140918,-0.8164702393544241,0.38739703859120717,-1.0505911498971405,-1.017081498527183,-0.7819285166186866,-0.3157769180852591,50
0,50,d0,logspline,0.59,-0.9153100444075106,-0.8142731381327879,0.3811316077218898,-1.0454562519877448,-1.0122951032840886,-0.7793119466431819,-0.320008041687902,50
0,50,d0,logspline,0.6,-0.911061835863098,-0.8120527653433144,0.374945514606141,-1.0403388742946769,-1.0075250727938079,-0.7764213606653482,-0.3241468017514517,50
0,50,d0,logspline,0.61,-0.9068279539830739,-0.8098090448793747,0.36884049198021607,-1.03523904297343,-1.0027714178150129,-0.7735371169727778,-0.3281933128407086,50
0,50,d0,logspline,0.62,-0.9026084885856713,-0.8075418476134576,0.3628181993614322,-1.0301567857772476,-0.9980341486413143,-0.7706583578235237,-0.33214777447880933,50
0,50,d0,logspline,0.63,-0.8984035314293851,-0.8052510012489901,0.35688022362666183,-1.0250921317953798,-0.9933132750802112,-0.7677841262417628,-0.3360104648519191,50
0,50,d0,logspline,0.64,-0.8942131758754852,-0.8029363000700127,0.35102808004401403,-1.0200451112172477,-0.9886088064345575,-0.7649133946512582,-0.3397817350080449,50
0,50,d0,logspline,0.65,-0.8900375165847542,-0.8005975185478598,0.34526321356083545,-1.0150157551197507,-0.9839207514862771,-0.7620452352150107,-0.3434620035016405,50
0,50,d0,logspline,0.66,-0.8858766492448973,-0.798234423680887,0.3395870006981913,-1.010004095275281,-0.9792491184820926,-0.7591789481522087,-0.34705175144126965,50
0,50,d0,logspline,0.67,-0.8817306703254962,-0.7958467848191231,0.3340007523452911,-1.0050101639783091,-0.9745939151210632,-0.7563140524635743,-0.3505515179024787,50
0,50,d0,logspline,0.68,-0.8778425394734669,-0.793434405785366,0.32850571783110044,-1.0000339938886373,-0.9699551485437484,-0.7531560795502115,-0.353961895672267,50
0,50,d0,logspline,0.6900000000000001,-0.8747205092767847,-0.7909971648245705,0.32310309088062517,-0.9950756178896557,-0.96533282532284,-0.7506402674990226,-0.3572835272952789,50
0,50,d0,logspline,0.7000000000000001,-0.8715648103550262,-0.7885351096435534,0.31779405774844105,-0.9901350689601192,-0.9607269514551142,-0.7482900002088071,-0.3605171013950864,50
0,50,d0,logspline,0.7100000000000001,-0.8683750180806378,-0.7860490845871514,0.31258009007260157,-0.9852123800581125,-0.9561375323545797,-0.7457650512175551,-0.36366334924678817,50
0,50,d0,logspline,0.72,-0.8651507448406779,-0.7835409762049291,0.3074630433445622,-0.9803075840160561,-0.9515728312380033,-0.7432299129361513,-0.3667230415796783,50
0,50,d0,logspline,0.73,-0.8618916409009931,-0.7810127452913348,0.3024447080222275,-0.9754611222037897,-0.9471606416863114,-0.7406853344645726,-0.36969698559092945,50
0,50,d0,logspline,0.74,-0.8585973952327549,-0.7784657714681046,0.2975265177634762,-0.9706675234806172,-0.9427040106495052,-0.7378734576815206,-0.3725860221532136,50
0,50,d0,logspline,0.75,-0.8552677362981851,-0.7759008889879223,0.2927095727140316,-0.9658910300185806,-0.9380791254050579,-0.7350639912193557,-0.37539102320088535,50
0,50,d0,logspline,0.76,-0.8519024327922784,-0.7733184813679609,0.2879946289018455,-0.9611316615571586,-0.9331325492222383,-0.7322572061994934,-0.37811288928090503,50
0,50,d0,logspline,0.77,-0.8485012943372741,-0.7707187825456878,0.2833820164931666,-0.9563894375492634,-0.9283050388063263,-0.7294533589076317,-0.38075254725601315,50
0,50,d0,logspline,0.78,-0.8450641721266284,-0.7681020676768029,0.27887166854036516,-0.9516673784459981,-0.9234946928192304,-0.7266526917495991,-0.38331094814889266,50
0,50,d0,logspline,0.79,-0.841508485815404,-0.7654686582591786,0.2744631666448693,-0.9469808085123218,-0.9187021604846822,-0.7238554341337664,-0.38578906511710764,50
0,50,d0,logspline,0.8,-0.8376824444078965,-0.762818916961213,0.2701557807866805,-0.9423111641529343,-0.9139280777664113,-0.7210618032865331,-0.38818789154958167,50
0,50,d0,logspline,0.81,-0.833869198374069,-0.7601532447346339,0.26594850644142437,-0.9376584564665107,-0.9091730680640449,-0.7182084838452483,-0.3905084392762087,50
0,50,d0,logspline,0.8200000000000001,-0.8300687408073747,-0.7574720862353329,0.26184010099963007,-0.9330226960959439,-0.9044377429491456,-0.7152670546937638,-0.3927517368829724,50
0,50,d0,logspline,0.8300000000000001,-0.82628106432727,-0.7547759360090156,0.25782911548460535,-0.92840389320198,-0.8997227029402632,-0.7123529241842717,-0.39491882812561835,50
0,50,d0,logspline,0.8400000000000001,-0.8225061608270112,-0.7520653500185656,0.25391392154386366,-0.9238020574395857,-0.8950285383161924,-0.7098859632162126,-0.3970107704355348,50
0,50,d0,logspline,0.85,-0.8187440214734824,-0.7493409439053824,0.2500927361156583,-0.9192171979368207,-0.8903558299669372,-0.7074095719781089,-0.39902863351205137,50
0,50,d0,logspline,0.86,-0.8149946367437004,-0.7466033859222192,0.24636364373878836,-0.9146493232760246,-0.88569099535949,-0.7048355677103804,-0.4009734979958527,50
0,50,d0,logspline,0.87,-0.8112579964588587,-0.7438533903725079,0.24272461651397478,-0.9100984414771207,-0.8810244611262962,-0.7022089986615085,-0.4028464542186459,50
0,50,d0,logspline,0.88,-0.8075340898161008,-0.741091708943145,0.23917353179546644,-0.9055645599828839,-0.8763801780601964,-0.6995823538318328,-0.40464860102462885,50
0,50,d0,logspline,0.89,-0.8038229054182016,-0.7383191140278884,0.23570818753638068,-0.9010476856460141,-0.8717586798551225,-0.696955967925821,-0.4063810446596505,50
0,50,d0,logspline,0.9,-0.8001244313013199,-0.7355363856527154,0.2323263169444558,-0.8965478247178739,-0.8671604960148996,-0.6943301596388756,-0.4080448977242965,50
0,50,d0,logspline,0.91,-0.7964386549609692,-0.7327443033913965,0.22902560242882714,-0.8920649828387719,-0.8625861529232697,-0.6921509315729008,-0.4096412781874181,50
0,50,d0,logspline,0.92,-0.7927655633763432,-0.7299436427281382,0.2258036860559297,-0.8875991650296666,-0.8580361510155543,-0.690287257449292,-0.41117130845688754,50
0,50,d0,logspline,0.93,-0.7891051430331233,-0.7271351615239633,0.22265817259655013,-0.8831503756851904,-0.8535108121136594,-0.68802312102402,-0.41263611450461135,50
0,50,d0,logspline,0.94,-0.7854573799448777,-0.7243195928188221,0.2195866331342835,-0.8785411944017374,-0.8490101881944746,-0.6857487594040809,-0.4140368250430468,50
0,50,d0,logspline,0.95,-0.7818222596731561,-0.7214976477530328,0.21658661160606943,-0.8738354945280429,-0.8445340828175715,-0.6834646732102849,-0.41537457075067014,50
0,50,d0,logspline,0.96,-0.7780407378407312,-0.7186700255192903,0.2136556363383989,-0.8691543714750869,-0.8400821822553621,-0.6811713455804607,-0.4166504835440239,50
0,50,d0,logspline,0.97,-0.7741674855001242,-0.7158374225740668,0.21079123059078694,-0.8645107853991836,-0.8356541738515142,-0.6788692430598315,-0.4178656958941357,50
0,50,d0,logspline,0.98,-0.7702983604797113,-0.7130005333357643,0.20799091784225693,-0.8598947830949764,-0.8312735331678264,-0.6765588164333611,-0.4190213401852604,50
0,50,d0,logspline,0.99,-0.7664367615094635,-0.7101600456861914,0.20525224843069761,-0.8553024807623064,-0.8269790434029937,-0.6742405015043917,-0.42011854811401694,50
0,50,d0,logspline,1,-0.7625861348446261,-0.7073166256138989,0.2025728876347524,-0.8507337849215089,-0.8227039162297178,-0.6716699383984244,-0.42115845012714825,50
0,50,d1,ecdf,0.01,Inf,Inf,NA,-2.814963657552124,Inf,Inf,Inf,7
0,50,d1,ecdf,0.02,Inf,Inf,NA,-2.8150055919186667,-1.4287112307987762,Inf,Inf,22
0,50,d1,ecdf,0.03,-0.6178509024021868,Inf,NA,-2.3275656710729624,-1.7164631910702963,Inf,Inf,37
0,50,d1,ecdf,0.04,-1.1411968832534356,Inf,NA,-1.919126937718373,-1.4288789557052164,-0.21587138972531217,Inf,44
0,50,d1,ecdf,0.05,-1.094289409227866,Inf,NA,-1.8990083654449164,-1.5037957515493694,-0.6950355611189802,Inf,46
0,50,d1,ecdf,0.06,-1.1778440242873691,Inf,NA,-1.8755886966959627,-1.4291584525682757,-0.8413717876661564,0.7680661247679442,48
0,50,d1,ecdf,0.06999999999999999,-1.1737189937836527,Inf,NA,-1.788464630286708,-1.4087208084065206,-0.8697243076738337,0.7642696101295023,49
0,50,d1,ecdf,0.08,-1.258964275747998,Inf,NA,-1.7064802915955308,-1.429549654449381,-0.8541855095458196,0.6498918872304545,49
0,50,d1,ecdf,0.09,-1.2548456670519903,Inf,NA,-1.664466822954731,-1.4173645965497654,-0.8195275957941449,0.24988385764141866,49
0,50,d1,ecdf,0.1,-1.2069089163861535,Inf,NA,-1.650166960949893,-1.389230473180108,-0.8119012112038675,0.09734074417645704,49
0,50,d1,ecdf,0.11,-1.177623530698587,Inf,NA,-1.5949502980694676,-1.4220468892221945,-0.8683524550762425,0.03324034338464747,49
0,50,d1,ecdf,0.12,-1.1787141815684647,Inf,NA,-1.5884478865793783,-1.395249010844164,-0.8428801071270544,-0.19262250747905546,49
0,50,d1,ecdf,0.13,-1.121398539173403,-0.9578540640235436,0.7815031230675776,-1.6026358348165926,-1.3762907888021931,-0.9062871595564574,-0.12446172713196087,50
0,50,d1,ecdf,0.14,-1.080426415526389,-0.9705839007531145,0.7193216293351873,-1.58650445264968,-1.3627187922830024,-0.9407695041357568,-0.17862945208885994,50
0,50,d1,ecdf,0.15000000000000002,-1.1032166651426287,-0.977086105636692,0.7354138146776718,-1.5732045352619446,-1.3722828182856284,-0.8828829629873418,-0.20186070679068363,50
0,50,d1,ecdf,0.16,-1.1234937584076392,-0.9988658067549417,0.6580546410470938,-1.5806450833856986,-1.363488939340586,-0.8703819004712596,-0.1566110365533981,50
0,50,d1,ecdf,0.17,-1.1226708331046793,-1.0201872710377866,0.6207315666145957,-1.5790388028704165,-1.4044437846068416,-0.8286212018051403,-0.19117880499776596,50
0,50,d1,ecdf,0.18000000000000002,-1.1413370893297536,-1.023850313263895,0.6315733921117163,-1.572344866052618,-1.4081757285990693,-0.8446703542977163,-0.16950721628869173,50
0,50,d1,ecdf,0.19,-1.1356900972383588,-1.0214965439633379,0.6204994260127977,-1.582402498569063,-1.416920354555749,-0.8425470756080929,-0.15512272197696722,50
0,50,d1,ecdf,0.2,-1.146553494534302,-1.016895481946933,0.6126962107515527,-1.5450810746180785,-1.4009408632892344,-0.8175471331207205,-0.157058780794286,50
0,50,d1,ecdf,0.21,-1.1568844759081918,-1.0216373624220145,0.6136198314375716,-1.5323730927100605,-1.3929206017557334,-0.8986317706145961,-0.09530707493256821,50
0,50,d1,ecdf,0.22,-1.1668080862279138,-1.0297756949209629,0.6084282096530379,-1.5721266894159815,-1.3844314122803127,-0.9162801701428208,-0.0971348471182241,50
0,50,d1,ecdf,0.23,-1.15148140820934,-1.029398330886477,0.609289639241696,-1.5576074310030972,-1.3673525664026074,-0.9361264792090938,-0.1563668771820798,50
0,50,d1,ecdf,0.24,-1.1350045069857029,-1.0217361424696667,0.6122723794911717,-1.521913205703917,-1.328568152155051,-0.9181931886860052,-0.154878397287421,50
0,50,d1,ecdf,0.25,-1.1480448213306296,-1.0232830576875231,0.6103689120218271,-1.513135497483772,-1.3417344711458756,-0.9292021958146188,-0.13232261794160505,50
0,50,d1,ecdf,0.26,-1.1404721074307114,-1.021008810917904,0.5872369674030046,-1.4853901667818183,-1.3353226855518794,-0.9232948021450812,-0.13210080602041097,50
0,50,d1,ecdf,0.27,-1.13870410211848,-1.01788538708655,0.5917349293241285,-1.4885748209163139,-1.3132760512268546,-0.9178647145805013,-0.18533874847171278,50
0,50,d1,ecdf,0.28,-1.1416272645403847,-1.0200617487790706,0.5738051954378163,-1.4849429725400964,-1.295780588994394,-0.9214305990835854,-0.1845671229732628,50
0,50,d1,ecdf,0.29000000000000004,-1.1546598307634872,-1.0204778378617094,0.5788854073174386,-1.479077027390686,-1.2960258638277746,-0.9440950616561375,-0.1678370289161228,50
0,50,d1,ecdf,0.3,-1.1490255740714956,-1.0173330986346447,0.5669535228679109,-1.4655447402040054,-1.2967935190902233,-0.964891524649915,-0.1473185069480327,50
0,50,d1,ecdf,0.31,-1.1364942263129238,-1.013559891491465,0.5426278022136306,-1.4519456377211506,-1.29179954827553,-0.9607784141712558,-0.13645780063096577,50
0,50,d1,ecdf,0.32,-1.1261467346324225,-1.0069176259595993,0.5368632618012639,-1.434020506421591,-1.2832627905401561,-0.9390670301849267,-0.11227666909992208,50
0,50,d1,ecdf,0.33,-1.127860803969007,-0.9987416152829314,0.5428250137601025,-1.4205469617003161,-1.28480321714812,-0.9393246434787191,-0.10619185345493679,50
0,50,d1,ecdf,0.34,-1.115833193134076,-0.995527197791878,0.5438592688013223,-1.4186036036489065,-1.281535599276405,-0.9436532715172403,-0.11382591779481069,50
0,50,d1,ecdf,0.35000000000000003,-1.1080566043926077,-0.9951353945766906,0.5465866356417539,-1.4045666353183797,-1.2799793998714393,-0.9562557606009352,-0.13798140491936348,50
0,50,d1,ecdf,0.36000000000000004,-1.103981428721437,-0.9975442124575125,0.5268693883041515,-1.3930797481974575,-1.2698275826722025,-0.9803460544258149,-0.18409857702516533,50
0,50,d1,ecdf,0.37,-1.094821271693451,-0.9950172862884503,0.5193806825804211,-1.394022565367829,-1.269743594189018,-0.968706907321365,-0.2183052531085219,50
0,50,d1,ecdf,0.38,-1.0931996581079695,-0.9928980943927755,0.5070425555032098,-1.3775066701981649,-1.261826694441212,-0.9725776202853742,-0.21954288000599775,50
0,50,d1,ecdf,0.39,-1.099886757019763,-0.9920621018696077,0.4990697970836052,-1.3661209206847662,-1.2566305588080056,-0.969574709994248,-0.2140733551623692,50
0,50,d1,ecdf,0.4,-1.0993839917418318,-0.9907922046527897,0.4751818449898842,-1.3429763944161368,-1.2408861063716414,-0.949347988690888,-0.21917497534576,50
0,50,d1,ecdf,0.41,-1.0979397807247344,-0.9859372871334511,0.47675877278269474,-1.3314784471333885,-1.2415199667141243,-0.9533501018950844,-0.19129954440182406,50
0,50,d1,ecdf,0.42,-1.0940215337316932,-0.9841371756581188,0.4670604421026153,-1.3344148548406873,-1.2368685980792793,-0.9371563356268346,-0.2267386088906213,50
0,50,d1,ecdf,0.43,-1.084905867809006,-0.9823295566254832,0.45941287866243585,-1.3198189546385137,-1.2309860300927442,-0.9439756899497552,-0.23510829023925806,50
0,50,d1,ecdf,0.44,-1.0963806064056771,-0.9796024075167953,0.4532768232095032,-1.3071538812753547,-1.2187947104579606,-0.9398007899638176,-0.2840000092702427,50
0,50,d1,ecdf,0.45,-1.0860689592102326,-0.9763687798828171,0.4341459177761328,-1.294106850481916,-1.2085340590287872,-0.9342627163070354,-0.2749614674027566,50
0,50,d1,ecdf,0.46,-1.070010730612935,-0.9709584600877177,0.43237966113000453,-1.28094774399523,-1.2085616794980798,-0.9299398826621992,-0.28237415890816864,50
0,50,d1,ecdf,0.47,-1.068042156840674,-0.9661108055431373,0.4300339823069793,-1.2712961168253902,-1.2013945834994277,-0.9290077759508997,-0.2696548235514633,50
0,50,d1,ecdf,0.48,-1.0601957029247797,-0.9620405464250935,0.42562069965580573,-1.25753771176023,-1.1905944349782565,-0.9207479092647878,-0.28504718643621973,50
0,50,d1,ecdf,0.49,-1.0608153636733322,-0.9572803904965748,0.42134389176582304,-1.2460296855368753,-1.1803667963270452,-0.9087238944246667,-0.30270607670915056,50
0,50,d1,ecdf,0.5,-1.0427595595272001,-0.9543453688116704,0.41288149159535764,-1.2400280783154374,-1.1871508293156152,-0.9080102831371603,-0.28481263528445006,50
0,50,d1,ecdf,0.51,-1.0392694828836857,-0.9506885741432864,0.41286639488508864,-1.2297961890288724,-1.1810860524434568,-0.9161094551289396,-0.28148108782528164,50
0,50,d1,ecdf,0.52,-1.042146488202143,-0.9473597719634863,0.41097498764992824,-1.2236715003359773,-1.1738206246814975,-0.9113917154270876,-0.2998227920341172,50
0,50,d1,ecdf,0.53,-1.0388516000367805,-0.9429682241447221,0.4056056555243503,-1.2192402652424081,-1.1697864624955343,-0.9124820235524483,-0.2864974442833929,50
0,50,d1,ecdf,0.54,-1.0255454844592746,-0.9392860148669453,0.39782452219269376,-1.2074007494663894,-1.1538028674125114,-0.9172047760160618,-0.2834940566415534,50
0,50,d1,ecdf,0.55,-1.0270940165432663,-0.9369706231689288,0.38795391712958993,-1.2017113996812596,-1.1504916240559129,-0.9142317120802891,-0.2865345038949127,50
0,50,d1,ecdf,0.56,-1.015996851735745,-0.9332659209492022,0.3790159963761292,-1.1866479177831113,-1.1460029280641375,-0.9188468633911965,-0.2829579659562053,50
0,50,d1,ecdf,0.5700000000000001,-1.008926609585215,-0.9295043964900361,0.37191167625253946,-1.1756486362100507,-1.1361369858387973,-0.9084660239988218,-0.28793586703272284,50
0,50,d1,ecdf,0.5800000000000001,-1.004658873717609,-0.9249486436171733,0.3613139047159123,-1.1744563756146889,-1.1246625608862255,-0.8982689970342594,-0.30150804314695245,50
0,50,d1,ecdf,0.59,-0.9992588250115906,-0.9183643113761554,0.36094541979640365,-1.169214821524617,-1.121561444182145,-0.8937570956407275,-0.3097777620263259,50
0,50,d1,ecdf,0.6,-0.9982609212836051,-0.9152417517904903,0.35019614852504477,-1.1631359978537834,-1.1090370515680323,-0.8952208260739898,-0.3248376450685371,50
0,50,d1,ecdf,0.61,-0.9846294992654604,-0.9102495657925314,0.34620693732572855,-1.1557792144190413,-1.0994687588778305,-0.8932117155556476,-0.31929698698266185,50
0,50,d1,ecdf,0.62,-0.9867123488075307,-0.9072451416198104,0.34143966250259933,-1.1465399561698875,-1.088838380510581,-0.8890443769460987,-0.32499679291828265,50
0,50,d1,ecdf,0.63,-0.9774707008273612,-0.9032692789566752,0.33712055721687867,-1.1442575107645956,-1.0877468650923594,-0.8861104658741881,-0.3407679998650519,50
0,50,d1,ecdf,0.64,-0.9692078739866457,-0.8989977192795285,0.33615742891680905,-1.1351016436766335,-1.082349535537168,-0.8798422566543809,-0.3483302458841978,50
0,50,d1,ecdf,0.65,-0.9689364838996851,-0.8938521612204264,0.3335601309290411,-1.1257773502014046,-1.0779488709262472,-0.8809390090028749,-0.3455066238441024,50
0,50,d1,ecdf,0.66,-0.960605675731548,-0.890866195132728,0.32166473388298156,-1.11677708287883,-1.069616677890975,-0.8837626874144657,-0.3721699340874753,50
0,50,d1,ecdf,0.67,-0.9523392120141618,-0.888977595128142,0.3074315636730995,-1.1092244242875142,-1.0527701162806926,-0.8885657948497752,-0.3896208243683864,50
0,50,d1,ecdf,0.68,-0.9516034236643445,-0.8854226826822671,0.301651116613049,-1.1012251330168659,-1.0585182013844956,-0.8856301210424029,-0.4050750304235604,50
0,50,d1,ecdf,0.6900000000000001,-0.9433530331150365,-0.8790955136575908,0.2999973831709895,-1.092728557244619,-1.046372155792851,-0.8786703173944096,-0.40838976210356626,50
0,50,d1,ecdf,0.7000000000000001,-0.9408904426571645,-0.8741258078995112,0.29637124576477913,-1.0893609923695144,-1.0441088630445396,-0.8656280755157041,-0.41536695800012,50
0,50,d1,ecdf,0.7100000000000001,-0.9320090860749639,-0.869612234843535,0.2913933869578083,-1.076921553789912,-1.030363358311151,-0.8611195013826045,-0.4100878109098298,50
0,50,d1,ecdf,0.72,-0.9314513811963512,-0.8652459507508637,0.2843441773955738,-1.0686178310615688,-1.0224773560796279,-0.8484416149277707,-0.4202883266643624,50
0,50,d1,ecdf,0.73,-0.9246604514487697,-0.8590792994411989,0.2797522109098033,-1.0604939540905776,-1.0131454490066474,-0.8389218087782148,-0.4175306648064827,50
0,50,d1,ecdf,0.74,-0.9212137393546992,-0.85305624891499,0.2790684946706724,-1.0524815656254445,-1.001549301839017,-0.8377382986570998,-0.41885586234888983,50
0,50,d1,ecdf,0.75,-0.9131903091025348,-0.8480002088214362,0.27470253357639135,-1.0421950132280846,-0.9916500946244221,-0.835359701483174,-0.42521426429230225,50
0,50,d1,ecdf,0.76,-0.9065311087574355,-0.8429145119562278,0.2737529278837594,-1.033185517263608,-0.9862830683216012,-0.8239729018885433,-0.4258810199226277,50
0,50,d1,ecdf,0.77,-0.9005268542837366,-0.8377792653167802,0.27039455623823766,-1.0238097389501204,-0.9774862072655406,-0.8198629865907567,-0.42202649635688305,50
0,50,d1,ecdf,0.78,-0.8951995898771378,-0.8334305595381926,0.266767128930109,-1.0133896435572392,-0.9741722764407441,-0.8180426282053441,-0.4246760274507557,50
0,50,d1,ecdf,0.79,-0.8886970159199181,-0.8271784492006498,0.263357309748149,-1.0058010100273715,-0.9605626613368041,-0.8109103011702905,-0.4264875526918034,50
0,50,d1,ecdf,0.8,-0.8834275353589542,-0.8206767634593176,0.2618615773141745,-0.9973225812827582,-0.9554320696017168,-0.8032483284074046,-0.4323619978079074,50
0,50,d1,ecdf,0.81,-0.8752796860772512,-0.8165311472738467,0.2577956866261516,-0.9948250810870396,-0.9495174099792831,-0.8016503084135839,-0.4341519049838749,50
0,50,d1,ecdf,0.8200000000000001,-0.8752252139421649,-0.8127526571049578,0.251355303007018,-0.9883737483230932,-0.9417969951422597,-0.796262945203269,-0.43847039473866367,50
0,50,d1,ecdf,0.8300000000000001,-0.8644075395971808,-0.8072230378807153,0.24596991361026024,-0.9848834138982986,-0.9323545989771206,-0.7899943700844982,-0.4340969453733515,50
0,50,d1,ecdf,0.8400000000000001,-0.8576409161161509,-0.8036838819049635,0.24258367509267934,-0.9799308796153405,-0.928223435843252,-0.7903120509814454,-0.43817142819721006,50
0,50,d1,ecdf,0.85,-0.8542300569565353,-0.7994628946737551,0.2375655966961484,-0.9732561275298852,-0.9208011627906827,-0.7875590333171585,-0.4419467972867467,50
0,50,d1,ecdf,0.86,-0.851328359755208,-0.7960526324234953,0.2308754784478598,-0.9659952847535884,-0.9162324683193086,-0.7810602456960419,-0.4444621155781986,50
0,50,d1,ecdf,0.87,-0.8447221803476888,-0.7905912264657776,0.22736734545479784,-0.9550847006378951,-0.9136326438893052,-0.7737969296415939,-0.4455151965210271,50
0,50,d1,ecdf,0.88,-0.8387194496113044,-0.7865488506744177,0.22464529355340987,-0.952610791885657,-0.9071608197484217,-0.770793473564048,-0.4518803193808272,50
0,50,d1,ecdf,0.89,-0.8287022298201502,-0.7812201879420938,0.22149360012706898,-0.9414000380968693,-0.9033765602022628,-0.7694031389353948,-0.45175309001555786,50
0,50,d1,ecdf,0.9,-0.8228967015658191,-0.7766781344042922,0.21773739352074414,-0.937146861810723,-0.8963214117440731,-0.7671315959864156,-0.44875057299426535,50
0,50,d1,ecdf,0.91,-0.8181545712587592,-0.7713705665753173,0.21498408800760258,-0.9314246963202235,-0.889600521644927,-0.7624609399235802,-0.4506465611324972,50
0,50,d1,ecdf,0.92,-0.8114874453807539,-0.7662018613576003,0.2120754152823453,-0.9241882365544483,-0.8820609768181205,-0.7531568698996092,-0.4576399561115733,50
0,50,d1,ecdf,0.93,-0.8058919657903408,-0.7622678261074219,0.20868493162744126,-0.9163664821107369,-0.8759930782270979,-0.7524657434827733,-0.45346074846097173,50
0,50,d1,ecdf,0.94,-0.7965473887064223,-0.7584371854768117,0.20545926787976251,-0.9100775385059314,-0.873119580899118,-0.7423616955690083,-0.45335671285494183,50
0,50,d1,ecdf,0.95,-0.7949152591634259,-0.7533132863996905,0.20056386018456385,-0.9038451555824014,-0.8667345038376995,-0.7394458343255186,-0.4547300162241008,50
0,50,d1,ecdf,0.96,-0.7872019272204138,-0.7492477102187756,0.19694167628403292,-0.8936808071876069,-0.8561016629384466,-0.7362766365763138,-0.4572484585991187,50
0,50,d1,ecdf,0.97,-0.7791457196477141,-0.7443493164437622,0.1936923761018847,-0.8847642162579614,-0.8505976163054242,-0.7292360351548914,-0.4618856297512649,50
0,50,d1,ecdf,0.98,-0.7757788372125836,-0.7395058752926924,0.19115873514689077,-0.8780071558061426,-0.8443153453829026,-0.7251802422719063,-0.4585625409443517,50
0,50,d1,ecdf,0.99,-0.7683843907631136,-0.7346783641941343,0.18920576947624157,-0.8740730529333862,-0.8375006480550549,-0.7209242907204348,-0.45814853068047967,50
0,50,d1,ecdf,1,-0.7624494433104035,-0.7298393833040699,0.1869717896873976,-0.8655740469852509,-0.8326558574537042,-0.7160141554874658,-0.46248860271094905,50
0,50,d1,logspline,0.01,-3.034069458334141,-2.7745637954792315,1.0031817659340716,-3.6753056777145714,-3.461190833900221,-2.578352123092957,-0.6487104051783045,50
0,50,d1,logspline,0.02,-2.3897540230934013,-2.151829498222102,0.9528605704286899,-3.015914019105998,-2.797564489285712,-1.9321958245886273,-0.004456224073952766,50
0,50,d1,logspline,0.03,-2.0438372244226146,-1.8192175027368764,0.9009094332293865,-2.6463495343715597,-2.4250119247737003,-1.6138865973794192,0.3188865395100354,50
0,50,d1,logspline,0.04,-1.8025233456410608,-1.6065822873178928,0.8490051927943948,-2.3955831383432638,-2.1714859927772667,-1.4429365428776535,0.47826737425221194,50
0,50,d1,logspline,0.05,-1.6411246571133633,-1.4601406513507227,0.7995352624519771,-2.209824890271511,-1.978608637785974,-1.3103197616589328,0.5472460926730922,50
0,50,d1,logspline,0.06,-1.5204166532861658,-1.3553943936792703,0.7550082982247477,-2.065350908856697,-1.8275056686254394,-1.200546249051802,0.3710009123307234,50
0,50,d1,logspline,0.06999999999999999,-1.4293477840081303,-1.2788086671550596,0.7172139487865987,-1.9564336381992158,-1.7072460701593337,-1.1329373129304208,0.2185905140796111,50
0,50,d1,logspline,0.08,-1.3857178560579273,-1.2219268105501946,0.6867644535077408,-1.8758236382158628,-1.615027185773911,-1.0762404146594489,0.16814541104723002,50
0,50,d1,logspline,0.09,-1.33242265268958,-1.1790098719271904,0.6630840722386141,-1.8049989418442913,-1.5712493959220146,-1.0598186709354764,0.098235239372381,50
0,50,d1,logspline,0.1,-1.3124778330269349,-1.1460000247915023,0.6447634102456575,-1.740681089020831,-1.5418292726478968,-1.0229698956301163,0.01436462071987725,50
0,50,d1,logspline,0.11,-1.318641568181099,-1.120144986841085,0.6301658563506808,-1.6860499257930934,-1.4944877583008358,-0.9961208625528326,-0.07838374547427134,50
0,50,d1,logspline,0.12,-1.297822145370243,-1.0998253472065866,0.6181294045572713,-1.6393188946695347,-1.4536253112559292,-0.9686770766835151,-0.165670604431819,50
0,50,d1,logspline,0.13,-1.2689826137617968,-1.0839425744963616,0.6080992776705266,-1.6012343035677867,-1.4179981613068375,-0.9651622780404201,-0.24447663938352548,50
0,50,d1,logspline,0.14,-1.2531974149065523,-1.071546881410081,0.5997535328032491,-1.5683801432268196,-1.4113740180772858,-0.9554637232172822,-0.2921927049483879,50
0,50,d1,logspline,0.15000000000000002,-1.2195974945447214,-1.061840638223968,0.5927930689256012,-1.5448549561007503,-1.3907699512024037,-0.946865696885866,-0.32729318628455484,50
0,50,d1,logspline,0.16,-1.1903788539996554,-1.0541892763397518,0.5868998241814268,-1.5411635403581214,-1.3690630680083953,-0.941345849768336,-0.34838862710247487,50
0,50,d1,logspline,0.17,-1.1661226837292629,-1.0480926909448534,0.5817691907473469,-1.5358184465447868,-1.364519591144155,-0.9382882116849853,-0.3418067425406161,50
0,50,d1,logspline,0.18000000000000002,-1.1456925573977852,-1.043157409029354,0.5771379906380905,-1.528699004194618,-1.361005576514883,-0.9299140475490169,-0.337618866714209,50
0,50,d1,logspline,0.19,-1.1362882804853904,-1.039077416519262,0.5727958686262705,-1.5245771388124216,-1.3595155027829207,-0.9190807280014911,-0.3353758033466054,50
0,50,d1,logspline,0.2,-1.128625494949119,-1.0356235267796088,0.568591864715021,-1.5211169219636258,-1.3563024608267058,-0.8975279699717195,-0.33470728727663385,50
0,50,d1,logspline,0.21,-1.115825373642584,-1.0326382236445886,0.5644369109389571,-1.5194953394644353,-1.3415618706485142,-0.8929441148871577,-0.33530649492642284,50
0,50,d1,logspline,0.22,-1.1120110532099687,-1.0300109239597937,0.5602809822657026,-1.5170865914753922,-1.331216702236288,-0.9142331112559059,-0.33380692185284006,50
0,50,d1,logspline,0.23,-1.105763743314863,-1.0276627945537822,0.5560944900090861,-1.5138072526980078,-1.3317770803128266,-0.920420798062288,-0.31813269247506154,50
0,50,d1,logspline,0.24,-1.1028662664699462,-1.0255439741611545,0.5518610476986676,-1.4985222147176367,-1.3325580269027515,-0.9210251049206477,-0.3042777060808836,50
0,50,d1,logspline,0.25,-1.0943740597037075,-1.0236191648256145,0.5475692456941899,-1.4839947107410003,-1.3255870100984635,-0.924424331660129,-0.2920766111200301,50
0,50,d1,logspline,0.26,-1.098925887469117,-1.021854561055048,0.5432066450506362,-1.470930562347807,-1.319732718086713,-0.9275759172116872,-0.2813827186572338,50
0,50,d1,logspline,0.27,-1.1091484376711724,-1.0202181291110202,0.5387627178535233,-1.4662637947544817,-1.3121826321824193,-0.9232263570421569,-0.27206519410825886,50
0,50,d1,logspline,0.28,-1.1130821127694392,-1.0186782524674898,0.534230415698097,-1.4615633586916605,-1.304239846291514,-0.9370665262811115,-0.26400676197059086,50
0,50,d1,logspline,0.29000000000000004,-1.1137653510922938,-1.0172002836503182,0.5296056056873588,-1.4565656095395787,-1.3011380715460974,-0.9526225799216128,-0.2571018150523449,50
0,50,d1,logspline,0.3,-1.1148708347600333,-1.0157417971907061,0.5248843172898239,-1.4512681268480225,-1.2991349160823087,-0.9611737053052753,-0.25125484556648353,50
0,50,d1,logspline,0.31,-1.119871278612243,-1.0142495325843364,0.5200585686224928,-1.4451490943590861,-1.294171017545271,-0.9684475696241108,-0.24637913450728904,50
0,50,d1,logspline,0.32,-1.1248288270236133,-1.012659472970069,0.5151122339454426,-1.4384498643074604,-1.2892649018065598,-0.9710757429138344,-0.2423956499172091,50
0,50,d1,logspline,0.33,-1.1275018777368189,-1.010914732465857,0.5100284490538103,-1.4315409244561228,-1.284405839150743,-0.9711014039545295,-0.23923211533567307,50
0,50,d1,logspline,0.34,-1.1265366707650943,-1.0089911618386096,0.504806310985893,-1.4241845460784837,-1.2795827057133766,-0.9706625831705746,-0.23682221784334326,50
0,50,d1,logspline,0.35000000000000003,-1.123513244547644,-1.0068880453050295,0.49945786415427396,-1.416392944350598,-1.2747843662583977,-0.9662538675955288,-0.23510493134637364,50
0,50,d1,logspline,0.36000000000000004,-1.1194912742035403,-1.004609171737875,0.49399705713136577,-1.4060719762807752,-1.269999945429551,-0.961568252132101,-0.23402393556668283,50
0,50,d1,logspline,0.37,-1.1151923454254278,-1.00215938937007,0.488437503475983,-1.3952360485249162,-1.265219016713841,-0.9631672485229645,-0.23352711496493123,50
0,50,d1,logspline,0.38,-1.1106378127586325,-0.9995443917326197,0.48279231852335674,-1.3847222707219158,-1.2600527647599016,-0.966755906070937,-0.23356612477824196,50
0,50,d1,logspline,0.39,-1.105846831651426,-0.9967699123313406,0.4770737755532539,-1.374337961358798,-1.252146104558097,-0.9694428150368201,-0.2340960156839525,50
0,50,d1,logspline,0.4,-1.1008368485655753,-0.9938416019422762,0.4712932256378818,-1.3639047012867307,-1.2447229515351126,-0.9689276800305267,-0.2350750023164075,50
0,50,d1,logspline,0.41,-1.0996548917929436,-0.9907656604118203,0.4654612282091642,-1.3529142000855914,-1.2333920822714068,-0.9679287990241535,-0.2364644062909106,50
0,50,d1,logspline,0.42,-1.0932377522339847,-0.9875494255464411,0.45958781424240425,-1.3389900289327554,-1.2222065314171837,-0.9664944287814816,-0.23822843210099692,50
0,50,d1,logspline,0.43,-1.0867313738626332,-0.9842012773075699,0.45368268393892186,-1.3273912858955004,-1.2111708877968517,-0.9646682594505199,-0.24033390551320832,50
0,50,d1,logspline,0.44,-1.0801482874488335,-0.9807301358787245,0.44775520689049997,-1.3166389008005437,-1.2025616826568684,-0.9607776979873122,-0.24275004143884088,50
0,50,d1,logspline,0.45,-1.0734937519906094,-0.9771453082312477,0.44181446499400473,-1.3069346033259706,-1.1997840128980892,-0.956488549355912,-0.2454482377442978,50
0,50,d1,logspline,0.46,-1.0670178866254494,-0.9734564936479078,0.4358693159890159,-1.296496079752398,-1.1975772010242083,-0.9520260769635867,-0.24840189153328934,50
0,50,d1,logspline,0.47,-1.060880234731014,-0.9696736011971339,0.42992833187293333,-1.285867945953934,-1.1947222350058881,-0.9474179435575109,-0.25158623496535537,50
0,50,d1,logspline,0.48,-1.057135345409224,-0.9658061745280175,0.4239995546840828,-1.275091136583495,-1.1912812830191366,-0.9426880332663137,-0.25497818811541106,50
0,50,d1,logspline,0.49,-1.0537588551987715,-0.96186339395846,0.41809048771968693,-1.264409655573072,-1.1873105743986232,-0.9378570031952427,-0.258556226745397,50
0,50,d1,logspline,0.5,-1.0496797311573918,-0.9578541856977173,0.41220816818919187,-1.2538056875631365,-1.1828613092590432,-0.9329427453501943,-0.26230026316525384,50
0,50,d1,logspline,0.51,-1.043554586574807,-0.9537872477627003,0.4063592047200958,-1.2431492478292656,-1.176130519143228,-0.9279607751672463,-0.2661915386172445,50
0,50,d1,logspline,0.52,-1.0372641006090502,-0.9496709700571629,0.40054974232112084,-1.2326181043589053,-1.1685384103715382,-0.9229245596539309,-0.2702125258339172,50
0,50,d1,logspline,0.53,-1.0308265664811316,-0.9455134363624845,0.3947854574180754,-1.2233568812008873,-1.1607282442372964,-0.9173281237162583,-0.2743468406027017,50
0,50,d1,logspline,0.54,-1.0242598774371772,-0.9413225289972875,0.38907153551290685,-1.2140203191267727,-1.1527382150536183,-0.9112400610685131,-0.2785791613250712,50
0,50,d1,logspline,0.55,-1.017861412283001,-0.9371060206529077,0.38341273941321624,-1.2046277799742902,-1.1456375387886741,-0.9051627362863992,-0.2828951556900395,50
0,50,d1,logspline,0.56,-1.0117686794765062,-0.9328715633261934,0.3778134776168053,-1.1951963245024864,-1.1385197098933195,-0.8991024809907191,-0.2908454052746504,50
0,50,d1,logspline,0.5700000000000001,-1.0056382832122495,-0.9286257569187611,0.37227742881556725,-1.1857410020895827,-1.131116520013232,-0.8930647318822106,-0.30031726273374537,50
0,50,d1,logspline,0.5800000000000001,-0.9996193295819304,-0.9243727907906188,0.3668070886426166,-1.1762750992953914,-1.1249833603677293,-0.8888326027928122,-0.3094225997053423,50
0,50,d1,logspline,0.59,-0.9952217381251124,-0.9201141794927635,0.3614037450852941,-1.166810353853437,-1.1176575472150265,-0.8861548913985948,-0.31816675983646336,50
0,50,d1,logspline,0.6,-0.9906733489094246,-0.915848778854945,0.3560674791877006,-1.1573571394923032,-1.1113163516529212,-0.8834820346091037,-0.32655567741992086,50
0,50,d1,logspline,0.61,-0.9859846394940134,-0.9115728441090792,0.3507971199169273,-1.147924626047887,-1.105149044383929,-0.8805253976297732,-0.3345958122269167,50
0,50,d1,logspline,0.62,-0.9811653193275931,-0.9072805033608713,0.34559038087519034,-1.1385209185695575,-1.0991031666200137,-0.8778945882086717,-0.34229408975814296,50
0,50,d1,logspline,0.63,-0.976224423235468,-0.9029653053648109,0.34044463343485815,-1.1303032592541398,-1.0931231290076102,-0.8760508914456115,-0.34965784645236253,50
0,50,d1,logspline,0.64,-0.9711703913442921,-0.8986210669110702,0.3353572597615364,-1.1225262154503652,-1.0871509623785935,-0.8740804173892004,-0.35669477944516065,50
0,50,d1,logspline,0.65,-0.9660111375813378,-0.8942429517156669,0.33032598658533885,-1.115048932533171,-1.0811271421338742,-0.8719846870838912,-0.3634129005173081,50
0,50,d1,logspline,0.66,-0.9609862925453917,-0.8898280054072388,0.32534907333915236,-1.1088267017826876,-1.0735829426164731,-0.8697657491971269,-0.36982049391281774,50
0,50,d1,logspline,0.67,-0.9563963748508211,-0.8853744543387516,0.32042499114278145,-1.1027921261647715,-1.0650646004492967,-0.86742612742828,-0.3759260777422606,50
0,50,d1,logspline,0.68,-0.9516879229518429,-0.8808814167823592,0.31555239684320313,-1.0968018733821938,-1.0566971718063944,-0.8649687724508244,-0.3817383687178867,50
0,50,d1,logspline,0.6900000000000001,-0.9468648290465536,-0.8763489069043152,0.3107302737988802,-1.0908500641020105,-1.048474159607471,-0.8613345009412916,-0.387266249994184,50
0,50,d1,logspline,0.7000000000000001,-0.9419311989653234,-0.8717780418170457,0.30595815483260097,-1.084930813580623,-1.0408978659079,-0.8557181108219464,-0.3925187419113124,50
0,50,d1,logspline,0.7100000000000001,-0.9368913272560608,-0.8671710754460323,0.3012362242214342,-1.0790382430369232,-1.0339668644076432,-0.85014351403944,-0.3975049754596758,50
0,50,d1,logspline,0.72,-0.9315867596794358,-0.8625310712501298,0.296565192514869,-1.0724139586610546,-1.0271168971976237,-0.8446101417529724,-0.40223416830235337,50
0,50,d1,logspline,0.73,-0.9258839581176384,-0.8578614101215474,0.29194606232153264,-1.0651575485773028,-1.0203446623440782,-0.8388989653017394,-0.40671560320830147,50
0,50,d1,logspline,0.74,-0.9197035976880759,-0.8531656243282529,0.2873800177683761,-1.0582334107184366,-1.0136470100052397,-0.8327438050824844,-0.4109586087636923,50
0,50,d1,logspline,0.75,-0.9132991585872218,-0.8484473451716004,0.28286836010079563,-1.051371142818348,-1.005054130199868,-0.8266729913426242,-0.414972542241569,50
0,50,d1,logspline,0.76,-0.9069003098941728,-0.8437102628127527,0.2784124485854241,-1.044563066823636,-0.99578623163839,-0.820684203615145,-0.4187667745214848,50
0,50,d1,logspline,0.77,-0.9005085611760562,-0.8389580987967942,0.2740136489232706,-1.0378014956660175,-0.9863976276322509,-0.8147751853715077,-0.4223506769611655,50
0,50,d1,logspline,0.78,-0.8941254708726043,-0.8341945918871839,0.2696732909713074,-1.0310190270301136,-0.9769484155802058,-0.8089437432094343,-0.42573361013161776,50
0,50,d1,logspline,0.79,-0.8877526403613569,-0.829423494925285,0.2653926370234516,-1.023850577028658,-0.9684108305355871,-0.8031877459187443,-0.4289249143357169,50
0,50,d1,logspline,0.8,-0.8813917084648485,-0.8246485807734711,0.26117286156725344,-1.0166993915300122,-0.960416274934411,-0.797505123448532,-0.4319339018382766,50
0,50,d1,logspline,0.81,-0.8751110003075673,-0.8198736689291122,0.25701504462090896,-1.009566251456901,-0.9535510601032281,-0.7918938657955877,-0.4347698334082639,50
0,50,d1,logspline,0.8200000000000001,-0.8698231268312019,-0.815102661827868,0.2529201958122224,-1.001839999990839,-0.9467669546935349,-0.7863520218310645,-0.43744163195571517,50
0,50,d1,logspline,0.8300000000000001,-0.8644772895824172,-0.8103395380874859,0.2488892722752689,-0.9942289657818248,-0.9400569226596786,-0.7814977633439297,-0.43995753853884983,50
0,50,d1,logspline,0.8400000000000001,-0.8590854852112895,-0.8055879250890623,0.24492299845383633,-0.9869380399549852,-0.9337167650037846,-0.776813879317276,-0.4423251323225373,50
0,50,d1,logspline,0.85,-0.8544642022027278,-0.8008507865610233,0.24102177764809082,-0.9796879537290477,-0.9263625825676955,-0.7721590553912853,-0.4445513969236362,50
0,50,d1,logspline,0.86,-0.8498132311924396,-0.7961304705213393,0.23718577703843063,-0.9724801791932227,-0.9193914658731801,-0.7675328231998991,-0.44664277921043716,50
0,50,d1,logspline,0.87,-0.8451344894837217,-0.7914284514668836,0.2334148359740166,-0.9653160307757116,-0.9125175234241445,-0.7629347090836875,-0.44860524151801273,50
0,50,d1,logspline,0.88,-0.840429911451295,-0.7867452602458604,0.2297084411640846,-0.9581966785280611,-0.9057371970620247,-0.7583642365658427,-0.45044430811200054,50
0,50,d1,logspline,0.89,-0.8351296925432067,-0.7820810184864952,0.2260659502852781,-0.9511231602012212,-0.8990469921121037,-0.7538209285311974,-0.4521651066151635,50
0,50,d1,logspline,0.9,-0.8296383504260147,-0.7774358501761423,0.22248674844868288,-0.9440963922347078,-0.8924488036560224,-0.7493043091400158,-0.45377240501147065,50
0,50,d1,logspline,0.91,-0.824148729377728,-0.7728099394621665,0.21897025106456672,-0.9371171797668081,-0.8859569873804521,-0.7448139055047946,-0.45527064475830487,50
0,50,d1,logspline,0.92,-0.8186629103546735,-0.7682035584136642,0.21551589917179578,-0.9301862257619266,-0.8795173109473737,-0.7403492491552036,-0.45666397046602236,50
0,50,d1,logspline,0.93,-0.8131829424136765,-0.7636170891737145,0.2121231589653026,-0.923304139340752,-0.8731292608108906,-0.7359098773135632,-0.4579562565433801,50
0,50,d1,logspline,0.94,-0.8075168393258668,-0.7590510401301236,0.20879152556959285,-0.9164714433897807,-0.8671444351868093,-0.7314953340008397,-0.45915113115554074,50
0,50,d1,logspline,0.95,-0.8016480365529282,-0.7545060393596218,0.20552051953595407,-0.9096885815186131,-0.8610129525031075,-0.7271051709909954,-0.4602519977970372,50
0,50,d1,logspline,0.96,-0.7958507433003945,-0.749982701493276,0.2023096192252262,-0.9029644666611266,-0.8543384832585177,-0.7227389486296298,-0.46126205474402526,50
0,50,d1,logspline,0.97,-0.7906888795165483,-0.7454815380879478,0.1991582248852274,-0.8964016770804979,-0.8477395822707535,-0.7183962365311829,-0.4621843126174414,50
0,50,d1,logspline,0.98,-0.7855578703108574,-0.7410029481321201,0.19606566896630628,-0.8898845434387778,-0.8421421141088502,-0.7140766141674452,-0.4630216102604096,50
0,50,d1,logspline,0.99,-0.7804576776104081,-0.7365472066574046,0.19303122280207066,-0.8834133217988116,-0.8369898353310739,-0.7097796713588356,-0.4637766291088592,50
0,50,d1,logspline,1,-0.7751527563233648,-0.7321144496294533,0.1900540966187659,-0.8769882166286771,-0.8319068855242504,-0.7054988819975362,-0.4644519062131149,50
0,50,d2,ecdf,0.01,Inf,Inf,NA,Inf,Inf,Inf,Inf,0
0,50,d2,ecdf,0.02,Inf,Inf,NA,Inf,Inf,Inf,Inf,0
0,50,d2,ecdf,0.03,Inf,Inf,NA,Inf,Inf,Inf,Inf,1
0,50,d2,ecdf,0.04,Inf,Inf,NA,Inf,Inf,Inf,Inf,2
0,50,d2,ecdf,0.05,Inf,Inf,NA,-2.6683898804525854,Inf,Inf,Inf,8
0,50,d2,ecdf,0.06,Inf,Inf,NA,-2.814979515438771,-2.1218323348788255,Inf,Inf,15
0,50,d2,ecdf,0.06999999999999999,Inf,Inf,NA,-2.9166987580416652,-1.659861329525076,Inf,Inf,22
0,50,d2,ecdf,0.08,Inf,Inf,NA,-2.6461163996058885,-1.259822038485998,Inf,Inf,25
0,50,d2,ecdf,0.09,-0.9071016057904844,Inf,NA,-2.516539518224585,-1.6002487863504296,Inf,Inf,29
0,50,d2,ecdf,0.1,-0.5917224466324811,Inf,NA,-2.3014372153032565,-1.6903347353005906,Inf,Inf,32
0,50,d2,ecdf,0.11,-0.9997151066364744,Inf,NA,-2.098327395304584,-1.6928622871964196,-0.306567926076529,Inf,38
0,50,d2,ecdf,0.12,-0.7395305344929946,Inf,NA,-1.9922935029883624,-1.6558212663671497,-0.04638335393304922,Inf,43
0,50,d2,ecdf,0.13,-1.0496315549874031,Inf,NA,-2.0044028074296225,-1.598937699321458,-0.5003254106533481,Inf,45
0,50,d2,ecdf,0.14,-0.9721450061724024,Inf,NA,-2.0316021751951787,-1.6652921867323478,-0.27899782561245723,Inf,45
0,50,d2,ecdf,0.15000000000000002,-1.2487763868125736,Inf,NA,-1.985650319816973,-1.5771661550071086,-0.478553866338999,Inf,47
0,50,d2,ecdf,0.16,-1.1333788010495125,Inf,NA,-1.96005737423398,-1.4900537449882447,-0.629548900942642,0.5006151167538238,48
0,50,d2,ecdf,0.17,-1.2040349588952262,Inf,NA,-1.9011978249258465,-1.4917170313470072,-0.6618286831915959,0.6812733871890159,48
0,50,d2,ecdf,0.18000000000000002,-1.1392086436183904,Inf,NA,-1.7849435921323138,-1.4756808802396033,-0.6283830198523996,0.06476416070754569,48
0,50,d2,ecdf,0.19,-1.1606896127735589,Inf,NA,-1.7203054007089815,-1.508996307041775,-0.7552245046653945,0.22560474834633185,48
0,50,d2,ecdf,0.2,-1.1623939929896447,Inf,NA,-1.7262621564543186,-1.4677756425408264,-0.6322239639683178,0.09036897550572336,48
0,50,d2,ecdf,0.21,-1.181373128571201,Inf,NA,-1.6943111657215129,-1.5028533707096436,-0.5756966727594219,0.2352335434569069,49
0,50,d2,ecdf,0.22,-1.2105757659609,Inf,NA,-1.6416875212628397,-1.4985866776221664,-0.5669027775458113,0.15007194796521517,49
0,50,d2,ecdf,0.23,-1.199827380328688,Inf,NA,-1.6510885968668223,-1.4760807569568464,-0.6922612774703395,0.03008779787930606,49
0,50,d2,ecdf,0.24,-1.221314133736643,Inf,NA,-1.6486254239313403,-1.4716425990915936,-0.7554166745315831,-0.04182959407352372,49
0,50,d2,ecdf,0.25,-1.1943599425635985,Inf,NA,-1.6145671610603765,-1.4456743708445043,-0.6905300424567279,-0.08490115307157164,49
0,50,d2,ecdf,0.26,-1.212094048207702,Inf,NA,-1.5784040366705328,-1.4352375995219118,-0.7274479931223848,-0.09183281931396763,49
0,50,d2,ecdf,0.27,-1.161433713351085,Inf,NA,-1.571054869253825,-1.430370084986054,-0.686591350117467,-0.2333711336656354,49
0,50,d2,ecdf,0.28,-1.1912100434948336,-0.9898613617814149,0.6761816317459975,-1.5369634874329279,-1.414642712884615,-0.7126490260653358,-0.3005659588144537,50
0,50,d2,ecdf,0.29000000000000004,-1.1974758560414744,-0.989406615298478,0.6782551370279722,-1.5282166595308293,-1.37602469981699,-0.7742337092825047,-0.3394829887033516,50
0,50,d2,ecdf,0.3,-1.1858988234847818,-0.9847013772473968,0.6864323603345734,-1.5540085790288891,-1.368275785010357,-0.7909604199755335,-0.2849640809942383,50
0,50,d2,ecdf,0.31,-1.180132255362538,-0.9843902552460906,0.684915058861471,-1.519532923372705,-1.3800193910053409,-0.7983140065024303,-0.3145332201403142,50
0,50,d2,ecdf,0.32,-1.1965588222044188,-1.0003642355084343,0.619711492790779,-1.5124819943387942,-1.3846110537073586,-0.7801958429852003,-0.35018886045903674,50
0,50,d2,ecdf,0.33,-1.1971678967996435,-1.0051891714610506,0.6180158100335972,-1.5016015226047046,-1.3602913503773166,-0.8131064871737783,-0.35836129780526416,50
0,50,d2,ecdf,0.34,-1.1711278867510018,-0.9919423170116396,0.6177008318589327,-1.4867623053738246,-1.350371249140265,-0.771184940917479,-0.37498052639996693,50
0,50,d2,ecdf,0.35000000000000003,-1.1718241954795487,-1.0003228198728753,0.5305778802567473,-1.4906235593042587,-1.3490415688255692,-0.8112420824918697,-0.32283604702997587,50
0,50,d2,ecdf,0.36000000000000004,-1.1556933636300188,-1.0074165096995522,0.49407962346142575,-1.474746251175932,-1.3252145172049683,-0.7861863552830357,-0.3446968348958508,50
0,50,d2,ecdf,0.37,-1.1438692519903095,-1.003343364720935,0.4942059820017959,-1.4540544255243062,-1.3380252664312668,-0.8115293408568991,-0.36232758175484886,50
0,50,d2,ecdf,0.38,-1.1243867643069263,-0.9967846916670937,0.48111916573350333,-1.414873887686316,-1.315556023533428,-0.8139545325031209,-0.3601663594896718,50
0,50,d2,ecdf,0.39,-1.1353056268453328,-0.9952996078858906,0.48495878631414663,-1.4098183288690347,-1.314072054118352,-0.8680154966291549,-0.3672571381122698,50
0,50,d2,ecdf,0.4,-1.1318243295355779,-1.0008189713006854,0.4672564863239301,-1.407460586170123,-1.3137853547199834,-0.8600722083607346,-0.42804343170201975,50
0,50,d2,ecdf,0.41,-1.11678803345329,-0.9949528667025536,0.4599774746287348,-1.3829850660446326,-1.3009531264410847,-0.8471244665041874,-0.4397139900642804,50
0,50,d2,ecdf,0.42,-1.1302955648506021,-0.998992262939381,0.4610178473833206,-1.3875004322955329,-1.2921763479701134,-0.8741530752580954,-0.4933132061110271,50
0,50,d2,ecdf,0.43,-1.1431095784028669,-0.9982841962781747,0.4615138934894244,-1.3704171122925315,-1.2715287919224696,-0.8994587856825931,-0.4973650187280376,50
0,50,d2,ecdf,0.44,-1.1262286079737758,-0.9987268156367323,0.4513071989946279,-1.3434724371607971,-1.2761687552646908,-0.8910323186414394,-0.5161960659606786,50
0,50,d2,ecdf,0.45,-1.119140670940999,-0.9956862731715971,0.44042303961636664,-1.3458546618855758,-1.2717988090216312,-0.8942594997282485,-0.5437765260374372,50
0,50,d2,ecdf,0.46,-1.1332278177319122,-0.9940860432220606,0.43882923596342394,-1.3211754753046874,-1.2670037097134648,-0.8678441693801022,-0.5280341365288447,50
0,50,d2,ecdf,0.47,-1.1098753641373817,-0.9887496820646987,0.43255215888118637,-1.3035280153476043,-1.2684585644510986,-0.8871562720022367,-0.4964643878923011,50
0,50,d2,ecdf,0.48,-1.121695301085298,-0.9852980991792332,0.42967182980637264,-1.3157943897686641,-1.2475529866760127,-0.8946802724654688,-0.49107690592066167,50
0,50,d2,ecdf,0.49,-1.1000918559814876,-0.9778077411302744,0.417247022413462,-1.3062234900175378,-1.2289842201119072,-0.8925098502729836,-0.4808236080061145,50
0,50,d2,ecdf,0.5,-1.0944715417568673,-0.9731158910075653,0.4141316787571228,-1.3015444288433784,-1.228828615223189,-0.9015394549210329,-0.45420614829939443,50
0,50,d2,ecdf,0.51,-1.087544260001848,-0.9703713757935203,0.404295963643709,-1.2843400494461352,-1.2092262498944306,-0.9031969938069799,-0.478419527629543,50
0,50,d2,ecdf,0.52,-1.0819328598648492,-0.9655825517475521,0.403956328675917,-1.2777007384993557,-1.1981294691030002,-0.8943425753324222,-0.4777627045267482,50
0,50,d2,ecdf,0.53,-1.0797707368301248,-0.960930727285803,0.40023694645385416,-1.2679549126867324,-1.1863892353948438,-0.8818728310998545,-0.471839534749079,50
0,50,d2,ecdf,0.54,-1.069728615739844,-0.9607283353862069,0.39150072190690066,-1.2653917424050005,-1.175091504659553,-0.8621631853215277,-0.4657273731455573,50
0,50,d2,ecdf,0.55,-1.0527591807781684,-0.9549900416659691,0.38382172547523963,-1.2643274070140136,-1.1782224072237089,-0.8783986189330036,-0.46798021111340904,50
0,50,d2,ecdf,0.56,-1.0598544943032011,-0.9540495640418785,0.37039986309928585,-1.2542303581904435,-1.1600150917642642,-0.8830671704470552,-0.49601147746714613,50
0,50,d2,ecdf,0.5700000000000001,-1.049684020613582,-0.9492604118811948,0.357707576415273,-1.240712448986748,-1.1548506874784146,-0.8700297487515941,-0.478231049969719,50
0,50,d2,ecdf,0.5800000000000001,-1.0500239380877059,-0.9457788137535786,0.34354253589629585,-1.22451884146387,-1.1471515063796311,-0.8742382453832298,-0.4864051583869854,50
0,50,d2,ecdf,0.59,-1.0420903023964174,-0.941002485917377,0.3393428068307792,-1.2184106972826931,-1.1332529967096512,-0.870563430897831,-0.4898069220563296,50
0,50,d2,ecdf,0.6,-1.0319070325202468,-0.9357141426806648,0.3308474479922566,-1.199762366093505,-1.124602343891572,-0.8719667660116341,-0.4858350488387034,50
0,50,d2,ecdf,0.61,-1.0213551582980513,-0.9295085719524069,0.32780872470993716,-1.1809910256455738,-1.1250713240789905,-0.8692415334481649,-0.4946357647940882,50
0,50,d2,ecdf,0.62,-1.0183517916629594,-0.9250951461728198,0.32762731599145895,-1.1841026644898767,-1.1130871046228308,-0.8628923631790136,-0.4863144887877132,50
0,50,d2,ecdf,0.63,-1.0145311009371132,-0.9217438283846964,0.3189930400958026,-1.1808037735959251,-1.1022837800787413,-0.8603815517572976,-0.4904575166727312,50
0,50,d2,ecdf,0.64,-1.005628359069763,-0.9173114345804061,0.3137637243509706,-1.1783156253497804,-1.096568854635243,-0.8451588182918247,-0.47843048918878855,50
0,50,d2,ecdf,0.65,-0.9936129102619462,-0.9129360780074921,0.30543690715236504,-1.1670748775076403,-1.0864749556663278,-0.8415726105001125,-0.4831122789064385,50
0,50,d2,ecdf,0.66,-0.9855506873534334,-0.9082329558050457,0.3007537549829793,-1.1571487057019507,-1.0780275201338203,-0.8404772053920802,-0.48901037299092986,50
0,50,d2,ecdf,0.67,-0.9745400579019492,-0.9022863427949347,0.2890332953840737,-1.141310370576592,-1.079454007464289,-0.8278887999232357,-0.48555536714759506,50
0,50,d2,ecdf,0.68,-0.964712007582017,-0.8968760160252828,0.2852352376174865,-1.1392823563851087,-1.0683981573185553,-0.8256534899783865,-0.4909080970860562,50
0,50,d2,ecdf,0.6900000000000001,-0.9609034495105724,-0.891660260695932,0.2792290352636394,-1.1216887347481466,-1.0549840003572946,-0.8241858841367418,-0.4870324007491683,50
0,50,d2,ecdf,0.7000000000000001,-0.957795734664233,-0.8838673545953293,0.27530077220121024,-1.1091928748653426,-1.0388405279690285,-0.8151447146477375,-0.4751115711766858,50
0,50,d2,ecdf,0.7100000000000001,-0.9506267188231308,-0.8789106793450909,0.27379284644093804,-1.1095812315141365,-1.0420897709550316,-0.8099256490435838,-0.47269679507964524,50
0,50,d2,ecdf,0.72,-0.9488721256325494,-0.8744967714755718,0.26726524741438396,-1.1064412895460696,-1.033207846496371,-0.8140386741516801,-0.47502552780377383,50
0,50,d2,ecdf,0.73,-0.9345401851686266,-0.8695122217668644,0.2656126894432845,-1.0985728903868421,-1.0256413921100616,-0.8134622536153905,-0.47245124185007104,50
0,50,d2,ecdf,0.74,-0.9267514425493112,-0.8645136328797619,0.2609262295945748,-1.0900580454235107,-1.0193428108935265,-0.809833698583322,-0.46936915776505683,50
0,50,d2,ecdf,0.75,-0.9187762860779545,-0.8584734882835072,0.2572404349963507,-1.0804495398407818,-1.0198256730023258,-0.8046286631003904,-0.46528316046309504,50
0,50,d2,ecdf,0.76,-0.9147229248200146,-0.8537879951471401,0.2508495807850322,-1.0693654524488998,-1.0165109242616,-0.7985795478262401,-0.4695435500918952,50
0,50,d2,ecdf,0.77,-0.9054319900756176,-0.8475246341342136,0.24717766400166322,-1.0578488139503157,-1.003946535978237,-0.790649872209919,-0.46848429325581187,50
0,50,d2,ecdf,0.78,-0.9075116426622647,-0.8423915005171069,0.24191010552230444,-1.0463715242155964,-0.9949502369386118,-0.7836788325939721,-0.4707662786232789,50
0,50,d2,ecdf,0.79,-0.8969290734444769,-0.8362975327760352,0.2375788043639782,-1.0430333257839588,-0.9850641422317321,-0.7770814473623466,-0.4795100448990981,50
0,50,d2,ecdf,0.8,-0.8837008887907305,-0.8290285436758519,0.2346062710856819,-1.0330967908693973,-0.9710419719416057,-0.7677993198326897,-0.468402023102484,50
0,50,d2,ecdf,0.81,-0.8777264662084122,-0.8228723246439985,0.23028651933814273,-1.0191656108888358,-0.9584245504245701,-0.7585028534005547,-0.46451315022581696,50
0,50,d2,ecdf,0.8200000000000001,-0.8793243726165789,-0.8185072006186457,0.226305961537389,-1.0123927128892167,-0.9475742638473417,-0.7545607499503137,-0.47375927162777753,50
0,50,d2,ecdf,0.8300000000000001,-0.868684297941948,-0.8137666273446267,0.21932247169374688,-1.0052461280406884,-0.9406932447577182,-0.7560266152191142,-0.47616899834710125,50
0,50,d2,ecdf,0.8400000000000001,-0.8613875686123138,-0.8077130150417626,0.2167023734723411,-0.9965897798772662,-0.9321981137642944,-0.7528555350575751,-0.47474893113869265,50
0,50,d2,ecdf,0.85,-0.8540745134674754,-0.801717042712838,0.21562853792590803,-0.9940445923656953,-0.9229648381229136,-0.7400428705245479,-0.46790516631689516,50
0,50,d2,ecdf,0.86,-0.8459187033425711,-0.7971520371326352,0.2102637980275077,-0.9888997584924815,-0.9217973172249615,-0.7396869258812397,-0.45936142445274775,50
0,50,d2,ecdf,0.87,-0.8446642099744852,-0.7917685471401698,0.20523792962103826,-0.976935308686969,-0.9128455497815867,-0.7308629191179745,-0.46158005856200934,50
0,50,d2,ecdf,0.88,-0.8348958016147763,-0.7847490810874871,0.20329983745671765,-0.9633346867250909,-0.909158737230064,-0.7271089285635344,-0.465407447134912,50
0,50,d2,ecdf,0.89,-0.8266793211113175,-0.7805029816690888,0.20066306141070853,-0.9526623877022522,-0.9005473470600669,-0.7244058533963361,-0.47335632429107477,50
0,50,d2,ecdf,0.9,-0.8220854054519326,-0.7753833019535793,0.19751805380781814,-0.9435098099001494,-0.8969734792913415,-0.7238677998366717,-0.4728578847442823,50
0,50,d2,ecdf,0.91,-0.8096394195314576,-0.77063906446042,0.19209726101061028,-0.9380805775785459,-0.891639243238203,-0.7141132176226955,-0.4792719537887157,50
0,50,d2,ecdf,0.92,-0.8036286487455633,-0.7654729544507465,0.18659756985541448,-0.9303448342352965,-0.8817580955446561,-0.7139770925274377,-0.47261521436328774,50
0,50,d2,ecdf,0.93,-0.7948730604724502,-0.7605494409049314,0.18260442000680607,-0.9178331523438094,-0.8729315519118264,-0.7113179067772312,-0.47326533953815136,50
0,50,d2,ecdf,0.94,-0.7908568626586159,-0.7560829810630855,0.17869199722288331,-0.9111066895787492,-0.8666502315600574,-0.7034210033456345,-0.47703782850697196,50
0,50,d2,ecdf,0.95,-0.78349245475522,-0.7500588917001016,0.17718315127238224,-0.9038686460424746,-0.8549183460633268,-0.7055151978002435,-0.47242539332432676,50
0,50,d2,ecdf,0.96,-0.7812802587722949,-0.7460777477229362,0.17308698582056747,-0.899671699359647,-0.8463553962801629,-0.7003280059246781,-0.4688516897906311,50
0,50,d2,ecdf,0.97,-0.7770344872827211,-0.7408564097903201,0.1700282501482576,-0.8894462877800187,-0.839642949752291,-0.6964745783744045,-0.47426050566546435,50
0,50,d2,ecdf,0.98,-0.7696689170411273,-0.7352403022245451,0.1663129753680468,-0.880034689673107,-0.8300768619550608,-0.6928658931655939,-0.47316076498164444,50
0,50,d2,ecdf,0.99,-0.7653704795505081,-0.7293394904906678,0.1649833373128025,-0.87451511974085006,-0.8285711124460622,-0.6810341620437039,-0.46934538354705446,50
0,50,d2,ecdf,1,-0.7586586316324797,-0.7244874488129884,0.16170617008679478,-0.8649224278631937,-0.8224735093387248,-0.6783991732363073,-0.4685332307982359,50
0,50,d2,logspline,0.01,-6.023045366490082,-5.807174542413259,1.1455889701733892,-7.260853781713981,-6.541238641812164,-5.431466350924577,-3.7255738075634266,50
0,50,d2,logspline,0.02,-4.691836469489455,-4.482575253144564,1.1149804863623698,-5.906459407012154,-5.191929269719194,-4.101739448017334,-2.4439426290067994,50
0,50,d2,logspline,0.03,-3.939616235378616,-3.7349306075729296,1.0831343434816383,-5.126119172364103,-4.4184954032476655,-3.3484578892251533,-1.7346976539888797,50
0,50,d2,logspline,0.04,-3.4240726751024284,-3.2244243310560186,1.0501835031820759,-4.5817161615584086,-3.8815512659415803,-2.8318205023233762,-1.2647165981268227,50
0,50,d2,logspline,0.05,-3.0387119515895975,-2.8445427858869365,1.0162899731725,-4.166760922431908,-3.4759547855225086,-2.44533394546852,-0.8867168742041502,50
0,50,d2,logspline,0.06,-2.736090676709774,-2.5478222619995514,0.9816453742756748,-3.833819787503119,-3.1525594832355894,-2.141559663335213,-0.5790956087134534,50
0,50,d2,logspline,0.06999999999999999,-2.490888031475148,-2.308922706955844,0.9464711708945163,-3.5575876123028713,-2.8885806871906317,-1.895188760884992,-0.32878080558902156,50
0,50,d2,logspline,0.08,-2.2945701105400054,-2.112691533968113,0.9110219903865666,-3.3235028086310656,-2.674353744064951,-1.7029403596357504,-0.12066246163944111,50
0,50,d2,logspline,0.09,-2.1225624281462334,-1.9493184759927793,0.8755946477953482,-3.1215626307299384,-2.49231477064439,-1.5647437224612357,-0.013320254460583159,50
0,50,d2,logspline,0.1,-1.9852510019421366,-1.8120635474148297,0.8405280589758178,-2.9448122954498537,-2.3357550624051413,-1.4287329370550528,0.0542905465011778,50
0,50,d2,logspline,0.11,-1.8617148198029483,-1.6960719854546191,0.8062030459003372,-2.788489902980386,-2.1998667005803476,-1.3138520204362834,0.09862639432823117,50
0,50,d2,logspline,0.12,-1.7440787807349405,-1.5977028156153499,0.7730403106537772,-2.6490732268997803,-2.08107738234277,-1.2020385023514162,0.13263072221690828,50
0,50,d2,logspline,0.13,-1.652346708165436,-1.5141106374531863,0.7414958384030536,-2.5238814185962317,-1.9766524914291839,-1.1025330413028511,0.1544313683934807,50
0,50,d2,logspline,0.14,-1.5759052120079844,-1.4429912938243301,0.7120214020843638,-2.410824737412526,-1.88812302023577,-1.1375195158831324,0.1465309603858133,50
0,50,d2,logspline,0.15000000000000002,-1.5249747679529362,-1.3824258291137452,0.6850173675151368,-2.3082408398694767,-1.8103781542269022,-1.0730706296962624,0.05129768261380395,50
0,50,d2,logspline,0.16,-1.471662781736724,-1.330778187160869,0.660788870652023,-2.2147840217813286,-1.7416824745668644,-1.0259898505727132,-0.05550610494145165,50
0,50,d2,logspline,0.17,-1.4117079949879052,-1.2866185031881545,0.6395296503337012,-2.1293481090083834,-1.6808331022322338,-0.9711524968878489,-0.1712143538011004,50
0,50,d2,logspline,0.18000000000000002,-1.3973107024616498,-1.2486820671995562,0.6213020265991724,-2.0510114353458198,-1.6256452667390575,-0.9231589897200417,-0.2924168689861182,50
0,50,d2,logspline,0.19,-1.347396702161814,-1.2158870886498951,0.6060210509549682,-1.9789967310979368,-1.5741056773300286,-0.8964518643082235,-0.3993221643508842,50
0,50,d2,logspline,0.2,-1.349890945343061,-1.187321328339278,0.5934705722066331,-1.9126413274393697,-1.537399343224187,-0.8589218650726088,-0.45576346470776874,50
0,50,d2,logspline,0.21,-1.3118830728988984,-1.162223804110854,0.5833224024425493,-1.8513746653805212,-1.5066269611618512,-0.8320310339684538,-0.49575628441069985,50
0,50,d2,logspline,0.22,-1.3108764994975979,-1.1399769292424347,0.5751705691734448,-1.7947014849566574,-1.4785565014842739,-0.8485614809731736,-0.48379611191360006,50
0,50,d2,logspline,0.23,-1.2855591129495822,-1.1200892736254962,0.5685590853337749,-1.742189286396587,-1.4482699937819798,-0.8665785862773108,-0.46161358074186215,50
0,50,d2,logspline,0.24,-1.2627556512800902,-1.1021914462203066,0.5630130282672192,-1.6934577959595574,-1.4231764886456615,-0.8615868642415172,-0.44346436327813277,50
0,50,d2,logspline,0.25,-1.2433016742285496,-1.0860241803034736,0.5581070782667527,-1.6487976564893498,-1.406712108099973,-0.8465342009435932,-0.42893915600499244,50
0,50,d2,logspline,0.26,-1.2268540056980801,-1.0714050062236538,0.55350893918787,-1.6284313227417586,-1.3957347796553283,-0.8212847797906835,-0.4176608446810292,50
0,50,d2,logspline,0.27,-1.2065075636426306,-1.0581980689712729,0.5489849772541373,-1.611014275923705,-1.38385118344759,-0.7987521835056689,-0.40927975817628154,50
0,50,d2,logspline,0.28,-1.1824845128546255,-1.0462994477630312,0.544387601837403,-1.5916901852746903,-1.3716061987230628,-0.7786709132645884,-0.4034703242013141,50
0,50,d2,logspline,0.29000000000000004,-1.1744185181225337,-1.0356237075812587,0.5396357597399997,-1.5711983464327277,-1.3674401248402843,-0.7608044413090124,-0.39993377806461716,50
0,50,d2,logspline,0.3,-1.174006823728512,-1.0260864257969344,0.5346921029399476,-1.550996340645139,-1.3531797070737575,-0.7449412959324587,-0.39278657754899915,50
0,50,d2,logspline,0.31,-1.1745142117517733,-1.0175970841730315,0.5295432386544321,-1.5270264796312811,-1.3462930918726694,-0.7420233151370769,-0.38664609873151007,50
0,50,d2,logspline,0.32,-1.1662083306146824,-1.01006279113747,0.5241895800046067,-1.5011499417896055,-1.3400911813971133,-0.7499462987334142,-0.38215135056497324,50
0,50,d2,logspline,0.33,-1.1597173572156252,-1.0033916854362592,0.5186399595022209,-1.4769010516646333,-1.3341947293641971,-0.7587794135814484,-0.37912163126724885,50
0,50,d2,logspline,0.34,-1.1525106019341957,-0.997494826385355,0.5129084371386761,-1.4541433291411383,-1.3284446450627603,-0.7650286585021553,-0.37739415319877245,50
0,50,d2,logspline,0.35000000000000003,-1.1452002749482841,-0.9922873019011806,0.5070120658976153,-1.4365104055216849,-1.322734790697563,-0.7719553848560692,-0.37682187822332314,50
0,50,d2,logspline,0.36000000000000004,-1.1378967113425733,-0.9876891262215939,0.5009685791376378,-1.4204070579862593,-1.3169785274266264,-0.7794952478948609,-0.3772716612206623,50
0,50,d2,logspline,0.37,-1.1306777596957285,-0.9836256200428483,0.4947953155646766,-1.407263503118882,-1.3111059704228312,-0.7874777238228348,-0.37862265279279855,50
0,50,d2,logspline,0.38,-1.1203109639112814,-0.9800274582375257,0.4885089374419317,-1.3949045349379166,-1.3019955033351056,-0.7922537504418439,-0.3807649207257361,50
0,50,d2,logspline,0.39,-1.1159864806156616,-0.9768304644708882,0.4821253606632682,-1.3890318537678188,-1.292391225911059,-0.8000476793019975,-0.38359825668102626,50
0,50,d2,logspline,0.4,-1.1057526103829098,-0.9739753804920821,0.4756597372368768,-1.3831843897476097,-1.2851342327014799,-0.8131188290817161,-0.3870311402259842,50
0,50,d2,logspline,0.41,-1.0978876707143157,-0.9714077826010633,0.46912641419682116,-1.3743083139412908,-1.2806521377275546,-0.8256831824493494,-0.3909798369235393,50
0,50,d2,logspline,0.42,-1.0937725883938398,-0.9690776125234515,0.46253893895463494,-1.3639176991481698,-1.2784569795018195,-0.8376850909917346,-0.3953676109924595,50
0,50,d2,logspline,0.43,-1.0861623243848804,-0.9669385632756187,0.4559100854654116,-1.353717194153495,-1.2692943091422009,-0.8463838527253965,-0.4001240361736502,50
0,50,d2,logspline,0.44,-1.0796544296501962,-0.9649476467750174,0.44925181762312205,-1.3436622968852543,-1.2584471207307162,-0.8435628567728564,-0.40518439102353965,50
0,50,d2,logspline,0.45,-1.0763993266455396,-0.9630649668849456,0.4425753981068086,-1.3337112690660304,-1.2465898957885626,-0.83663670245612,-0.4104891270010003,50
0,50,d2,logspline,0.46,-1.0733698767732673,-0.9612535719063829,0.4358915734368395,-1.3238249374792725,-1.2358990195289383,-0.8303354108501428,-0.4131635562289918,50
0,50,d2,logspline,0.47,-1.070496694782202,-0.9594793799866297,0.4292107969498693,-1.3139665435141585,-1.2257707503862187,-0.8246087760032876,-0.41556907839862,50
0,50,d2,logspline,0.48,-1.067715798245334,-0.9577116158064469,0.4225437133521694,-1.3051980778142218,-1.215757840773208,-0.8277911735231482,-0.418195066492369,50
0,50,d2,logspline,0.49,-1.0649682145465529,-0.9559208028304628,0.4159000946704056,-1.2955204101899715,-1.206905736460186,-0.8342952024049136,-0.4210034520324969,50
0,50,d2,logspline,0.5,-1.0621996317622735,-0.9540693901775854,0.4092836382075282,-1.2865121225014446,-1.200330576014764,-0.8404790328981222,-0.4239592791792939,50
0,50,d2,logspline,0.51,-1.0593600885791679,-0.9521094488168285,0.4026885146896084,-1.281040276311002,-1.1936110492783676,-0.8463265431411778,-0.42703043794099954,50
0,50,d2,logspline,0.52,-1.0564036989311625,-0.949986563656556,0.39609919190719295,-1.2739655346058758,-1.1874955826509384,-0.8518243931421258,-0.43018742542787836,50
0,50,d2,logspline,0.53,-1.0532884075136226,-0.9476464916058115,0.3894944709225879,-1.2656660655841325,-1.1818404021462492,-0.8569617732307693,-0.4334031318262208,50
0,50,d2,logspline,0.54,-1.0499757727471617,-0.9450616881760315,0.38286676722574836,-1.2571153302008398,-1.176154878206715,-0.8588783599786246,-0.43665264822072236,50
0,50,d2,logspline,0.55,-1.045195285359461,-0.942257292029834,0.37624169893061665,-1.2483033118877227,-1.1703541159594981,-0.8545195731508152,-0.4399130937793069,50
0,50,d2,logspline,0.56,-1.0397938923522143,-0.9392603110037969,0.36964679106030135,-1.2392284185905769,-1.1644346284410871,-0.8551472833625924,-0.44316346014365504,50
0,50,d2,logspline,0.5700000000000001,-1.034934727372734,-0.9360889065401766,0.3631026311409861,-1.229896312574656,-1.1567356222374259,-0.8555733353087176,-0.4463844711503623,50
0,50,d2,logspline,0.5800000000000001,-1.032344071682454,-0.9327558215395734,0.3566243694975371,-1.2203188673738317,-1.150253589315027,-0.855075536414513,-0.4495584562491205,50
0,50,d2,logspline,0.59,-1.0295297563696653,-0.9292704741796926,0.35022304844435365,-1.2110017827542354,-1.1442179642068464,-0.8542410212256399,-0.4526692361917566,50
0,50,d2,logspline,0.6,-1.0264909467058763,-0.925640181594529,0.34390667821617005,-1.203101054182878,-1.138141493704742,-0.8530820306377243,-0.45570201974449726,50
0,50,d2,logspline,0.61,-1.0232279085604334,-0.9218711603539071,0.33768080172534193,-1.1950264149480496,-1.1286362262408278,-0.8516128615805479,-0.45864331032977296,50
0,50,d2,logspline,0.62,-1.0197419094070777,-0.9179699465121836,0.3315484908992675,-1.1867960065055465,-1.1191438840530774,-0.8498495599919589,-0.46148082163685156,50
0,50,d2,logspline,0.63,-1.013976609453156,-0.9139435890336969,0.3255113525118766,-1.178592585741044,-1.1105199676564637,-0.8481778947196642,-0.4642034013556129,50
0,50,d2,logspline,0.64,-1.0079225105373446,-0.9097989551988201,0.3195707212907874,-1.1704435581668031,-1.1019996346342649,-0.8473281857841839,-0.4668009622874693,50
0,50,d2,logspline,0.65,-1.0017624289473426,-0.9055425217917304,0.3137277935424528,-1.1621719508514414,-1.0954232884666024,-0.8456097455822302,-0.46926442017390413,50
0,50,d2,logspline,0.66,-0.9955067921513254,-0.9011804759270969,0.30798358959438266,-1.1537890839427294,-1.0887014473803847,-0.8425126074408411,-0.47158563765823425,50
0,50,d2,logspline,0.67,-0.9891651442969164,-0.8967188290361457,0.30233887100996965,-1.145305556827326,-1.0818501174893993,-0.8383167653776606,-0.4737573738615588,50
0,50,d2,logspline,0.68,-0.9807930112860225,-0.8921634434208091,0.2967940899368286,-1.1367313396786622,-1.0748843811960382,-0.8318894002159248,-0.4757732422582839,50
0,50,d2,logspline,0.6900000000000001,-0.97241126129179,-0.8875200668047453,0.2913493880023143,-1.128075850656972,-1.0690912583478525,-0.8276769121185734,-0.477627981822328,50
0,50,d2,logspline,0.7000000000000001,-0.9642782587968304,-0.8827944074703736,0.2860045732270846,-1.1193480211513516,-1.063117069262247,-0.8234711925587892,-0.4793184130571082,50
0,50,d2,logspline,0.7100000000000001,-0.9560350980944101,-0.8779921675576201,0.2807591424140225,-1.110556351034197,-1.054939839615809,-0.8191689619514009,-0.4808436128561212,50
0,50,d2,logspline,0.72,-0.947814272326472,-0.8731190472744977,0.2756123328315334,-1.1017089555589714,-1.0462703915954739,-0.8145962887737603,-0.48220454322606254,50
0,50,d2,logspline,0.73,-0.9396188155016187,-0.8681807313325388,0.27056319107308735,-1.091809057717553,-1.037707191364515,-0.8097755861744732,-0.4834033221646282,50
0,50,d2,logspline,0.74,-0.9314517521600737,-0.8631828785842366,0.2656106106322566,-1.081767065784484,-1.0292486378554768,-0.8037252457262632,-0.48444290257456657,50
0,50,d2,logspline,0.75,-0.9227353087540204,-0.858131091411084,0.260753346679084,-1.0731696452405055,-1.0207538611080336,-0.7976842843958941,-0.4853269850189131,50
0,50,d2,logspline,0.76,-0.9135733475050088,-0.8530308557889211,0.2559900717582638,-1.0645968720161993,-1.0117185281854457,-0.791602964610786,-0.4860599399113943,50
0,50,d2,logspline,0.77,-0.9064181180692055,-0.847887527197951,0.2513194231787617,-1.056052834293024,-1.0027984891930113,-0.7855439062512654,-0.4866467350622624,50
0,50,d2,logspline,0.78,-0.9000019276271458,-0.8427063452257905,0.24674001241602792,-1.0475411427908072,-0.9947550155760725,-0.779576612672101,-0.4870928687695627,50
0,50,d2,logspline,0.79,-0.8943700518515926,-0.8374924410533102,0.24225043049648684,-1.039064983805652,-0.9867687441253854,-0.7736985171546176,-0.4874043085021115,50
0,50,d2,logspline,0.8,-0.8904143788388537,-0.832250795782325,0.23784925286417605,-1.0306271661151984,-0.9788396911893092,-0.7679070624970616,-0.48758743511739927,50
0,50,d2,logspline,0.81,-0.8861110365465548,-0.8269862040821457,0.23353504658008276,-1.0222301625191432,-0.9709679515884917,-0.7621997098510314,-0.4876489924860068,50
0,50,d2,logspline,0.8200000000000001,-0.8803013470837742,-0.8217032729724478,0.22930637576154855,-1.0141112681208362,-0.9631536947096087,-0.7565739462835781,-0.4875960423465193,50
0,50,d2,logspline,0.8300000000000001,-0.8744467597168131,-0.8164064215924535,0.22516180697584204,-1.0061232953025492,-0.955397160846449,-0.7510272912227633,-0.48743592418565473,50
0,50,d2,logspline,0.8400000000000001,-0.8685615191975562,-0.8110998934583488,0.22109991213565494,-0.9981724904649346,-0.9480461548274437,-0.7455573019243265,-0.4871762199228543,50
0,50,d2,logspline,0.85,-0.8626500198834284,-0.8057877759021967,0.21711926948321675,-0.9902602327432855,-0.9403751517747174,-0.7400666612593305,-0.48682472317345105,50
0,50,d2,logspline,0.86,-0.8567118655875692,-0.8004740151997118,0.21321846566849423,-0.9833466883805542,-0.9324462608419943,-0.7345968035851467,-0.4863894128670603,50
0,50,d2,logspline,0.87,-0.8492675118200822,-0.7951624013019462,0.20939610855355928,-0.9766264653206425,-0.9254577905366719,-0.729180963173121,-0.48587843100596684,50
0,50,d2,logspline,0.88,-0.8418853222020861,-0.7898565558969907,0.20565084113991083,-0.9698878161557312,-0.9184478918846548,-0.725819675764922,-0.48530006436048256,50
0,50,d2,logspline,0.89,-0.834567914463958,-0.7845599510953147,0.201981345288425,-0.9620085182180826,-0.9112968507964493,-0.7226046175949379,-0.4846627299133131,50
0,50,d2,logspline,0.9,-0.8273179458051463,-0.7792759293461278,0.19838634650482975,-0.9539537822072754,-0.9039584225128005,-0.7193167892629697,-0.4839749633758313,50
0,50,d2,logspline,0.91,-0.8201381107917685,-0.774007712613399,0.19486462745700509,-0.9458986222992147,-0.8966924670926686,-0.7159593782896223,-0.4832452735552656,50
0,50,d2,logspline,0.92,-0.8130311399000618,-0.7687583820752556,0.19141506797446314,-0.9378489444397755,-0.8894970904896041,-0.712535689417922,-0.48248152279891426,50
0,50,d2,logspline,0.93,-0.8059997986972296,-0.7635307161632541,0.18803659564653596,-0.9298106633110284,-0.882370469877823,-0.7090491319850143,-0.4816906872118788,50
0,50,d2,logspline,0.94,-0.7990468876525993,-0.7583263589293094,0.18472780082024792,-0.9217896987934515,-0.8753108525844768,-0.7055032080795042,-0.4808789313227652,50
0,50,d2,logspline,0.95,-0.7921752425735844,-0.753145467313825,0.18148673975832016,-0.9137919734238965,-0.8683165549016147,-0.7011933173119748,-0.4800516830956965,50
0,50,d2,logspline,0.96,-0.785387735662679,-0.7479875198996414,0.17831126021032948,-0.9058257599884614,-0.8613178202764806,-0.6965971750393858,-0.47921370050944123,50
0,50,d2,logspline,0.97,-0.7786872771935869,-0.7428520565071526,0.1751993104570782,-0.8980281174844533,-0.8541466442302692,-0.692001349878114,-0.478369130805701,50
0,50,d2,logspline,0.98,-0.7720768178066555,-0.7377387575329827,0.17214895176454836,-0.8902620558009962,-0.8472057344325513,-0.687408456163988,-0.4775215633496715,50
0,50,d2,logspline,0.99,-0.7655593514259933,-0.732647451785898,0.16915835088527917,-0.8825324491146713,-0.8404932249837646,-0.6828209754351477,-0.47667407691279245,50
0,50,d2,logspline,1,-0.7591379187758713,-0.7275781214611323,0.1662257869953445,-0.8748437633124017,-0.8337866430526091,-0.6779834588248186,-0.4758292820754725,50
0,50,d3,ecdf,0.01,Inf,Inf,NA,Inf,Inf,Inf,Inf,0
0,50,d3,ecdf,0.02,Inf,Inf,NA,Inf,Inf,Inf,Inf,0
0,50,d3,ecdf,0.03,Inf,Inf,NA,Inf,Inf,Inf,Inf,0
0,50,d3,ecdf,0.04,Inf,Inf,NA,Inf,Inf,Inf,Inf,1
0,50,d3,ecdf,0.05,Inf,Inf,NA,Inf,Inf,Inf,Inf,1
0,50,d3,ecdf,0.06,Inf,Inf,NA,Inf,Inf,Inf,Inf,1
0,50,d3,ecdf,0.06999999999999999,Inf,Inf,NA,Inf,Inf,Inf,Inf,2
0,50,d3,ecdf,0.08,Inf,Inf,NA,Inf,Inf,Inf,Inf,3
0,50,d3,ecdf,0.09,Inf,Inf,NA,-3.078104313673946,Inf,Inf,Inf,5
0,50,d3,ecdf,0.1,Inf,Inf,NA,-2.6582282299650632,Inf,Inf,Inf,8
0,50,d3,ecdf,0.11,Inf,Inf,NA,-2.278717056567954,Inf,Inf,Inf,11
0,50,d3,ecdf,0.12,Inf,Inf,NA,-2.6257114622962345,-1.9325642817362896,Inf,Inf,15
0,50,d3,ecdf,0.13,Inf,Inf,NA,-2.530601946843321,-1.614448956823885,Inf,Inf,21
0,50,d3,ecdf,0.14,Inf,Inf,NA,-2.577072325742851,-1.320234897226262,Inf,Inf,24
0,50,d3,ecdf,0.15000000000000002,-1.0466430796609578,Inf,NA,-2.555666394003664,-1.739790260220903,Inf,Inf,27
0,50,d3,ecdf,0.16,-0.7910299848769904,Inf,NA,-2.3000532992196963,-1.8896422735451,Inf,Inf,36
0,50,d3,ecdf,0.17,-0.8978068473112193,Inf,NA,-2.427775600164294,-1.6498455456993564,Inf,Inf,37
0,50,d3,ecdf,0.18000000000000002,-1.0186087262107484,Inf,NA,-2.404903087330639,-1.7117559067706938,-0.32546154565080304,Inf,39
0,50,d3,ecdf,0.19,-1.0080939056700098,Inf,NA,-2.1916557127358183,-1.66586619566153,-0.11221417105598216,Inf,45
0,50,d3,ecdf,0.2,-1.008833708583638,Inf,NA,-2.107445997251748,-1.656400499945095,-0.6033686004754737,Inf,46
0,50,d3,ecdf,0.21,-1.104693784023841,Inf,NA,-2.116294695702321,-1.6257719020024493,-0.4115466034638959,0.28160057709604946,49
0,50,d3,ecdf,0.22,-1.1452534514375432,Inf,NA,-2.020722188791443,-1.5818742325271482,-0.6344278276715526,0.4641844609965573,49
0,50,d3,ecdf,0.23,-1.1534209101464958,Inf,NA,-1.8905915799268862,-1.4411029825982766,-0.4602737295865504,0.6383385590815592,49
0,50,d3,ecdf,0.24,-1.1411420820170617,Inf,NA,-1.8342892625770069,-1.3924565102979674,-0.5815262940816386,0.8047680670382521,49
0,50,d3,ecdf,0.25,-1.23313267331342,Inf,NA,-1.7439582970794107,-1.520814745765201,-0.6453460084113012,0.27094472346285403,49
0,50,d3,ecdf,0.26,-1.1857288331267446,Inf,NA,-1.8057424954126913,-1.4480930975942357,-0.7134408793175684,0.24124978065868075,49
0,50,d3,ecdf,0.27,-1.22136106571629,Inf,NA,-1.7615253059002616,-1.4445046170304998,-0.8453417165222215,0.16493329540360063,49
0,50,d3,ecdf,0.28,-1.2319082040614562,Inf,NA,-1.7567592324683354,-1.41346561338169,-0.7926330021158023,0.17652235394900517,49
0,50,d3,ecdf,0.29000000000000004,-1.1999388695468065,Inf,NA,-1.7024539078347676,-1.455351681429802,-0.7622045008698567,0.31231137085277716,49
0,50,d3,ecdf,0.3,-1.2461455606001492,Inf,NA,-1.6609447022440509,-1.453121467355288,-0.8336575187752312,0.18455084871986752,49
0,50,d3,ecdf,0.31,-1.198189918891468,Inf,NA,-1.6681935481372034,-1.4213334702056777,-0.9266424767240797,-0.0635849204877987,49
0,50,d3,ecdf,0.32,-1.2159825653321947,Inf,NA,-1.6513303932241419,-1.4036009485355303,-0.9137016934592612,-0.18690222323078906,49
0,50,d3,ecdf,0.33,-1.201061119991869,Inf,NA,-1.6419533471112708,-1.3883646873264266,-0.9198372413103559,-0.3604702113453984,49
0,50,d3,ecdf,0.34,-1.1806874954188744,Inf,NA,-1.6132547846342848,-1.374843509859832,-0.8930054229670935,-0.4875403148589293,49
0,50,d3,ecdf,0.35000000000000003,-1.171985541944375,Inf,NA,-1.5900475218786614,-1.3883990502175196,-0.9568741623274296,-0.51058705969901,49
0,50,d3,ecdf,0.36000000000000004,-1.2144437696980523,Inf,NA,-1.5447480633901036,-1.4319691070492475,-0.9631293414171463,-0.4307946332991196,49
0,50,d3,ecdf,0.37,-1.20330286700408,Inf,NA,-1.5360685677405441,-1.3557237133713835,-0.9364771542501917,-0.4174540747784532,49
0,50,d3,ecdf,0.38,-1.2104945823683613,-1.0354216118141273,0.620291518730874,-1.5038423923558195,-1.3181252465607265,-0.9375226349223135,-0.40697851930423334,50
0,50,d3,ecdf,0.39,-1.1996407065535104,-1.0300986930767266,0.6373361616666461,-1.5263652702225423,-1.3174237422098938,-0.8976802199237358,-0.384287604598178,50
0,50,d3,ecdf,0.4,-1.2129830242399966,-1.0282288479307329,0.5669524624264971,-1.481840286231158,-1.3066088797476934,-0.9032361423075177,-0.3909589746316302,50
0,50,d3,ecdf,0.41,-1.1839411245911775,-1.026119194418703,0.5672929983811367,-1.4716231970429583,-1.28002449781155,-0.9078373520063647,-0.38625744812201807,50
0,50,d3,ecdf,0.42,-1.1616918450227156,-1.0256481394808188,0.5689600994543705,-1.4521500769870563,-1.2814091761310906,-0.9273082040976943,-0.4297677033782081,50
0,50,d3,ecdf,0.43,-1.153074059745945,-1.0107496812609864,0.5778566259192711,-1.4356132190770956,-1.2640829979097448,-0.9383842645246797,-0.3802854743212367,50
0,50,d3,ecdf,0.44,-1.140865012038449,-0.9984160092022332,0.5799114378193673,-1.4330592923259453,-1.2348939616867254,-0.9165832640249254,-0.3358106762833976,50
0,50,d3,ecdf,0.45,-1.1324206591103856,-0.9986810995690809,0.5370427858519613,-1.4210564541452446,-1.2436159499413373,-0.8976932959682264,-0.4001817650744586,50
0,50,d3,ecdf,0.46,-1.1390543028842832,-0.99651453363037,0.5398224489375192,-1.392170749990506,-1.2250851060811774,-0.8808015975906875,-0.402233454153032,50
0,50,d3,ecdf,0.47,-1.1406563874420401,-0.999301373305265,0.5125861592712034,-1.3865228608951514,-1.2074420807629784,-0.9319985949529218,-0.3666675676120097,50
0,50,d3,ecdf,0.48,-1.1278885145161128,-0.9859975945775261,0.5135277466602648,-1.3720372305653024,-1.2123192796880269,-0.9465587173519777,-0.37448757202902194,50
0,50,d3,ecdf,0.49,-1.117989943994539,-0.9843120842065491,0.5172385226664097,-1.3604864645017325,-1.1905286981972583,-0.9376082520184114,-0.3958849576593596,50
0,50,d3,ecdf,0.5,-1.105870480533627,-0.9705880297342108,0.5264497279663714,-1.3346117183259507,-1.1890798496343764,-0.9041485104511645,-0.3547368922092685,50
0,50,d3,ecdf,0.51,-1.1005517015628754,-0.9623620441560526,0.5287547883200941,-1.30819106634112,-1.1962446360162775,-0.8946288160012696,-0.35809233803379015,50
0,50,d3,ecdf,0.52,-1.0765643545161303,-0.9534573103387475,0.5061185010379341,-1.2797414023869584,-1.1866110702684,-0.8858293814937427,-0.3677497182795173,50
0,50,d3,ecdf,0.53,-1.0638214557054972,-0.9591621140173366,0.4560077780571438,-1.2793329036737853,-1.171655099512616,-0.8913711664638082,-0.37933459826078353,50
0,50,d3,ecdf,0.54,-1.0423450048225091,-0.9592390242445813,0.42325945073385945,-1.2675993505702072,-1.1751871610281104,-0.8997914971114677,-0.3805599319411422,50
0,50,d3,ecdf,0.55,-1.0344333724060997,-0.9625340278580197,0.38024142911542674,-1.2560332731091997,-1.1603161419013135,-0.8721254522214023,-0.38652230655713604,50
0,50,d3,ecdf,0.56,-1.031429089807368,-0.9585602633222278,0.38151780720549283,-1.2494191373871355,-1.1633251679025411,-0.8660127845731617,-0.3746514793539635,50
0,50,d3,ecdf,0.5700000000000001,-1.0201173996048671,-0.9538152566090577,0.38242635936484753,-1.2528120617992473,-1.1715964405649626,-0.8690819946529269,-0.3353775748293272,50
0,50,d3,ecdf,0.5800000000000001,-1.001677169740394,-0.9540041838432385,0.3594508802807015,-1.2351925292344224,-1.151156134249617,-0.8813019469477359,-0.349106460818879,50
0,50,d3,ecdf,0.59,-0.9913625760828433,-0.94743026624266,0.35385540836422685,-1.2285533016923336,-1.1427306341443964,-0.8787762635975089,-0.35907383541293936,50
0,50,d3,ecdf,0.6,-0.988103442509343,-0.9408659245590661,0.35818718613741757,-1.2208794771640372,-1.133052610417539,-0.8819009364532567,-0.35530985304530305,50
0,50,d3,ecdf,0.61,-0.9832104043032717,-0.9359571409620466,0.35144331195346695,-1.208998047179732,-1.1223029529716482,-0.869894734575918,-0.37616832637930664,50
0,50,d3,ecdf,0.62,-0.9840932947174865,-0.9312784153336315,0.3402090345300627,-1.2009315767201227,-1.1180874681299364,-0.86662657097533,-0.367138529917602,50
0,50,d3,ecdf,0.63,-0.9944367232223764,-0.9278977922570455,0.32483367501486593,-1.190768879797294,-1.1104635404171366,-0.8579988629718566,-0.3716670099303686,50
0,50,d3,ecdf,0.64,-0.9803523432303536,-0.9308079342339984,0.3034478531364564,-1.179837228902343,-1.101734566080712,-0.8558172810362255,-0.39835837195730217,50
0,50,d3,ecdf,0.65,-0.9721487144410692,-0.9237926195821382,0.2915725579834644,-1.1703853084877585,-1.0895050376847406,-0.8451489642364053,-0.40043463755111713,50
0,50,d3,ecdf,0.66,-0.9710250039040054,-0.9150285226591366,0.2845891607211575,-1.1583977691456588,-1.0668749078523423,-0.8472794589964168,-0.39489644916660294,50
0,50,d3,ecdf,0.67,-0.9703194762360352,-0.9084693420296491,0.27652992641177826,-1.1346674600846631,-1.0582843401589883,-0.8391978644181738,-0.3989666030585318,50
0,50,d3,ecdf,0.68,-0.953824171488213,-0.9025000877532152,0.2713932151652876,-1.131898548561657,-1.0514553426325173,-0.842558257892,-0.3910985846014319,50
0,50,d3,ecdf,0.6900000000000001,-0.9459826465173393,-0.8945847748974621,0.2681187744514591,-1.1149582689641486,-1.038284226635728,-0.8423562915613262,-0.38609781202515947,50
0,50,d3,ecdf,0.7000000000000001,-0.945810366430748,-0.8852116041999128,0.26699278157597045,-1.099486325147738,-1.0309503506942934,-0.8278144403825192,-0.38698380304963537,50
0,50,d3,ecdf,0.7100000000000001,-0.9332048979272298,-0.8756357787546303,0.2677741413899745,-1.0806848062657524,-1.017068402338964,-0.8194086449068119,-0.36123769105041004,50
0,50,d3,ecdf,0.72,-0.9372893111310818,-0.8704016681473803,0.25869186780171655,-1.06469627576353,-1.0157985574964694,-0.8225387109539576,-0.38200493432975524,50
0,50,d3,ecdf,0.73,-0.93547418735014,-0.8674563484322351,0.25320894711114494,-1.058175887509838,-1.0101013953315727,-0.8160409985714145,-0.3940719500222986,50
0,50,d3,ecdf,0.74,-0.9298917177415904,-0.8626614141601169,0.24149622268404072,-1.0430675631765278,-0.9965387102982988,-0.823091873611082,-0.3990217294429872,50
0,50,d3,ecdf,0.75,-0.9223252413072855,-0.8570684304856846,0.2344192189652851,-1.042959019181946,-0.9911448654611902,-0.8195292893924069,-0.4078807878456939,50
0,50,d3,ecdf,0.76,-0.905112891192862,-0.8519153586960203,0.23532493068464602,-1.035301984269624,-0.988811910069509,-0.815208203333509,-0.3878714449072387,50
0,50,d3,ecdf,0.77,-0.9084686326893351,-0.8464133868472412,0.23089993096705608,-1.0229598251944156,-0.9815879112067902,-0.8011460625163425,-0.4129352856016981,50
0,50,d3,ecdf,0.78,-0.8910765198365826,-0.8412129703822722,0.2261377477672922,-1.0083304193646465,-0.9711100540115423,-0.7986657354951042,-0.44080579605323,50
0,50,d3,ecdf,0.79,-0.8810862602560708,-0.8339334516637624,0.22188042586214549,-1.009009007471121,-0.9560425863746931,-0.7987436899012949,-0.43284794149111544,50
0,50,d3,ecdf,0.8,-0.8650904389619488,-0.8282365448731924,0.21640178590927414,-1.0006229199280003,-0.9507854115478116,-0.7860225994578599,-0.4426903524444512,50
0,50,d3,ecdf,0.81,-0.8639927447273579,-0.8237025324287253,0.21198758332305717,-0.9829844263633359,-0.9435253062332818,-0.7794365203844817,-0.4411902219349847,50
0,50,d3,ecdf,0.8200000000000001,-0.8578698234384122,-0.8169183323500274,0.2092985497927651,-0.9744578376575297,-0.9354759506917235,-0.7731360801218363,-0.4297979384011806,50
0,50,d3,ecdf,0.8300000000000001,-0.8619267405963444,-0.8139089567283917,0.20387391526342336,-0.9667739663766088,-0.9296621583141124,-0.7699503846901945,-0.4281637584773198,50
0,50,d3,ecdf,0.8400000000000001,-0.8569026333974974,-0.809112631653777,0.20033507574071566,-0.9681447773406571,-0.9163944170392035,-0.7612722651131263,-0.4312347106241011,50
0,50,d3,ecdf,0.85,-0.8475987963695565,-0.8039813004026393,0.1976294060955217,-0.9597936105637537,-0.9152746024404451,-0.7595105583449038,-0.4435448632012589,50
0,50,d3,ecdf,0.86,-0.8458651781425464,-0.7989765899030885,0.19588346771023102,-0.9460116059221657,-0.9073343715090341,-0.760328455733694,-0.4376047537467802,50
0,50,d3,ecdf,0.87,-0.8380742938810185,-0.7928160497802306,0.1908587361316327,-0.9436358107412436,-0.8957634222818045,-0.7539278751222841,-0.43385966794705033,50
0,50,d3,ecdf,0.88,-0.8364903819384087,-0.784937491697586,0.1891488382206751,-0.92902210118272,-0.8838261248393517,-0.7478022052693829,-0.4213106911669328,50
0,50,d3,ecdf,0.89,-0.828324324364337,-0.7785852021942716,0.18713799579061183,-0.9236351295395517,-0.8749071726669143,-0.745342921168862,-0.42182660439375114,50
0,50,d3,ecdf,0.9,-0.8235012115104754,-0.7736920861709017,0.1839007786104042,-0.9153278107552679,-0.8675836446095752,-0.7447738711937237,-0.42666503544208156,50
0,50,d3,ecdf,0.91,-0.8143073175697674,-0.7687788997023346,0.17993664460301467,-0.9156353349704969,-0.8585763719583602,-0.7477731562402289,-0.4314547592137292,50
0,50,d3,ecdf,0.92,-0.8140066040743471,-0.7630869875519046,0.17741185297630743,-0.903304152056049,-0.8476292247617567,-0.7397158721691515,-0.4324948030947383,50
0,50,d3,ecdf,0.93,-0.8069998285430269,-0.7591536041255833,0.17329884932175488,-0.8985964449787451,-0.8477631029994911,-0.7312036633037389,-0.4409758186600393,50
0,50,d3,ecdf,0.94,-0.7999337431718496,-0.7541849185737992,0.16939390386650827,-0.8921741336109662,-0.840842896193183,-0.7280632113564731,-0.4574988745004603,50
0,50,d3,ecdf,0.95,-0.7950545151759696,-0.747390757174049,0.1669625406617422,-0.8840901061773745,-0.8324377054865978,-0.7190504916359535,-0.45585811170998547,50
0,50,d3,ecdf,0.96,-0.79439960804727106,-0.742660394198418,0.16377149645098255,-0.8758361517192664,-0.8268604815643514,-0.7088998601899628,-0.45493865817598067,50
0,50,d3,ecdf,0.97,-0.7849019528038084,-0.7385826197841796,0.16099831998456798,-0.8694286473987212,-0.8191353770161406,-0.714611988377223,-0.44787036266079594,50
0,50,d3,ecdf,0.98,-0.7810512461439914,-0.7336408296607528,0.16042093806500513,-0.8612490398896647,-0.8157842931879211,-0.71256814533714,-0.4412816621895313,50
0,50,d3,ecdf,0.99,-0.7756966154178353,-0.7301579676182833,0.15808122090087212,-0.8514912564159036,-0.8109534100505951,-0.7113850330640126,-0.4442803515799869,50
0,50,d3,ecdf,1,-0.768291557785808,-0.7239312295954535,0.15395714035869712,-0.8434374771679292,-0.80475480980666,-0.7028691638554238,-0.44610692571016697,50
0,50,d3,logspline,0.01,-9.434187304271852,-8.895130083569999,1.8771099782837182,-10.59298880718075,-10.064845487721575,-8.496415747460349,-5.580822681963021,50
0,50,d3,logspline,0.02,-7.40463036946316,-6.881170778001788,1.8466501705122929,-8.550305602338112,-8.029877280958608,-6.490025308924157,-3.6362769063434786,50
0,50,d3,logspline,0.03,-6.240315425961208,-5.732051667643733,1.8147733442693599,-7.372876989740832,-6.858744757998288,-5.348488595635306,-2.5602198206879874,50
0,50,d3,logspline,0.04,-5.433623284466513,-4.938057218927721,1.7815503880535188,-6.549431764107357,-6.041749545488301,-4.562100335000588,-1.8428713254626379,50
0,50,d3,logspline,0.05,-4.821630854939977,-4.339428998302074,1.7470675865995289,-5.920235294083942,-5.419156337687048,-3.9711156618546415,-1.3243851252527334,50
0,50,d3,logspline,0.06,-4.333183689485997,-3.864986867399688,1.7114248297947943,-5.4141366061201825,-4.9198132992498564,-3.5043706182265826,-0.933472293852488,50
0,50,d3,logspline,0.06999999999999999,-3.930322539079828,-3.4767421424394263,1.6747336852229706,-4.99318058568876,-4.505764336237116,-3.123894545520238,-0.632017265462901,50
0,50,d3,logspline,0.08,-3.5903857407869246,-3.1520008355887064,1.637115488581975,-4.634709245691054,-4.154351461365247,-2.8070125926627645,-0.3971842698698334,50
0,50,d3,logspline,0.09,-3.298752648755083,-2.8761078673023523,1.598699646346978,-4.324104152712013,-3.8509581997824616,-2.533672641517094,-0.2141649500783689,50
0,50,d3,logspline,0.1,-3.0454366691901162,-2.6390410202765135,1.5596222445385994,-4.051380358060733,-3.585602902235788,-2.2925709710725224,-0.07277583818395902,50
0,50,d3,logspline,0.11,-2.8233072873447425,-2.4336370247501313,1.5200248986873393,-3.8094125366115437,-3.351164435168831,-2.0682251419894855,0.03431200122475506,50
0,50,d3,logspline,0.12,-2.627088237417594,-2.254592874930815,1.4800540479772804,-3.5929362181213476,-3.142382694787174,-1.8914365603408736,0.11256834725098572,50
0,50,d3,logspline,0.13,-2.4477959513511127,-2.097868239439595,1.439860621047877,-3.3979501673964725,-2.955258162429906,-1.7636749976979211,0.16619837099584567,50
0,50,d3,logspline,0.14,-2.2859090903390533,-1.9603090467065962,1.3996006203546258,-3.221374507646117,-2.786673673594076,-1.6249515251417979,0.1985155005243967,50
0,50,d3,logspline,0.15000000000000002,-2.1402351417166425,-1.8393993223048697,1.359436464644564,-3.0616427753104523,-2.6341491381308844,-1.4987873184566631,0.22875440663428107,50
0,50,d3,logspline,0.16,-2.004929676193477,-1.7330900464851562,1.3195387148164848,-2.915823940878183,-2.4956764148672206,-1.3871813857691835,0.24389430069838078,50
0,50,d3,logspline,0.17,-1.8780174779501262,-1.6396773982792856,1.280088041433923,-2.7822781276338167,-2.365614087469455,-1.3408426921493626,0.18733699353782157,50
0,50,d3,logspline,0.18000000000000002,-1.7622103034729495,-1.5577057960673022,1.2412891365555392,-2.6596420323795904,-2.2443157009522956,-1.2935399131635883,0.11775492401533645,50
0,50,d3,logspline,0.19,-1.656368312781158,-1.4859007721841522,1.2033718827596382,-2.5497186228697544,-2.1338089331164234,-1.2279796240394398,0.03714868190123213,50
0,50,d3,logspline,0.2,-1.5614535942507826,-1.4231291357201996,1.1665705718013017,-2.451327535983907,-2.0281294584074065,-1.1720001568994163,-0.05234364323594981,50
0,50,d3,logspline,0.21,-1.4992697623418358,-1.3683703608759485,1.13110241626542,-2.360785385808443,-1.9331840859041858,-1.1227857701394142,-0.14852723070104445,50
0,50,d3,logspline,0.22,-1.4814967452826526,-1.3206959676674552,1.0971484286525985,-2.277337097127395,-1.8490853748708223,-1.0755592846528843,-0.24917539390293145,50
0,50,d3,logspline,0.23,-1.4336208511502722,-1.2792542969405134,1.0648387567533761,-2.2003189777367815,-1.7763273292496597,-1.0353015241940875,-0.3320428804571022,50
0,50,d3,logspline,0.24,-1.4160450722723255,-1.2432610251369958,1.0342410122267947,-2.1291433092327203,-1.7199037507728552,-1.0013322214951441,-0.3563437112754039,50
0,50,d3,logspline,0.25,-1.3884020613549963,-1.2119924357211826,1.0053542965600366,-2.0632887472279675,-1.6669266391796653,-0.9730193165412457,-0.3862023321239392,50
0,50,d3,logspline,0.26,-1.3460618480804514,-1.1847807565586588,0.978109347900383,-2.0022929361821804,-1.6278035669702025,-0.9530598538935701,-0.37687874951527134,50
0,50,d3,logspline,0.27,-1.2985196512178228,-1.161015627681727,0.9523771066584623,-1.9457438879087523,-1.575408340179858,-0.9965761284754435,-0.3571677767161273,50
0,50,d3,logspline,0.28,-1.28311931172568,-1.1401510958682164,0.9279861824377325,-1.8932726440789927,-1.5270876243329343,-1.0314392779360997,-0.34163571830434086,50
0,50,d3,logspline,0.29000000000000004,-1.2481420266487464,-1.1217037020764933,0.9047382955035214,-1.8445472386899995,-1.4856358416390592,-1.047067681462727,-0.3298194533160534,50
0,50,d3,logspline,0.3,-1.2164744363592277,-1.1052587361238244,0.8824233211090537,-1.7992676942846744,-1.4841887107256329,-1.018046914770053,-0.3760484293618741,50
0,50,d3,logspline,0.31,-1.2235322687096692,-1.090499853086042,0.8608431157465988,-1.7571618471747785,-1.4843771798121386,-0.9967710440863773,-0.4336923602944335,50
0,50,d3,logspline,0.32,-1.2323444515888369,-1.0772009118652646,0.839832880559009,-1.717981842686834,-1.4417168766410464,-0.9741196154203631,-0.4898500275901343,50
0,50,d3,logspline,0.33,-1.224463904859563,-1.0651931998499362,0.8192617006390042,-1.6896701751887562,-1.4013742513294631,-0.9667697114750228,-0.536029165969009,50
0,50,d3,logspline,0.34,-1.1944755484933596,-1.0543284870314888,0.7990205516411332,-1.6640742199572158,-1.3675920382542612,-0.9492971806972349,-0.5731744846030445,50
0,50,d3,logspline,0.35000000000000003,-1.1707049554275502,-1.0444722639679318,0.7790150377621519,-1.6401361989692316,-1.3408677026096723,-0.9281158163022276,-0.5875074347626632,50
0,50,d3,logspline,0.36000000000000004,-1.1537225978318884,-1.0355087292451062,0.7591618197460837,-1.6165010088197407,-1.3320333657815182,-0.9218852877525234,-0.5931603352757473,50
0,50,d3,logspline,0.37,-1.1413705783308041,-1.0273405546090917,0.7393891777894764,-1.5909357652896081,-1.3317370659737986,-0.9101077645077357,-0.5935651150513623,50
0,50,d3,logspline,0.38,-1.1434431096534001,-1.0198859456893499,0.7196383089278463,-1.5553232852921295,-1.3323994870124334,-0.9002500108258402,-0.586187602555474,50
0,50,d3,logspline,0.39,-1.1481846624851986,-1.013075855699334,0.6998656079823328,-1.5292403956915481,-1.3204301374292682,-0.8858807282424469,-0.5788587214185261,50
0,50,d3,logspline,0.4,-1.1476665804286144,-1.0068503800227366,0.680051078729967,-1.50856320318255,-1.3014818733766353,-0.8776198878391654,-0.5729548642157802,50
0,50,d3,logspline,0.41,-1.1400394174363975,-1.001154969036696,0.6601986319428262,-1.4847275360760257,-1.2873439419443158,-0.8925980810627752,-0.5675247204289062,50
0,50,d3,logspline,0.42,-1.1346234960904038,-0.9959388009207988,0.6403314387778334,-1.462347329367677,-1.2743451839825441,-0.8923105091095576,-0.5607692754322111,50
0,50,d3,logspline,0.43,-1.1232900639317145,-0.991153190160691,0.6204874692709813,-1.4413139748950776,-1.2630315631772984,-0.890101415506013,-0.5534493068703428,50
0,50,d3,logspline,0.44,-1.1109645353735753,-0.9867506574745749,0.6007156831713735,-1.4273572142338748,-1.2536643930554687,-0.8853156913467312,-0.533546319388385,50
0,50,d3,logspline,0.45,-1.0998643845034382,-0.9826846921307827,0.5810728808854988,-1.4136355116012962,-1.2451499159540835,-0.8813426745754811,-0.5151340784826446,50
0,50,d3,logspline,0.46,-1.0945803053187748,-0.9789100711473069,0.5616213692967931,-1.3980479252366442,-1.2367172340323882,-0.8863628093305301,-0.49812924518331636,50
0,50,d3,logspline,0.47,-1.090665866460734,-0.9753831766470294,0.5424269775241621,-1.3826171334461832,-1.2269320448061658,-0.8904503714639387,-0.48245349003148397,50
0,50,d3,logspline,0.48,-1.0896482808204488,-0.9720619807963449,0.5235572844872344,-1.3679504636532345,-1.2105679485944134,-0.8942680655318332,-0.46803307426162455,50
0,50,d3,logspline,0.49,-1.0872231936629602,-0.9689053164680379,0.5050800375733359,-1.3539886757657522,-1.201528177655688,-0.8974197985907322,-0.45479847481825,50
0,50,d3,logspline,0.5,-1.0850389805658582,-0.9658728660490344,0.48706172771356415,-1.3401308101796041,-1.1971110256908368,-0.8994234577437019,-0.442684047869647,50
0,50,d3,logspline,0.51,-1.0831854514727346,-0.9629255316162101,0.4695663375580471,-1.326373785439837,-1.189060932564838,-0.9052866588221411,-0.43162772622287493,50
0,50,d3,logspline,0.52,-1.0813201334413378,-0.9600257011654038,0.4526542335715959,-1.312714912960617,-1.1810422337339255,-0.9101260531877601,-0.42157074667007044,50
0,50,d3,logspline,0.53,-1.0763233787162374,-0.9571374785454665,0.43638110001313374,-1.299151970790617,-1.1741302084360417,-0.9139849249138056,-0.41245740382651175,50
0,50,d3,logspline,0.54,-1.068820307769628,-0.9542271610466286,0.420797010993925,-1.2856832484643852,-1.1664141212806385,-0.9164588069348673,-0.40423482747192097,50
0,50,d3,logspline,0.55,-1.0607547211950985,-0.9512633776616903,0.4059457414472563,-1.2711212240835035,-1.1579037317860095,-0.9163203666217306,-0.3968527807912703,50
0,50,d3,logspline,0.56,-1.0572960453331013,-0.9482168270521596,0.39186334061204364,-1.2551809838700132,-1.1490343673926948,-0.9122918794111555,-0.3902634772406709,50
0,50,d3,logspline,0.5700000000000001,-1.0534899100189756,-0.9450618554118851,0.37856890789559244,-1.2395277130731341,-1.1420560273514977,-0.9049720952863395,-0.3844214140466279,50
0,50,d3,logspline,0.5800000000000001,-1.0489798310651373,-0.9417777206241634,0.36605861098125475,-1.2283389638868205,-1.134257922096637,-0.8973080971500309,-0.3792832205903275,50
0,50,d3,logspline,0.59,-1.0430341725186048,-0.9383479069300189,0.3543112258544773,-1.2188200248358847,-1.1224539780259777,-0.8945386946992251,-0.37480752013872864,50
0,50,d3,logspline,0.6,-1.037264850845781,-0.9347596109505846,0.3432936446593615,-1.2092055109276783,-1.1108011640781548,-0.8933515678729581,-0.370954803566164,50
0,50,d3,logspline,0.61,-1.0284891490753805,-0.9310037108767524,0.33296536206911004,-1.199460426955469,-1.0988860225200816,-0.8921226384212216,-0.36768731386800124,50
0,50,d3,logspline,0.62,-1.0197591180397882,-0.9270743946331548,0.3232817381054134,-1.1895513541070586,-1.0873959240715814,-0.8907044139439371,-0.36496894040527766,50
0,50,d3,logspline,0.63,-1.0111196342821498,-0.9229691790478933,0.31419650921748993,-1.1794473273318207,-1.0770842228473638,-0.8845527837073476,-0.36276512193902555,50
0,50,d3,logspline,0.64,-1.0025662958045272,-0.9186896602985785,0.30566380356516465,-1.169125219055895,-1.0697901892709458,-0.8777818719800127,-0.36104275761770854,50
0,50,d3,logspline,0.65,-0.9956532458225609,-0.9142400273922452,0.29763874754753783,-1.1585730886456815,-1.064018930413018,-0.875707748878011,-0.3597701251729196,50
0,50,d3,logspline,0.66,-0.9925404799634696,-0.9096260788571389,0.2900780439522103,-1.1477887152931499,-1.0578122063436495,-0.873092739376915,-0.35891680565903344,50
0,50,d3,logspline,0.67,-0.9889869247454748,-0.9048552216922869,0.28294062712658047,-1.1367779404541891,-1.0485881570867466,-0.8698190203966698,-0.35845361414331384,50
0,50,d3,logspline,0.68,-0.9849875384341954,-0.899936591912351,0.2761880059214254,-1.1255532003815034,-1.0376886181113671,-0.8651345978242896,-0.3583525358154173,50
0,50,d3,logspline,0.6900000000000001,-0.9805535714843685,-0.8948812747111214,0.2697843898813543,-1.1141322474496613,-1.029695150028161,-0.8579036397586586,-0.3585866670403447,50
0,50,d3,logspline,0.7000000000000001,-0.9757099586626077,-0.8897018725392262,0.2636966968944881,-1.102537052610249,-1.0207059275050803,-0.8496842515483902,-0.3591301609276183,50
0,50,d3,logspline,0.7100000000000001,-0.9686779929483262,-0.8844117908081813,0.257894440201939,-1.0907928776283504,-1.0118703978142096,-0.8413438353469166,-0.3599581770326482,50
0,50,d3,logspline,0.72,-0.9611993576578949,-0.8790244591711907,0.2523493735385557,-1.0789275039510346,-1.003513903014218,-0.8332735680158114,-0.3610468348445547,50
0,50,d3,logspline,0.73,-0.9536374784734645,-0.8735526146946369,0.24703530351091355,-1.0669706045515848,-0.9956490366305438,-0.8254618346855396,-0.36237317074874087,50
0,50,d3,logspline,0.74,-0.9460059438331971,-0.8680078326047901,0.24192981900108232,-1.0549532454497321,-0.9880249351649414,-0.821829050145948,-0.3639150981827868,50
0,50,d3,logspline,0.75,-0.9383172229010754,-0.8624004202742495,0.2370148391294867,-1.0429075045261391,-0.9809306510469117,-0.818882626034541,-0.36565137073119236,50
0,50,d3,logspline,0.76,-0.9325060668058724,-0.8567396238505494,0.23227574881695118,-1.032614338549188,-0.9738700548950431,-0.8151269119761103,-0.3675615479285701,50
0,50,d3,logspline,0.77,-0.9242644756959627,-0.8510338156640832,0.22770066799788005,-1.0229624394765784,-0.967087922622056,-0.8095273007783464,-0.36962598576333616,50
0,50,d3,logspline,0.78,-0.9150186862700249,-0.8452906571389568,0.22327986451717846,-1.0134425631301474,-0.9617549221118153,-0.802749348835014,-0.37182604293330856,50
0,50,d3,logspline,0.79,-0.9076172737116555,-0.8395172345887102,0.21900529229965213,-1.0040553066962277,-0.9565714151178806,-0.7959700998559356,-0.37721395599822816,50
0,50,d3,logspline,0.8,-0.8999975132304231,-0.833720183468349,0.214870199322278,-0.9954174358446315,-0.95132543780272,-0.7912088070083468,-0.3823306505604751,50
0,50,d3,logspline,0.81,-0.8915730371111221,-0.8279060668189206,0.2108681661702457,-0.9870666995915722,-0.9440535656610453,-0.7871430489240955,-0.3871432837623251,50
0,50,d3,logspline,0.8200000000000001,-0.8837643571442193,-0.8220817774052971,0.20699213765362495,-0.9790110127381613,-0.9365880024867484,-0.7811186067683473,-0.39165787385774997,50
0,50,d3,logspline,0.8300000000000001,-0.8759713627891405,-0.8162544133342149,0.20323472233401157,-0.9710275599110718,-0.9269714545895144,-0.7750373916461599,-0.39589433143881614,50
0,50,d3,logspline,0.8400000000000001,-0.8682009245550959,-0.81043081535672,0.19958913475418175,-0.9633649552480575,-0.9187915879688129,-0.7689101352380113,-0.39987367537718965,50
0,50,d3,logspline,0.85,-0.8604595826662349,-0.8046166245622037,0.19604895337723624,-0.9559020469753565,-0.9120080246598579,-0.7627465208252353,-0.40361443910976086,50
0,50,d3,logspline,0.86,-0.8527535809188469,-0.7988157780698313,0.19260783033842663,-0.9484770564358277,-0.9053617937900695,-0.7565552977874646,-0.4071329729762866,50
0,50,d3,logspline,0.87,-0.8450888966739347,-0.793031676633768,0.1892600571214723,-0.9410900339299335,-0.8987435196941177,-0.750344382043807,-0.41044374244945747,50
0,50,d3,logspline,0.88,-0.8374712675697036,-0.787267406532438,0.18600056661379297,-0.9337410206635174,-0.8920149767902641,-0.7451413563843602,-0.41355958130407805,50
0,50,d3,logspline,0.89,-0.829906215453325,-0.7815257814657374,0.18282484906242996,-0.9264300573435602,-0.8853823339274287,-0.7401991687392405,-0.4164919073426173,50
0,50,d3,logspline,0.9,-0.8223990679599567,-0.7758093797818038,0.1797288811316509,-0.9187286652414381,-0.8780385445272112,-0.7353042833562122,-0.41925090686086575,50
0,50,d3,logspline,0.91,-0.8149549781069487,-0.770120576760454,0.17670906551081686,-0.9100459565531868,-0.8706431873946389,-0.7304530465020003,-0.42184569290117574,50
0,50,d3,logspline,0.92,-0.808346777911511,-0.7644615727269052,0.17376217935972324,-0.9014813938725292,-0.8643869971277722,-0.725642030955749,-0.4242844414344701,50
0,50,d3,logspline,0.93,-0.8035339645341257,-0.7588344176447452,0.17088533022810454,-0.8930346581005977,-0.8583910057008569,-0.7208680270413113,-0.4265745088851507,50
0,50,d3,logspline,0.94,-0.7978047308948149,-0.7532410327354893,0.16807591836791438,-0.8847052235759321,-0.8517802805571393,-0.7161280338974346,-0.4287225338264887,50
0,50,d3,logspline,0.95,-0.7921152807123769,-0.7476832295888485,0.16533160458713914,-0.8764923822814228,-0.8450532273646405,-0.7114192509893946,-0.430734525198459,50
0,50,d3,logspline,0.96,-0.7864663056491963,-0.7421627255220818,0.16265028132685053,-0.868395265580398,-0.8380609569388962,-0.7067390698636463,-0.43261593901238166,50
0,50,d3,logspline,0.97,-0.7808585932260449,-0.7366811263376664,0.16003001743738904,-0.8605732971353628,-0.8305436522027911,-0.7020850661454376,-0.4343717451893943,50
0,50,d3,logspline,0.98,-0.7750981704327622,-0.731239892299661,0.15746899516640273,-0.8528854665467538,-0.8230709594300121,-0.6974549917780328,-0.43600648591882674,50
0,50,d3,logspline,0.99,-0.7684158375853618,-0.7258403393315301,0.15496549897096357,-0.84530627201183,-0.8156486011249876,-0.6928467675011403,-0.4375243267070469,50
0,50,d3,logspline,1,-0.7618240972381886,-0.7204836422810493,0.15251791463925485,-0.8382483760408954,-0.8091465613292403,-0.6882584755653072,-0.4389291011086547,50
0,100,d0,ecdf,0.01,-1.2742204588969208,Inf,NA,-1.7847777094607769,-1.474643540022856,-0.7950131647804793,-0.023568509291954587,48
0,100,d0,ecdf,0.02,-1.2494294970745614,Inf,NA,-1.6288017285974408,-1.4535214636844285,-0.8615465758837734,-0.07098825008530334,49
0,100,d0,ecdf,0.03,-1.2408947948091211,Inf,NA,-1.5762583664904861,-1.397702522048264,-0.870069779965892,-0.19982781161455782,49
0,100,d0,ecdf,0.04,-1.2277321082959078,Inf,NA,-1.5662688552700805,-1.3989481140522693,-0.8710116921277963,-0.3166539548558096,49
0,100,d0,ecdf,0.05,-1.2269479135302412,Inf,NA,-1.5397494035551755,-1.3739584914496727,-0.8640725374110649,-0.38880297806084063,49
0,100,d0,ecdf,0.06,-1.2323013057670313,Inf,NA,-1.5312053647646937,-1.4002576170057937,-0.8530429208867284,-0.4020750735033186,49
0,100,d0,ecdf,0.06999999999999999,-1.230916117138448,Inf,NA,-1.511958243941061,-1.4165125263653042,-0.8742770423486548,-0.38674010625514704,49
0,100,d0,ecdf,0.08,-1.2477413842599365,Inf,NA,-1.5059039000450187,-1.4000134199009169,-0.9175692677519558,-0.39771078437943885,49
0,100,d0,ecdf,0.09,-1.2605180637336932,-0.9928749103407649,0.9170244820204406,-1.4874140719617654,-1.407006590612791,-0.94075790095911,-0.42732011351782095,50
0,100,d0,ecdf,0.1,-1.2464877212526932,-0.9991784492524849,0.9131714013918772,-1.4779383887726183,-1.4118331535988928,-0.9544738010879537,-0.44348065837311146,50
0,100,d0,ecdf,0.11,-1.2648930989782974,-0.9985823919545567,0.9207162814409557,-1.471762403158451,-1.411750527231507,-0.9484219865502753,-0.4452137941306884,50
0,100,d0,ecdf,0.12,-1.2643619804513055,-0.9988343288191419,0.9287147962712321,-1.468263089128584,-1.4017809895798523,-0.9679883397595994,-0.4321606914684347,50
0,100,d0,ecdf,0.13,-1.2626642141542768,-0.993365320598407,0.9371127958213891,-1.4682823019770088,-1.3897987561215217,-0.9531718958287029,-0.4367981924736043,50
0,100,d0,ecdf,0.14,-1.260011256485391,-0.9945542243053028,0.9400088370338412,-1.4602388678302467,-1.3897311531357115,-0.9553792362963018,-0.4628854023725611,50
0,100,d0,ecdf,0.15000000000000002,-1.2530667978034904,-0.9929453445722833,0.9446577516421657,-1.4580928081568487,-1.371385098172194,-0.9597343879915171,-0.4507443698135034,50
0,100,d0,ecdf,0.16,-1.2403954318491541,-0.9891267141470944,0.9519149910457895,-1.4452017629423495,-1.3844696358514943,-0.9626682496701635,-0.4579320020599602,50
0,100,d0,ecdf,0.17,-1.2458258804494267,-0.9888182824725859,0.9551992612640174,-1.446601605961785,-1.3766973452172757,-0.9515181558040294,-0.4563092248235,50
0,100,d0,ecdf,0.18000000000000002,-1.2378998123345804,-0.9850086601573476,0.9630931540141204,-1.442107591003556,-1.365449547239303,-0.9482259845283674,-0.461077032419166,50
0,100,d0,ecdf,0.19,-1.2400700833867913,-0.980976369605884,0.9666157329644827,-1.435772424287658,-1.3655369063767626,-0.954540733593424,-0.4596467932853663,50
0,100,d0,ecdf,0.2,-1.2357267917247428,-0.9795216705785511,0.9703960800536203,-1.4340095635179564,-1.3675657279075284,-0.9443528395058531,-0.48050569882514216,50
0,100,d0,ecdf,0.21,-1.2294485242345816,-0.9779250557969174,0.9731323840542491,-1.4270077703115995,-1.3616735064107315,-0.9463005283370617,-0.49333622579681863,50
0,100,d0,ecdf,0.22,-1.2356807214083525,-0.9771177721673029,0.9735214454701538,-1.4220415275734921,-1.3548625474821683,-0.9524253529443121,-0.49270722724079297,50
0,100,d0,ecdf,0.23,-1.2436921782088484,-0.9899846100235673,0.8890992033359083,-1.410478131411619,-1.3445007999173533,-0.9518658603696919,-0.49478203909961277,50
0,100,d0,ecdf,0.24,-1.2421928494871985,-1.0037168798796774,0.803840887165795,-1.4016925935245454,-1.3405632140839152,-0.9596332471824154,-0.507165392186608,50
0,100,d0,ecdf,0.25,-1.2331984832099465,-1.00014124530632,0.8062416672987764,-1.3966139767211194,-1.3324561224017384,-0.9560757495796436,-0.5125875722380268,50
0,100,d0,ecdf,0.26,-1.224775139735359,-0.997783486957906,0.8058622767895955,-1.392987540099966,-1.3205672307364795,-0.955031492517979,-0.5298467065193783,50
0,100,d0,ecdf,0.27,-1.2163517632901746,-0.9976567904877648,0.8057688846395024,-1.3903241632563836,-1.3248224374009927,-0.9605664551518344,-0.5238260788609156,50
0,100,d0,ecdf,0.28,-1.214867114309388,-0.9996581443540359,0.7785114264471958,-1.382164542687853,-1.3192468272114928,-0.9623775622248576,-0.5270024838570375,50
0,100,d0,ecdf,0.29000000000000004,-1.2108977430171683,-1.00213571024375,0.7551438422405337,-1.3701735441426774,-1.3146088343466622,-0.9644558254446123,-0.5413361982103484,50
0,100,d0,ecdf,0.3,-1.198046033757414,-0.9980239880653373,0.7563176677060782,-1.362537979053529,-1.3039575178586214,-0.9691146350128704,-0.5408958987739891,50
0,100,d0,ecdf,0.31,-1.1961310450519416,-1.0032662145878974,0.7061752448530674,-1.353498459629375,-1.295508758377033,-0.9764484832314424,-0.5582479518401579,50
0,100,d0,ecdf,0.32,-1.1956116863746158,-1.002419188385576,0.6935172399015351,-1.3462296682062074,-1.2857167138791035,-0.9725381699620451,-0.557774369287483,50
0,100,d0,ecdf,0.33,-1.1967794609633908,-1.0021089930560523,0.6830536808760733,-1.3326589050163182,-1.281807812835834,-0.9660968927972722,-0.5627228204860559,50
0,100,d0,ecdf,0.34,-1.1891403264270812,-1.0021452426020159,0.6621601479998183,-1.3258735906576526,-1.2746536302355533,-0.9671176249946236,-0.566684404711454,50
0,100,d0,ecdf,0.35000000000000003,-1.1888338769278,-0.9995179504031545,0.6542959102349808,-1.320219238491775,-1.26761580645758,-0.9658109683677609,-0.5692180759735446,50
0,100,d0,ecdf,0.36000000000000004,-1.1843927526880897,-0.9987628272736256,0.6368321516402419,-1.309619929713556,-1.25781605937358,-0.9713542538366714,-0.5731951634042588,50
0,100,d0,ecdf,0.37,-1.174646430119395,-0.9984554190105975,0.6164813899666572,-1.3035261877787814,-1.2534136792913515,-0.9675623727674634,-0.5850941158706664,50
0,100,d0,ecdf,0.38,-1.1697240199907672,-0.9973559325962449,0.59338174641012,-1.29570345410473,-1.2453221468086997,-0.9621411232149941,-0.5869009809048172,50
0,100,d0,ecdf,0.39,-1.1646740646958893,-0.9967054393950179,0.5728797923004039,-1.2829096320770232,-1.236693219498966,-0.9650466699027451,-0.5948899440141753,50
0,100,d0,ecdf,0.4,-1.1545433399169047,-0.9918362685528701,0.5678258381892354,-1.2786587346537992,-1.2262040287791334,-0.9616862387311558,-0.5964878589068283,50
0,100,d0,ecdf,0.41,-1.1448212757627245,-0.9898007536727121,0.5528083320897977,-1.274402366160531,-1.2159134386484425,-0.9613825574054712,-0.5903492274950406,50
0,100,d0,ecdf,0.42,-1.138356825973506,-0.9886779625092814,0.528551739321898,-1.2702906793410063,-1.2090603181542108,-0.9549549806213717,-0.5947642450709398,50
0,100,d0,ecdf,0.43,-1.132460960670787,-0.9872833573697324,0.5092417751814894,-1.2613947233528051,-1.2071664969323608,-0.9446710626110154,-0.5983370510164309,50
0,100,d0,ecdf,0.44,-1.126916459208202,-0.9865361445622626,0.48867723185606654,-1.2521847020817034,-1.1959881402081982,-0.9410153856102016,-0.6031106382726191,50
0,100,d0,ecdf,0.45,-1.129463769065897,-0.9861334615034171,0.4679580630538209,-1.2443048841085305,-1.1893320460358483,-0.9380433631611846,-0.6064252017052207,50
0,100,d0,ecdf,0.46,-1.1233463934573922,-0.9834214573342335,0.4543082008349067,-1.234177774825326,-1.1829321901980838,-0.9406626508273296,-0.6133880296053189,50
0,100,d0,ecdf,0.47,-1.1128190194668477,-0.9816539962865339,0.4362964618037649,-1.2307713304272947,-1.1731733996535554,-0.9319915785780959,-0.6131984510663795,50
0,100,d0,ecdf,0.48,-1.1165259929651021,-0.9820117948824387,0.41979722300380246,-1.226911266615312,-1.1700732704688253,-0.9286599574127803,-0.6161122295518737,50
0,100,d0,ecdf,0.49,-1.1118532092561695,-0.9808242652155215,0.4024695661591859,-1.2207458552153305,-1.1651612420086797,-0.9269400848116837,-0.6116789666150808,50
0,100,d0,ecdf,0.5,-1.1040928120983469,-0.9769794075418877,0.39292911132236713,-1.2146796596233398,-1.1569867569914893,-0.9202115757886188,-0.611355589835071,50
0,100,d0,ecdf,0.51,-1.0957847562699232,-0.9739155243063062,0.3824541045430864,-1.203205261459958,-1.1562621808011682,-0.915872852323748,-0.6154895035856591,50
0,100,d0,ecdf,0.52,-1.08780004915022,-0.9722507085985302,0.36633846139128884,-1.1989003689267255,-1.1483463250403014,-0.9166399047076572,-0.6197473348660885,50
0,100,d0,ecdf,0.53,-1.0792449774655335,-0.9704272187414174,0.3555311473318668,-1.1901004296173143,-1.1439868326296314,-0.915318861060743,-0.6214092304723644,50
0,100,d0,ecdf,0.54,-1.0763205807444447,-0.9681125012092647,0.3447987458990456,-1.1799891631718604,-1.1405078344474804,-0.9126944211199621,-0.6246041137518907,50
0,100,d0,ecdf,0.55,-1.0682248605008322,-0.9650367613325761,0.33487149828109536,-1.1732904490185576,-1.1339407085038442,-0.9059088353330995,-0.6218573571162871,50
0,100,d0,ecdf,0.56,-1.059993211139707,-0.961509445449917,0.32949653326241,-1.1689694580725987,-1.126341776167798,-0.9064183505488361,-0.6223498060420891,50
0,100,d0,ecdf,0.5700000000000001,-1.0516454546619567,-0.9581945832493435,0.3184509961385183,-1.1592259529607585,-1.120364451765039,-0.904973337295583,-0.6210160772138784,50
0,100,d0,ecdf,0.5800000000000001,-1.0445883451971074,-0.9545620275948212,0.3104945545738935,-1.150938824190715,-1.1128382559157952,-0.896293244612685,-0.6236070192410741,50
0,100,d0,ecdf,0.59,-1.0414319599780013,-0.9520150172140759,0.30165383256233763,-1.1445917481180188,-1.1075829432182518,-0.8899805283888509,-0.6223197786821411,50
0,100,d0,ecdf,0.6,-1.0372738822776855,-0.9490601295318974,0.29221450171656116,-1.137580102114272,-1.1041802003798733,-0.892468848109925,-0.6178318251694842,50
0,100,d0,ecdf,0.61,-1.0336200442503212,-0.9463008186113436,0.28190005068836965,-1.1309888936682806,-1.0987174069978825,-0.8897333026185278,-0.6153570888800243,50
0,100,d0,ecdf,0.62,-1.027974949672282,-0.9426307331757253,0.27335977244691756,-1.125539038767236,-1.0925853211330492,-0.8844308088093509,-0.6122033300704166,50
0,100,d0,ecdf,0.63,-1.0228622096177724,-0.9394965961614968,0.2666118910182178,-1.115377371109135,-1.0869508735220286,-0.8788856525637061,-0.6181815580753035,50
0,100,d0,ecdf,0.64,-1.0174988755241974,-0.935452910528072,0.25982490972191247,-1.1073806183754367,-1.0783821970115353,-0.8748858016513166,-0.6165640513783959,50
0,100,d0,ecdf,0.65,-1.0108982022190043,-0.9318401874637524,0.2519619582391489,-1.1002312716443892,-1.0705012741193247,-0.8714043567840122,-0.616484492772766,50
0,100,d0,ecdf,0.66,-1.0082398515358748,-0.9287756683068851,0.24535371246543733,-1.095686078585939,-1.0676128255291555,-0.8727320361450521,-0.6186876808130339,50
0,100,d0,ecdf,0.67,-1.0012610019565324,-0.9253125938399999,0.23740688270377608,-1.0898578589263686,-1.0581637913419581,-0.8715192822832871,-0.6193738563132822,50
0,100,d0,ecdf,0.68,-0.9965210257638992,-0.9219529182001831,0.23309077776038534,-1.0839028390519452,-1.0512825864900628,-0.8680914671665102,-0.6168421141253724,50
0,100,d0,ecdf,0.6900000000000001,-0.991279309442624,-0.9181136317855586,0.2241282281718674,-1.07539734146018,-1.0428414143753046,-0.8664577740126305,-0.6164594414465593,50
0,100,d0,ecdf,0.7000000000000001,-0.9864773998102161,-0.9142793979905834,0.2191169548805184,-1.067889111479556,-1.0392484208825779,-0.8600520231855965,-0.6137729018879805,50
0,100,d0,ecdf,0.7100000000000001,-0.9817779504405197,-0.9100955637552842,0.21496729946414725,-1.0600665723634108,-1.032524887212824,-0.8554570263011898,-0.6190754333482984,50
0,100,d0,ecdf,0.72,-0.9768622877527764,-0.9072569367945651,0.21032390547623697,-1.0545839979570388,-1.0259548252747792,-0.8493315950135789,-0.6190320761652381,50
0,100,d0,ecdf,0.73,-0.9720714527657751,-0.9041864519512933,0.20626375793597848,-1.049232420708742,-1.024684869507199,-0.8442560961952525,-0.6215500851975905,50
0,100,d0,ecdf,0.74,-0.965817768692907,-0.9000897771912808,0.20268019638232013,-1.0472841193226854,-1.0192717150416017,-0.8392960467124297,-0.6196896133611149,50
0,100,d0,ecdf,0.75,-0.962212874992493,-0.8964348370432176,0.19747531939796312,-1.0400443439561071,-1.0132397395764936,-0.8366043890327123,-0.6171876883128558,50
0,100,d0,ecdf,0.76,-0.9624190329104256,-0.8926486114572577,0.19300857314503006,-1.0345361899161238,-1.004230636615847,-0.8364448334977067,-0.6149400690038171,50
0,100,d0,ecdf,0.77,-0.9561991030254352,-0.8889428564971634,0.1894027578103265,-1.0275245876332857,-1.0017192973701317,-0.8340556754218206,-0.6117137294539825,50
0,100,d0,ecdf,0.78,-0.9513303158768878,-0.8853644613449827,0.18477442882638043,-1.0202841864844168,-0.9949074568113423,-0.8306986417879948,-0.6080423253457287,50
0,100,d0,ecdf,0.79,-0.9435358220044021,-0.8812939785184343,0.180792558305632,-1.0164924563310762,-0.9888136113276342,-0.82725671372607,-0.6051561584194916,50
0,100,d0,ecdf,0.8,-0.9377026568613553,-0.8773992254842237,0.17541056162651075,-1.010550774429199,-0.98327760428978,-0.8254203769912639,-0.6011503172968021,50
0,100,d0,ecdf,0.81,-0.93289070185206,-0.8740398090613904,0.17092660154867892,-1.00821144803743,-0.9780018176038967,-0.8224650463033912,-0.59892027640829,50
0,100,d0,ecdf,0.8200000000000001,-0.9308387370095426,-0.8701815485637883,0.167755399556012,-1.0014390352059805,-0.9729802956086444,-0.8197529912352255,-0.5964265791894612,50
0,100,d0,ecdf,0.8300000000000001,-0.9273935677868939,-0.8665655797207445,0.1642640985546369,-0.9969908625765456,-0.9682070372995883,-0.8180953944109057,-0.596618810843965,50
0,100,d0,ecdf,0.8400000000000001,-0.9208212739394922,-0.8626412279282653,0.16081448368125578,-0.9935157059307156,-0.9629745054755534,-0.812415323272734,-0.6010868615706275,50
0,100,d0,ecdf,0.85,-0.9137713280588668,-0.8588227156570462,0.1565376854583098,-0.987172870173726,-0.955614732215466,-0.8128344871477975,-0.6064695924169595,50
0,100,d0,ecdf,0.86,-0.9083179282875071,-0.8547053603656509,0.15333316869688707,-0.9821847613350161,-0.9499108340211262,-0.8115037688794059,-0.6064024542372288,50
0,100,d0,ecdf,0.87,-0.9044057528260556,-0.8508562000087001,0.1501933679166488,-0.9750490365990319,-0.947764963526322,-0.8083143762371023,-0.6067036376519548,50
0,100,d0,ecdf,0.88,-0.8994200771670475,-0.8472400282859677,0.14775833912867045,-0.9701147803129562,-0.9418485208530196,-0.805199664740022,-0.6098508762093007,50
0,100,d0,ecdf,0.89,-0.8951128530389325,-0.8428451720944999,0.14429318588441367,-0.9620134398771429,-0.9352203850501896,-0.8005966564707262,-0.6146884440295414,50
0,100,d0,ecdf,0.9,-0.8906156629675397,-0.8387193505703333,0.1414428717446273,-0.95610005658569,-0.9292483591850955,-0.7965509336761031,-0.6153692779635145,50
0,100,d0,ecdf,0.91,-0.8856287807940568,-0.834466984294805,0.13875956379815285,-0.9494240570452164,-0.9218938547092725,-0.7895025175335808,-0.6165754181191234,50
0,100,d0,ecdf,0.92,-0.8801888098380191,-0.8306234952116437,0.13745634165977624,-0.943802839431575,-0.9170798315975807,-0.7851801391302922,-0.6146912457891678,50
0,100,d0,ecdf,0.93,-0.8748410084306736,-0.8266106439838887,0.13440189165641508,-0.9372087893374228,-0.9115533950048883,-0.7826201644643277,-0.6160920702215629,50
0,100,d0,ecdf,0.94,-0.8693130422968528,-0.8230055893989663,0.13204890730557559,-0.929524755055213,-0.9070569371694932,-0.7796702378797211,-0.6170164498139012,50
0,100,d0,ecdf,0.95,-0.8630527620235471,-0.819350915326575,0.1293121558316604,-0.9265375493853926,-0.9006567338402751,-0.7769328644513626,-0.6194469399717839,50
0,100,d0,ecdf,0.96,-0.8582745961590883,-0.8154713448530357,0.12609714934108904,-0.9219212603419593,-0.8968668354517884,-0.7733638176116087,-0.6214367588965164,50
0,100,d0,ecdf,0.97,-0.854942122357113,-0.8118801719668244,0.12417610647538338,-0.9170273233187409,-0.8927577468619649,-0.7692712663354077,-0.6178778839219103,50
0,100,d0,ecdf,0.98,-0.8503247773413676,-0.8074736423846917,0.12160687764205695,-0.911511135900624,-0.8870304343417514,-0.7643689949563788,-0.6158561348410188,50
0,100,d0,ecdf,0.99,-0.8465929066155191,-0.803824985985702,0.11900406210016867,-0.906691727795357,-0.8832151081011937,-0.7624909262254755,-0.6211141400547735,50
0,100,d0,ecdf,1,-0.8429327928588939,-0.8000899877901423,0.11714513888569525,-0.9038422979116534,-0.877792686266283,-0.7570158554487052,-0.6243822846823711,50
0,100,d0,logspline,0.01,-1.3183353685115362,-1.0294335936280161,1.0811134789020718,-1.6807857692541472,-1.508077171762538,-0.9490861903339354,-0.32792616022535015,50
0,100,d0,logspline,0.02,-1.3136397124538002,-1.027011299007692,1.0655188866000833,-1.6406680053606975,-1.5002622434081707,-0.949056412314202,-0.34639062862124886,50
0,100,d0,logspline,0.03,-1.3089585826327346,-1.0254857319240183,1.0513041679085615,-1.6021147756312346,-1.4614922965751447,-0.9490318856678991,-0.3649352669710292,50
0,100,d0,logspline,0.04,-1.3213940033259957,-1.0245874753844124,1.0378897870812638,-1.5922131300547573,-1.4539886288369401,-0.9490126101475213,-0.3835371859092635,50
0,100,d0,logspline,0.05,-1.305084921415113,-1.024136730525216,1.024883085923415,-1.5823500957086802,-1.4439401703254113,-0.9735680605854775,-0.40217243934982977,50
0,100,d0,logspline,0.06,-1.2950089466906922,-1.024005945084794,1.0120512185098405,-1.572525666022683,-1.4368669152441165,-0.9820821052330978,-0.42081605148824747,50
0,100,d0,logspline,0.06999999999999999,-1.2928493002086328,-1.0240850696829997,0.999259391036126,-1.5627398329688396,-1.4298172650039414,-0.9806487206014498,-0.43944205627738053,50
0,100,d0,logspline,0.08,-1.2980822476427334,-1.0242617951176294,0.9864231274664862,-1.5529925923233194,-1.4245298044568584,-0.9792210630821834,-0.45802354968679704,50
0,100,d0,logspline,0.09,-1.3051080496275087,-1.0243844527343278,0.9734694831632796,-1.5432840233936935,-1.4172508962298414,-0.9777991319298684,-0.4765327549547446,50
0,100,d0,logspline,0.1,-1.3028711176880097,-1.0243480931225823,0.9603449960463415,-1.533614348336905,-1.4099956406321548,-0.9763829262998218,-0.49471830021414825,50
0,100,d0,logspline,0.11,-1.2994758496044314,-1.0241531946414808,0.9470349598100739,-1.5239838748031125,-1.4027640327455295,-0.974972445248126,-0.5123921227790921,50
0,100,d0,logspline,0.12,-1.296089652776042,-1.0238364698205604,0.933546555940909,-1.5143929547961896,-1.395604562175159,-0.9735676877316903,-0.5286233206659127,50
0,100,d0,logspline,0.13,-1.29271252583669,-1.0234242294518536,0.9198907810107643,-1.5048419625712917,-1.388666818417069,-0.9721686526083329,-0.5360544398463626,50
0,100,d0,logspline,0.14,-1.2893444673017216,-1.0229331661721102,0.9060790247090104,-1.4953312820591589,-1.3817514224422827,-0.9707753386367893,-0.5423122451099575,50
0,100,d0,logspline,0.15000000000000002,-1.2859854755680493,-1.022374341085713,0.8921226562325449,-1.4858613038412818,-1.374858368020019,-0.9693877444768197,-0.5484607593490889,50
0,100,d0,logspline,0.16,-1.2825402383070097,-1.0217552254935693,0.8780330289128816,-1.4764325052897567,-1.3679876484607738,-0.9674352269935549,-0.5544800275341424,50
0,100,d0,logspline,0.17,-1.2780092760905082,-1.0210809696078977,0.8638215436989802,-1.4670455438207013,-1.3611392566169251,-0.9653932246589342,-0.5603549898734123,50
0,100,d0,logspline,0.18000000000000002,-1.2734915004203107,-1.0203552857227494,0.8494997161943092,-1.4577012154681683,-1.3547701574070214,-0.9633581642666316,-0.5650601995265808,50
0,100,d0,logspline,0.19,-1.2689869077255564,-1.0195809022827569,0.8350792171677045,-1.4484004084229551,-1.3505625288796987,-0.9613300439251891,-0.5668126176445742,50
0,100,d0,logspline,0.2,-1.2644954942327429,-1.0187598217334832,0.8205718919637317,-1.439144070652361,-1.3465571778226504,-0.95930886163569,-0.5685724613274423,50
0,100,d0,logspline,0.21,-1.260017255965947,-1.017893500600766,0.8059897589242916,-1.4299331869329854,-1.3428643369602802,-0.9572946152918618,-0.5703388363061475,50
0,100,d0,logspline,0.22,-1.2553441904734675,-1.0169829692932346,0.7913449948888398,-1.4207687623125989,-1.3392623706438767,-0.9559980209331251,-0.5721105121246624,50
0,100,d0,logspline,0.23,-1.2506505274109647,-1.016028800274676,0.7766499095198549,-1.4116518100542488,-1.3352653318838785,-0.9552800400058706,-0.5738859472837663,50
0,100,d0,logspline,0.24,-1.2459711685252237,-1.0150310233359436,0.7619169144772578,-1.4025833427640664,-1.3309238693662016,-0.9538532328674258,-0.5756633394735043,50
0,100,d0,logspline,0.25,-1.24130610813809,-1.013989115331188,0.7471585083505672,-1.3935643658192611,-1.3262845902447942,-0.9533992218266067,-0.5774406734410625,50
0,100,d0,logspline,0.26,-1.2360693470973927,-1.0129019725519324,0.7323872414976493,-1.3845958724841578,-1.3213899455904992,-0.9528730824159465,-0.5792157581932892,50
0,100,d0,logspline,0.27,-1.2301117249245408,-1.0117677259541549,0.7176156094122531,-1.3756836623788589,-1.316276587313772,-0.953299822822026,-0.5809862563049006,50
0,100,d0,logspline,0.28,-1.224172914853673,-1.0105837536138982,0.7028559848810839,-1.3669367430161659,-1.3109755957524607,-0.9529560474431691,-0.5827497073554069,50
0,100,d0,logspline,0.29000000000000004,-1.2182529078067075,-1.0093468241808896,0.6881206017172627,-1.3582389546197653,-1.3055134746969947,-0.9546762454374371,-0.584503546958962,50
0,100,d0,logspline,0.3,-1.212351694381823,-1.0080532851258541,0.6734215481099193,-1.349699963904444,-1.2991485944331378,-0.9568075130167658,-0.5862451224603011,50
0,100,d0,logspline,0.31,-1.2064692648541366,-1.0066993902244823,0.6587707532647393,-1.3414501050621879,-1.2922732455891295,-0.9554555036209316,-0.5879717060923677,50
0,100,d0,logspline,0.32,-1.2006056091764024,-1.0052814728031227,0.6441800038969999,-1.3332444009452424,-1.2853758979105958,-0.9533814504176668,-0.5896805061917569,50
0,100,d0,logspline,0.33,-1.1947607169797338,-1.0037965005354854,0.6296608601140673,-1.3250834404532277,-1.2784627050555974,-0.9506752179608244,-0.591368676922909,50
0,100,d0,logspline,0.34,-1.1889345775743485,-1.0022439077056164,0.6152241749609616,-1.3169677968237359,-1.2717818439917123,-0.949685985049881,-0.5930333268552002,50
0,100,d0,logspline,0.35000000000000003,-1.1831271799503325,-1.0006255730336266,0.6008800843850922,-1.3088980274897595,-1.2650764190567059,-0.9485489581927522,-0.5946715266575976,50
0,100,d0,logspline,0.36000000000000004,-1.177338512778431,-0.9989437831754071,0.5866386047895683,-1.3008746740784383,-1.2583144969232034,-0.9472512464422564,-0.5962803161158773,50
0,100,d0,logspline,0.37,-1.1715685644108578,-0.9972002696974488,0.5725098313760705,-1.2928982625263532,-1.2515068535580856,-0.9457833289765916,-0.5978567106320885,50
0,100,d0,logspline,0.38,-1.16581732288213,-0.9953954464811138,0.558503461814116,-1.2850347758341805,-1.2446629754993184,-0.9441429695088343,-0.5993977073978517,50
0,100,d0,logspline,0.39,-1.1600847759099189,-0.993528925638015,0.5446288571058588,-1.2772783284774734,-1.2377912354195177,-0.94233475840551,-0.6009002988683093,50
0,100,d0,logspline,0.4,-1.1543709108959308,-0.9916008341528902,0.5308954887019289,-1.269569506002433,-1.230899040008601,-0.9403681174109093,-0.6023615040918813,50
0,100,d0,logspline,0.41,-1.1486757149268003,-0.9896117912839921,0.5173129528235129,-1.2619087760719014,-1.2239929551330364,-0.9382534582522593,-0.603778380067947,50
0,100,d0,logspline,0.42,-1.1429991747750115,-0.9875627981706496,0.5038909296239918,-1.2542965924518876,-1.2170788122393896,-0.9360009110713603,-0.6051480223879604,50
0,100,d0,logspline,0.43,-1.1373412768998388,-0.9854551579401863,0.49063913979151186,-1.2467333955238722,-1.2101617991970786,-0.9336203277232952,-0.6064675662570759,50
0,100,d0,logspline,0.44,-1.1317020074483057,-0.9832903046852569,0.47756724914631776,-1.2392196128343438,-1.20312565925573,-0.9317848353486228,-0.6077341880345433,50
0,100,d0,logspline,0.45,-1.1260813522567963,-0.9810696586153754,0.46468469400452694,-1.2317556565508179,-1.1960981315534989,-0.9303056164687995,-0.6089451072273457,50
0,100,d0,logspline,0.46,-1.1204792971215798,-0.9787946464499416,0.4520006037820232,-1.2243418838555695,-1.189111196043039,-0.9287122875145337,-0.6100975888810636,50
0,100,d0,logspline,0.47,-1.114895829125699,-0.9764665538171259,0.43952377677218074,-1.216978557615043,-1.1821649098559381,-0.927008648239275,-0.6111889463195359,50
0,100,d0,logspline,0.48,-1.1093309371621944,-0.9740864112924198,0.4272626638931994,-1.2096658528712707,-1.1752592964992221,-0.9251984737346151,-0.612216544190897,50
0,100,d0,logspline,0.49,-1.1037846116963839,-0.9716550137983418,0.41522535726506465,-1.2024038673570927,-1.1684461486277085,-0.9232854803081321,-0.6131778017823721,50
0,100,d0,logspline,0.5,-1.0982568445313556,-0.969172954354227,0.4034195825334323,-1.1951926306810288,-1.1617313745592774,-0.9212733281089873,-0.61407019656999,50
0,100,d0,logspline,0.51,-1.0927476286015634,-0.9666406538466615,0.3918526909735192,-1.1880321123687017,-1.155046957785026,-0.9191656231150012,-0.6148912679723609,50
0,100,d0,logspline,0.52,-1.0872569577907436,-0.9640583889036956,0.3805316517850162,-1.181018305346503,-1.148512366142886,-0.9169659186107993,-0.6156386212800201,50
0,100,d0,logspline,0.53,-1.0817848271513713,-0.9614263148630718,0.3694630426317821,-1.1740577851366176,-1.1418709030088026,-0.9146777162635051,-0.6163099317336126,50
0,100,d0,logspline,0.54,-1.076331238572771,-0.9587444863629485,0.3586530378589716,-1.1671429313287733,-1.1352566606487215,-0.9123044668829804,-0.6169029487256013,50
0,100,d0,logspline,0.55,-1.070896207353094,-0.956012913294779,0.3481073941335551,-1.1602735679888285,-1.1286708149789848,-0.9098495709378596,-0.6164677890064618,50
0,100,d0,logspline,0.56,-1.0654797615362779,-0.953231623612971,0.33783142916225,-1.1534494926838819,-1.1221145489356374,-0.9073163788858234,-0.6159294409305951,50
0,100,d0,logspline,0.5700000000000001,-1.060081940397413,-0.9504006746230153,0.3278300012743286,-1.1468221739767204,-1.1155973941664477,-0.9047081913661387,-0.6153465203300723,50
0,100,d0,logspline,0.5800000000000001,-1.054702793088846,-0.9475201585899493,0.31810749362134233,-1.1403199279496876,-1.1091376705931895,-0.9020282592939446,-0.6146873460187634,50
0,100,d0,logspline,0.59,-1.0493423774283261,-0.944590209485551,0.30866779993515714,-1.1338429573945823,-1.1027124436325597,-0.8992797838887676,-0.6131516041504224,50
0,100,d0,logspline,0.6,-1.0440007588128832,-0.9416109992479549,0.2995143080298531,-1.1273912268639183,-1.0963221647802244,-0.8964659166639702,-0.6116069162818075,50
0,100,d0,logspline,0.61,-1.0386780092442163,-0.9385827271564885,0.29064988358702165,-1.120964700381597,-1.0899672273768057,-0.8935897593990703,-0.6100536840494815,50
0,100,d0,logspline,0.62,-1.033374206453224,-0.9355056188373998,0.28207685449653336,-1.1145633414466016,-1.0836479717941385,-0.8906543641129032,-0.6084922861822886,50
0,100,d0,logspline,0.63,-1.0280894331128412,-0.932379928330584,0.27379699561379023,-1.108334514166204,-1.0773685805985567,-0.8876390401620455,-0.6069230803506651,50
0,100,d0,logspline,0.64,-1.0228237761297043,-0.9292059467147963,0.2658115203363019,-1.1022968303353964,-1.0712675084021672,-0.8843003339072608,-0.6053464048388929,50
0,100,d0,logspline,0.65,-1.01757732600631,-0.9259840105906979,0.258121074487241,-1.0962826836364234,-1.0651980398715015,-0.8809306154468081,-0.6037625800597048,50
0,100,d0,logspline,0.66,-1.012350176266345,-0.9227145073711267,0.2507257305012708,-1.0902922324784687,-1.059214043832827,-0.8775322113774295,-0.602171909928267,50
0,100,d0,logspline,0.67,-1.0071424229367207,-0.9193978802531372,0.24362498464725355,-1.08432561864978,-1.0534791093557658,-0.8741073413974823,-0.6005746831104859,50
0,100,d0,logspline,0.68,-1.0019541640806013,-0.9160346338013828,0.2368177581295875,-1.078382968589416,-1.0474330804169993,-0.8706581253470393,-0.5989711741588019,50
0,100,d0,logspline,0.6900000000000001,-0.9967854993763675,-0.9126253390415028,0.2303024018119891,-1.0724643945467311,-1.0412895943712588,-0.8671865896347948,-0.5973616445470833,50
0,100,d0,logspline,0.7000000000000001,-0.9915797356759863,-0.9091707017439733,0.2240763606210889,-1.066569995639973,-1.035179695850601,-0.8636946731187918,-0.5957463436148834,50
0,100,d0,logspline,0.7100000000000001,-0.9863487049783795,-0.9056720128936447,0.21813381463879467,-1.0606998588240555,-1.0291034678552875,-0.8601842324999478,-0.5941255094301405,50
0,100,d0,logspline,0.72,-0.9811377650352142,-0.902131360542962,0.2124646589414071,-1.0548540597764657,-1.023060983343215,-0.8566570472804111,-0.5924993695783929,50
0,100,d0,logspline,0.73,-0.97594700104862,-0.8985514736171071,0.20705544665533837,-1.0490326637092398,-1.0170523058581553,-0.8531148243305082,-0.5908681418856618,50
0,100,d0,logspline,0.74,-0.9707764984060049,-0.8949356046454041,0.2018902516278461,-1.0432357261140932,-1.0110774901112105,-0.8495591990461303,-0.589232035081391,50
0,100,d0,logspline,0.75,-0.9656263424711007,-0.8912873839892148,0.19695205922883466,-1.037463293447022,-1.005140111511277,-0.8459917202133501,-0.5875912494071158,50
0,100,d0,logspline,0.76,-0.9604966183966058,-0.8876103912042989,0.19222511366025866,-1.0317154037580156,-0.9992908584405154,-0.8424138433228803,-0.5859459771759549,50
0,100,d0,logspline,0.77,-0.9553874109565255,-0.8839079908867857,0.18769533911851585,-1.0257506372979677,-0.9934768447824414,-0.8388269364349457,-0.5842964032874567,50
0,100,d0,logspline,0.78,-0.9502988043964938,-0.8801832303637825,0.18335016853587452,-1.0197063776230286,-0.9876980632364346,-0.8352322861777302,-0.5826427057018777,50
0,100,d0,logspline,0.79,-0.9452308823005359,-0.8764388534675213,0.17917832392734015,-1.0137059211860722,-0.9820794301111443,-0.831631103262288,-0.5809850558775411,50
0,100,d0,logspline,0.8,-0.9401837274728799,-0.8726773461412037,0.1751695754683461,-1.0077490887573939,-0.9763780515649101,-0.8280245275588112,-0.5793236191745634,50
0,100,d0,logspline,0.81,-0.9351574218335588,-0.8689009782940659,0.17131457543720505,-1.0018355171592237,-0.9707168862371582,-0.8242863006774273,-0.577658555227891,50
0,100,d0,logspline,0.8200000000000001,-0.9301520463266638,-0.8651118376633025,0.16760474456714725,-0.9959648256954692,-0.9650930981480985,-0.8205161232575492,-0.5780455653689505,50
0,100,d0,logspline,0.8300000000000001,-0.9251676808402243,-0.8613118550157853,0.1640321767642792,-0.9901366335054076,-0.9595065350392515,-0.8167547576350807,-0.582573652090674,50
0,100,d0,logspline,0.8400000000000001,-0.9202044041367707,-0.8575028315732417,0.16058956516910905,-0.9843505600836322,-0.9539570365249064,-0.8130025344482739,-0.5868385419580275,50
0,100,d0,logspline,0.85,-0.9152622937937391,-0.8536864542372444,0.15727013727084724,-0.9786062257391008,-0.9484444347970056,-0.8092597638265225,-0.5908437729742986,50
0,100,d0,logspline,0.86,-0.9103414261529383,-0.8498643034918819,0.15406759911991852,-0.9729032519998639,-0.9429791218212938,-0.8055267366749204,-0.5945934387174787,50
0,100,d0,logspline,0.87,-0.9054418762783825,-0.8460378596865012,0.15097608865948614,-0.9672412619693022,-0.9375722754732742,-0.8018037258651284,-0.598092121632072,50
0,100,d0,logspline,0.88,-0.900563717740842,-0.8422085111344434,0.14799013518060616,-0.9616198806390608,-0.9322007028424827,-0.7980909873404001,-0.6013448312255258,50
0,100,d0,logspline,0.89,-0.8957070193080537,-0.8383775621066665,0.14510462435017207,-0.9560387351632824,-0.9268642264155245,-0.7943887611418876,-0.6043569469334368,50
0,100,d0,logspline,0.9,-0.8908718405064517,-0.8345462393388712,0.14231476792130637,-0.9504974550982335,-0.9215626642880087,-0.7906972723626577,-0.607134165414473,50
0,100,d0,logspline,0.91,-0.8860582315343011,-0.8307156878957949,0.13961607017678151,-0.9449956726109814,-0.9163218894734059,-0.7870167320352861,-0.6096824520365998,50
0,100,d0,logspline,0.92,-0.8812662338536058,-0.8268869604150317,0.13700429330549388,-0.9395330226603694,-0.9111374848145039,-0.7833473379583296,-0.6120079963197792,50
0,100,d0,logspline,0.93,-0.87649588074183,-0.8230610210056934,0.13447543689922437,-0.9341091431532007,-0.9059878232187494,-0.7796892754665259,-0.6141171711060904,50
0,100,d0,logspline,0.94,-0.8717471978062443,-0.8192387544114783,0.13202571904471258,-0.9288134544463804,-0.9008726568040761,-0.7760427181491195,-0.6160164952355429,50
0,100,d0,logspline,0.95,-0.8670202034637433,-0.8154209799630923,0.12965155373373194,-0.9236129658991873,-0.8957917379603251,-0.7724078285203231,-0.6177125995142758,50
0,100,d0,logspline,0.96,-0.8623149093887378,-0.8116084584609887,0.12734953552091782,-0.918475170549168,-0.8906901233333296,-0.7687847586455947,-0.619212195770943,50
0,100,d0,logspline,0.97,-0.8576313209315025,-0.8078018964010019,0.12511642852761043,-0.9133776424775413,-0.8855195624864753,-0.7650773785191106,-0.6205220488065535,50
0,100,d0,logspline,0.98,-0.8529694375091681,-0.8040019560985882,0.1229491612423848,-0.9083066436686199,-0.8803848075825463,-0.7613883864791409,-0.6216489510527066,50
0,100,d0,logspline,0.99,-0.8483292529713472,-0.8002092651874154,0.12084482198081888,-0.9033392816905499,-0.8752855811618769,-0.7577187370139663,-0.6225996997627394,50
0,100,d0,logspline,1,-0.8437107559422494,-0.7964244192890176,0.1188006501121545,-0.8984281300672539,-0.8702216072706167,-0.7540682276353938,-0.6233810765698178,50
0,100,d1,ecdf,0.01,Inf,Inf,NA,-3.196194606860094,Inf,Inf,Inf,6
0,100,d1,ecdf,0.02,-1.4287112307987762,Inf,NA,-2.527323519466886,-1.9485716162187352,Inf,Inf,26
0,100,d1,ecdf,0.03,-0.9644244926821595,Inf,NA,-2.3275656710729624,-1.7164631910702963,Inf,Inf,36
0,100,d1,ecdf,0.04,-1.1411968832534356,Inf,NA,-2.244755089487977,-1.7887636746148923,-0.04258459458532583,Inf,41
0,100,d1,ecdf,0.05,-1.3881827416789256,Inf,NA,-2.166112796143863,-1.79364784978709,-0.6950355611189802,Inf,45
0,100,d1,ecdf,0.06,-1.2446097205996307,Inf,NA,-2.1520426048268724,-1.7968832326935926,-0.6740141241804989,Inf,47
0,100,d1,ecdf,0.06999999999999999,-1.3652151199117057,Inf,NA,-2.085164966307273,-1.7570275026747364,-0.7541112978033899,0.3830386608215344,48
0,100,d1,ecdf,0.08,-1.3305146975683346,Inf,NA,-2.042902615617699,-1.7241758406168348,-0.736402473889436,0.1149698465189879,48
0,100,d1,ecdf,0.09,-1.3917179493559901,Inf,NA,-1.9944994110273706,-1.669923682728936,-0.8195275957941449,0.24988385764141866,48
0,100,d1,ecdf,0.1,-1.346670858761312,Inf,NA,-1.9380023629049532,-1.676912545631889,-0.9353614742187653,0.02797293825419031,49
0,100,d1,ecdf,0.11,-1.3530540177352433,Inf,NA,-1.9033911264294348,-1.6517686055158844,-0.9375613943706604,-0.026848783296388037,49
0,100,d1,ecdf,0.12,-1.3585818766143842,Inf,NA,-1.874125964236678,-1.6481921093803682,-0.839350621930181,-0.09178464295530486,49
0,100,d1,ecdf,0.13,-1.388637095097379,Inf,NA,-1.8632188303146433,-1.6669602992568193,-0.9127756649458344,-0.050112063080869976,49
0,100,d1,ecdf,0.14,-1.461496441549837,Inf,NA,-1.8313076772931196,-1.6667065075186926,-0.8805494626016228,-0.08093992844562511,49
0,100,d1,ecdf,0.15000000000000002,-1.453435472053941,Inf,NA,-1.8051916777074886,-1.6214986099096134,-0.9643816854645944,-0.2036821553485954,49
0,100,d1,ecdf,0.16,-1.4472598295888301,Inf,NA,-1.7802162404540156,-1.6040794969839118,-0.9744231518538751,-0.22891720941346466,49
0,100,d1,ecdf,0.17,-1.4151376310645358,-1.192990408844542,0.7511835652720747,-1.7329090041271649,-1.595208207022145,-0.9865748983261644,-0.3597908572464018,50
0,100,d1,ecdf,0.18000000000000002,-1.4265025933751425,-1.1985193500341684,0.7246783800069315,-1.741564151931693,-1.5793488361228647,-0.9994066767091867,-0.4235712547002928,50
0,100,d1,ecdf,0.19,-1.4083811178304542,-1.1950187891733652,0.7254044688055588,-1.7284158409921102,-1.573084295050531,-1.0622433440187944,-0.45037017430961956,50
0,100,d1,ecdf,0.2,-1.4239811286703126,-1.1997637005255737,0.7174648491525167,-1.7091479042249682,-1.5718140893690529,-1.0593661291404006,-0.5008451988644423,50
0,100,d1,ecdf,0.21,-1.4138010483231649,-1.1985035536209911,0.7115179109785421,-1.705675315728752,-1.5583614669662211,-1.039077560121927,-0.4638248076141186,50
0,100,d1,ecdf,0.22,-1.422711540892272,-1.20022066079545,0.6755574548462719,-1.683663526200144,-1.5595949769548905,-1.0463332983910187,-0.5025999552263885,50
0,100,d1,ecdf,0.23,-1.4223498333527504,-1.1925000922098588,0.6805978366367407,-1.6545462933142079,-1.533224792034395,-1.0482608117093644,-0.4882906416140796,50
0,100,d1,ecdf,0.24,-1.4191640166884305,-1.1890720236513066,0.6818906210949869,-1.6322116246162377,-1.5246730966987532,-1.0233652592660811,-0.507741568422675,50
0,100,d1,ecdf,0.25,-1.4163453349370505,-1.1817553388507878,0.688237746008314,-1.6067891750109191,-1.5361898828063265,-1.0206364017742506,-0.5180567881175397,50
0,100,d1,ecdf,0.26,-1.3957515681994344,-1.1712387611363624,0.6936029370574822,-1.6101577375893457,-1.516290571704086,-1.008654651096238,-0.5443497306887825,50
0,100,d1,ecdf,0.27,-1.38090689918027,-1.171877975974617,0.6682891214926688,-1.6046253406792208,-1.4948208083656604,-1.0062236653071817,-0.5976382996257448,50
0,100,d1,ecdf,0.28,-1.3543985010292197,-1.1750021587313,0.6346259682844221,-1.6127527857107888,-1.4893332512655104,-1.0055521253034336,-0.6248224403902342,50
0,100,d1,ecdf,0.29000000000000004,-1.3547415632820752,-1.1752005939209524,0.6154167766140018,-1.6003868110844637,-1.4856611622599498,-1.0099776459656578,-0.6835421113212417,50
0,100,d1,ecdf,0.3,-1.3553767914290562,-1.174475090758274,0.6153439758707986,-1.5880913424491023,-1.4761177639672816,-1.0440093182243435,-0.6563865131850293,50
0,100,d1,ecdf,0.31,-1.337932374351407,-1.171649198611519,0.5968452165151081,-1.5700843126926105,-1.4523750077836777,-1.0339217292123644,-0.686122240557604,50
0,100,d1,ecdf,0.32,-1.3226691068299312,-1.1653219720051207,0.5960408902964323,-1.566274971148913,-1.435053356367065,-1.040840375928887,-0.7107237367850204,50
0,100,d1,ecdf,0.33,-1.311441989060986,-1.1617010996224872,0.5719817112265924,-1.546240652197366,-1.423385447255105,-1.0479234302928053,-0.7148759317098529,50
0,100,d1,ecdf,0.34,-1.2997240302709612,-1.1553296841909984,0.5722698754107844,-1.538098504778047,-1.4246144593870995,-1.0576820400401434,-0.708023712812414,50
0,100,d1,ecdf,0.35000000000000003,-1.2915079633243174,-1.1537855849151368,0.5374968700631726,-1.538384368053017,-1.412467254026508,-1.0491493768793938,-0.7003651869070444,50
0,100,d1,ecdf,0.36000000000000004,-1.2934291603465122,-1.1535259334257435,0.5209813669733852,-1.5331933931695936,-1.40730703691033,-1.0618015769157612,-0.6949567845452898,50
0,100,d1,ecdf,0.37,-1.288850977808953,-1.1527316404037822,0.49703763058106953,-1.520732285781016,-1.4020667178855426,-1.0620700399351246,-0.6900981952709656,50
0,100,d1,ecdf,0.38,-1.27178859788929,-1.147461727236261,0.4913338151372369,-1.5123908358823281,-1.3924260604850558,-1.0620945227346252,-0.6804983684036711,50
0,100,d1,ecdf,0.39,-1.2660399334806502,-1.1398149033229241,0.48346235966295004,-1.4928639038169165,-1.369713846595592,-1.0462387608991712,-0.6913629179722169,50
0,100,d1,ecdf,0.4,-1.261383603903192,-1.1357130031558391,0.4766830717711416,-1.4828269261992688,-1.3613117722356065,-1.0475625721661372,-0.7052953302072098,50
0,100,d1,ecdf,0.41,-1.250166990749097,-1.131415265854923,0.46152272266132777,-1.472565000834391,-1.343353269354385,-1.0458786426832078,-0.6926728843378211,50
0,100,d1,ecdf,0.42,-1.2472362409648263,-1.1257237113202703,0.4515700746696588,-1.471722263023688,-1.332761095692298,-1.0304623463759621,-0.7069669031104431,50
0,100,d1,ecdf,0.43,-1.238287636690989,-1.1216925268937459,0.4408303650577966,-1.4615891897773485,-1.3288132920176798,-1.0351873162601315,-0.7052378274811779,50
0,100,d1,ecdf,0.44,-1.2382305516557048,-1.1229269664633237,0.41806724419637276,-1.447903183679412,-1.3266369753614025,-1.0290567276686777,-0.7104064938824666,50
0,100,d1,ecdf,0.45,-1.2396824519499328,-1.1176426970206912,0.4051289409448271,-1.4296209562823552,-1.3158541925806886,-1.035535143310143,-0.6995970930920478,50
0,100,d1,ecdf,0.46,-1.2343060794867018,-1.114408372874246,0.39148644960829665,-1.4163852924857245,-1.3094295043671031,-1.035533756696617,-0.7001199159055403,50
0,100,d1,ecdf,0.47,-1.2262727897466346,-1.1114306358823394,0.37912229471400827,-1.4035619299614615,-1.2995132906170075,-1.0278159663943622,-0.7164784652522562,50
0,100,d1,ecdf,0.48,-1.2246859554761838,-1.1079047993427802,0.36789283073277074,-1.3985198661190068,-1.2946786083663877,-1.0172094831239153,-0.7220275250377479,50
0,100,d1,ecdf,0.49,-1.2150751661548869,-1.1022722039620114,0.3509875055088687,-1.3872178325664941,-1.2890094474752782,-1.0112007654458743,-0.728994944569376,50
0,100,d1,ecdf,0.5,-1.203364093943846,-1.09673908522792,0.33884703816231304,-1.3779318030199024,-1.2768417028325327,-1.0087209925565719,-0.7432363258636627,50
0,100,d1,ecdf,0.51,-1.1977733185730122,-1.093254548982811,0.32457494289551614,-1.370103447799878,-1.2792075745499707,-1.0106389797072672,-0.7370006106958931,50
0,100,d1,ecdf,0.52,-1.1871048433287417,-1.0841585232032647,0.3203850479969396,-1.3568013769037384,-1.2678233213975454,-1.0071265445240534,-0.7260949191425643,50
0,100,d1,ecdf,0.53,-1.1802901943610973,-1.0789321419330367,0.31081889358361503,-1.3432812919102586,-1.2503551115070448,-1.0027007729242938,-0.7259548005983223,50
0,100,d1,ecdf,0.54,-1.1742534357224796,-1.0747005128889557,0.30135020031760307,-1.3362506663664369,-1.227170968020924,-1.0012915377217928,-0.71880857278811,50
0,100,d1,ecdf,0.55,-1.1671468412907269,-1.0695335537180026,0.2909878803721524,-1.3223030855038682,-1.2144058026703461,-0.9957214921238997,-0.7087850515472703,50
0,100,d1,ecdf,0.56,-1.1512645737915448,-1.0614633082549518,0.2846388326539487,-1.309827629959116,-1.202670447976404,-0.9889734960755074,-0.7045358606661108,50
0,100,d1,ecdf,0.5700000000000001,-1.1408661586302689,-1.0551072730985172,0.27758229310108573,-1.3000528999819037,-1.2064803815293792,-0.983134332300551,-0.7197663287783689,50
0,100,d1,ecdf,0.5800000000000001,-1.128872750500404,-1.0494126774408106,0.2693511028442126,-1.2859203548475107,-1.193543745065232,-0.9820321968575099,-0.7210935389739368,50
0,100,d1,ecdf,0.59,-1.1195220373569523,-1.0445346684928296,0.263484751265918,-1.274798896348381,-1.1877496797168434,-0.9838623963270323,-0.715142520506092,50
0,100,d1,ecdf,0.6,-1.1150272490300372,-1.038979873873546,0.252845399316134,-1.262160703916209,-1.171716995569977,-0.9736954543907481,-0.7220419938043922,50
0,100,d1,ecdf,0.61,-1.0986572149851739,-1.0335600949805182,0.24317357527434236,-1.2523110002955533,-1.1604632715806724,-0.9762164899928993,-0.7265090149026363,50
0,100,d1,ecdf,0.62,-1.095733854493638,-1.0280561705373128,0.2354177904686735,-1.2364044091495272,-1.1522680299175696,-0.9755702111992153,-0.7327852950602096,50
0,100,d1,ecdf,0.63,-1.0881158061171265,-1.023435240956402,0.22739229222345847,-1.2200114059418552,-1.1483483911876644,-0.967008582182002,-0.7377299279618481,50
0,100,d1,ecdf,0.64,-1.0775919094313484,-1.0169827413052297,0.22202404832660916,-1.2073673513643604,-1.1377417772638396,-0.9638816558369608,-0.7317452855027939,50
0,100,d1,ecdf,0.65,-1.0736682354126845,-1.0120110519764298,0.21443984395296237,-1.1981361138664426,-1.1296531292057919,-0.9537341007201064,-0.7395767773878656,50
0,100,d1,ecdf,0.66,-1.0619076352409695,-1.0060331839407826,0.2069869351008664,-1.1852046054969914,-1.1245997930015257,-0.9409439274539374,-0.7389865447128188,50
0,100,d1,ecdf,0.67,-1.0537929624939995,-1.0006708410040268,0.20234645938225154,-1.1766070301026472,-1.1162504421957562,-0.9385086751922289,-0.7367333683821681,50
0,100,d1,ecdf,0.68,-1.0504683574278442,-0.9933592080337463,0.19926141606703257,-1.1713669189693605,-1.1082949036885126,-0.92830903704368,-0.7282737881943008,50
0,100,d1,ecdf,0.6900000000000001,-1.0411089583395792,-0.987719498803686,0.19476754149536174,-1.1659437713723766,-1.0979208873587063,-0.925345014235897,-0.7277428598039191,50
0,100,d1,ecdf,0.7000000000000001,-1.0363967128278515,-0.9833217255798975,0.18915688945864279,-1.158352410979322,-1.092908923091194,-0.9160507772525132,-0.7296777108205478,50
0,100,d1,ecdf,0.7100000000000001,-1.0341528615920526,-0.9775312972505185,0.18621474218055648,-1.147235533571847,-1.0854541618444813,-0.910126422670066,-0.726393175958557,50
0,100,d1,ecdf,0.72,-1.02248084550937,-0.9699328414568448,0.1825884289279925,-1.1425439951058474,-1.0712990519805792,-0.9041854855959222,-0.7257401693909267,50
0,100,d1,ecdf,0.73,-1.0134617696406063,-0.9645028827641676,0.1771017370511652,-1.136335978464301,-1.0623691022683253,-0.9006700063625606,-0.7213840332996109,50
0,100,d1,ecdf,0.74,-0.9979209534515752,-0.9581467696470342,0.1718959697694054,-1.1316976043430442,-1.0564184453198604,-0.8920339502459225,-0.7136894199700604,50
0,100,d1,ecdf,0.75,-0.9868856964691162,-0.952724166659403,0.16737962523752578,-1.1225860479456475,-1.0507710797857137,-0.8894525829517212,-0.7116504998905124,50
0,100,d1,ecdf,0.76,-0.977204095366794,-0.9474051413326762,0.1631673872880685,-1.1129522404019478,-1.043764947218078,-0.8841825619644382,-0.7124178133577035,50
0,100,d1,ecdf,0.77,-0.974037261691685,-0.9412202812346223,0.15979062401154087,-1.1027409134685633,-1.0341201373999902,-0.8792406433739115,-0.7126340674861082,50
0,100,d1,ecdf,0.78,-0.9668335798317763,-0.9356063624083383,0.15345886416367077,-1.0942271728896327,-1.024361662210373,-0.8761663981932757,-0.7017792080753186,50
0,100,d1,ecdf,0.79,-0.9597263852340205,-0.9293264765714301,0.14864187567451906,-1.0849650250279739,-1.0158163691166568,-0.8687552284485248,-0.7014746694718987,50
0,100,d1,ecdf,0.8,-0.952694739997231,-0.9234883917514667,0.14440965608150247,-1.0766336361128932,-1.008435120237527,-0.8602330911855345,-0.7057143954940426,50
0,100,d1,ecdf,0.81,-0.9441204317334814,-0.9175521238427115,0.13875727387187636,-1.0688568410994739,-1.0021683765533473,-0.8583406013872746,-0.7073689279900022,50
0,100,d1,ecdf,0.8200000000000001,-0.9367322691332115,-0.9112731432321401,0.13535707797245453,-1.0597317636845087,-0.994706304517027,-0.845316313446292,-0.7114161929179157,50
0,100,d1,ecdf,0.8300000000000001,-0.927861117033467,-0.905593759094046,0.13323931954610288,-1.0517677066876325,-0.9880880481103242,-0.8426012542997996,-0.710026463353765,50
0,100,d1,ecdf,0.8400000000000001,-0.9273698422972367,-0.8995805755345622,0.12971021472882974,-1.0449118736898493,-0.9815465770272905,-0.8364544349647481,-0.7141668741152583,50
0,100,d1,ecdf,0.85,-0.9217650641810902,-0.8934086355431761,0.12713986011525744,-1.037576545971962,-0.972917523705211,-0.8309261615969945,-0.7134788317276833,50
0,100,d1,ecdf,0.86,-0.9177101255924364,-0.88765891825806,0.12542832489607667,-1.0296871594126984,-0.964429075816707,-0.8240819406204009,-0.7154818625812305,50
0,100,d1,ecdf,0.87,-0.9087190175273402,-0.8811962424365013,0.12179324980579048,-1.0195281788589083,-0.9558379053713882,-0.8159803150656412,-0.7165778127303546,50
0,100,d1,ecdf,0.88,-0.9037679232840262,-0.8754826632299717,0.12023565289334581,-1.011840796261213,-0.9501620212888127,-0.8082697354419184,-0.7155440080756348,50
0,100,d1,ecdf,0.89,-0.8940701942843075,-0.8697298699394351,0.11784423562411626,-1.0049659666913242,-0.9436380452853284,-0.8054028096264325,-0.7119953415409741,50
0,100,d1,ecdf,0.9,-0.8883037353314991,-0.8639657304186765,0.11495060756384617,-0.9942507524446669,-0.93787475724968,-0.8017378744277792,-0.7105568200453117,50
0,100,d1,ecdf,0.91,-0.8802895765336146,-0.8581297642506611,0.11190891105578069,-0.9879206194786082,-0.9330659687231776,-0.793503291811801,-0.7058640432748422,50
0,100,d1,ecdf,0.92,-0.8728562766952521,-0.8535970493253172,0.10974620000307117,-0.9791884714927772,-0.9309161332107011,-0.787914050160032,-0.7015482022007128,50
0,100,d1,ecdf,0.93,-0.8678222619840648,-0.8488583265126247,0.10838676008869343,-0.9709696750009658,-0.9235780361438051,-0.7846235876470751,-0.7033882106252349,50
0,100,d1,ecdf,0.94,-0.8610407173965848,-0.8438546391542959,0.10627354975854887,-0.9645834287802588,-0.9172027575215,-0.7759640872228446,-0.7021624826689883,50
0,100,d1,ecdf,0.95,-0.8596617703037681,-0.8387809803383155,0.10334771812582014,-0.9543557662842509,-0.9052391120414203,-0.7732439135726908,-0.7018676274308573,50
0,100,d1,ecdf,0.96,-0.8539020903473042,-0.8339722720551531,0.10135795443501414,-0.9446588835241918,-0.9034816760004489,-0.7697900078328911,-0.6935463812746279,50
0,100,d1,ecdf,0.97,-0.8464894610403578,-0.8278513551076122,0.10006434994121802,-0.9382004673083069,-0.8967742991963596,-0.7675416213163871,-0.6840107243524642,50
0,100,d1,ecdf,0.98,-0.8383544236210188,-0.8214759720327495,0.09957451883676884,-0.9326151743943278,-0.8893600974327178,-0.7634254583103862,-0.6787529523593945,50
0,100,d1,ecdf,0.99,-0.8337049396422156,-0.8156286187036695,0.09805318632393693,-0.9259910068903372,-0.8826643397012144,-0.7538806396196982,-0.6724479736801965,50
0,100,d1,ecdf,1,-0.827860234454491,-0.8103742321120319,0.0963729015148775,-0.919348534139129,-0.8780552791738662,-0.7537311247327029,-0.6714649833823239,50
0,100,d1,logspline,0.01,-2.9949310855640823,-2.7711866072097275,1.0919215192070906,-3.97909554744544,-3.467993180995263,-2.155878150568225,-1.1111533799701192,50
0,100,d1,logspline,0.02,-2.3819601037259392,-2.1602716216637035,1.0514634780753227,-3.3146536566411493,-2.8278483534964276,-1.5647858357374043,-0.5622364492882749,50
0,100,d1,logspline,0.03,-2.108638834466919,-1.8398898728780562,1.0104028855480554,-2.9381536431279534,-2.479048989813577,-1.284585856833474,-0.30899333572398147,50
0,100,d1,logspline,0.04,-1.9384450451060729,-1.639851825065333,0.9696462188880101,-2.679657756265511,-2.2498815291899907,-1.1863583577295478,-0.17334335449011445,50
0,100,d1,logspline,0.05,-1.764004820027326,-1.5063905157790232,0.9302658386054821,-2.4865045177070684,-2.0797105631607233,-1.0949080508362652,-0.027024363269463475,50
0,100,d1,logspline,0.06,-1.6505367259258654,-1.414970475791708,0.8934529636707969,-2.336376461893499,-1.952819123220403,-1.0253853029425923,0.0892295577005369,50
0,100,d1,logspline,0.06999999999999999,-1.5607127982715285,-1.3518252453111512,0.8604332810001352,-2.2143301428595126,-1.8801569856940028,-1.0150172045873898,0.1762928435560058,50
0,100,d1,logspline,0.08,-1.487088417113278,-1.3081313922744882,0.8322347908700003,-2.1127276368763885,-1.8509953341231602,-0.9926061231192908,0.08400525852778584,50
0,100,d1,logspline,0.09,-1.4409153006865694,-1.2777848776998195,0.8092940872547875,-2.0266414318266808,-1.807664109257931,-0.9639966495522642,-0.054878572276104785,50
0,100,d1,logspline,0.1,-1.425180122082395,-1.2564937885099672,0.7913334554108086,-1.9527055634104258,-1.76750846760065,-1.0247362016579742,-0.19195040708457672,50
0,100,d1,logspline,0.11,-1.4354227103532828,-1.2412607206074597,0.777528592891744,-1.9163747933761783,-1.739443700870265,-1.0357793237186175,-0.2767381217305834,50
0,100,d1,logspline,0.12,-1.430621664025908,-1.2299868734117083,0.7667666333500605,-1.8932466267894013,-1.7059379353550865,-1.0013012277631006,-0.28021990670031793,50
0,100,d1,logspline,0.13,-1.4326862389915567,-1.221229617556303,0.7578799479676412,-1.883640730959406,-1.659291397904548,-0.9706403771808909,-0.290703239829504,50
0,100,d1,logspline,0.14,-1.4191366927088993,-1.2141566232469037,0.7498203579195298,-1.879892136988139,-1.6621980653480746,-0.9425095981473002,-0.3068472863453947,50
0,100,d1,logspline,0.15000000000000002,-1.407302466343612,-1.208362792819398,0.7418665654671203,-1.872983100807672,-1.6390223665595214,-0.9686732290873109,-0.3275171892264731,50
0,100,d1,logspline,0.16,-1.4048961699476177,-1.2036287649578044,0.733642662333234,-1.8520223622267888,-1.6064635954324116,-0.9881437568323476,-0.351731779344688,50
0,100,d1,logspline,0.17,-1.4125095853891696,-1.199776427539434,0.7250096405481647,-1.8283291939930253,-1.5961592604067805,-1.014283620970672,-0.37421076580354246,50
0,100,d1,logspline,0.18000000000000002,-1.414152572049503,-1.1966488758144622,0.7159457682414602,-1.8056906994811306,-1.5895587371531068,-1.0203297975907184,-0.38407120353734103,50
0,100,d1,logspline,0.19,-1.4109767012509709,-1.1940991983804592,0.7064757875801649,-1.7841074611394405,-1.5722556198680757,-1.0229728241828648,-0.39595504972493745,50
0,100,d1,logspline,0.2,-1.4045324349895711,-1.1919896498364493,0.6966404895499131,-1.7635687482064952,-1.5594972739813977,-1.0213265409198742,-0.4094039489551361,50
0,100,d1,logspline,0.21,-1.3936096249026526,-1.1901899631995654,0.6864822363056,-1.7440327302201493,-1.5525085983563256,-1.0209408241097133,-0.4240172188072804,50
0,100,d1,logspline,0.22,-1.3850668086634723,-1.188581726623727,0.6760369283917952,-1.7254384960198355,-1.5506005665884626,-1.0314166348025036,-0.4394571003897069,50
0,100,d1,logspline,0.23,-1.376927959520692,-1.1870701313161318,0.6653324727091157,-1.7077144817743903,-1.5492779389422,-1.0338205010071957,-0.4554426801047253,50
0,100,d1,logspline,0.24,-1.3717171939018458,-1.1855810967104163,0.6543918496441431,-1.6907837723669386,-1.5473881355162626,-1.03357150918214,-0.4717400991563596,50
0,100,d1,logspline,0.25,-1.3684569954453756,-1.1840563606810028,0.6432360838172038,-1.6745674694893777,-1.5353073492347118,-1.0330372966608685,-0.4881546730718548,50
0,100,d1,logspline,0.26,-1.3630622711256923,-1.1824509580440998,0.6318855496090046,-1.6589868434148276,-1.5211084795508594,-1.0329930966121723,-0.5045245463310624,50
0,100,d1,logspline,0.27,-1.3568454683073845,-1.1807305660005123,0.6203606121888996,-1.6439647091602025,-1.508714700138595,-1.0332234528429338,-0.5207155375456383,50
0,100,d1,logspline,0.28,-1.350431686959259,-1.1788670891195507,0.6086820572685552,-1.6294263032134544,-1.4960449250661023,-1.0358848257659907,-0.5366169171186013,50
0,100,d1,logspline,0.29000000000000004,-1.340598002383703,-1.176836863773247,0.5968709502485043,-1.6157235704447814,-1.4894143323602032,-1.0362275593906312,-0.5521379219929861,50
0,100,d1,logspline,0.3,-1.3309966080420472,-1.174621290127943,0.5849478653564847,-1.6083056432210792,-1.4826095965942232,-1.0321155284932557,-0.5672048580807199,50
0,100,d1,logspline,0.31,-1.3254395846800184,-1.172208119142956,0.5729330101106626,-1.6005925421539922,-1.4721909751874065,-1.0275925288038275,-0.5817586750755909,50
0,100,d1,logspline,0.32,-1.3202548620230035,-1.1695925297242638,0.5608472168941414,-1.5925239045771908,-1.4607777255139158,-1.0292705054742088,-0.5957529239219603,50
0,100,d1,logspline,0.33,-1.3148074764395303,-1.1667754525447718,0.5487116605677854,-1.5831802147758502,-1.4493131378044057,-1.0392227501331752,-0.6091520265561894,50
0,100,d1,logspline,0.34,-1.3091044217248302,-1.1637605713641972,0.5365468040306776,-1.572573685671431,-1.4378215830400856,-1.0417876747181158,-0.6219298023039934,50
0,100,d1,logspline,0.35000000000000003,-1.303157712688833,-1.1605530277229106,0.5243720189369595,-1.5615871607210206,-1.4263230218748748,-1.0437468169212294,-0.6340682066803897,50
0,100,d1,logspline,0.36000000000000004,-1.2969832433798711,-1.1571590973185237,0.5122054914747305,-1.5502573796788588,-1.414833969644558,-1.0497398633356483,-0.6455562471508607,50
0,100,d1,logspline,0.37,-1.2904363888502512,-1.1535862255541371,0.5000640509614512,-1.538619665052436,-1.4033682385548758,-1.0548024038844432,-0.6563890472948648,50
0,100,d1,logspline,0.38,-1.2807046628343222,-1.1498428363837054,0.4879633077044944,-1.5267079493741667,-1.3920561516128567,-1.0589852003446891,-0.6665670362248229,50
0,100,d1,logspline,0.39,-1.2709310004466543,-1.1459380536237376,0.47591782208742966,-1.5145549189350926,-1.381531964317196,-1.0623438102170266,-0.6760952443966263,50
0,100,d1,logspline,0.4,-1.261142875240719,-1.141881356496492,0.4639413149653147,-1.5021921113366088,-1.3712862266350807,-1.0649350959301305,-0.6849826903576917,50
0,100,d1,logspline,0.41,-1.253232114868303,-1.1376817730540787,0.4520467860703752,-1.48990279399535,-1.36387142390738,-1.0668116885280123,-0.6932418457093399,50
0,100,d1,logspline,0.42,-1.2455341639275064,-1.1333477509242214,0.4402465305783473,-1.4775008047148845,-1.353486503642572,-1.0680216117991719,-0.7008881677592305,50
0,100,d1,logspline,0.43,-1.2379287382623922,-1.128887116317329,0.4285522740884587,-1.4641074346712113,-1.340730679817622,-1.06860919176667,-0.707939691119973,50
0,100,d1,logspline,0.44,-1.2304119959223232,-1.1243070099745265,0.4169753020370169,-1.4501427634362614,-1.3299987639314634,-1.0686157534521588,-0.7144166709591923,50
0,100,d1,logspline,0.45,-1.2229797920961523,-1.1196140506351016,0.4055264753868727,-1.43639261720253,-1.3195286360666816,-1.0678734442678801,-0.7203412717922473,50
0,100,d1,logspline,0.46,-1.2158061234416464,-1.11481447886719,0.3942162417947577,-1.4228545690638,-1.3092217374607784,-1.064539466880652,-0.7257372912818465,50
0,100,d1,logspline,0.47,-1.2099727598282062,-1.1099142470114949,0.3830546707323641,-1.4095257292744203,-1.2998383509344271,-1.0577608255272302,-0.7302892957592809,50
0,100,d1,logspline,0.48,-1.204005894862529,-1.1049190407104355,0.37205153987964257,-1.3964028484192141,-1.2914449160040224,-1.0508998559784655,-0.7343636614248056,50
0,100,d1,logspline,0.49,-1.2000524753813133,-1.0998345030758256,0.36121642808732407,-1.3834824020306193,-1.2829030233245127,-1.043432026872277,-0.7379850761731948,50
0,100,d1,logspline,0.5,-1.1943765767615648,-1.09466654738131,0.35055886616661797,-1.370760660049267,-1.2719658789763897,-1.0359563984674032,-0.741170918912853,50
0,100,d1,logspline,0.51,-1.1865416756712208,-1.0894212515236978,0.3400883554495876,-1.3582337438635848,-1.2612392550841676,-1.0291300307749762,-0.7439376942362462,50
0,100,d1,logspline,0.52,-1.178815766819727,-1.0841047525391365,0.3298143086226764,-1.3458976731411414,-1.2517439582900958,-1.0244347364425517,-0.7463011763411845,50
0,100,d1,logspline,0.53,-1.1711909367456954,-1.0787231766949035,0.3197459814899308,-1.333748404248523,-1.243381392725634,-1.0194757595893478,-0.7482765248749942,50
0,100,d1,logspline,0.54,-1.1636598246856582,-1.0732826235585995,0.309892429895994,-1.32178186172417,-1.2356729564706366,-1.013962214159207,-0.7498783781525441,50
0,100,d1,logspline,0.55,-1.1562155904302678,-1.0677890765727638,0.3002624500359804,-1.309993964001833,-1.226181583901219,-1.0083735453196443,-0.7511209280998796,50
0,100,d1,logspline,0.56,-1.1488518839044344,-1.0622481688062617,0.2908644125223706,-1.2983806443672892,-1.2159796532360962,-1.0027227504508778,-0.752017980415105,50
0,100,d1,logspline,0.5700000000000001,-1.14156281640858,-1.0566650526602215,0.28170613104255876,-1.286306355871275,-1.208929166149049,-0.9970212773437186,-0.7525830027611451,50
0,100,d1,logspline,0.5800000000000001,-1.1343429334510784,-1.0510443968508434,0.2727948217121647,-1.2744131573923398,-1.1987061023045575,-0.9912792180646165,-0.752829163269009,50
0,100,d1,logspline,0.59,-1.1260837728248934,-1.0453902455346704,0.26413695256983094,-1.2627208700716959,-1.188503830600499,-0.9855054759475619,-0.7527693612035501,50
0,100,d1,logspline,0.6,-1.1161895160737718,-1.0397059812652492,0.25573816624644186,-1.2512252414608276,-1.1783890855481294,-0.9797079098731013,-0.7524162513024122,50
0,100,d1,logspline,0.61,-1.1064523393735646,-1.033994462270801,0.2476033956100757,-1.239920243667265,-1.1683647100805934,-0.9738934592801255,-0.7517822630245166,50
0,100,d1,logspline,0.62,-1.0968679140589637,-1.0282581136082591,0.23973694071731871,-1.2288000001592705,-1.158433251632361,-0.968068252776386,-0.7508796157229165,50
0,100,d1,logspline,0.63,-1.0874320370939357,-1.0224990038894506,0.23214240112108767,-1.2178632913449432,-1.148668896954216,-0.962237702741196,-0.7497203305772406,50
0,100,d1,logspline,0.64,-1.0783881296821263,-1.016719033436984,0.2248219775672188,-1.2071395192223588,-1.1390652547046438,-0.9556235815383564,-0.7483162399747358,50
0,100,d1,logspline,0.65,-1.0695629066369803,-1.0109200928897617,0.21777590867257163,-1.1965784308679308,-1.1294989971242069,-0.9490311773906068,-0.7466789949094719,50
0,100,d1,logspline,0.66,-1.0608542260313272,-1.0051040689992512,0.21100268894184465,-1.1861754599927083,-1.1204312794858895,-0.9424919065622167,-0.7448200708713653,50
0,100,d1,logspline,0.67,-1.0522596395506387,-0.9992728533414778,0.20449934756236696,-1.1759262024502797,-1.1123616695518757,-0.9360062326950204,-0.7427507726161957,50
0,100,d1,logspline,0.68,-1.0437767256716848,-0.9934283888308951,0.19826172083115398,-1.1658264104699538,-1.104432928435001,-0.9295744396040433,-0.7404822381414661,50
0,100,d1,logspline,0.6900000000000001,-1.0354030944165977,-0.9875726741103128,0.1922846640462108,-1.1560084805932904,-1.0974556772556756,-0.9231966547005376,-0.7380254421381764,50
0,100,d1,logspline,0.7000000000000001,-1.0271363912431923,-0.9817077448864113,0.18656222019992633,-1.147110290036859,-1.090710302817926,-0.9168728695702846,-0.7353911991433254,50
0,100,d1,logspline,0.7100000000000001,-1.0189743001958802,-0.9758356583151354,0.18108776556820622,-1.1394629165265204,-1.0847551680887604,-0.9106029580723936,-0.7325901665804397,50
0,100,d1,logspline,0.72,-1.0109145464236247,-0.9699584832358125,0.17585413642117176,-1.1330437768594948,-1.0787717021185101,-0.9043866922729756,-0.7296328478444944,50
0,100,d1,logspline,0.73,-1.0029548981561527,-0.9640782921994213,0.17085373781930116,-1.1264226406089528,-1.0727604107120803,-0.8979640958459019,-0.7265295955619459,50
0,100,d1,logspline,0.74,-0.995093168216712,-0.9581971548219715,0.16607863672485326,-1.1180411611358427,-1.0667219192215551,-0.8920852838532791,-0.7232906151355603,50
0,100,d1,logspline,0.75,-0.9873272151386414,-0.9523171323178461,0.161520641542678,-1.1097433867923376,-1.0606569641861305,-0.8877283734057106,-0.7199259686664539,50
0,100,d1,logspline,0.76,-0.9796549439436075,-0.9464402730839775,0.1571713699664902,-1.1015270952061866,-1.0545663853039682,-0.8833568984685086,-0.7164455793317344,50
0,100,d1,logspline,0.77,-0.9720743066313204,-0.94056860922205765,0.15302230678439835,-1.0933901513905857,-1.0474439260011823,-0.8789728325375634,-0.712859236284896,50
0,100,d1,logspline,0.78,-0.9645833024236485,-0.9347041539016304,0.14906485309403655,-1.0854292695039391,-1.0394929248432863,-0.873927890214507,-0.709176600137251,50
0,100,d1,logspline,0.79,-0.9571799778001426,-0.9288488994814308,0.14529036819409116,-1.077543640329728,-1.0312611079767953,-0.868135467930039,-0.7056727575246913,50
0,100,d1,logspline,0.8,-0.9498624263569052,-0.9230048163194826,0.14169020525525486,-1.0697264701965086,-1.023113437901863,-0.8623652234369872,-0.7101229838200105,50
0,100,d1,logspline,0.81,-0.9426287885163633,-0.9171738522142164,0.13825574172898614,-1.0619760694302995,-1.015048768297084,-0.856618492019523,-0.71425218830959,50
0,100,d1,logspline,0.8200000000000001,-0.9354772511117635,-0.911357932429301,0.13497840532601194,-1.0542908197338767,-1.0070659524904482,-0.8505646049119637,-0.718068163111123,50
0,100,d1,logspline,0.8300000000000001,-0.9284060468669277,-0.9055589566000843,0.13184971293544429,-1.0466691716687597,-0.9991638461208228,-0.8442574044314279,-0.721578710495018,50
0,100,d1,logspline,0.8400000000000001,-0.9214134537890607,-0.8997787552723665,0.1288614894799424,-1.039109642194363,-0.9913413094525256,-0.8379912636764792,-0.724791635752487,50
0,100,d1,logspline,0.85,-0.9144977944899172,-0.894019049905892,0.12600605903425047,-1.031610812266989,-0.9835972093831226,-0.8317666342209719,-0.726531371818917,50
0,100,d1,logspline,0.86,-0.9076574354485956,-0.888281462774927,0.12327620390417342,-1.0241713245005757,-0.976520692224772,-0.8255839022375334,-0.7277394848934378,50
0,100,d1,logspline,0.87,-0.9010892058444027,-0.882567530697242,0.12066510820340184,-1.0167898808904843,-0.9695150644974101,-0.8194433950391394,-0.7287388224382321,50
0,100,d1,logspline,0.88,-0.8950380163738414,-0.8768787154362625,0.11816631487267115,-1.0094652406010285,-0.9625641327305916,-0.8133453869748357,-0.7295355771380374,50
0,100,d1,logspline,0.89,-0.8890364455426913,-0.8712163854385827,0.11577375579709413,-1.0021962178170507,-0.9556162124747805,-0.8072901047469669,-0.7294196528738164,50
0,100,d1,logspline,0.9,-0.8826728408763158,-0.8655817841995891,0.11348181438305194,-0.9949816796594392,-0.9481493034977645,-0.8012777322097167,-0.7281293061067158,50
0,100,d1,logspline,0.91,-0.8762635817997403,-0.8599760170034711,0.1112853068106461,-0.9878205441642002,-0.9407463625568354,-0.7953084147021429,-0.723534742023556,50
0,100,d1,logspline,0.92,-0.8699352460727217,-0.8544000526047065,0.10917946138378865,-0.9807117783244337,-0.9335795946581403,-0.7893822629630493,-0.7189439923174438,50
0,100,d1,logspline,0.93,-0.8636860593946346,-0.8488547442716143,0.10715988212928074,-0.9736543961943678,-0.9265584388513318,-0.7834993566698978,-0.7143593626140382,50
0,100,d1,logspline,0.94,-0.8575142443988897,-0.8433408541114179,0.10522243729309566,-0.9666474570544448,-0.9195921901130302,-0.7776597476394393,-0.7097830678056181,50
0,100,d1,logspline,0.95,-0.8514180221273593,-0.8378590461949122,0.10336320049257568,-0.9596900636363147,-0.9126804694593409,-0.7720571854113837,-0.7052172375041785,50
0,100,d1,logspline,0.96,-0.8453956133854854,-0.8324099001457511,0.10157845900801722,-0.9527813604064985,-0.9058228849819933,-0.7668619339061608,-0.7006639210676732,50
0,100,d1,logspline,0.97,-0.8394452399935706,-0.8269939368941137,0.09986473376216863,-0.9459205319074113,-0.8990190338033632,-0.7674569327602405,-0.695575576816958,50
0,100,d1,logspline,0.98,-0.83356512594808585,-0.8216113297961483,0.09821863091883455,-0.9391068011543632,-0.89257116501872,-0.7649395570941323,-0.6904920322956054,50
0,100,d1,logspline,0.99,-0.8277534985053572,-0.8162613025148521,0.09663649323087173,-0.9323394280871389,-0.8862656612512934,-0.7613050754499746,-0.6854612393095447,50
0,100,d1,logspline,1,-0.822008589198647,-0.8109420160242158,0.09511423484704391,-0.9256177080747097,-0.88000474417335794,-0.755962352489919,-0.6804829836353048,50
0,100,d2,ecdf,0.01,Inf,Inf,NA,Inf,Inf,Inf,Inf,0
0,100,d2,ecdf,0.02,Inf,Inf,NA,Inf,Inf,Inf,Inf,0
0,100,d2,ecdf,0.03,Inf,Inf,NA,-4.200274413157413,Inf,Inf,Inf,4
0,100,d2,ecdf,0.04,Inf,Inf,NA,-3.337487366845896,Inf,Inf,Inf,6
0,100,d2,ecdf,0.05,Inf,Inf,NA,-3.2726266392200456,Inf,Inf,Inf,10
0,100,d2,ecdf,0.06,Inf,Inf,NA,-3.378669763395415,-2.1218323348788255,Inf,Inf,19
0,100,d2,ecdf,0.06999999999999999,-1.659861329525076,Inf,NA,-3.0461556906449663,-1.659861329525076,Inf,Inf,26
0,100,d2,ecdf,0.08,-1.259822038485998,Inf,NA,-2.768845352828704,-1.9529692190459431,Inf,Inf,30
0,100,d2,ecdf,0.09,-0.9071016057904844,Inf,NA,-2.6988610750185393,-2.005713894458594,Inf,Inf,35
0,100,d2,ecdf,0.1,-1.4876021812465086,Inf,NA,-2.468264789765528,-1.9780168077523717,-0.5917224466324811,Inf,39
0,100,d2,ecdf,0.11,-1.4051802147446388,Inf,NA,-2.3259203410753297,-1.9160058385106296,-0.306567926076529,Inf,42
0,100,d2,ecdf,0.12,-1.43267771505294,Inf,NA,-2.348968446927095,-1.8381428231611043,-0.7395305344929946,Inf,44
0,100,d2,ecdf,0.13,-1.4166161425275032,Inf,NA,-2.2920848798814033,-1.8866197717732387,-0.9057905187615126,Inf,46
0,100,d2,ecdf,0.14,-1.3776101142805668,Inf,NA,-2.1915593871985957,-1.7830752223887314,-0.7563834518335667,0.10223312369551071,48
0,100,d2,ecdf,0.15000000000000002,-1.392617423038464,Inf,NA,-2.2173109695216815,-1.9248802582140419,-0.9893794901049896,-0.07308875823083455,48
0,100,d2,ecdf,0.16,-1.4900537449882447,Inf,NA,-2.278511105352515,-1.8782706352246714,-0.979228121222254,0.11938416744585573,48
0,100,d2,ecdf,0.17,-1.4047056543573777,Inf,NA,-2.230493055029505,-1.779399103798788,-1.0862519232388428,-0.1054226702271166,48
0,100,d2,ecdf,0.18000000000000002,-1.3615515542491132,Inf,NA,-2.191459955200842,-1.7810625297907852,-1.033848127960564,-0.0646927718957565,48
0,100,d2,ecdf,0.19,-1.349336728344293,Inf,NA,-2.1887096541843634,-1.8431968897288051,-1.073678235783929,-0.16249192219684422,48
0,100,d2,ecdf,0.2,-1.4677756425408264,Inf,NA,-2.150879091050941,-1.781433201395868,-1.1623939929896447,-0.21481927636576653,48
0,100,d2,ecdf,0.21,-1.4229945331466256,Inf,NA,-2.0920441621275105,-1.7106766055984066,-1.1026569268098052,-0.17023156465125744,48
0,100,d2,ecdf,0.22,-1.459365964468885,Inf,NA,-2.0246797735189452,-1.7293047864004762,-1.1308618974968492,-0.16170654143204155,49
0,100,d2,ecdf,0.23,-1.493031532794687,Inf,NA,-1.9589325286804309,-1.664132988459786,-1.0660472297337003,-0.3315306476535495,49
0,100,d2,ecdf,0.24,-1.3840253339539574,-1.2348296966512369,0.7830887579803718,-1.9253335322375333,-1.6717074064057382,-1.0738704056501178,-0.3095094622313236,50
0,100,d2,ecdf,0.25,-1.4175034938778082,-1.2362936917423988,0.793029254911727,-1.8972418905282138,-1.6405976867504808,-1.0787469326931545,-0.3996204229234935,50
0,100,d2,ecdf,0.26,-1.3969320483359915,-1.2296629081535189,0.7982982577877744,-1.840702707630076,-1.622383718113219,-1.104008329160665,-0.5462279474651526,50
0,100,d2,ecdf,0.27,-1.430499250579214,-1.2106690531272057,0.8152660080210978,-1.7939562720945954,-1.6053651022870454,-1.0846904824654031,-0.49400781901911683,50
0,100,d2,ecdf,0.28,-1.409487891083931,-1.1968189901235466,0.8258321616000053,-1.771229636276644,-1.5968931364625996,-1.1250129803483513,-0.5086508074288058,50
0,100,d2,ecdf,0.29000000000000004,-1.3758397543737866,-1.1994688048800966,0.7758311757665886,-1.7567436143464286,-1.5797269753531997,-1.1502600601871844,-0.5794270236531707,50
0,100,d2,ecdf,0.3,-1.341566955159617,-1.2044128453382774,0.7369209463730241,-1.7470275157184831,-1.5556813219177783,-1.196425528083698,-0.5392975659768442,50
0,100,d2,ecdf,0.31,-1.33168269542202,-1.217497595940184,0.616860518599945,-1.71450249412266,-1.5462900171930762,-1.1803172008057414,-0.6213671190805534,50
0,100,d2,ecdf,0.32,-1.325770553684425,-1.211344731619995,0.6126546360227899,-1.6926527845988817,-1.5243146407790837,-1.14795362326614,-0.6057420641312361,50
0,100,d2,ecdf,0.33,-1.3158319899527267,-1.2120646339478105,0.594370655712993,-1.6914652292140153,-1.517748426846073,-1.1610979863152977,-0.7032712738953035,50
0,100,d2,ecdf,0.34,-1.3283954551492023,-1.2011253422573613,0.6043385567129541,-1.673490694270318,-1.5075852664561853,-1.1446951031832202,-0.7110192464667604,50
0,100,d2,ecdf,0.35000000000000003,-1.3171439758516792,-1.2052239185428448,0.571848572663367,-1.6666180126333967,-1.489682445144528,-1.1546763778524076,-0.7009290945053921,50
0,100,d2,ecdf,0.36000000000000004,-1.3034745305685624,-1.2029775183281832,0.5405640712062221,-1.6303583737297682,-1.4793331443390465,-1.1620628765187335,-0.6699715104966564,50
0,100,d2,ecdf,0.37,-1.3030961175495765,-1.2028289834750687,0.5385285982263167,-1.624273981532743,-1.457984581510246,-1.1348871087052728,-0.6442499906800303,50
0,100,d2,ecdf,0.38,-1.2801412937161591,-1.198718354249235,0.5232716180410909,-1.6143393210656172,-1.4560319601798235,-1.1493421687246843,-0.62819323127771165,50
0,100,d2,ecdf,0.39,-1.2879824670542903,-1.1954735475831968,0.49155346495462393,-1.5937674397006334,-1.4414954210820161,-1.1455621270125218,-0.6193017569713876,50
0,100,d2,ecdf,0.4,-1.2831335845839718,-1.1924968737748767,0.49141483509026684,-1.5739174358494523,-1.457292959917999,-1.13405920829528,-0.6520318842301744,50
0,100,d2,ecdf,0.41,-1.3141474676117852,-1.1951456079716771,0.4773027410421729,-1.5695992621586528,-1.4352046347819456,-1.1634043117099027,-0.6800991389151662,50
0,100,d2,ecdf,0.42,-1.3063237908343983,-1.1884720902742023,0.46517362804452944,-1.5404849267283582,-1.4158921491240457,-1.1323358279207754,-0.6976039626832562,50
0,100,d2,ecdf,0.43,-1.3000163298248402,-1.1840902917787077,0.4400452048807025,-1.5149076273439297,-1.4210480034551438,-1.1196551471877523,-0.7291434207122879,50
0,100,d2,ecdf,0.44,-1.2822998934786844,-1.1730274962778011,0.4303612104602812,-1.496264339082717,-1.3953095700991685,-1.0906721952851801,-0.7467090320337111,50
0,100,d2,ecdf,0.45,-1.2701993268404195,-1.1742775805245531,0.4115803436603046,-1.4873346669150607,-1.3884147868733767,-1.0998540535489398,-0.7368661384025432,50
0,100,d2,ecdf,0.46,-1.2683963830582359,-1.1698543529155019,0.4052152576957046,-1.4794483716118834,-1.3748571220352497,-1.0905079493855991,-0.7493666497497753,50
0,100,d2,ecdf,0.47,-1.253841001400981,-1.1626473825136105,0.3794045600190413,-1.4579838465766022,-1.3629514358184052,-1.0989905915903566,-0.7249180130577761,50
0,100,d2,ecdf,0.48,-1.2488252540528806,-1.1491822184667235,0.36859749548536885,-1.4364007911387477,-1.3535490883745402,-1.0940103989930015,-0.7187503788191029,50
0,100,d2,ecdf,0.49,-1.251917628638187,-1.1461705008117702,0.3591858764910548,-1.414759513611998,-1.336542366251488,-1.0931586578325676,-0.7143800231932528,50
0,100,d2,ecdf,0.5,-1.2391473027175284,-1.1383061702297215,0.3543464559295689,-1.4034256702843977,-1.3202469546568119,-1.0930900174954863,-0.7186922093903723,50
0,100,d2,ecdf,0.51,-1.2257732515316957,-1.1320032863862974,0.3459182425756963,-1.4057222016240263,-1.302613571731429,-1.0811269244606905,-0.7348126472146994,50
0,100,d2,ecdf,0.52,-1.2097754620587589,-1.121716368066986,0.336722462010993,-1.4113461617062315,-1.283809024304734,-1.0649769327179854,-0.7267523731475563,50
0,100,d2,ecdf,0.53,-1.1934969995178524,-1.1188109217494289,0.31101515299834137,-1.4117648839858912,-1.2696498299446972,-1.0497169928642796,-0.7289736132690622,50
0,100,d2,ecdf,0.54,-1.1847552966717414,-1.1154878976519456,0.29810530203642954,-1.399528329733471,-1.2578454656884652,-1.0565076887848899,-0.7345545604534267,50
0,100,d2,ecdf,0.55,-1.1733300784494491,-1.1099263856026933,0.29019691468530323,-1.3879903479389077,-1.2593475756431474,-1.0548381125988777,-0.7185778611940044,50
0,100,d2,ecdf,0.56,-1.1525779959498414,-1.1040741427000385,0.27655480920967973,-1.362968254102861,-1.2420113101999686,-1.054872404161228,-0.7156652828150092,50
0,100,d2,ecdf,0.5700000000000001,-1.154841810262044,-1.0980643641779002,0.2665957215095697,-1.3487186678549024,-1.2318471021379154,-1.0468012963777742,-0.7373963055741769,50
0,100,d2,ecdf,0.5800000000000001,-1.1570120605570944,-1.0928175780382372,0.2585728264991484,-1.3421618387909477,-1.228087944444529,-1.0381139682941602,-0.7284457850419904,50
0,100,d2,ecdf,0.59,-1.1451718005842622,-1.0860986200113987,0.25252529985880373,-1.334024932997539,-1.221928478969999,-1.0377027805402332,-0.7362348496925974,50
0,100,d2,ecdf,0.6,-1.128444959562894,-1.0793543823272909,0.24115006366434003,-1.323211126779646,-1.2065951767626255,-1.018283867659761,-0.7357190352037764,50
0,100,d2,ecdf,0.61,-1.1191802523946683,-1.0718586153059348,0.22989674297870757,-1.3089911048115246,-1.2042105549542808,-0.9889015031841265,-0.7436948902353115,50
0,100,d2,ecdf,0.62,-1.112365731941513,-1.0627266052820021,0.22332174246901756,-1.303298275100711,-1.1858276859503447,-0.9832823506990872,-0.7447655833454446,50
0,100,d2,ecdf,0.63,-1.0953756716456722,-1.052666253936372,0.2143961391228259,-1.2832384025773311,-1.1759597262585944,-0.9659597369939737,-0.7326299160700953,50
0,100,d2,ecdf,0.64,-1.0784152927860495,-1.0434719927668967,0.209519297554053,-1.2861415213191036,-1.164555118307103,-0.9579618872788042,-0.734477749384177,50
0,100,d2,ecdf,0.65,-1.069626522814565,-1.034961009867985,0.20383392808004427,-1.2783803190525842,-1.155391540371768,-0.9473486226941854,-0.7355951510394299,50
0,100,d2,ecdf,0.66,-1.0604323540522496,-1.0266675227488458,0.19864799186311546,-1.2747224781601467,-1.1412779572781546,-0.9437099702886895,-0.7388620758591712,50
0,100,d2,ecdf,0.67,-1.0583666056538221,-1.0181963628190989,0.1925088164361287,-1.2607153817509107,-1.1243492771368042,-0.9374518776055077,-0.7552203497449417,50
0,100,d2,ecdf,0.68,-1.0437542134477784,-1.0123230733802535,0.18367175909415262,-1.2423356986166032,-1.114814843795802,-0.9359851596529234,-0.7625813994825978,50
0,100,d2,ecdf,0.6900000000000001,-1.0373225910287378,-1.0055202389919968,0.17820654605869907,-1.2280119704515977,-1.1088397756390924,-0.9357791349604854,-0.7665567999193756,50
0,100,d2,ecdf,0.7000000000000001,-1.0283051399174392,-0.9976707486275842,0.17480367517704531,-1.2100530617916176,-1.1009368105668447,-0.9317055662144539,-0.7719603202870793,50
0,100,d2,ecdf,0.7100000000000001,-1.0245182483148605,-0.9920292256249323,0.1678218250112522,-1.1908657841629902,-1.0912782694992922,-0.9217784400167202,-0.7759181378535831,50
0,100,d2,ecdf,0.72,-1.0129251345006534,-0.9850195233954508,0.16369851610385763,-1.185430489584467,-1.0844431022913157,-0.9140865667252731,-0.7774639644101692,50
0,100,d2,ecdf,0.73,-1.015581746948709,-0.9806012673482526,0.15800515557537612,-1.1754143628091012,-1.075445638245864,-0.9084343680199691,-0.7826654054703744,50
0,100,d2,ecdf,0.74,-1.0066223716059501,-0.9733307745944201,0.15201255043630343,-1.1616746549858723,-1.0695679529495137,-0.9041071845594557,-0.7985389523278339,50
0,100,d2,ecdf,0.75,-0.9994760678775362,-0.9664851152617219,0.14713328137621257,-1.1529928254249069,-1.0611697910283007,-0.8988876115166908,-0.8044014878608512,50
0,100,d2,ecdf,0.76,-0.9902734163623458,-0.9593451091323654,0.14348060463693352,-1.150585163342392,-1.0500028099368406,-0.8876897035665786,-0.8086995902734789,50
0,100,d2,ecdf,0.77,-0.9828258628344835,-0.9533686217266989,0.14124384789822356,-1.14070747192853,-1.0423291162979225,-0.8860922840285002,-0.8051813891436804,50
0,100,d2,ecdf,0.78,-0.9699101351710959,-0.9449182887823225,0.13977070546007592,-1.1290470857782897,-1.0299205348311151,-0.8781680877474464,-0.7991990094965205,50
0,100,d2,ecdf,0.79,-0.9649477683057355,-0.938309122811086,0.13809350608183565,-1.1141565064527863,-1.024566636219543,-0.8782166736143756,-0.7954957574402215,50
0,100,d2,ecdf,0.8,-0.9546988304474406,-0.9317297312157198,0.1335257327932704,-1.0998086989813607,-1.014626962181729,-0.8690406687809245,-0.7999027994425434,50
0,100,d2,ecdf,0.81,-0.9452993264602213,-0.9260387806959564,0.1304659996943957,-1.0936898595630515,-1.0050993270596096,-0.8670073104301959,-0.8011471265636533,50
0,100,d2,ecdf,0.8200000000000001,-0.9334828495448584,-0.9184111787146864,0.12779495353129436,-1.0808523553178404,-0.9944397298525791,-0.8602697383797108,-0.7929836460256677,50
0,100,d2,ecdf,0.8300000000000001,-0.9249578794362279,-0.9107222884212054,0.12692194952613742,-1.0680356336533252,-0.987214175444514,-0.8495315156570432,-0.7855407449735294,50
0,100,d2,ecdf,0.8400000000000001,-0.9264550344943459,-0.90540487737113,0.12358509089441405,-1.0599058138167385,-0.9813753130096803,-0.8452218457871504,-0.7773081544022504,50
0,100,d2,ecdf,0.85,-0.9139358840692846,-0.8976187085486095,0.1203254996525381,-1.0546322540598458,-0.9672221139137873,-0.8370610915157111,-0.7738618239150239,50
0,100,d2,ecdf,0.86,-0.9148669752901566,-0.8910722956806552,0.11740651341184298,-1.0377498856233727,-0.9603047633247683,-0.8423849451416696,-0.7641628931792016,50
0,100,d2,ecdf,0.87,-0.9017311422676775,-0.8851199695836424,0.11397879092917002,-1.030882710463381,-0.9492259305344751,-0.8427526047922331,-0.7558592900653976,50
0,100,d2,ecdf,0.88,-0.8951689968765946,-0.8783379332593398,0.11242982831972333,-1.0194543854174545,-0.9423135358971088,-0.839003365292791,-0.745404206365774,50
0,100,d2,ecdf,0.89,-0.8878591473280031,-0.8723332028681324,0.11068159038049699,-1.012597300958455,-0.9350430104857059,-0.8296027919807627,-0.742327124143123,50
0,100,d2,ecdf,0.9,-0.8798801540898284,-0.8650038130415217,0.10731424417621556,-0.9979932172380377,-0.9280905072253303,-0.8256512851355743,-0.7305370521317387,50
0,100,d2,ecdf,0.91,-0.8739161878609005,-0.8594859620838412,0.10441047712021664,-0.9865359431243298,-0.9185985473274259,-0.8274900303144228,-0.7342559648024518,50
0,100,d2,ecdf,0.92,-0.86854963392626094,-0.85276595516212,0.10079743085920011,-0.9774983961406376,-0.9138495924362486,-0.821112083235497,-0.7305338209314303,50
0,100,d2,ecdf,0.93,-0.8650366408969834,-0.8469065116167016,0.09977251089173733,-0.9722657805046513,-0.9029509741232548,-0.8110469356556029,-0.7186762917084183,50
0,100,d2,ecdf,0.94,-0.8533192146254437,-0.839370470905104,0.09868105511425472,-0.9655431267846255,-0.8954911951721385,-0.8007772256367623,-0.7135036921702589,50
0,100,d2,ecdf,0.95,-0.841160011429794,-0.832589456060532,0.0975857194645557,-0.9637004706940966,-0.8874835642759834,-0.7919387198555379,-0.7055657958676766,50
0,100,d2,ecdf,0.96,-0.8382616375289329,-0.8279141410398821,0.09510561102705369,-0.9535015062731973,-0.8821374198962848,-0.7866819490412097,-0.7027444335817161,50
0,100,d2,ecdf,0.97,-0.8293284501057175,-0.8215471047784842,0.0935293688426767,-0.9418184623053814,-0.8764816568415608,-0.7782829370821132,-0.7038221248552051,50
0,100,d2,ecdf,0.98,-0.8257360744639577,-0.815309670213543,0.09113261468855532,-0.926878984123961,-0.8697056593619314,-0.7708951587643716,-0.7016089406154602,50
0,100,d2,ecdf,0.99,-0.8192122586271131,-0.8082811386474142,0.0891879933882753,-0.9180415239897477,-0.8651506305633745,-0.7593387304492282,-0.70558625071715,50
0,100,d2,ecdf,1,-0.813291737500885,-0.8022944172096411,0.08848794481176143,-0.9099726432668374,-0.857351602979219,-0.757480089370822,-0.698182591388175,50
0,100,d2,logspline,0.01,-6.309806948408756,-5.950939909728268,1.3338792790262934,-7.490666897669171,-6.7335772879935,-5.662915850511737,-3.11498574799466,50
0,100,d2,logspline,0.02,-4.9812675285231265,-4.630638508057333,1.2991651972711298,-6.138225466484009,-5.389137743069452,-4.35650709224953,-1.9049226053350075,50
0,100,d2,logspline,0.03,-4.217920938085443,-3.88756716102298,1.263046797964322,-5.3615902230420645,-4.626132944110847,-3.6267955364480673,-1.2556470443234633,50
0,100,d2,logspline,0.04,-3.688623203530425,-3.3818976402504655,1.2257287500980363,-4.820962528127257,-4.100695981028975,-3.1346703406467125,-0.8279139471586716,50
0,100,d2,logspline,0.05,-3.2983978031938586,-3.0070988540943593,1.1874547894188325,-4.4098367929879,-3.705844863288312,-2.7736168078672025,-0.5345625498161769,50
0,100,d2,logspline,0.06,-3.0006625870777506,-2.715684798195174,1.1485064621547163,-4.077303768273203,-3.405364890269526,-2.496119679622821,-0.32800948525245244,50
0,100,d2,logspline,0.06999999999999999,-2.760514835504486,-2.482286819171255,1.1092052159780406,-3.8014770453365925,-3.1597143841866773,-2.2767352081163796,-0.1827781312351731,50
0,100,d2,logspline,0.08,-2.562806788022911,-2.291696102817619,1.0699375046321575,-3.567244003661763,-2.927157529068772,-2.1001768295711285,-0.08357147236290635,50
0,100,d2,logspline,0.09,-2.3977153164989167,-2.134012797216189,1.031140536109327,-3.3648509894092467,-2.726496018167799,-1.9575032237138825,0.007969311766558906,50
0,100,d2,logspline,0.1,-2.2584818818707824,-2.0023740179308227,0.9932539265174721,-3.187632538026988,-2.5510670765008037,-1.8887777044890586,0.10054740793500556,50
0,100,d2,logspline,0.11,-2.1295971102618774,-1.8917727121831653,0.9566719834555087,-3.030828975030631,-2.4038972266652596,-1.784176953105105,0.17051769305470282,50
0,100,d2,logspline,0.12,-2.017515155468425,-1.7984073479131721,0.921697172718185,-2.890920665139082,-2.274219332790803,-1.6827802574269015,0.22148731955821946,50
0,100,d2,logspline,0.13,-1.9299134633813437,-1.7192931809581342,0.8885227492369253,-2.765229654505559,-2.1588505045566615,-1.6165001515473008,0.2562216595018798,50
0,100,d2,logspline,0.14,-1.8514342471279615,-1.65202007072477,0.8572325895464296,-2.652678911106416,-2.0620341720234565,-1.5658368075297986,0.27689946446171254,50
0,100,d2,logspline,0.15000000000000002,-1.7788046472117334,-1.5945850365598522,0.8278259985810681,-2.550723023361549,-1.9785547253776687,-1.5104627382024716,0.2887176160771764,50
0,100,d2,logspline,0.16,-1.7051321111486633,-1.5452959692001054,0.8002592778759908,-2.457896533639028,-1.9040794007033286,-1.4757047663446694,0.2770998575325223,50
0,100,d2,logspline,0.17,-1.6429802897210033,-1.5027718902399783,0.7744935275780588,-2.3730950999197775,-1.897630935493748,-1.4319891387417456,0.1810992260341629,50
0,100,d2,logspline,0.18000000000000002,-1.589763130393445,-1.4658866874817844,0.7505200766384883,-2.295399035461499,-1.8630727949381882,-1.416820653023082,0.08119110423282755,50
0,100,d2,logspline,0.19,-1.5485701202112518,-1.4337079608844996,0.7283393244901608,-2.2240331917456357,-1.803877576929029,-1.3748537653263928,-0.01791259002055476,50
0,100,d2,logspline,0.2,-1.5103111006466352,-1.4054639100405029,0.7079334586433564,-2.1583371577920394,-1.754656372020127,-1.3371173739543152,-0.11859826438157689,50
0,100,d2,logspline,0.21,-1.4769131713394208,-1.3805095752593946,0.68923309825242,-2.095271758150287,-1.709989392887327,-1.3074424455893747,-0.21891794371379777,50
0,100,d2,logspline,0.22,-1.4412224558466324,-1.3583179108040249,0.6721007181766282,-2.036163623025144,-1.682698408069899,-1.2807545408587058,-0.3170329326283047,50
0,100,d2,logspline,0.23,-1.4122169065327004,-1.3384584576571783,0.6563575537835046,-1.9812977841527233,-1.6828998246599642,-1.2476501878886654,-0.41122438692349317,50
0,100,d2,logspline,0.24,-1.3847326342386022,-1.3205757690334365,0.6418106141046271,-1.930327732976518,-1.6662944108512256,-1.2336971744678074,-0.4834983896924693,50
0,100,d2,logspline,0.25,-1.359494088852807,-1.304373031991732,0.6282685264417184,-1.8957819512232361,-1.6609088771426985,-1.217123816846167,-0.5288976801801528,50
0,100,d2,logspline,0.26,-1.3414546573526271,-1.2896016333010698,0.6155492657539756,-1.862557181996674,-1.6444803684715543,-1.187749770800457,-0.5733207238093492,50
0,100,d2,logspline,0.27,-1.3275893651732462,-1.2760644618073667,0.6034772636635896,-1.830693065808295,-1.6311638523961114,-1.1725662851681584,-0.6159913870003229,50
0,100,d2,logspline,0.28,-1.3163034558792905,-1.2636089986639003,0.5918893662222623,-1.8001946113274792,-1.6163848115029276,-1.1577207430608951,-0.6563679401629027,50
0,100,d2,logspline,0.29000000000000004,-1.3072881229270892,-1.2521124247785587,0.5806466597384081,-1.7710436887763077,-1.5931237345550013,-1.1476767664256837,-0.6932699278185414,50
0,100,d2,logspline,0.3,-1.300250335760222,-1.2414740800663104,0.569639255637556,-1.7432067703121457,-1.571518865432734,-1.1375181867518136,-0.6973925356570572,50
0,100,d2,logspline,0.31,-1.2949113091279916,-1.2316097804174975,0.5587849328371907,-1.7166402173405049,-1.5516842957638979,-1.1286245900130516,-0.6969899392578762,50
0,100,d2,logspline,0.32,-1.2864016356179278,-1.2224460302051225,0.5480236054566296,-1.6913754651520136,-1.5334499149325884,-1.1208286662044564,-0.698030858439983,50
0,100,d2,logspline,0.33,-1.28812378610288,-1.2139167282806551,0.537311869526206,-1.6674908984440449,-1.5156470043821169,-1.1177487947195115,-0.7001614064718329,50
0,100,d2,logspline,0.34,-1.2864906630886257,-1.205959730424767,0.5266191944539442,-1.644590167085557,-1.492030506326684,-1.1164451118411245,-0.7030846778681803,50
0,100,d2,logspline,0.35000000000000003,-1.2854111130341748,-1.19851633739787,0.5159246502422253,-1.6226324688414955,-1.4735558482520388,-1.1210451929252496,-0.706557433969143,50
0,100,d2,logspline,0.36000000000000004,-1.2848339241054465,-1.1915318920600528,0.5052142448711897,-1.6015749857456465,-1.4627691182546128,-1.1212797947287405,-0.7103818141728434,50
0,100,d2,logspline,0.37,-1.2845806407388922,-1.184954665380964,0.49447886190450624,-1.5836403352897137,-1.4537487785206138,-1.118674351052825,-0.7143980488766815,50
0,100,d2,logspline,0.38,-1.2804097247382193,-1.1787335672593486,0.48371344721506393,-1.569446049754207,-1.4431076070822169,-1.1161459392236792,-0.7055636958531948,50
0,100,d2,logspline,0.39,-1.2746482100930008,-1.1728174101797453,0.472915943291715,-1.555205498801253,-1.432224601974906,-1.1125820606071226,-0.6956272343015681,50
0,100,d2,logspline,0.4,-1.2686011882163835,-1.1671559881842242,0.46208611911389896,-1.542295311085474,-1.418421994017698,-1.108065867664258,-0.6870804318592056,50
0,100,d2,logspline,0.41,-1.2594056523714554,-1.1617024788430153,0.451225423920135,-1.5295691305433552,-1.4037290496406267,-1.101973728095023,-0.6798439741740081,50
0,100,d2,logspline,0.42,-1.2468181317937796,-1.1564143668837128,0.4403368987016753,-1.516991244540887,-1.3958655769122998,-1.0946975862296788,-0.6738432245066974,50
0,100,d2,logspline,0.43,-1.2352542034986678,-1.1512533625169306,0.42942501851471737,-1.504542461035321,-1.3901223239212401,-1.0877580837096286,-0.6690078010683511,50
0,100,d2,logspline,0.44,-1.225545880174765,-1.1461855594825634,0.41849577766492846,-1.4922072140546054,-1.3778207190649745,-1.082031859650264,-0.6652712049177951,50
0,100,d2,logspline,0.45,-1.2159747260107276,-1.1411821101339301,0.40755712627097607,-1.479973134892861,-1.3645030008199086,-1.0798183523072185,-0.6625704915492459,50
0,100,d2,logspline,0.46,-1.2068830541024582,-1.1362188957917418,0.39661900079986345,-1.467830682106137,-1.3515921035597398,-1.0753624950105571,-0.6608459803602365,50
0,100,d2,logspline,0.47,-1.202586160776833,-1.131275809913719,0.3856930924252337,-1.4557728237137004,-1.338338480342969,-1.0709425308158733,-0.6600409970677145,50
0,100,d2,logspline,0.48,-1.1981593502800472,-1.12633605652536,0.374792562763241,-1.4437947660360013,-1.3246702745531522,-1.062501241767567,-0.6601016448706036,50
0,100,d2,logspline,0.49,-1.1958401668511007,-1.1213851080061557,0.3639315388447899,-1.4318937244578644,-1.3150435865976298,-1.053241364757,-0.6609766007673492,50
0,100,d2,logspline,0.5,-1.187563965805066,-1.1164102670375318,0.35312489492959265,-1.4200687378943568,-1.30899399714836,-1.0441261289005044,-0.6626169339488166,50
0,100,d2,logspline,0.51,-1.1791777574944011,-1.111400617322632,0.3423881935005804,-1.4083201530337912,-1.2997111903606804,-1.0405356944044966,-0.6649759436177911,50
0,100,d2,logspline,0.52,-1.1706939853253253,-1.1063471502089584,0.33173753938712963,-1.3966479835767154,-1.2897821094082629,-1.0394901345180558,-0.6680090139503516,50
0,100,d2,logspline,0.53,-1.1621243450015153,-1.1012431030119636,0.32118954219949314,-1.3850514956201772,-1.2810975581773398,-1.0376707948573831,-0.6716734108155,50
0,100,d2,logspline,0.54,-1.1534799306258272,-1.0960831983557495,0.31076164746188645,-1.3735294485401008,-1.2715574576811313,-1.035146172385589,-0.6759163853718249,50
0,100,d2,logspline,0.55,-1.143693356987576,-1.0908611682565137,0.30047348092333037,-1.3620802888671806,-1.261830976486806,-1.031189208048601,-0.6779413531447852,50
0,100,d2,logspline,0.56,-1.1333957394353136,-1.085568646065402,0.2903469947815214,-1.3507022983650314,-1.2519544112584862,-1.026619183738164,-0.6788406483041423,50
0,100,d2,logspline,0.5700000000000001,-1.1233276604067055,-1.0801950025938094,0.28040571516077856,-1.339393706264671,-1.242538409325258,-1.0216135952763645,-0.6798110988374604,50
0,100,d2,logspline,0.5800000000000001,-1.1158078517307626,-1.0747276128479428,0.27067387254197983,-1.3282948055849242,-1.233209146519041,-1.0162311176204288,-0.6808237801441059,50
0,100,d2,logspline,0.59,-1.109200491935154,-1.0691541151420172,0.26117461620420207,-1.3175164265489627,-1.2239336536317162,-1.0105226405496615,-0.6818513045807743,50
0,100,d2,logspline,0.6,-1.1025512115888874,-1.0634720540094522,0.25192397198003363,-1.3067930790703248,-1.2153080855586766,-1.004399793279004,-0.6828677469626665,50
0,100,d2,logspline,0.61,-1.09585571849733,-1.057685516754961,0.2429339263576807,-1.2953990227527847,-1.207078552306353,-0.9977102264163541,-0.6838485770995248,50
0,100,d2,logspline,0.62,-1.0891107417865264,-1.0517989782435078,0.23421659362432978,-1.2809589833566974,-1.1989076358913413,-0.9908326851533662,-0.6847706454459741,50
0,100,d2,logspline,0.63,-1.0830205906978438,-1.0458169078123571,0.22578395006196028,-1.2665263777454578,-1.1903068214581245,-0.9837989808506812,-0.6856127866995014,50
0,100,d2,logspline,0.64,-1.077679595216068,-1.0397437587314016,0.21764745898502297,-1.2521181570278153,-1.1812226437662017,-0.9766369910072777,-0.6863564787562824,50
0,100,d2,logspline,0.65,-1.0721389473173755,-1.0335840056229058,0.2098178377774355,-1.238290375982996,-1.170710984433832,-0.9693711829006184,-0.6869857120411527,50
0,100,d2,logspline,0.66,-1.0664055178933225,-1.0273421755263141,0.20230485232944634,-1.22835919687629,-1.1601747273144065,-0.9620230581880452,-0.6992160994164536,50
0,100,d2,logspline,0.67,-1.0600386202008703,-1.021022863108162,0.19511712109533985,-1.218662472487532,-1.149680874464879,-0.9546115319999214,-0.7120868607709749,50
0,100,d2,logspline,0.68,-1.0524005485228765,-1.0146307084304853,0.18826190425325245,-1.2089795355446067,-1.1392382336384257,-0.9471532574586747,-0.7242209907730157,50
0,100,d2,logspline,0.6900000000000001,-1.0446388363481238,-1.0081704092665855,0.18174492609001158,-1.1993121627610408,-1.128415561102591,-0.9396629045127518,-0.7355953832707425,50
0,100,d2,logspline,0.7000000000000001,-1.0367672493618016,-1.0016467650415324,0.17557024737769172,-1.1896622983352596,-1.1170877651982756,-0.9321534003526462,-0.7461891272379244,50
0,100,d2,logspline,0.7100000000000001,-1.0287988742192076,-0.9950647247060367,0.16974016914752937,-1.1800320418070007,-1.108288511890613,-0.9246361373817333,-0.7559835324022719,50
0,100,d2,logspline,0.72,-1.020746182883837,-0.9884293527161313,0.16425512850486776,-1.1704236359019018,-1.0981168770654621,-0.9171211536753979,-0.7649622329157486,50
0,100,d2,logspline,0.73,-1.012621088564034,-0.9817448479768518,0.15911286376981265,-1.1608394545413023,-1.0877569595111725,-0.9096172900227391,-0.7731144856909291,50
0,100,d2,logspline,0.74,-1.0044349946362754,-0.9750144197592038,0.1543080654111476,-1.1512819911564485,-1.0780487273939152,-0.9021323269639283,-0.7802244173494255,50
0,100,d2,logspline,0.75,-0.9968047119455963,-0.9682418286815015,0.14983230925642715,-1.1417538474158164,-1.0686215300192425,-0.8946731046804455,-0.7863271344718322,50
0,100,d2,logspline,0.76,-0.9894158404136294,-0.9614326293299593,0.14566945198112555,-1.1322577224497226,-1.0593111234309163,-0.8872456281397146,-0.7916930403464284,50
0,100,d2,logspline,0.77,-0.9820030330017371,-0.9545943500777607,0.14179511926341912,-1.1227964026366226,-1.0501147484206115,-0.8798551595203478,-0.7963539590598159,50
0,100,d2,logspline,0.78,-0.9734564501899343,-0.9477359890662578,0.13817926604635586,-1.1133727519995769,-1.0377323791153181,-0.8725062996337177,-0.7996450310832599,50
0,100,d2,logspline,0.79,-0.9648206316788761,-0.940866868027486,0.1347914002648989,-1.1039897032485892,-1.0274829961212792,-0.8652030597997353,-0.7956569767257271,50
0,100,d2,logspline,0.8,-0.9572816268086399,-0.9339956848537252,0.13160471768727042,-1.094650249494262,-1.0177830483587273,-0.8579489254196194,-0.7905366423080791,50
0,100,d2,logspline,0.81,-0.9499349273025222,-0.9271304877569019,0.12859598289613589,-1.0853574366500576,-1.0091207184405158,-0.8513161811522616,-0.785476907972108,50
0,100,d2,logspline,0.8200000000000001,-0.942636838527934,-0.9202786204108343,0.12574515608097728,-1.076114356533965,-1.0013251651329054,-0.8480660364307591,-0.78047546254352,50
0,100,d2,logspline,0.8300000000000001,-0.9353865832236311,-0.9134467478946016,0.1230349857198069,-1.0666207718400156,-0.9919679035625392,-0.8447788760147849,-0.775530048696232,50
0,100,d2,logspline,0.8400000000000001,-0.928183427469869,-0.9066409713330907,0.12045059885586352,-1.0569691427498429,-0.9819244355515395,-0.8452176370882482,-0.7706384668781291,50
0,100,d2,logspline,0.85,-0.9210266827478134,-0.8998669177280407,0.11797917170501288,-1.0478683762632506,-0.9720018963563007,-0.8470581889100257,-0.7657985784665107,50
0,100,d2,logspline,0.86,-0.9131691814548681,-0.8931298072879367,0.11560967503749701,-1.0388250508019645,-0.9622032204463183,-0.8452571601124284,-0.7610083082521955,50
0,100,d2,logspline,0.87,-0.9043947415384281,-0.8864345246623766,0.11333271365031941,-1.0298415152423837,-0.9525308622973074,-0.84089995549763,-0.7562656463387727,50
0,100,d2,logspline,0.88,-0.8958531516367826,-0.8797856911499636,0.11114044415662817,-1.0209198159161896,-0.943346085336731,-0.8350457445542503,-0.7515686495326768,50
0,100,d2,logspline,0.89,-0.8875494252814372,-0.8731877308108894,0.10902655794287594,-1.012061726176459,-0.9343163675681868,-0.8292281738887219,-0.7469154422903466,50
0,100,d2,logspline,0.9,-0.8793901096504779,-0.8666441820447863,0.10698595454447003,-1.0032687729644478,-0.9255711935743112,-0.8234464853228644,-0.7423042172805883,50
0,100,d2,logspline,0.91,-0.8713713067563987,-0.8601530502622952,0.10501224642506901,-0.9945422607114969,-0.9169294099190718,-0.8188700982642972,-0.7371335230877509,50
0,100,d2,logspline,0.92,-0.8634892091563628,-0.8537092052722841,0.10309816695442518,-0.985883292869151,-0.9101242769479907,-0.8149086244325859,-0.7315688039056181,50
0,100,d2,logspline,0.93,-0.8594632410996774,-0.8473085563105998,0.10123716925026961,-0.977292791324895,-0.90507956023727,-0.810380998835965,-0.726074309075398,50
0,100,d2,logspline,0.94,-0.8558670682452266,-0.8409484043326931,0.09942357184861411,-0.9687715139299997,-0.9002428367255081,-0.8046341528692577,-0.7206485441277204,50
0,100,d2,logspline,0.95,-0.851108352755172,-0.8346274314714053,0.09765272161709478,-0.9603200703391463,-0.8952676111382989,-0.7988755734964407,-0.7152900142761018,50
0,100,d2,logspline,0.96,-0.8442461578896947,-0.8283456005382178,0.09592115938225355,-0.9519389363381965,-0.8869726158027946,-0.7931080203320526,-0.7099972286630964,50
0,100,d2,logspline,0.97,-0.8374438015489098,-0.8221038972267197,0.094226645795934,-0.9436284668161427,-0.8787549075830956,-0.7868156313161154,-0.7047687040892465,50
0,100,d2,logspline,0.98,-0.8307005678769341,-0.8159035425415162,0.09256770760497429,-0.9353889075195461,-0.8706150468633087,-0.7814497420872897,-0.6996029682805893,50
0,100,d2,logspline,0.99,-0.8240157579621523,-0.8097455622378913,0.09094332098900204,-0.9272204057122356,-0.8629756384628497,-0.7761274375750478,-0.6944985627442097,50
0,100,d2,logspline,1,-0.817161723243881,-0.8036307763050919,0.08935287563622422,-0.9191230198494376,-0.8585022726249177,-0.7708472345157844,-0.6894540452558211,50
0,100,d3,ecdf,0.01,Inf,Inf,NA,Inf,Inf,Inf,Inf,0
0,100,d3,ecdf,0.02,Inf,Inf,NA,Inf,Inf,Inf,Inf,0
0,100,d3,ecdf,0.03,Inf,Inf,NA,Inf,Inf,Inf,Inf,1
0,100,d3,ecdf,0.04,Inf,Inf,NA,Inf,Inf,Inf,Inf,1
0,100,d3,ecdf,0.05,Inf,Inf,NA,Inf,Inf,Inf,Inf,1
0,100,d3,ecdf,0.06,Inf,Inf,NA,Inf,Inf,Inf,Inf,1
0,100,d3,ecdf,0.06999999999999999,Inf,Inf,NA,Inf,Inf,Inf,Inf,1
0,100,d3,ecdf,0.08,Inf,Inf,NA,-3.547834388536198,Inf,Inf,Inf,4
0,100,d3,ecdf,0.09,Inf,Inf,NA,-3.078104313673946,Inf,Inf,Inf,7
0,100,d3,ecdf,0.1,Inf,Inf,NA,-2.6582282299650632,Inf,Inf,Inf,9
0,100,d3,ecdf,0.11,Inf,Inf,NA,-2.278717056567954,Inf,Inf,Inf,10
0,100,d3,ecdf,0.12,Inf,Inf,NA,-2.313795231044259,-1.9325642817362896,Inf,Inf,15
0,100,d3,ecdf,0.13,Inf,Inf,NA,-2.3075961373838303,-1.614448956823885,Inf,Inf,21
0,100,d3,ecdf,0.14,-1.320234897226262,Inf,NA,-2.2363878872456975,-1.320234897226262,Inf,Inf,26
0,100,d3,ecdf,0.15000000000000002,-1.0466430796609578,Inf,NA,-2.1452553683290674,-1.739790260220903,Inf,Inf,29
0,100,d3,ecdf,0.16,-0.7910299848769904,Inf,NA,-2.177324345996881,-1.7882759965180588,-0.7910299848769904,Inf,39
0,100,d3,ecdf,0.17,-1.244380437591192,Inf,NA,-2.160671169465347,-1.6498455456993564,-0.5512332570312466,Inf,42
0,100,d3,ecdf,0.18000000000000002,-1.4240738343189128,Inf,NA,-2.20200388878385,-1.7117559067706938,-1.0186087262107484,Inf,44
0,100,d3,ecdf,0.19,-1.4985085321758729,Inf,NA,-2.1916557127358183,-1.7216520834900826,-0.8053613516159275,Inf,46
0,100,d3,ecdf,0.2,-1.5196593323496288,Inf,NA,-2.054443631206375,-1.856131568970842,-1.008833708583638,0.08977858008447158,49
0,100,d3,ecdf,0.21,-1.4189981137350283,Inf,NA,-2.116294695702321,-1.7978409645837865,-1.104693784023841,-0.4115466034638959,49
0,100,d3,ecdf,0.22,-1.327575008231498,Inf,NA,-2.066349943051102,-1.7330401163396625,-0.9221099001233334,-0.22896271956338807,49
0,100,d3,ecdf,0.23,-1.4999945004264683,Inf,NA,-2.0697116420206507,-1.846568090706441,-0.9710993533525412,-0.4602737295865504,49
0,100,d3,ecdf,0.24,-1.3924565102979674,Inf,NA,-2.0856036908579125,-1.7401706135049007,-1.0255290721466177,-0.4233011542331599,49
0,100,d3,ecdf,0.25,-1.520814745765201,Inf,NA,-2.0584749598243794,-1.674965425592459,-0.981818245032514,-0.2639773172486126,49
0,100,d3,ecdf,0.26,-1.4851470836710967,Inf,NA,-2.0186379560618484,-1.716357084188915,-1.0803683174689185,-0.11121296140411074,49
0,100,d3,ecdf,0.27,-1.4767738775992854,Inf,NA,-1.9369603432623754,-1.7321866894822808,-1.22136106571629,-0.12274877704818028,49
0,100,d3,ecdf,0.28,-1.4857801826757475,Inf,NA,-1.9469131608509853,-1.7309026407087325,-1.1603577822411195,-0.2048463372136834,49
0,100,d3,ecdf,0.29000000000000004,-1.4797467635145178,Inf,NA,-1.9132373884303449,-1.6784952327440117,-1.167669608978021,-0.3808358097071681,49
0,100,d3,ecdf,0.3,-1.4855142152073944,Inf,NA,-1.9273285663284199,-1.6609447022440509,-1.1762431395850501,-0.33473946780519576,49
0,100,d3,ecdf,0.31,-1.4794243473503825,Inf,NA,-1.854330322585656,-1.6602563735585583,-1.159719948100805,-0.44709445471971854,49
0,100,d3,ecdf,0.32,-1.4816857310652003,Inf,NA,-1.8181579676864137,-1.6068488740192066,-1.1366407910351912,-0.42596302330903724,49
0,100,d3,ecdf,0.33,-1.4740089815883486,Inf,NA,-1.8030447479076526,-1.6001610982734136,-1.0980691544761774,-0.5275242960085645,49
0,100,d3,ecdf,0.34,-1.4320019236997803,-1.2774807826641974,0.5268313385055204,-1.7605059906718166,-1.5861526035270388,-1.1065795232651523,-0.5855755208577877,50
0,100,d3,ecdf,0.35000000000000003,-1.3755844971856146,-1.271216933547064,0.5265021431095657,-1.7286629504355426,-1.5930647180827269,-1.0702028476344327,-0.6212632173150461,50
0,100,d3,ecdf,0.36000000000000004,-1.3565456737357806,-1.2696055975195177,0.4858974049561492,-1.7177061902216717,-1.5821685498233695,-1.1043536487083574,-0.648612678672178,50
0,100,d3,ecdf,0.37,-1.3770035205807816,-1.2604168971111263,0.49387658388369304,-1.6944927028367411,-1.561204064066319,-1.1446672912970532,-0.6625765328114382,50
0,100,d3,ecdf,0.38,-1.3581305811744258,-1.2585185937854106,0.4669220233203719,-1.6683252586460142,-1.5371788126234112,-1.1398770151544078,-0.6227286763321607,50
0,100,d3,ecdf,0.39,-1.3080776757038175,-1.250278303583179,0.4376250819732403,-1.626382245424689,-1.5293728456954503,-1.1237422702065891,-0.6764352997358951,50
0,100,d3,ecdf,0.4,-1.3020429592101241,-1.2349187319280492,0.4447976323127518,-1.6222040648548868,-1.481840286231158,-1.1147515537197534,-0.6635847603558613,50
0,100,d3,ecdf,0.41,-1.307525033384282,-1.2249759947468402,0.4531627413791463,-1.5952371530101352,-1.4683118903554533,-1.0870050929409405,-0.6339068393737499,50
0,100,d3,ecdf,0.42,-1.313632248430435,-1.209357205229785,0.4608534011831536,-1.5942471536591234,-1.4514984655057799,-1.080728956399119,-0.6189773275135467,50
0,100,d3,ecdf,0.43,-1.3006886987895272,-1.208624878031261,0.44453910549469766,-1.6006374031757975,-1.4463736246822707,-1.0699614209839783,-0.6205315996907819,50
0,100,d3,ecdf,0.44,-1.3144988179565522,-1.2137827109084498,0.38709226720668527,-1.5676416717803212,-1.4214799172671373,-1.0825500020292926,-0.625710461137966,50
0,100,d3,ecdf,0.45,-1.2835350906260952,-1.2083672248327935,0.3960179092501037,-1.5898394195545076,-1.4371266994538165,-1.0578311550816937,-0.6857614178538054,50
0,100,d3,ecdf,0.46,-1.2940648281513047,-1.2024517100564436,0.3763703262319206,-1.5730443246085586,-1.405573481793471,-1.0612568726269882,-0.693279394441658,50
0,100,d3,ecdf,0.47,-1.2844974236679305,-1.1908129930359381,0.3692120933228128,-1.5504859966174667,-1.3889119901248472,-1.0571564545767593,-0.7277395003758518,50
0,100,d3,ecdf,0.48,-1.303291057893753,-1.189117926756579,0.3535715329122753,-1.5474884249004022,-1.3826403213503333,-1.038520632822193,-0.7575674843005346,50
0,100,d3,ecdf,0.49,-1.2790515013616446,-1.1848596250118748,0.3363741808117282,-1.5172819517189957,-1.37734128637468,-1.0474485869989572,-0.7587026334459205,50
0,100,d3,ecdf,0.5,-1.2774908069784294,-1.1756741807896927,0.32207355235764157,-1.4981509312095744,-1.3640166223183345,-1.0323944689391347,-0.7693618132829266,50
0,100,d3,ecdf,0.51,-1.2692415759090674,-1.1669108932076206,0.3172076579817835,-1.4725969446000584,-1.347340813823676,-1.02281315766557,-0.7665296360745371,50
0,100,d3,ecdf,0.52,-1.2724079604087524,-1.1583417342055455,0.3192955396149205,-1.462467929986969,-1.3294693805705953,-1.0241977814925056,-0.74180662346555,50
0,100,d3,ecdf,0.53,-1.237100630710499,-1.1501390600208208,0.30870601597224484,-1.4605005496070589,-1.3181418407136252,-1.036429935248348,-0.7725842512377331,50
0,100,d3,ecdf,0.54,-1.2085539879690952,-1.1443562959445603,0.2927066632696452,-1.4411537435016326,-1.3221352440463832,-1.0330787173080591,-0.7744694325058186,50
0,100,d3,ecdf,0.55,-1.1860982199049008,-1.1308034934285387,0.28455994642464555,-1.4370890062836776,-1.2992130243427322,-1.022127650165772,-0.7498439204364542,50
0,100,d3,ecdf,0.56,-1.1832365101209692,-1.124633598311393,0.2862276615896179,-1.4228092992797583,-1.2925368993825472,-0.9980808852584291,-0.7825176963960483,50
0,100,d3,ecdf,0.5700000000000001,-1.1729369263503089,-1.1169037078147253,0.2702976536890455,-1.4014138236398812,-1.2672654345489622,-1.007568038074404,-0.7965217097529596,50
0,100,d3,ecdf,0.5800000000000001,-1.1537203272475083,-1.1079214479841433,0.26837808632298615,-1.3846232046279137,-1.2640795535775171,-1.0120298012774742,-0.7710830463223394,50
0,100,d3,ecdf,0.59,-1.158481231030854,-1.100328550144908,0.26894690324000786,-1.358542799870666,-1.2491898774157173,-1.0166624612663926,-0.7586429047256036,50
0,100,d3,ecdf,0.6,-1.1583097062249328,-1.0964640737254898,0.26314192829579275,-1.3447083078444524,-1.2378299146563774,-1.026396763734372,-0.7796401139118985,50
0,100,d3,ecdf,0.61,-1.1453572703748987,-1.0888879889921486,0.25532517541176036,-1.3368577259991883,-1.238498249379924,-1.0046730125782002,-0.769412594120728,50
0,100,d3,ecdf,0.62,-1.1233551971417834,-1.0780310871663445,0.24455244023230963,-1.3084622767880312,-1.2239884197444688,-1.000846217816357,-0.7679141733473269,50
0,100,d3,ecdf,0.63,-1.1214102632689826,-1.068603829085449,0.23323379650063464,-1.3029511602205326,-1.2098770313743064,-0.9842273654778263,-0.758029485974626,50
0,100,d3,ecdf,0.64,-1.0988260402989465,-1.0585196414510938,0.22435893028344006,-1.2976402737168977,-1.188252705001997,-0.9868976736365928,-0.7560141720434317,50
0,100,d3,ecdf,0.65,-1.0858013170458096,-1.0527297997227323,0.2077827201709007,-1.2958244989546448,-1.1667041241349105,-0.9732183484622026,-0.7626323339822837,50
0,100,d3,ecdf,0.66,-1.0828363661077762,-1.0465042164396998,0.20357957489643114,-1.2856985632098143,-1.154330159863878,-0.9630531755475523,-0.7702302945077969,50
0,100,d3,ecdf,0.67,-1.0719134468973794,-1.0379001524156863,0.1968408513864691,-1.2588565053901835,-1.140703286574408,-0.9542579588527598,-0.7726669266289538,50
0,100,d3,ecdf,0.68,-1.0734339700297217,-1.03068396563466,0.19559845819224594,-1.245347499665213,-1.1335852937372461,-0.9428448574071191,-0.7713990861975002,50
0,100,d3,ecdf,0.6900000000000001,-1.0672452538156367,-1.0240717177657932,0.18592883972075672,-1.2283791280601482,-1.122774955734774,-0.9416135062749144,-0.7869084932444951,50
0,100,d3,ecdf,0.7000000000000001,-1.0543209475760076,-1.0160125640523123,0.1797456067588653,-1.2090614208156274,-1.1164358834615111,-0.9474660016208715,-0.7923133966799609,50
0,100,d3,ecdf,0.7100000000000001,-1.0468787701352986,-1.008128771225355,0.1749044373905323,-1.2006523323630671,-1.109352990047299,-0.9443644330591058,-0.7862687948618357,50
0,100,d3,ecdf,0.72,-1.0263002953945315,-1.0003615519524571,0.1698229372404735,-1.2006748165278929,-1.1009760934143633,-0.9365259517593592,-0.7884813414292121,50
0,100,d3,ecdf,0.73,-1.0235733904093136,-0.9901505756410673,0.1660260544400963,-1.179972397637067,-1.085199972902548,-0.9310753477608416,-0.7909391829622117,50
0,100,d3,ecdf,0.74,-1.0212239073821867,-0.9841427910892108,0.1600274053007972,-1.159156753704074,-1.085243301014073,-0.9305890462846044,-0.7845662141522729,50
0,100,d3,ecdf,0.75,-1.0167798815674047,-0.9782361255151144,0.15324809020248414,-1.1471209134363036,-1.0714188674648677,-0.9270705843414268,-0.7731753565470949,50
0,100,d3,ecdf,0.76,-1.0068948717967212,-0.9701573380254414,0.1487666145380882,-1.1369962602591634,-1.0598259604003406,-0.9182536847539204,-0.7675368412193763,50
0,100,d3,ecdf,0.77,-0.9990520982929889,-0.962808782304825,0.14390590779115442,-1.1212822125227646,-1.0447647711034536,-0.9021346495660344,-0.7667244499502117,50
0,100,d3,ecdf,0.78,-0.9841368620877411,-0.9571939459880078,0.1430250486668823,-1.1157035046463244,-1.0473427387228376,-0.8941470913096341,-0.7741271583842837,50
0,100,d3,ecdf,0.79,-0.9714834299085775,-0.9478192815855667,0.13937076524227812,-1.109342735464154,-1.03198012769882,-0.8870486677974647,-0.7595989242648364,50
0,100,d3,ecdf,0.8,-0.9619859130258444,-0.938666601340124,0.13525739056017974,-1.0999051422575925,-1.0232434349759347,-0.8767012009084465,-0.7608495512184612,50
0,100,d3,ecdf,0.81,-0.9543784839633662,-0.9329243463283615,0.13189502923972493,-1.089934942051245,-1.0118593195400702,-0.8840704531615108,-0.7594565985750916,50
0,100,d3,ecdf,0.8200000000000001,-0.9465082592766763,-0.9254642786955994,0.13011083178156732,-1.0793926566996768,-1.0103006918335367,-0.8676093507101035,-0.7493917115933535,50
0,100,d3,ecdf,0.8300000000000001,-0.9461281773915646,-0.9186917616520696,0.12478098225139748,-1.0669058513859635,-0.9981346739213954,-0.8613835621915968,-0.760301968648808,50
0,100,d3,ecdf,0.8400000000000001,-0.9234747938064328,-0.9103082897535046,0.11788825591103858,-1.0509702028032262,-0.9846551628565122,-0.8528036788262249,-0.7559624098182668,50
0,100,d3,ecdf,0.85,-0.9244298207828019,-0.9024889346819338,0.1144652535317262,-1.0456179052420194,-0.9730226724562777,-0.8500320199099064,-0.75246696314528,50
0,100,d3,ecdf,0.86,-0.9184639443664542,-0.8943855452963927,0.11415102567969512,-1.0299058315135912,-0.9635463766409952,-0.8520435027837936,-0.7524655064775703,50
0,100,d3,ecdf,0.87,-0.9079465846663417,-0.8885040409791187,0.11349496611137207,-1.028302080158523,-0.9552541986951087,-0.8357650683970228,-0.7384518165390268,50
0,100,d3,ecdf,0.88,-0.8982756589519902,-0.8813567115720267,0.11071408653811206,-1.0219017715308367,-0.9480642364593445,-0.8292636171645854,-0.722870870828928,50
0,100,d3,ecdf,0.89,-0.8943412437621454,-0.8727192833647462,0.10985157055365549,-1.0182440759946014,-0.9360467769949647,-0.8213028719200661,-0.7165226027730424,50
0,100,d3,ecdf,0.9,-0.8821215810084244,-0.8651606806100672,0.10857132577134529,-1.01233745391204,-0.9202803056600649,-0.8153913452405599,-0.7045533640465986,50
0,100,d3,ecdf,0.91,-0.8700339817170891,-0.8577224677764427,0.10683753045097241,-1.0042573412349105,-0.9183346775210812,-0.8076364409391998,-0.7009214035636757,50
0,100,d3,ecdf,0.92,-0.8603832478696212,-0.849570486889411,0.10471452373495804,-1.0000281366566426,-0.9131138042334516,-0.7961428733951043,-0.6867021546182932,50
0,100,d3,ecdf,0.93,-0.8537742116340483,-0.8447138432894027,0.10161826920085444,-0.9889423113461152,-0.9169045588903255,-0.8011001571253522,-0.6900079288982494,50
0,100,d3,ecdf,0.94,-0.8499994628125951,-0.8372738419900856,0.09928146234900374,-0.970942428382541,-0.9077009892575133,-0.7883696162366416,-0.6838233282750661,50
0,100,d3,ecdf,0.95,-0.8438787048452351,-0.832303248050306,0.09518513127927866,-0.9614895866749731,-0.8931462736802912,-0.7860470702587233,-0.6818553256451629,50
0,100,d3,ecdf,0.96,-0.8383764220517256,-0.8265055026982692,0.09419639588005126,-0.9490523032569433,-0.893066531606475,-0.7783168392426238,-0.6763327006600908,50
0,100,d3,ecdf,0.97,-0.832089155774756,-0.8189575385639539,0.09321912481828913,-0.9439029790385842,-0.8810463476688011,-0.7738152709582057,-0.6675098458579971,50
0,100,d3,ecdf,0.98,-0.8197487571327078,-0.8119522795452794,0.0910147856073989,-0.9374664813261115,-0.8742709020977573,-0.7677705372754366,-0.6549432858004276,50
0,100,d3,ecdf,0.99,-0.8154569680480714,-0.8057567971657136,0.08920440038398719,-0.9255780063618246,-0.8665430677868864,-0.7634306195252027,-0.6535233984255635,50
0,100,d3,ecdf,1,-0.8066253132367853,-0.7988932892944702,0.0898108367556278,-0.9213391411671439,-0.8588755192009806,-0.7569491470187569,-0.6501203314788957,50
0,100,d3,logspline,0.01,-9.434809152942586,-9.354380825976556,0.952717211892159,-10.539663465535888,-10.057165709353768,-8.884085677922693,-7.966265757699064,50
0,100,d3,logspline,0.02,-7.418259442856339,-7.335707788739064,0.9351260728385963,-8.499891692328017,-8.026856433706692,-6.860988218011504,-5.970842819381451,50
0,100,d3,logspline,0.03,-6.266149858440008,-6.181504195803495,0.9168752301405574,-7.3238296425260305,-6.8605194759142485,-5.700909459143535,-4.840782008625507,50
0,100,d3,logspline,0.04,-5.468778674082566,-5.382065333519701,0.8980031994334097,-6.501779368709261,-6.048455878721226,-4.8952958122500485,-4.066372285199687,50
0,100,d3,logspline,0.05,-4.866405929336834,-4.777646834785318,0.878556061651855,-5.874006158542688,-5.432662189796709,-4.284409796984491,-3.4878608403080524,50
0,100,d3,logspline,0.06,-4.387873869399222,-4.297085322841412,0.8585872872772188,-5.369358934698702,-4.940953398432093,-3.7970968077013736,-3.0340737224158323,50
0,100,d3,logspline,0.06999999999999999,-3.9952192635144748,-3.9024110324731662,0.8381575347902863,-4.9545093235656505,-4.534734843702473,-3.3953974031982552,-2.667028384646297,50
0,100,d3,logspline,0.08,-3.6634647570185557,-3.570950443885472,0.8173344622066587,-4.602542113560627,-4.1913463431870035,-3.0566496943424246,-2.3640363726428646,50
0,100,d3,logspline,0.09,-3.377270237758073,-3.2880698211226895,0.796192508137743,-4.298584806512387,-3.8961680959125085,-2.770699209816989,-2.1104470911393327,50
0,100,d3,logspline,0.1,-3.129528902624832,-3.043768131013258,0.7748123923750709,-4.032655780985017,-3.6392113449781576,-2.5570027474498933,-1.8962415074841976,50
0,100,d3,logspline,0.11,-2.9235406895859293,-2.8309024615799925,0.7532808788157287,-3.797633783233609,-3.413344105374433,-2.348969209274811,-1.7142582546468446,50
0,100,d3,logspline,0.12,-2.743984460108451,-2.64418928604229,0.7316910861335024,-3.588875314549882,-3.2132930308065686,-2.1688470068970647,-1.5591950635090472,50
0,100,d3,logspline,0.13,-2.581328057916614,-2.4796064544644487,0.7101430335952668,-3.4026722740948467,-3.0350417811755745,-2.0357488897075138,-1.4270105436688632,50
0,100,d3,logspline,0.14,-2.4299640548735484,-2.334014944843404,0.6887448844199405,-3.238526747516815,-2.8754473205127384,-1.918689443576485,-1.3145389310328852,50
0,100,d3,logspline,0.15000000000000002,-2.294691503919351,-2.204908977133826,0.6676139438940626,-3.090438657921828,-2.7319953295218262,-1.8375097017597137,-1.219235209187972,50
0,100,d3,logspline,0.16,-2.180682468713345,-2.0902467976513512,0.6468761760329161,-2.956363608389836,-2.60263666999128,-1.7634120220106233,-1.1390001464456319,50
0,100,d3,logspline,0.17,-2.075023066669673,-1.9883333550257758,0.626663835960188,-2.8346074513937656,-2.4856735137147656,-1.6714205732034837,-1.0718139729358176,50
0,100,d3,logspline,0.18000000000000002,-1.9743558431464392,-1.8977341559069625,0.6071128504543193,-2.722835532267882,-2.3798276426237903,-1.5773217935038901,-1.0158912035056649,50
0,100,d3,logspline,0.19,-1.8873958384342562,-1.817213827972273,0.588359784145193,-2.6159056606229116,-2.2840761212226375,-1.4932077260325434,-0.9590167381771388,50
0,100,d3,logspline,0.2,-1.8443761744278409,-1.7456868746363492,0.570549014582437,-2.5176818790316844,-2.1931737503707605,-1.432322057055863,-0.9110786722143251,50
0,100,d3,logspline,0.21,-1.7782479894527676,-1.6821816168977664,0.5538279184436045,-2.4274386259862757,-2.110879146345031,-1.3654371325854318,-0.8704055498414878,50
0,100,d3,logspline,0.22,-1.7134889482264501,-1.6258190295093449,0.5383251128375837,-2.3448005056006958,-2.0356621542404136,-1.309122323833358,-0.8248943783849213,50
0,100,d3,logspline,0.23,-1.6647560135403412,-1.5757984272598027,0.5241305653278884,-2.268524077721519,-1.969721878239774,-1.2795865252071275,-0.828220403274724,50
0,100,d3,logspline,0.24,-1.6205791786930082,-1.5313882095023976,0.5112812386605733,-2.1929650858722707,-1.9197060148251794,-1.2625064245829125,-0.802561649491015,50
0,100,d3,logspline,0.25,-1.5907736847717513,-1.4919220962093727,0.49975515286714284,-2.1172612742573045,-1.8628169914920527,-1.2363143192550163,-0.7655988658494628,50
0,100,d3,logspline,0.26,-1.5681173437143259,-1.4568003904066775,0.489476116790732,-2.0477657259272077,-1.8053682915693248,-1.2154914895597226,-0.7374125796247408,50
0,100,d3,logspline,0.27,-1.5364489793369625,-1.4254873849581815,0.48032232233927025,-1.9830213957465368,-1.766248592105265,-1.2655510274371025,-0.7141190617317867,50
0,100,d3,logspline,0.28,-1.499514633341866,-1.3975082128318423,0.4721384338268276,-1.9226779305346153,-1.7200879144753032,-1.2590885650396608,-0.69453406103023,50
0,100,d3,logspline,0.29000000000000004,-1.4659521843130734,-1.3724487509306478,0.46475146756601604,-1.8724709657314853,-1.6827296821340123,-1.2215180625039246,-0.6768591702313056,50
0,100,d3,logspline,0.3,-1.453178107674383,-1.3499488888891797,0.45799060058309193,-1.8416623253982167,-1.644107869558776,-1.1878276281211901,-0.6598443452819509,50
0,100,d3,logspline,0.31,-1.4472381580348814,-1.3296927639925438,0.45169785756165864,-1.8143387080315332,-1.6077816675264498,-1.1577316763546202,-0.6469896449312684,50
0,100,d3,logspline,0.32,-1.4375615489872027,-1.3113996697983143,0.44572927541110813,-1.7904903949992599,-1.5821097784663076,-1.1309659835079073,-0.6371010969000941,50
0,100,d3,logspline,0.33,-1.423281862383618,-1.2948200056482133,0.43995534656958135,-1.7547408137583989,-1.554301751278267,-1.1072850943501684,-0.6298725785785633,50
0,100,d3,logspline,0.34,-1.4113244662691813,-1.2797385290830867,0.43426574938147183,-1.7250681974920112,-1.53566742731605,-1.0864601325661578,-0.6234495240770019,50
0,100,d3,logspline,0.35000000000000003,-1.3951981959432223,-1.2659711260585764,0.42857292381582934,-1.7058494498867562,-1.5144604422614818,-1.0682289287652758,-0.6190818243440537,50
0,100,d3,logspline,0.36000000000000004,-1.378049365012751,-1.2533599658602026,0.4228120075564256,-1.6891941236830916,-1.4920535820111918,-1.0561269451981787,-0.6165444107392077,50
0,100,d3,logspline,0.37,-1.3574981162065045,-1.2417696842635984,0.41693893823983963,-1.6726847932696067,-1.472648706355002,-1.0529816184255976,-0.6156063179122309,50
0,100,d3,logspline,0.38,-1.3416656892683614,-1.2310839145523123,0.41092793413423545,-1.656067646365819,-1.4547541447121253,-1.0635279963036792,-0.6160531602428694,50
0,100,d3,logspline,0.39,-1.328402512487619,-1.2212017727662718,0.4047682586877659,-1.639331189524584,-1.4412844938270886,-1.0676615822264688,-0.6176855623627837,50
0,100,d3,logspline,0.4,-1.3180728358157836,-1.212033458518566,0.3984594973426936,-1.6217603302450394,-1.4298815346092226,-1.0676334459317145,-0.620317807258965,50
0,100,d3,logspline,0.41,-1.2968314353688253,-1.2034978204460076,0.3920083077497402,-1.602200968540303,-1.4246482710328732,-1.0650499738314967,-0.623776671066393,50
0,100,d3,logspline,0.42,-1.2786761469036962,-1.195520977847914,0.38542627602396284,-1.5852966640438044,-1.4176625558432785,-1.056488941270302,-0.627900418594898,50
0,100,d3,logspline,0.43,-1.2689971629958539,-1.188034701179821,0.3787276411072121,-1.571128527977771,-1.4014436196283988,-1.0480689158035505,-0.6325379377688249,50
0,100,d3,logspline,0.44,-1.259529506996265,-1.1809749843910815,0.371927382190675,-1.557073288810587,-1.386270283966737,-1.0398189949973666,-0.6375479946140711,50
0,100,d3,logspline,0.45,-1.2504578328437996,-1.1742819388547334,0.36504077959150455,-1.5428683822982732,-1.3720424640754323,-1.0334732627464733,-0.6441691871528121,50
0,100,d3,logspline,0.46,-1.2445757096569914,-1.167899889152595,0.3580831667602582,-1.5285913372903606,-1.3598042298261541,-1.0339776294109215,-0.6546695009267844,50
0,100,d3,logspline,0.47,-1.2421494639464512,-1.1617777435814463,0.3510697005168868,-1.514301671297181,-1.3530956597103994,-1.0306969407157047,-0.6654919322876847,50
0,100,d3,logspline,0.48,-1.2393780730879285,-1.1558687285439782,0.3440153526030348,-1.5000449602327688,-1.34725997609389,-1.01959367224851,-0.6765254810872966,50
0,100,d3,logspline,0.49,-1.2362026485396802,-1.1501277509112406,0.3369336180155235,-1.4858559164385174,-1.3353691439782291,-1.0077116935250188,-0.6876732681765396,50
0,100,d3,logspline,0.5,-1.2279065218120226,-1.1445094020802067,0.3298349913104569,-1.4717607421668504,-1.3260214927509502,-1.0006825211258468,-0.6963735785988303,50
0,100,d3,logspline,0.51,-1.2153177021566925,-1.1389680653768814,0.3227262471695761,-1.457778946417728,-1.3198262157204457,-0.9946418342826476,-0.703576887785571,50
0,100,d3,logspline,0.52,-1.2069603762124,-1.1334590657657968,0.31560985111620415,-1.4461096230833084,-1.3132420606278856,-0.9890831670630017,-0.7110189043551765,50
0,100,d3,logspline,0.53,-1.1994643105672753,-1.1279402791151507,0.308483370275135,-1.4343010975494237,-1.307159566120827,-0.9839499325220431,-0.7186372475586502,50
0,100,d3,logspline,0.54,-1.190632124728048,-1.122372826392988,0.30134005295851224,-1.4208908870499428,-1.3015826126437449,-0.9820916417006988,-0.7263731133882052,50
0,100,d3,logspline,0.55,-1.1840669738849243,-1.1167219767333785,0.29417049329010875,-1.4074109398932548,-1.2951741108668864,-0.9839342495181542,-0.7341710461596855,50
0,100,d3,logspline,0.56,-1.177429065628919,-1.1109581586561303,0.28696506848011255,-1.3938802901001435,-1.2831912177889593,-0.9854614619328227,-0.7419787345161568,50
0,100,d3,logspline,0.5700000000000001,-1.17070201775537,-1.1050570541040097,0.2797169724369049,-1.3812889093632483,-1.271020714533853,-0.9840784708939451,-0.749746829195304,50
0,100,d3,logspline,0.5800000000000001,-1.163871565270564,-1.0989996659030907,0.2724254953636603,-1.368650248045114,-1.2605449134823477,-0.9786218396537654,-0.7574287802595849,50
0,100,d3,logspline,0.59,-1.1576088842912071,-1.092776477465728,0.2651019158988919,-1.358902243238572,-1.2462177532942533,-0.9802387440527494,-0.7649806917915868,50
0,100,d3,logspline,0.6,-1.1523346060905668,-1.086401734732181,0.2577823055550051,-1.350698228961519,-1.2316379513262452,-0.9787353515009484,-0.7723611923155811,50
0,100,d3,logspline,0.61,-1.146710978619419,-1.0799085917151408,0.2505184709882772,-1.342300538705517,-1.216489116332141,-0.9770802880511318,-0.7795313194265558,50
0,100,d3,logspline,0.62,-1.1397536097901453,-1.0733274632648304,0.24335432598762763,-1.3337007768939682,-1.2073446631900628,-0.9711658214708823,-0.7864544172955243,50
0,100,d3,logspline,0.63,-1.1299167683755504,-1.066678077628866,0.23631886493129786,-1.3248946103518833,-1.1963344673257807,-0.9627907965823878,-0.7927760522649923,50
0,100,d3,logspline,0.64,-1.1200266822465217,-1.0599722996264047,0.22943021870353114,-1.31588127477644,-1.185646661016473,-0.9544017384610131,-0.7976807955783847,50
0,100,d3,logspline,0.65,-1.110106295761498,-1.0532154564620666,0.22269870740442432,-1.3066631305525105,-1.1760217548612963,-0.9480187284302484,-0.8022667955117657,50
0,100,d3,logspline,0.66,-1.1005002029861806,-1.0464074616687178,0.21612921994882175,-1.2949727885039808,-1.164038809023506,-0.9425396756871586,-0.8065108895461808,50
0,100,d3,logspline,0.67,-1.0917075130048328,-1.0395469479840822,0.20972429488835004,-1.282325289409484,-1.1546918155965051,-0.9417554545678941,-0.8043425657461538,50
0,100,d3,logspline,0.68,-1.0829362907342102,-1.0326335373908748,0.20348575398469268,-1.2701771225488276,-1.145297274089987,-0.9417596797942536,-0.8004041781000857,50
0,100,d3,logspline,0.6900000000000001,-1.074185832799233,-1.0256675725068665,0.1974149534671463,-1.2580109677482336,-1.1358607836508268,-0.9410613251479281,-0.7964732316853766,50
0,100,d3,logspline,0.7000000000000001,-1.0654559305484397,-1.0186501777014747,0.191512766695639,-1.2458352436982743,-1.126388343537346,-0.9394886267762917,-0.7925436188788985,50
0,100,d3,logspline,0.7100000000000001,-1.0567468315338582,-1.0115832457176335,0.18577968658708904,-1.233659156204358,-1.1152251213029518,-0.935707724652383,-0.7886100933841654,50
0,100,d3,logspline,0.72,-1.0480592034020133,-1.004469347168956,0.1802159461605667,-1.2212474369427695,-1.1031004559476312,-0.9306214780978729,-0.7846682057627881,50
0,100,d3,logspline,0.73,-1.039517435726157,-0.9973115602971968,0.17482163053127586,-1.208311759857716,-1.0911039732571413,-0.9235237183533322,-0.7807142436863368,50
0,100,d3,logspline,0.74,-1.0298154752373763,-0.9901130932482093,0.16959683748943255,-1.1954385637583036,-1.0825962283411203,-0.9162733598221113,-0.7767451765300261,50
0,100,d3,logspline,0.75,-1.0204856273578358,-0.9828771681079034,0.1645417099126668,-1.1826372579171505,-1.0744849704029502,-0.9110033250233753,-0.7727586039688146,50
0,100,d3,logspline,0.76,-1.0100264353003137,-0.9756070465172223,0.15965640973806974,-1.1699169898428559,-1.066246011879245,-0.9135629551647286,-0.768752708271185,50
0,100,d3,logspline,0.77,-0.9991769358526348,-0.9683060451598056,0.15494108757078076,-1.1572866666945236,-1.0582570098028934,-0.9106650072713294,-0.7647262100165381,50
0,100,d3,logspline,0.78,-0.9885445433805913,-0.960977518233819,0.15039581594508228,-1.1447549731284452,-1.0503327077242728,-0.9069640702978309,-0.7606783269893493,50
0,100,d3,logspline,0.79,-0.978129242551331,-0.953624929826223,0.14602062647206598,-1.1323302085715137,-1.0414287320276872,-0.8999632234756834,-0.7566087360274183,50
0,100,d3,logspline,0.8,-0.9679303618160762,-0.9462520807551247,0.14181572042842763,-1.1209353184266657,-1.0312003897562978,-0.8928056904363264,-0.7525175376230273,50
0,100,d3,logspline,0.81,-0.9595857196459097,-0.9388631501481204,0.13778137490320477,-1.109624411320538,-1.0208973059856827,-0.8855184592869629,-0.748405223095006,50
0,100,d3,logspline,0.8200000000000001,-0.9521147772466902,-0.9314628133418473,0.13391689829221845,-1.0981269183025142,-1.0110202720299932,-0.8781257577673091,-0.7442726441668018,50
0,100,d3,logspline,0.8300000000000001,-0.9446274842778433,-0.9240563222315531,0.13021996529962368,-1.086475534702187,-1.0011443827369848,-0.8706493838701531,-0.7401209848009513,50
0,100,d3,logspline,0.8400000000000001,-0.9371335722536609,-0.9166493880398667,0.12668692111371144,-1.074706733827386,-0.9923515662151903,-0.8631089909361671,-0.7359517351540827,50
0,100,d3,logspline,0.85,-0.9323581532402866,-0.909248015542266,0.1233130808617099,-1.0628599278612059,-0.983958631533462,-0.8555223344428725,-0.7317666675288645,50
0,100,d3,logspline,0.86,-0.9246176017584554,-0.9018583917178065,0.12009295416978225,-1.0522516890329905,-0.9753240140708996,-0.8478257077204892,-0.7275678142104491,50
0,100,d3,logspline,0.87,-0.9168451332400829,-0.8944868309755621,0.11702042197094323,-1.0424363780237298,-0.9660875153730668,-0.8395341452001346,-0.7233574470849374,50
0,100,d3,logspline,0.88,-0.9090529749121243,-0.8871397239669615,0.11408889838988052,-1.0326839207866574,-0.9569097808776972,-0.8313287061742245,-0.7191380589464833,50
0,100,d3,logspline,0.89,-0.9002287319647677,-0.8798233791989729,0.11129188425603613,-1.0229965030194659,-0.9477966403874377,-0.8232170242238934,-0.7149123464078966,50
0,100,d3,logspline,0.9,-0.8904543781934697,-0.8725438261945495,0.10862345277364281,-1.013376083717357,-0.9387531909169631,-0.8152064861317261,-0.7106831943371231,50
0,100,d3,logspline,0.91,-0.8812597174957297,-0.8653064554385689,0.1060778394732692,-1.0038244214636025,-0.9310541352385593,-0.8073042644485641,-0.7064536353446367,50
0,100,d3,logspline,0.92,-0.8733235039722174,-0.8581158043955279,0.10364917888822579,-0.9943430975199913,-0.9264448640792649,-0.7996157179078001,-0.7022265687273328,50
0,100,d3,logspline,0.93,-0.866118167544303,-0.8509756173078091,0.10133153003762559,-0.98493353612607,-0.9176883109806818,-0.7940775991302542,-0.6980045240446326,50
0,100,d3,logspline,0.94,-0.8597086593588701,-0.8438889143737369,0.09911890342647066,-0.9755970223605321,-0.9089954626263936,-0.7885044788627359,-0.6937896833744823,50
0,100,d3,logspline,0.95,-0.8532983290249885,-0.8368581547398216,0.09700535940043217,-0.9663347178707442,-0.9003705046997688,-0.7820141144434113,-0.6895839223704234,50
0,100,d3,logspline,0.96,-0.8468891479870377,-0.829885564386969,0.09498520694151287,-0.9571476747360002,-0.8918170971357284,-0.7752595890762735,-0.6853888465469524,50
0,100,d3,logspline,0.97,-0.8404735362162774,-0.8229732397277415,0.09305301753405253,-0.948036847695489,-0.882392290109549,-0.7685232678278935,-0.6812058233891436,50
0,100,d3,logspline,0.98,-0.8332997780592534,-0.8161231440210799,0.091203573267576707,-0.9390784471391287,-0.8727999518705633,-0.7618097684096838,-0.6770360108001969,50
0,100,d3,logspline,0.99,-0.8263251083005074,-0.809337116284359,0.08943183228612003,-0.9326884509255247,-0.8634596034291272,-0.7551232988361383,-0.6728803823308098,50
0,100,d3,logspline,1,-0.8194589534246668,-0.802616890560961,0.08773291398792786,-0.9263079167146921,-0.8543601098396261,-0.7499796393780354,-0.6687397495749734,50
0,200,d0,ecdf,0.01,-1.4605581015395077,Inf,NA,-1.9083679648256897,-1.6523247172603082,-0.752144354400518,0.3171159292051992,49
0,200,d0,ecdf,0.02,-1.4676579277828123,Inf,NA,-1.8344673549193315,-1.6636917403236104,-1.0039274079197957,0.3289454593490772,49
0,200,d0,ecdf,0.03,-1.502021954603928,Inf,NA,-1.8176421497309838,-1.6523447404218443,-1.0445737368575205,0.3650170286401917,49
0,200,d0,ecdf,0.04,-1.5286617316974354,Inf,NA,-1.8003699516353096,-1.6273392210991258,-1.1125255521438764,0.36493464355385763,49
0,200,d0,ecdf,0.05,-1.510145650990642,Inf,NA,-1.778867653244258,-1.6430056509822608,-1.1096843543661061,0.2476880553790729,49
0,200,d0,ecdf,0.06,-1.5221757453597942,Inf,NA,-1.7561194010276768,-1.6455933602064128,-1.1274489241688157,0.19304831278622747,49
0,200,d0,ecdf,0.06999999999999999,-1.554779542850382,Inf,NA,-1.7815005312065813,-1.6415877331569741,-1.1642237656869852,0.22843462627955183,49
0,200,d0,ecdf,0.08,-1.5612337139294723,Inf,NA,-1.773348250798424,-1.6466514650838242,-1.1923413719542018,0.18280978553761268,49
0,200,d0,ecdf,0.09,-1.54629858321169,Inf,NA,-1.7642438931452467,-1.6466933709998168,-1.2083531745083391,0.12182774127884324,49
0,200,d0,ecdf,0.1,-1.5355150570094849,Inf,NA,-1.7345668292631427,-1.633792572151886,-1.2360573131079335,0.09279484281513553,49
0,200,d0,ecdf,0.11,-1.536159633531501,-1.1714262345763469,1.022071367186021,-1.7121698398761565,-1.6203988049889733,-1.223635483051576,0.056323838285409406,50
0,200,d0,ecdf,0.12,-1.533444970452776,-1.1838708449272246,0.9494292199881638,-1.7050548984792053,-1.6246684331695587,-1.2071392570390271,0.05999011797811667,50
0,200,d0,ecdf,0.13,-1.5361906714344522,-1.1945041459208805,0.9063532370389126,-1.690127592295227,-1.6305869656265235,-1.221753010379042,0.06118606830134702,50
0,200,d0,ecdf,0.14,-1.5348149457882383,-1.1933845680308446,0.909294914317284,-1.6865368759241344,-1.6181561428407778,-1.2311015924049766,0.03339533671055732,50
0,200,d0,ecdf,0.15000000000000002,-1.5239925983472957,-1.1911578945521681,0.9050994047381525,-1.6758746849055997,-1.6064756394868978,-1.2326623911153602,0.016261976810071525,50
0,200,d0,ecdf,0.16,-1.520252915052736,-1.2011035618346837,0.8444520015342433,-1.6633693339829867,-1.5972991808080896,-1.2113863072660713,-0.021070587201990013,50
0,200,d0,ecdf,0.17,-1.5161832683856948,-1.2054714345252706,0.8245545222665963,-1.663929680475068,-1.5927741726130424,-1.207884279301457,-0.06114560882188727,50
0,200,d0,ecdf,0.18000000000000002,-1.513305085924849,-1.202837778738744,0.8245632843545688,-1.6517584328257793,-1.590484494451064,-1.2038785708568578,-0.08852085131161842,50
0,200,d0,ecdf,0.19,-1.5064806086179008,-1.1997937258523377,0.825676016358166,-1.6368696278983386,-1.5802405990474517,-1.2035309224137891,-0.12315493824135315,50
0,200,d0,ecdf,0.2,-1.4907953798187559,-1.1998565918446267,0.806646719581178,-1.6304466057250884,-1.5668359799545577,-1.2000056907131784,-0.18686632612788312,50
0,200,d0,ecdf,0.21,-1.4868765575762648,-1.2028584074127584,0.7728655597786331,-1.6151601938490558,-1.5597403269922565,-1.1978087439975587,-0.22612185996573336,50
0,200,d0,ecdf,0.22,-1.4790028908843103,-1.2026930544946537,0.7573429374979496,-1.604295638114102,-1.5538462096928918,-1.1948681280326567,-0.27728291112543946,50
0,200,d0,ecdf,0.23,-1.4656449971482415,-1.2029722203847613,0.7410489397581682,-1.5997402214608973,-1.547891191015673,-1.1843575821670185,-0.32746811530741554,50
0,200,d0,ecdf,0.24,-1.4650208179107211,-1.20266501598016,0.7266890548988959,-1.589945159916392,-1.538065715793604,-1.1825935800358338,-0.34058723563276316,50
0,200,d0,ecdf,0.25,-1.4616539849932164,-1.2082402744385181,0.6829265905116605,-1.5783058739357996,-1.5292161333925463,-1.186647911797177,-0.36905374795255375,50
0,200,d0,ecdf,0.26,-1.4509036019474753,-1.2047396030273847,0.6694073760351601,-1.5671980762360764,-1.5194533496258178,-1.1819447987690321,-0.38275355247746057,50
0,200,d0,ecdf,0.27,-1.4429824707194476,-1.202166395294655,0.6573858010500033,-1.5593850639394047,-1.5175322789318733,-1.176941202902705,-0.4083075819544826,50
0,200,d0,ecdf,0.28,-1.4345521053833084,-1.2002556581940966,0.6360185088418507,-1.550750340309881,-1.509044057347379,-1.1659697900128654,-0.4262082691505792,50
0,200,d0,ecdf,0.29000000000000004,-1.4281683027255616,-1.1957086873097074,0.6291939878251427,-1.5392976766786852,-1.4975956138797806,-1.1831210342485168,-0.432579506659554,50
0,200,d0,ecdf,0.3,-1.4148101566331663,-1.1984354933246133,0.5879214514731202,-1.5246611639835193,-1.4881652395283156,-1.1788324730305904,-0.46231007672277424,50
0,200,d0,ecdf,0.31,-1.4074730278659398,-1.1960804365084015,0.5700707826110334,-1.5135973098518463,-1.4777082754521134,-1.1766445157368544,-0.4759934436772121,50
0,200,d0,ecdf,0.32,-1.3930247936376612,-1.1929449940707433,0.554278851071871,-1.499602787438161,-1.4671666471338347,-1.17255103716422,-0.4844581914334992,50
0,200,d0,ecdf,0.33,-1.384825609269217,-1.1881111492546512,0.5479738636019414,-1.496941466436797,-1.4640122706308967,-1.1663437380445307,-0.5025848823237636,50
0,200,d0,ecdf,0.34,-1.372531056496582,-1.1846678547831595,0.5324114141051892,-1.4886437305879179,-1.451664673145597,-1.1644063752926617,-0.509964009378622,50
0,200,d0,ecdf,0.35000000000000003,-1.360806812163502,-1.1827643002319275,0.5086986145617092,-1.4758334449662174,-1.4403039260297568,-1.1607190841967858,-0.5149878048852387,50
0,200,d0,ecdf,0.36000000000000004,-1.3522482865697747,-1.1787954329052517,0.48873003712221313,-1.464552873769137,-1.4274340817648892,-1.1558332804949283,-0.51804171791302,50
0,200,d0,ecdf,0.37,-1.3432225547854586,-1.1751568534418178,0.4735099540726266,-1.4526264723274074,-1.4153205603671375,-1.1564919590336353,-0.52079660889671,50
0,200,d0,ecdf,0.38,-1.3363132364458523,-1.1716613566374543,0.4555133352768172,-1.4446819299311993,-1.4019412486716267,-1.1494786696072987,-0.5216720529954251,50
0,200,d0,ecdf,0.39,-1.3230778871498363,-1.1693794618013067,0.43478676767263985,-1.4328947108342054,-1.3923973992819507,-1.146260064073284,-0.5327688935916663,50
0,200,d0,ecdf,0.4,-1.3161162971886995,-1.1642053590209078,0.42350683712393294,-1.4187500945764122,-1.3813436992737933,-1.1406114063549553,-0.5391778465713073,50
0,200,d0,ecdf,0.41,-1.3070276671915984,-1.1602232498064091,0.41311312404142025,-1.4116130131337148,-1.3707248580793707,-1.1344079262897495,-0.5437194902616149,50
0,200,d0,ecdf,0.42,-1.2983066779494943,-1.156102971437627,0.40155328382022637,-1.4037413696789613,-1.362373993751524,-1.1273101688617535,-0.5492600374604253,50
0,200,d0,ecdf,0.43,-1.2887604639335812,-1.152515411617916,0.3882583556752117,-1.3949500699451804,-1.356185016036429,-1.1228229461107437,-0.5465750595346288,50
0,200,d0,ecdf,0.44,-1.2830354238579038,-1.1470144706158363,0.3801486511892526,-1.384611916131401,-1.3500760713631053,-1.120169683680818,-0.547699695386152,50
0,200,d0,ecdf,0.45,-1.2737577176873787,-1.1431579602729816,0.3693294757032619,-1.3751539244263573,-1.3442114109366465,-1.1160984106294523,-0.5680629337622862,50
0,200,d0,ecdf,0.46,-1.2651936269720925,-1.1389385519839579,0.3598962272586774,-1.3621358522927671,-1.3347438943362326,-1.112608249892395,-0.5763964875127401,50
0,200,d0,ecdf,0.47,-1.2565628296922329,-1.133354446659531,0.35181873328589947,-1.3497206392347023,-1.3259510031791846,-1.106468868702343,-0.5839004969868324,50
0,200,d0,ecdf,0.48,-1.2478664790200913,-1.12778054721186,0.3435175246119008,-1.3399192221609881,-1.3164430457310743,-1.0986597467440744,-0.5833706825692644,50
0,200,d0,ecdf,0.49,-1.23838043317777,-1.1224820392740094,0.33458767884430857,-1.3295464708066742,-1.3074181936914893,-1.091563482318295,-0.5878486533212675,50
0,200,d0,ecdf,0.5,-1.232767403157007,-1.1187955993772492,0.3229473698549083,-1.3209648019074072,-1.2983583298170345,-1.089662113779859,-0.5917534893799308,50
0,200,d0,ecdf,0.51,-1.2231340749971875,-1.113340123477225,0.3173524155137366,-1.315780296325428,-1.2913873878593387,-1.0819375977746417,-0.6035962747898753,50
0,200,d0,ecdf,0.52,-1.2151879407478048,-1.1084266720834492,0.30935704695350624,-1.3066224596736737,-1.281911382080434,-1.075088323716519,-0.6126511726289368,50
0,200,d0,ecdf,0.53,-1.2085248608137948,-1.1040010612703948,0.30018081108847305,-1.2971456913369344,-1.275431512309677,-1.0698316013751956,-0.6099153929647546,50
0,200,d0,ecdf,0.54,-1.1969586903570462,-1.098493724365696,0.2931526935403,-1.2893769451582977,-1.265820982695527,-1.065949988280611,-0.6134328276362057,50
0,200,d0,ecdf,0.55,-1.190099249769594,-1.0929744407528224,0.2865331267378907,-1.2827380643499742,-1.2545872735202233,-1.0579639203906204,-0.6154662743310082,50
0,200,d0,ecdf,0.56,-1.1834552511295136,-1.0880737070274311,0.28053972517495634,-1.2742608362649803,-1.2450662760114495,-1.0534522463915899,-0.6216281677020778,50
0,200,d0,ecdf,0.5700000000000001,-1.175360150623737,-1.0829173820765057,0.27382842606882396,-1.2693750823319259,-1.2362595475463116,-1.043990371136212,-0.6236701880591666,50
0,200,d0,ecdf,0.5800000000000001,-1.1674897974476615,-1.0778350868361275,0.2667530020281565,-1.261720760291895,-1.2300050745394775,-1.0385379697885846,-0.6272131169772572,50
0,200,d0,ecdf,0.59,-1.1621075407456705,-1.0736523228527866,0.2608719300885115,-1.2543343821416233,-1.2263747147150563,-1.0321401341838212,-0.6285634678885061,50
0,200,d0,ecdf,0.6,-1.154962614988884,-1.0679622780235405,0.2552251984557822,-1.2443121117677707,-1.2169890891853545,-1.029577226739036,-0.6245577513528557,50
0,200,d0,ecdf,0.61,-1.1476955443213854,-1.0623391324133291,0.24923589509267358,-1.2353789730244116,-1.2087356991818377,-1.0267438588795337,-0.6261849149164502,50
0,200,d0,ecdf,0.62,-1.140939013188898,-1.0570600418366602,0.24415095095018138,-1.2285684955229867,-1.200097130427451,-1.0215190443337243,-0.6275471201203918,50
0,200,d0,ecdf,0.63,-1.1312312501526813,-1.0519061143481405,0.23919250147986157,-1.217385754899351,-1.1915231530772386,-1.0166211528127131,-0.6267070247841278,50
0,200,d0,ecdf,0.64,-1.1257906292699915,-1.046936823305354,0.23492947767205177,-1.2083599024361953,-1.1821283752857017,-1.0177642838823262,-0.6291094564669235,50
0,200,d0,ecdf,0.65,-1.1189579268185335,-1.0417749453044072,0.2317389862661508,-1.2031112263282089,-1.1742593494152993,-1.0135961838880359,-0.6242242810671278,50
0,200,d0,ecdf,0.66,-1.111379207765343,-1.0356568579779457,0.22926200792590026,-1.1956489124610223,-1.1661440340315725,-1.0088743132948599,-0.6235995453820165,50
0,200,d0,ecdf,0.67,-1.1067163797953636,-1.0304801567068673,0.22556813621910565,-1.188441670928102,-1.159795828036217,-1.0019302979302427,-0.6226223665056565,50
0,200,d0,ecdf,0.68,-1.0991729788355618,-1.0250209389852865,0.22089420394779316,-1.1780560206031925,-1.1524637561832625,-0.9961540103209026,-0.6211724386211259,50
0,200,d0,ecdf,0.6900000000000001,-1.0921058362693152,-1.0191228141784539,0.21616149745375465,-1.1714048950552531,-1.1440346129448478,-0.9895319159145687,-0.6205374882080814,50
0,200,d0,ecdf,0.7000000000000001,-1.084017287799587,-1.0140182660200336,0.21151123279926196,-1.163249055346279,-1.1384570142637231,-0.9827380110452341,-0.6251763525107155,50
0,200,d0,ecdf,0.7100000000000001,-1.07904483415385,-1.0092578783639785,0.20613161212812386,-1.1534896639394012,-1.1309262848556634,-0.9775657648175927,-0.624886999858697,50
0,200,d0,ecdf,0.72,-1.0721521366644424,-1.0039822355020984,0.20264846073987122,-1.1466330065231045,-1.124389429421762,-0.9723634385577794,-0.6244299724924884,50
0,200,d0,ecdf,0.73,-1.0654159615616494,-0.998516045895726,0.19935526745426382,-1.1409724224427817,-1.1160673777502126,-0.9676073423248014,-0.6221098730802712,50
0,200,d0,ecdf,0.74,-1.0570947349962574,-0.9930758360321142,0.19575102366062272,-1.1332869396677134,-1.1079157779612294,-0.9621720363410411,-0.6174849553018995,50
0,200,d0,ecdf,0.75,-1.0503730489566405,-0.9876732761393429,0.19250656053534956,-1.1253286438973098,-1.1022453082274035,-0.9570227393980502,-0.6205211766484858,50
0,200,d0,ecdf,0.76,-1.0429375957204792,-0.982341510721381,0.1894054082772753,-1.1171848547770002,-1.0938593095675473,-0.9529355520815275,-0.6178021561743152,50
0,200,d0,ecdf,0.77,-1.03536617997888,-0.9769889636858586,0.1864375813491492,-1.1105402561141684,-1.0864390218031699,-0.9480185615562453,-0.6196305164441406,50
0,200,d0,ecdf,0.78,-1.0313274078014427,-0.9715262009033678,0.1837980861649613,-1.1035598857647613,-1.0772844000107988,-0.9410568856096886,-0.619999919863047,50
0,200,d0,ecdf,0.79,-1.0262690323058572,-0.9662492536910418,0.18015068911127205,-1.0963811443322036,-1.0709636620875322,-0.9365323551851397,-0.618576362163803,50
0,200,d0,ecdf,0.8,-1.0204888893233897,-0.9609878431249198,0.1771128350064072,-1.0885877532828283,-1.0642404345526044,-0.9316577403748831,-0.6165882981405724,50
0,200,d0,ecdf,0.81,-1.0123427110878755,-0.9561321572824626,0.17351474676941434,-1.0816538765885193,-1.059231722076712,-0.9256786859927735,-0.621168300141836,50
0,200,d0,ecdf,0.8200000000000001,-1.004613891767501,-0.9510715425005062,0.17047836627077326,-1.0754467744378031,-1.052497346454157,-0.9187695070472434,-0.6191699670924062,50
0,200,d0,ecdf,0.8300000000000001,-0.9981178176504746,-0.9461068601980996,0.16695249534243548,-1.0686196818443943,-1.0454977113033241,-0.9164669150637564,-0.6176766920608701,50
0,200,d0,ecdf,0.8400000000000001,-0.9928349140086232,-0.941492513936492,0.16408807143532655,-1.0636232091246591,-1.0388848218244644,-0.9123057569354146,-0.6174922394470249,50
0,200,d0,ecdf,0.85,-0.9879310468509964,-0.9366025262677464,0.16195689699498686,-1.0562845439177972,-1.0329121106639385,-0.9055861445643596,-0.6157698786159187,50
0,200,d0,ecdf,0.86,-0.9817817172373042,-0.9311355065236014,0.1600699281753777,-1.050551627260965,-1.0265379497286096,-0.9012025311248759,-0.6137805616063678,50
0,200,d0,ecdf,0.87,-0.9765496596691576,-0.9261092569259344,0.1577550022620834,-1.043151816640828,-1.019125780891764,-0.8997982280789494,-0.6125501639477138,50
0,200,d0,ecdf,0.88,-0.9706209000629583,-0.9212644101138593,0.1549275146525929,-1.037566926000221,-1.0133690718266362,-0.8957132153708735,-0.6145620394843316,50
0,200,d0,ecdf,0.89,-0.9650650051635702,-0.9157334319858157,0.15320617382359292,-1.032736074799205,-1.0065757232020411,-0.8917105255538144,-0.6126910429029757,50
0,200,d0,ecdf,0.9,-0.9593489805445437,-0.9109682238048675,0.1507833510793999,-1.0263965116337106,-1.0019187149672482,-0.8882133635119609,-0.6149267355645507,50
0,200,d0,ecdf,0.91,-0.9529485533549444,-0.9063929877245781,0.1479875223791078,-1.0185686874271382,-0.995721186085902,-0.8828226031012778,-0.6185276281213786,50
0,200,d0,ecdf,0.92,-0.9474388166353545,-0.901606875004155,0.14639378174226936,-1.012279375046373,-0.9890025079048561,-0.8785139201918475,-0.6159953896524455,50
0,200,d0,ecdf,0.93,-0.9422879175095142,-0.8968963860071882,0.14368498065530774,-1.0051197779272827,-0.9832651337595659,-0.8729031995418912,-0.6149657922624976,50
0,200,d0,ecdf,0.94,-0.9374889718906478,-0.8920609754044807,0.14233358987264724,-0.9985085151680952,-0.9767575913037392,-0.8690460658402208,-0.6123089024705312,50
0,200,d0,ecdf,0.95,-0.9314925956397939,-0.8871822197262228,0.14037684022847385,-0.9915651538303698,-0.9706037356870941,-0.8655460042120106,-0.6118405852990187,50
0,200,d0,ecdf,0.96,-0.9278979439608334,-0.8822753724582513,0.1386027693247232,-0.9860050489500888,-0.9640550081227287,-0.8604730030317191,-0.6112308797450531,50
0,200,d0,ecdf,0.97,-0.9218315662816075,-0.8777654652500311,0.13673125079039544,-0.9803023632613939,-0.9589588258379299,-0.8563071943605537,-0.6073269498386161,50
0,200,d0,ecdf,0.98,-0.9178897773486923,-0.872980137760009,0.13577592351096904,-0.9738768609131723,-0.9529722947483097,-0.8528949452552718,-0.60210972424846,50
0,200,d0,ecdf,0.99,-0.9145262019596764,-0.8685177188877906,0.13364399877908295,-0.9688586377988524,-0.9465933036439498,-0.849685645436016,-0.5992120899347106,50
0,200,d0,ecdf,1,-0.908474359201615,-0.8639161877917428,0.13209620941078584,-0.9625281874325459,-0.9411593264599816,-0.845873186863334,-0.5975859095648905,50
0,200,d0,logspline,0.01,-1.5855176735776773,-1.1966641184720828,1.0794526713158579,-1.8455044288542495,-1.7279099028856968,-1.1431013873333236,0.49087435628528275,50
0,200,d0,logspline,0.02,-1.578890426464214,-1.1980707888436102,1.061025046235809,-1.8334624206528374,-1.717817255478548,-1.1452754324704641,0.4554358923222924,50
0,200,d0,logspline,0.03,-1.5722841702926504,-1.1997664922784785,1.0432210577182992,-1.8214744015810227,-1.7078309832282514,-1.1474198924607948,0.4195769413463226,50
0,200,d0,logspline,0.04,-1.5667205994531406,-1.2016616560047575,1.0260437987544846,-1.8095403641940124,-1.697883655639907,-1.149510355396106,0.38329807746101474,50
0,200,d0,logspline,0.05,-1.5639957701219669,-1.20355884720418,1.00935846709067,-1.7976602980719372,-1.6879752674989867,-1.1774346775049902,0.34660010214632087,50
0,200,d0,logspline,0.06,-1.561211830951418,-1.2051986106991182,0.9929345323086326,-1.7858341898226855,-1.6781058121027672,-1.1935239422456378,0.30948404201093316,50
0,200,d0,logspline,0.06999999999999999,-1.558355318512963,-1.206465609086572,0.9765782280500647,-1.7740620230855475,-1.6682752812615897,-1.2079919794105423,0.27195114592744773,50
0,200,d0,logspline,0.08,-1.5554122779497228,-1.2073846287037182,0.9601798116461692,-1.7623437785356681,-1.658483665300382,-1.2121571599193801,0.23400289816887215,50
0,200,d0,logspline,0.09,-1.5523658145286137,-1.2080333277612818,0.9436928131924287,-1.7506794338892981,-1.648730953060474,-1.2130786790649806,0.19564945064511827,50
0,200,d0,logspline,0.1,-1.5494733356445143,-1.2084764898976075,0.927103573606083,-1.7390689639098436,-1.6390171319016733,-1.2137988310045469,0.15694831069652465,50
0,200,d0,logspline,0.11,-1.5467226785330728,-1.2087535470777444,0.9104120970961302,-1.7275123404147168,-1.6297423202933987,-1.214295907402573,0.11800926371057452,50
0,200,d0,logspline,0.12,-1.5441486850891748,-1.2088898490191498,0.8936250957266272,-1.7160095322829734,-1.6212916280795067,-1.2145561336451063,0.07897856358200094,50
0,200,d0,logspline,0.13,-1.5387162097616938,-1.2089024838884097,0.8767528419279785,-1.7055750312081306,-1.6132426683564245,-1.2145719242135813,0.04002878207541734,50
0,200,d0,logspline,0.14,-1.5319911991980535,-1.2088033321448726,0.8598072779821219,-1.694247821861052,-1.6067765015549913,-1.2143397515359586,0.0013517894246368768,50
0,200,d0,logspline,0.15000000000000002,-1.5253877594977001,-1.2086002081918583,0.8428002954029526,-1.6826460365827889,-1.5991788742932802,-1.2138588531822783,-0.03684987095528273,50
0,200,d0,logspline,0.16,-1.5187189046406928,-1.2082971455369753,0.825740778707616,-1.6721549337106274,-1.5900933225709326,-1.2131304154277918,-0.0743985039562767,50
0,200,d0,logspline,0.17,-1.5099425903089416,-1.207895819502131,0.8086333618291178,-1.661244775276143,-1.5810456879024037,-1.212157037585309,-0.11116584877903815,50
0,200,d0,logspline,0.18000000000000002,-1.5016428766492897,-1.2073961569807208,0.7914794652881558,-1.6488304090566177,-1.5720360900288608,-1.2109423683293834,-0.14706339230690169,50
0,200,d0,logspline,0.19,-1.4944455767239115,-1.2067962593783923,0.7742802868412819,-1.6369934785732725,-1.5630646434152946,-1.2094908509836566,-0.1820119345948895,50
0,200,d0,logspline,0.2,-1.4871678527755425,-1.2060900314074245,0.7570420613765855,-1.625919723530761,-1.5541314591162108,-1.2078075399291883,-0.2158877763459166,50
0,200,d0,logspline,0.21,-1.481429013968909,-1.2052669040994886,0.7397764055007869,-1.614899373182525,-1.5456713019910695,-1.2058979646955665,-0.24851759153781577,50
0,200,d0,logspline,0.22,-1.4748992999063222,-1.204312709238252,0.7224997207335608,-1.6039323676144033,-1.537533015017656,-1.2037680268137159,-0.2796889696618901,50
0,200,d0,logspline,0.23,-1.4670529116557711,-1.20320997578556,0.7052350290541556,-1.5930186441084853,-1.5293845272813837,-1.2014239196962306,-0.30916379363378177,50
0,200,d0,logspline,0.24,-1.4580261730357025,-1.2019414411842413,0.6880086378249359,-1.582158137159753,-1.5215075597916516,-1.198872065054028,-0.336734025886717,50
0,200,d0,logspline,0.25,-1.447700077187931,-1.2004959235889399,0.670843647924321,-1.5713507793681576,-1.5143580957927951,-1.1961190614339716,-0.3622884750642591,50
0,200,d0,logspline,0.26,-1.437470880526341,-1.1988685288750291,0.653759992747002,-1.560596575635946,-1.5071108144584344,-1.1931716418193614,-0.3858040865035434,50
0,200,d0,logspline,0.27,-1.427338863556788,-1.1970593487177001,0.6367758461959376,-1.5498958152341373,-1.4997698491937532,-1.1900366381398064,-0.40732584117290316,50
0,200,d0,logspline,0.28,-1.4173042683281554,-1.1950722231030775,0.6199085182285256,-1.539249085373803,-1.4923394843358118,-1.186720951150491,-0.4269497255231314,50
0,200,d0,logspline,0.29000000000000004,-1.407380231970095,-1.1929137237567056,0.6031748378733709,-1.5286572058677574,-1.4844621196359817,-1.183231524563623,-0.4448089199395432,50
0,200,d0,logspline,0.3,-1.3982025054762786,-1.1905923054522365,0.5865895206952094,-1.5181211761666948,-1.4749205349518142,-1.1795753226104013,-0.4610572144172724,50
0,200,d0,logspline,0.31,-1.3893539414886966,-1.188117083456918,0.5701636255589363,-1.5076421331484853,-1.4654237878046275,-1.1757593104212607,-0.4758409879040889,50
0,200,d0,logspline,0.32,-1.3812662173856194,-1.18549706571097,0.5539054864008197,-1.497221314525346,-1.4559718482509056,-1.1717904367623129,-0.48929140307169683,50
0,200,d0,logspline,0.33,-1.3731666983166253,-1.1827410002228895,0.5378214863829142,-1.4866374052076967,-1.4465646834094432,-1.167675618774832,-0.5015268983683796,50
0,200,d0,logspline,0.34,-1.3650524668124777,-1.1798572502085047,0.5219167200563454,-1.4747489278455335,-1.4372022574921437,-1.1634217284444304,-0.5126552804986134,50
0,200,d0,logspline,0.35000000000000003,-1.3569276116828988,-1.176854125585264,0.5061951572284223,-1.4629212901443398,-1.427884531835329,-1.159035580585595,-0.522775355235229,50
0,200,d0,logspline,0.36000000000000004,-1.3487960563121355,-1.173739158733325,0.49066472518647647,-1.4511824917297012,-1.418647428605151,-1.1545239221713295,-0.5319782194729742,50
0,200,d0,logspline,0.37,-1.3406615681513157,-1.170515995026871,0.4753526154956467,-1.4395552092554982,-1.4091002074189016,-1.1498934228707514,-0.5403483027359591,50
0,200,d0,logspline,0.38,-1.332527766892745,-1.1671838506000705,0.4603073136437966,-1.428271508763531,-1.3995987083201582,-1.1451506666826696,-0.5479640794559524,50
0,200,d0,logspline,0.39,-1.3243981316075308,-1.163738190728888,0.44559431289923457,-1.417535328677602,-1.3901428587049645,-1.1403021445722994,-0.5548968637349516,50
0,200,d0,logspline,0.4,-1.3162760070687711,-1.1601716652198413,0.431290832637052,-1.4081521243230757,-1.3807326229554917,-1.1353542480330838,-0.5612095490941886,50
0,200,d0,logspline,0.41,-1.3081646094364674,-1.156476704772412,0.41747082980217376,-1.39881401152372,-1.3713680131444672,-1.1303132635069937,-0.5669576007490519,50
0,200,d0,logspline,0.42,-1.3000670314442155,-1.1526486528184445,0.4041883992769016,-1.3899284824255942,-1.3620490814817567,-1.125185367605613,-0.572190128361858,50
0,200,d0,logspline,0.43,-1.2919862471992627,-1.148685745712331,0.3914781133042879,-1.3811182946702298,-1.3535812058944579,-1.1199766230813468,-0.5769507768972525,50
0,200,d0,logspline,0.44,-1.2836475354804617,-1.1445885140874736,0.3793581877514781,-1.3723776105874277,-1.345902634974583,-1.1146929755036603,-0.5812784707801166,50
0,200,d0,logspline,0.45,-1.2745154656873328,-1.1403595143803864,0.3678334617047841,-1.3636872430915439,-1.3382101965865048,-1.1093402505997396,-0.5852080389459298,50
0,200,d0,logspline,0.46,-1.265438373735364,-1.1360032485695293,0.3568980677862502,-1.3550471195856904,-1.3305066734796744,-1.1039241522226058,-0.5887707425680773,50
0,200,d0,logspline,0.47,-1.2564253337322715,-1.1315257135006371,0.3465379768988091,-1.346457144382093,-1.3222988640647775,-1.0984502609127222,-0.5919947227865456,50
0,200,d0,logspline,0.48,-1.2474839306293664,-1.1269339053868994,0.33673338273109926,-1.337917201440568,-1.312370154891783,-1.0929240330216505,-0.5949053823086075,50
0,200,d0,logspline,0.49,-1.2386838736749608,-1.1222355780814324,0.3274605194119673,-1.3294271567655844,-1.3026962221916996,-1.0873508003684893,-0.5975257120574249,50
0,200,d0,logspline,0.5,-1.2307835459909298,-1.117438916518794,0.31869297101227956,-1.3209868605099566,-1.293190822293539,-1.0817357704017119,-0.5998765719272279,50
0,200,d0,logspline,0.51,-1.2229142013772538,-1.1125522055500208,0.3104027417585166,-1.312596148825645,-1.2840296302880805,-1.0760840268407357,-0.6019769330291164,50
0,200,d0,logspline,0.52,-1.215078643304608,-1.1075845744018034,0.3025616930418577,-1.304254845495898,-1.2757157421463459,-1.0704005307731195,-0.6038440874786742,50
0,200,d0,logspline,0.53,-1.2072795312776796,-1.1025468091539763,0.2951427975090291,-1.295962763377772,-1.2674782006056657,-1.0646901221847687,-0.6054938307094355,50
0,200,d0,logspline,0.54,-1.1995193910506035,-1.0974514032196796,0.2881207265500091,-1.2877197056797574,-1.259314996451107,-1.0589575219019445,-0.6069406204370268,50
0,200,d0,logspline,0.55,-1.191800624147449,-1.0923129440277106,0.28147257285082294,-1.2795254670956138,-1.2512242474313076,-1.0532073339252879,-0.6081977157033026,50
0,200,d0,logspline,0.56,-1.1841255167864546,-1.0871492417599546,0.27517911261099265,-1.2713798348125156,-1.2432041878212865,-1.0478737033419763,-0.6092772988639434,50
0,200,d0,logspline,0.5700000000000001,-1.1764962482926076,-1.0819829392604647,0.26922670261335563,-1.2632825894090347,-1.2352531589860498,-1.0437550118765615,-0.61019058292041,50
0,200,d0,logspline,0.5800000000000001,-1.1685897040445725,-1.0767966269240894,0.2635754795664697,-1.255233505656352,-1.2273696008350798,-1.0387850198969644,-0.6109479062172244,50
0,200,d0,logspline,0.59,-1.1604871982120608,-1.0714894570213531,0.2581225673217374,-1.2472323532342746,-1.2195520440714473,-1.0333670582977597,-0.611558816212191,50
0,200,d0,logspline,0.6,-1.1524737173556776,-1.0661161325136155,0.2528802817829833,-1.2392788973720612,-1.211799103151026,-1.0279442859597092,-0.6120321437675635,50
0,200,d0,logspline,0.61,-1.1445488137474717,-1.0607228432871294,0.24785839830471565,-1.231372899422775,-1.2041094698774626,-1.0225175762604424,-0.612376069194293,50
0,200,d0,logspline,0.62,-1.1367121201500137,-1.0553162018098392,0.24304007370113612,-1.2235141173787278,-1.196481907567328,-1.0170877889085614,-0.6125981811012371,50
0,200,d0,logspline,0.63,-1.1289633448188474,-1.0499006056893048,0.2384094490834335,-1.2157023063346322,-1.1881097160377865,-1.0116560116452655,-0.612705528950201,50
0,200,d0,logspline,0.64,-1.1213022673891329,-1.0444797786935514,0.23395234771988724,-1.2079372189042443,-1.1797632692433564,-1.0062259809353138,-0.6127046700906689,50
0,200,d0,logspline,0.65,-1.1137287355721317,-1.0390568382378937,0.22965594112391413,-1.2002186055955595,-1.1715369285580126,-1.0008060709939626,-0.6126017119409353,50
0,200,d0,logspline,0.66,-1.1062426625218098,-1.0336343608906648,0.22550856309725104,-1.1925462151490183,-1.1634295517338584,-0.9954072275045077,-0.6124023498916509,50
0,200,d0,logspline,0.67,-1.0988439874625755,-1.0282143891248925,0.2214996166265646,-1.1849197948426453,-1.1555164711318637,-0.9900376067634585,-0.6121119014307672,50
0,200,d0,logspline,0.68,-1.0915324812067753,-1.0227989762687526,0.2176198022636111,-1.177433330938186,-1.1477655315462838,-0.9847012393255146,-0.6117353369232714,50
0,200,d0,logspline,0.6900000000000001,-1.0846151194307696,-1.0173907179920716,0.2138613147477206,-1.170313231096294,-1.1401121582324905,-0.9793986846379485,-0.6112773074230813,50
0,200,d0,logspline,0.7000000000000001,-1.0778169076539796,-1.0119924558987203,0.210217459833882,-1.1625921208709715,-1.1325534675991882,-0.9741292437626854,-0.6107421698464697,50
0,200,d0,logspline,0.7100000000000001,-1.0710924291172161,-1.0066067801153824,0.20668217194897717,-1.1549636964371406,-1.1250867089862786,-0.9688922268054738,-0.6101340097951635,50
0,200,d0,logspline,0.72,-1.0644399832468325,-1.0012359842271248,0.2032498834652872,-1.1475960465384625,-1.1177092616241904,-0.963687003227206,-0.6094566622817993,50
0,200,d0,logspline,0.73,-1.0578579305076303,-0.9958821046569125,0.19991546957352327,-1.1402744932463933,-1.110418626744324,-0.9585129970015854,-0.608713730579737,50
0,200,d0,logspline,0.74,-1.0513446889026912,-0.9905469095957358,0.19667418223645805,-1.1329987454192754,-1.103212420264048,-0.9533696821670798,-0.6079086033927612,50
0,200,d0,logspline,0.75,-1.0448987307258695,-0.9852318609810623,0.19352158154645285,-1.1257685122821832,-1.096088365997688,-0.9482565787394164,-0.6070444705171745,50
0,200,d0,logspline,0.76,-1.0385185795457474,-0.9799381617010223,0.1904535112549861,-1.1185835035750162,-1.089044289349634,-0.9436282363236383,-0.6061243371488094,50
0,200,d0,logspline,0.77,-1.0322028074018779,-0.9746668374413997,0.1874660949138239,-1.111477725079803,-1.0820781114498148,-0.9404389917535054,-0.6051510369700681,50
0,200,d0,logspline,0.78,-1.02611472833081,-0.9694187681453673,0.18455571481110652,-1.1046520944727147,-1.0751878436955524,-0.9371533125329636,-0.6041272441368829,50
0,200,d0,logspline,0.79,-1.020148264676676,-0.9641947064090374,0.18171898901334846,-1.0978736267256866,-1.068371582667081,-0.9337760366195158,-0.6030554842721967,50
0,200,d0,logspline,0.8,-1.0138344682243488,-0.9589952900141377,0.1789527499274624,-1.0911422883540511,-1.0616275053870559,-0.9303118941280356,-0.6019381445608887,50
0,200,d0,logspline,0.81,-1.007568841082324,-0.9538210511694706,0.17625402473509183,-1.0843857536860644,-1.0550559070024135,-0.9267655072827761,-0.6007774830308361,50
0,200,d0,logspline,0.8200000000000001,-1.0013511266511055,-0.9486724249395302,0.17362001821513215,-1.0773905329358953,-1.048638979682321,-0.923141390572892,-0.5995756370957713,50
0,200,d0,logspline,0.8300000000000001,-0.9951810620954864,-0.9435497691094572,0.17104810488803968,-1.0704504351899462,-1.042272479468475,-0.91944395110237,-0.5983346314276702,50
0,200,d0,logspline,0.8400000000000001,-0.9890583790202202,-0.9384533931271021,0.16853582835097156,-1.0635711659302465,-1.0359689010722217,-0.9156774891253469,-0.5970563852193583,50
0,200,d0,logspline,0.85,-0.9829828040887497,-0.9333835671356601,0.16608088968552723,-1.0568157351592213,-1.0296041436625873,-0.9118461987579614,-0.5957427188918377,50
0,200,d0,logspline,0.86,-0.9769540595900406,-0.9283405279776891,0.1636811343656411,-1.0501138066221307,-1.0229441451348358,-0.9079541688579956,-0.5943953602953143,50
0,200,d0,logspline,0.87,-0.9712446199573515,-0.9233244832631087,0.16133454043370885,-1.0434654622023172,-1.0167548767335717,-0.9040053840637514,-0.5930159504480325,50
0,200,d0,logspline,0.88,-0.9657383284953271,-0.918335613681666,0.1590392074520567,-1.036870747105375,-1.0107445897214533,-0.9000037259837775,-0.5916060488526761,50
0,200,d0,logspline,0.89,-0.9602622522646289,-0.9133740750818864,0.1567933465456268,-1.0303296585776955,-1.004780665402058,-0.8959529745292644,-0.5901671384262281,50
0,200,d0,logspline,0.9,-0.9548164699125767,-0.9084399981480664,0.15459527032126158,-1.0238421485141243,-0.9989154215797245,-0.891856809381152,-0.5887006300757323,50
0,200,d0,logspline,0.91,-0.9494010490986051,-0.903533472666,0.15244337436107144,-1.0174081270916573,-0.9930989160229935,-0.8876547512223565,-0.5872078669493246,50
0,200,d0,logspline,0.92,-0.9440160469779468,-0.8986545488436707,0.15033613122627312,-1.0110274660954293,-0.9872925158046058,-0.8833373459202418,-0.5856901283891416,50
0,200,d0,logspline,0.93,-0.9386615082959844,-0.8938033128081103,0.14827213501855296,-1.0047000019644208,-0.9813482841926436,-0.8789996293195829,-0.5841486336102515,50
0,200,d0,logspline,0.94,-0.9333374633171561,-0.8889799190738246,0.1462501147370471,-0.9984255385817113,-0.97510037557774,-0.8746440958968447,-0.5825845451275405,50
0,200,d0,logspline,0.95,-0.9280439284786404,-0.88418451515051,0.14426887250221654,-0.9922038498317362,-0.9689247589738686,-0.8697638692133676,-0.5809989719504969,50
0,200,d0,logspline,0.96,-0.9227809073069324,-0.8794172010917425,0.14232724877850608,-0.9860664054353205,-0.9629402896108951,-0.8648121834328643,-0.5793929725640594,50
0,200,d0,logspline,0.97,-0.9175483912729547,-0.874678031994824,0.14042411939806254,-0.9801421336477014,-0.9574179533719192,-0.8597996384561606,-0.5777675577120733,50
0,200,d0,logspline,0.98,-0.9123463605902703,-0.8699670214934602,0.13855839377949186,-0.9742677529741837,-0.9519394800663326,-0.8547378809357846,-0.5761236929984648,50
0,200,d0,logspline,0.99,-0.9071747849605714,-0.8652841445967695,0.13672901306879914,-0.9684426111489266,-0.9465041243746366,-0.8497186236777168,-0.5744623013199213,50
0,200,d0,logspline,1,-0.902033624270297,-0.8606293400434659,0.13493494826403243,-0.9626605604041389,-0.94111116547888,-0.844741358067507,-0.5727842651426999,50
0,200,d1,ecdf,0.01,Inf,Inf,NA,-3.50811083811207,-2.814963657552124,Inf,Inf,14
0,200,d1,ecdf,0.02,-1.4287112307987762,Inf,NA,-2.8150055919186667,-2.1218584113587213,Inf,Inf,34
0,200,d1,ecdf,0.03,-1.7164631910702963,Inf,NA,-2.5637610514575004,-2.2272888148362875,-1.3109980829621322,Inf,42
0,200,d1,ecdf,0.04,-1.834344063813381,Inf,NA,-2.4404798673836963,-2.122026136265162,-1.1411968832534356,Inf,44
0,200,d1,ecdf,0.05,-1.7347563319588981,Inf,NA,-2.3089228680096165,-1.97049100029816,-1.0840839105978024,Inf,44
0,200,d1,ecdf,0.06,-1.6298291480304263,Inf,NA,-2.30204232155467,-2.004522597471837,-1.2406726313575958,Inf,47
0,200,d1,ecdf,0.06999999999999999,-1.726715191766519,Inf,NA,-2.21965102462285,-2.003226608068113,-1.1929592540676848,1.0761858413814798,48
0,200,d1,ecdf,0.08,-1.7702292668533328,Inf,NA,-2.1396212472760414,-1.9433627162182177,-1.2576855005813052,1.3430390677903998,49
0,200,d1,ecdf,0.09,-1.7713824930766133,Inf,NA,-2.1352043897000823,-1.947992847611936,-1.2236668041496515,1.2664514457522482,49
0,200,d1,ecdf,0.1,-1.7076842042986426,Inf,NA,-2.102996940942789,-1.9488462611155308,-1.2307364613372347,1.4769071259158604,49
0,200,d1,ecdf,0.11,-1.7820496232536016,Inf,NA,-2.1317233717333504,-1.9126698056706657,-1.2680575037549908,0.7510812711685488,49
0,200,d1,ecdf,0.12,-1.7886825092259397,Inf,NA,-2.1098277106143786,-1.9075908441194829,-1.188125173701085,0.4613695534355562,49
0,200,d1,ecdf,0.13,-1.798150808321853,Inf,NA,-2.079073013886237,-1.921517839285516,-1.212521483949173,0.0679518559295017,49
0,200,d1,ecdf,0.14,-1.7808729957969107,Inf,NA,-2.03435380753471,-1.880109523935447,-1.2591685770726742,0.039778865521981385,49
0,200,d1,ecdf,0.15000000000000002,-1.7520815011101827,Inf,NA,-2.0026384395875225,-1.896182361100757,-1.3359668809530811,-0.0720950265178936,49
0,200,d1,ecdf,0.16,-1.7504246399894672,Inf,NA,-2.042882249721425,-1.878516342685672,-1.265890036918005,-0.1880481641653696,49
0,200,d1,ecdf,0.17,-1.742600614934409,-1.4301004873654815,0.8483966795377704,-2.0113756755760592,-1.8598246929641828,-1.3092667276618248,-0.26360269704701966,50
0,200,d1,ecdf,0.18000000000000002,-1.7300336725903658,-1.4413474186261017,0.8435707850950708,-1.9996705246375508,-1.8549443115191397,-1.3190179065291419,-0.2861495124022601,50
0,200,d1,ecdf,0.19,-1.735129918370349,-1.4524926833450555,0.778253967326368,-1.9850774444155852,-1.8528678321146033,-1.3665954533475424,-0.29436017598142483,50
0,200,d1,ecdf,0.2,-1.7379757438875096,-1.4555227909881823,0.7376681575429146,-1.9802943959921797,-1.8279267658841696,-1.4036190710958916,-0.3220823636151138,50
0,200,d1,ecdf,0.21,-1.7258782028596615,-1.4512007370931095,0.7181495699409043,-1.9785378813583123,-1.8134601375726989,-1.3907332438218551,-0.381330901196089,50
0,200,d1,ecdf,0.22,-1.7210184161112287,-1.4527195637124186,0.688014470397874,-1.9523295512352594,-1.8100980461649177,-1.37569839886046,-0.38787239324472134,50
0,200,d1,ecdf,0.23,-1.6959154068060558,-1.4402827684210275,0.68906983069088,-1.9291552180531262,-1.7811045212172394,-1.3895945919762556,-0.39305104124570905,50
0,200,d1,ecdf,0.24,-1.692602763665172,-1.4400219972687973,0.6669819614730916,-1.900592546252956,-1.778841951330358,-1.3718223614595737,-0.4619393559832007,50
0,200,d1,ecdf,0.25,-1.6916937162747552,-1.4358028067200033,0.6527825803764251,-1.867344966082956,-1.7623244324554224,-1.406476771503917,-0.44230589644889257,50
0,200,d1,ecdf,0.26,-1.662396489377861,-1.4298534845726714,0.6336870253549567,-1.849437830462248,-1.765623034303366,-1.415630337818393,-0.4922463118879318,50
0,200,d1,ecdf,0.27,-1.656171832056895,-1.4201702954019546,0.626326561336295,-1.833884556713155,-1.7346875342247776,-1.4319263549458765,-0.49702821261824937,50
0,200,d1,ecdf,0.28,-1.6400083201126803,-1.4177546755744246,0.5966980750802535,-1.8177924322646137,-1.7259553565271564,-1.413689676362126,-0.536565386936038,50
0,200,d1,ecdf,0.29000000000000004,-1.6175177368683042,-1.4128631805745928,0.5778696228752176,-1.796175051374211,-1.7079251475834665,-1.39655531743215,-0.5618421770554127,50
0,200,d1,ecdf,0.3,-1.6085473522301674,-1.4076357594854836,0.5586368220606591,-1.782559282148196,-1.7026346898454974,-1.3659607753788818,-0.5916953732106488,50
0,200,d1,ecdf,0.31,-1.5879591377434465,-1.4050692840154488,0.5346650366781611,-1.770427022255301,-1.6814665215807223,-1.3536980097829994,-0.5983616986163295,50
0,200,d1,ecdf,0.32,-1.5795952775264033,-1.3935196673059906,0.5325388309000855,-1.7470438692953878,-1.665257611890069,-1.3343195721754069,-0.5859350831929585,50
0,200,d1,ecdf,0.33,-1.5752574810887063,-1.3866640293853132,0.5157708969942454,-1.7259528345923745,-1.6474459387434246,-1.3463659063499187,-0.6133589514979594,50
0,200,d1,ecdf,0.34,-1.5636469567775495,-1.383684934989669,0.5009151857122729,-1.7137044169544482,-1.6383680696530223,-1.3502568532684036,-0.6260116297488112,50
0,200,d1,ecdf,0.35000000000000003,-1.5575182254105961,-1.3760913110099922,0.48351677661674874,-1.698356564461182,-1.6204846901858665,-1.3221864696245282,-0.6337562161824926,50
0,200,d1,ecdf,0.36000000000000004,-1.5436434303097857,-1.3668502783321346,0.4776254345317539,-1.686309677506604,-1.6191447509336874,-1.2953740147530899,-0.6495181933917566,50
0,200,d1,ecdf,0.37,-1.535037741178526,-1.3624235560609563,0.4624053263622368,-1.6786819965683295,-1.601082049539216,-1.2854021089052952,-0.6534226839769397,50
0,200,d1,ecdf,0.38,-1.5169088449951584,-1.3576467905016527,0.4421300631333095,-1.6680644508474045,-1.593498685294231,-1.2891651170959888,-0.6897166957660626,50
0,200,d1,ecdf,0.39,-1.5165047438850767,-1.353865366405369,0.41790878119883323,-1.654907779555789,-1.5703845420577431,-1.286806637803338,-0.7123697591045699,50
0,200,d1,ecdf,0.4,-1.5008231057181338,-1.3453097729998906,0.4073682270020671,-1.6448628089561448,-1.5596907217096967,-1.2888297174439636,-0.7267087384896094,50
0,200,d1,ecdf,0.41,-1.4898958011286862,-1.339927558625827,0.3977095925263199,-1.6435964544515975,-1.5509856468460534,-1.2774690007254113,-0.7188684719076701,50
0,200,d1,ecdf,0.42,-1.4710144159437184,-1.332452702490635,0.3832334882421179,-1.6215884962414657,-1.5373182629861133,-1.273360602164407,-0.7264507925766429,50
0,200,d1,ecdf,0.43,-1.460197020441266,-1.324586435232873,0.3685680163409051,-1.5980763130017233,-1.5282480659645294,-1.268009495619514,-0.7198954886824767,50
0,200,d1,ecdf,0.44,-1.4408818025741637,-1.3137536946430852,0.35741828342617066,-1.575168146109543,-1.5107087366272585,-1.2629146022672115,-0.7070961054056252,50
0,200,d1,ecdf,0.45,-1.426092421922186,-1.306075613122325,0.34939309508647953,-1.5557977672827648,-1.5015478081045586,-1.255376000468773,-0.7047777636622601,50
0,200,d1,ecdf,0.46,-1.4154399177656585,-1.297040623289297,0.3371726930436619,-1.5375421035923063,-1.481741015644072,-1.263981314289732,-0.7146523552592604,50
0,200,d1,ecdf,0.47,-1.4057296622477478,-1.2903719862540595,0.3256478076552588,-1.5340886289255242,-1.4708985824722687,-1.2566347505408586,-0.7133415137040107,50
0,200,d1,ecdf,0.48,-1.3996545379648797,-1.2840979227438443,0.31758595284242286,-1.5130807153378167,-1.4548375719062374,-1.2661127610170473,-0.7250999264271378,50
0,200,d1,ecdf,0.49,-1.3888272098339,-1.275368057394207,0.31025248328053184,-1.5032629339583603,-1.4433227784758593,-1.2634610017239152,-0.7292618079050035,50
0,200,d1,ecdf,0.5,-1.3753865660933104,-1.2683003131295092,0.30122020528551813,-1.4920203863328496,-1.429405684743582,-1.239974503603348,-0.734713959745783,50
0,200,d1,ecdf,0.51,-1.3638821794203435,-1.2599165750841343,0.2930269885275686,-1.4804130330377174,-1.4156982512519347,-1.233629451734424,-0.7312936441723732,50
0,200,d1,ecdf,0.52,-1.3458255374473578,-1.2493496063299288,0.28666526939812914,-1.4667638200282207,-1.4041688968215336,-1.224895458827143,-0.7263692220996156,50
0,200,d1,ecdf,0.53,-1.3306302583066723,-1.2419919689313694,0.27626150417838286,-1.4592289688885116,-1.3927504778168667,-1.2196851986447013,-0.7358567611270084,50
0,200,d1,ecdf,0.54,-1.3180435943090485,-1.233533688863985,0.269497193018264,-1.443971465863366,-1.37994604559246,-1.2151587624553863,-0.7290703720327318,50
0,200,d1,ecdf,0.55,-1.3080660892197478,-1.2239031385598773,0.26485222066304936,-1.430383535973311,-1.369895420014577,-1.2087614676712204,-0.7271766701785145,50
0,200,d1,ecdf,0.56,-1.3049374196921026,-1.2161806615892092,0.25870448347264613,-1.4177627537589093,-1.3567016822269056,-1.202159573366991,-0.741188812311906,50
0,200,d1,ecdf,0.5700000000000001,-1.292677787301221,-1.2086216940334653,0.25239245509558156,-1.4056729506334742,-1.3430217092044956,-1.1947006009439212,-0.7374651673370245,50
0,200,d1,ecdf,0.5800000000000001,-1.2806082229604463,-1.1993344978989542,0.24719086565134413,-1.3964605032499637,-1.3343839856343496,-1.1859987763554811,-0.7296120263523785,50
0,200,d1,ecdf,0.59,-1.2708130911500999,-1.1897599982436429,0.24191591870929274,-1.377900734691467,-1.3220953725379008,-1.1631537912381873,-0.7405486555700256,50
0,200,d1,ecdf,0.6,-1.2577214726895152,-1.1844757444743974,0.2336337478782436,-1.374643104408517,-1.3113155491980646,-1.1712791641797788,-0.7438887201258402,50
0,200,d1,ecdf,0.61,-1.2495672009370522,-1.1757247447631773,0.22783840282113424,-1.3608649690586865,-1.3019601109853673,-1.163388286747693,-0.746602573735487,50
0,200,d1,ecdf,0.62,-1.241446165149728,-1.1665208764845234,0.22324554110280667,-1.347695635924449,-1.2911180552059522,-1.154407713006423,-0.746584434009001,50
0,200,d1,ecdf,0.63,-1.2255723538052226,-1.1566124662642776,0.21842243967670463,-1.3314340168028225,-1.279502602741228,-1.1469300374570224,-0.7367755267557363,50
0,200,d1,ecdf,0.64,-1.2164286234256645,-1.1486580155893338,0.21231070014009157,-1.3203472235568334,-1.271098425701174,-1.1411858021114767,-0.7388682072074687,50
0,200,d1,ecdf,0.65,-1.2061200473711415,-1.1405015395102311,0.20807331810901256,-1.3051890056760445,-1.2618746269572276,-1.1360487505179204,-0.7360053300697844,50
0,200,d1,ecdf,0.66,-1.197813401389459,-1.132476751103941,0.2053256322056682,-1.2999639320708518,-1.2498350854107516,-1.1265813093196306,-0.7353607053605729,50
0,200,d1,ecdf,0.67,-1.1883663246464915,-1.1235990314293884,0.2001534026370556,-1.2904449094990853,-1.2380135529800445,-1.1181909435296284,-0.7297645511606032,50
0,200,d1,ecdf,0.68,-1.1778540558489303,-1.116357849131318,0.19513021339898834,-1.2810487619123538,-1.2221598224211725,-1.1063925643927603,-0.7274303720363626,50
0,200,d1,ecdf,0.6900000000000001,-1.1704200404114076,-1.1080129017695088,0.19186908467300146,-1.272044697937768,-1.211640711758601,-1.096985142734826,-0.7234840041701665,50
0,200,d1,ecdf,0.7000000000000001,-1.1607613808924118,-1.098802073564951,0.1874754144000602,-1.2632835804364007,-1.2004648293124558,-1.084935653539685,-0.7201259757001256,50
0,200,d1,ecdf,0.7100000000000001,-1.1450338470845542,-1.0909639378828346,0.18226975368935455,-1.2533021927753232,-1.190016553216996,-1.0752267853297315,-0.7265763096005893,50
0,200,d1,ecdf,0.72,-1.1351992956201036,-1.0832113715448983,0.17671885370679524,-1.241762282812945,-1.1834465447764178,-1.0554794102509477,-0.724178730675277,50
0,200,d1,ecdf,0.73,-1.1255093150610609,-1.0741003164620344,0.175478413918189,-1.2281045225366654,-1.1766535920821957,-1.04296068653318,-0.716775062250237,50
0,200,d1,ecdf,0.74,-1.1170482874955963,-1.0661855878098216,0.17282112918114453,-1.221315430213528,-1.16326202932305,-1.041461735258903,-0.7178808998195263,50
0,200,d1,ecdf,0.75,-1.110291408703887,-1.0588413301144644,0.16886863548693518,-1.209044295642291,-1.1549244513053623,-1.030686541133768,-0.7108460909953058,50
0,200,d1,ecdf,0.76,-1.09890325598305,-1.0507996596232783,0.16430376074354697,-1.1972379339354826,-1.1452014196075364,-1.0243130548942028,-0.7142840987695624,50
0,200,d1,ecdf,0.77,-1.0897705979889092,-1.0416685632948317,0.1614452194996384,-1.1812434508706953,-1.131221363589971,-1.0155038434916348,-0.7139969891577285,50
0,200,d1,ecdf,0.78,-1.080270146967706,-1.0337303656726227,0.15767783280481673,-1.174015875503129,-1.1206675190865478,-1.0136051008093743,-0.7142048447643305,50
0,200,d1,ecdf,0.79,-1.0704239282340335,-1.025552481005455,0.15462356259689716,-1.1612753392698765,-1.1117245734729668,-1.0030823602060615,-0.7087879044210212,50
0,200,d1,ecdf,0.8,-1.061722840623264,-1.0187143558693723,0.15043987309340237,-1.147508843067949,-1.103627483436199,-0.9972116119599885,-0.7097891836225276,50
0,200,d1,ecdf,0.81,-1.0555763630427455,-1.0113464815169233,0.1485892224418984,-1.1409860835982701,-1.0961051183859007,-0.98931993908713,-0.7050751722361095,50
0,200,d1,ecdf,0.8200000000000001,-1.0485347035157586,-1.004315079148011,0.14595881119522727,-1.1270291746621868,-1.0866281818655643,-0.981277471745399,-0.7050129854521608,50
0,200,d1,ecdf,0.8300000000000001,-1.0373491327290174,-0.9963134342949652,0.14292224383250915,-1.1179862381039944,-1.074356574997699,-0.9771312208696917,-0.7028802170626611,50
0,200,d1,ecdf,0.8400000000000001,-1.0263580290876704,-0.9878781728680734,0.14120516555906945,-1.1092579227203958,-1.0645444603729248,-0.9685348220115513,-0.694331428142992,50
0,200,d1,ecdf,0.85,-1.0238274228221682,-0.9806312366822736,0.13944624250354445,-1.1000345530234374,-1.0551242839044355,-0.962027108987193,-0.687903614478979,50
0,200,d1,ecdf,0.86,-1.0158410825269848,-0.9738847068736863,0.13614298749240922,-1.0911283778642002,-1.0473923463138626,-0.9591868822079499,-0.688003125548753,50
0,200,d1,ecdf,0.87,-1.0057451635283956,-0.9665978945119057,0.13345711718988082,-1.0827390487754376,-1.0378288764601855,-0.9530170290297468,-0.6825723846827882,50
0,200,d1,ecdf,0.88,-0.9984686959683571,-0.9601906184819117,0.13011943707429022,-1.0756664082801153,-1.031626479525805,-0.9436667639355668,-0.6815382708241984,50
0,200,d1,ecdf,0.89,-0.9895564247818087,-0.9531298386029623,0.1278061960287198,-1.0643762391398002,-1.0225571573350385,-0.9360783251919125,-0.6760623213830004,50
0,200,d1,ecdf,0.9,-0.9812208144880099,-0.9448012878826266,0.12721707887473105,-1.0565580691113308,-1.0157182455732372,-0.9274546421817337,-0.6674759430584694,50
0,200,d1,ecdf,0.91,-0.9725936674890286,-0.9385518965450828,0.12510412201890192,-1.0504846265486645,-1.0069210228756358,-0.9230256584842421,-0.6683065756634221,50
0,200,d1,ecdf,0.92,-0.9649485961556881,-0.9319129541072049,0.123397476733773,-1.04152793791034,-0.9998945723205749,-0.9184103586039238,-0.6653554312864827,50
0,200,d1,ecdf,0.93,-0.9603308225258118,-0.9263992231645688,0.12080820870895807,-1.0335671990255872,-0.9919688832173308,-0.9138418544144404,-0.66328119591417245,50
0,200,d1,ecdf,0.94,-0.9520678875568969,-0.9196911967518598,0.11704431696291238,-1.0287028088117156,-0.983175030442988,-0.9093102899165499,-0.663810596114349,50
0,200,d1,ecdf,0.95,-0.9419078965402841,-0.9123688194254992,0.11408239065878052,-1.0188516710958275,-0.9713721703220048,-0.9010018234293637,-0.6673209166494569,50
0,200,d1,ecdf,0.96,-0.9347371529859652,-0.9056089392522537,0.1121630482229987,-1.0092071345190954,-0.9605476920512693,-0.8905213585148224,-0.6686407504789806,50
0,200,d1,ecdf,0.97,-0.9264833218487774,-0.8991325502625402,0.1109133559743966,-1.0009417679224635,-0.9533984807088058,-0.8843840151745233,-0.663936036997202,50
0,200,d1,ecdf,0.98,-0.9211152799294429,-0.893180158104613,0.1086999070906491,-0.9954788757579016,-0.9469356332557504,-0.8795625547339229,-0.6603270994999676,50
0,200,d1,ecdf,0.99,-0.9119351000540881,-0.8869837113794924,0.10586776007149949,-0.9860791742884869,-0.9392429619283368,-0.873982266341074,-0.6608470485442357,50
0,200,d1,ecdf,1,-0.903679540698806,-0.8806430057327738,0.10448553787536573,-0.9774813230997377,-0.9354202979716755,-0.8646758039077846,-0.6584237405149422,50
0,200,d1,logspline,0.01,-3.0464933975583928,-2.6677348893663186,1.2841752412071907,-3.9008365066012214,-3.481178802300424,-2.315789746834235,-0.07201185629622248,50
0,200,d1,logspline,0.02,-2.4682441042195595,-2.090669277324173,1.240177823949212,-3.257348250578535,-2.8607889294122524,-1.8404504663489814,0.4248580504103873,50
0,200,d1,logspline,0.03,-2.169107972512692,-1.8060278274338644,1.1968339041875948,-2.9021528695398318,-2.520069804889684,-1.5997060415973212,0.6230992387101014,50
0,200,d1,logspline,0.04,-1.9812849213410049,-1.6424955528660015,1.1556749815819007,-2.6692208923740477,-2.293750954878459,-1.5017157404348167,0.6930202366605834,50
0,200,d1,logspline,0.05,-1.8663611650640135,-1.5447314961333771,1.1177711058446547,-2.510400918420702,-2.1521504564270386,-1.442921074512579,0.6884474279682867,50
0,200,d1,logspline,0.06,-1.823595032031823,-1.4865704237024677,1.083175923166701,-2.3919770194556316,-2.0436178403647114,-1.488481744872183,0.6339481987054206,50
0,200,d1,logspline,0.06999999999999999,-1.8082780588026284,-1.4529515833392002,1.050889020774183,-2.3035751137040625,-1.9784276400415848,-1.4958434370721299,0.5432273669203903,50
0,200,d1,logspline,0.08,-1.8056665480232466,-1.4345063316571596,1.0195384816709059,-2.2337727767006923,-1.9495596329223432,-1.4830982542034383,0.4251432262275523,50
0,200,d1,logspline,0.09,-1.7769282410985507,-1.4256342702702767,0.9884192210537321,-2.177424580810746,-1.9785827986698066,-1.4284951733595022,0.348079130629641,50
0,200,d1,logspline,0.1,-1.784325305073645,-1.4230887447015899,0.9578717284830385,-2.1598680628886924,-1.9701721380867794,-1.386386671821652,0.34793800669488795,50
0,200,d1,logspline,0.11,-1.773037228769433,-1.424620985011954,0.9286254473826442,-2.1438803063886316,-1.949149453623753,-1.3517952520700107,0.3384197805345201,50
0,200,d1,logspline,0.12,-1.7544213599618896,-1.4285064460445007,0.9013298184003936,-2.1265266713601916,-1.9377101674953594,-1.3192164923625567,0.3212188297374686,50
0,200,d1,logspline,0.13,-1.7424677021289063,-1.4334214108687655,0.8763739657279696,-2.1080826501271757,-1.9262859381683906,-1.3514731911521563,0.15855608536317362,50
0,200,d1,logspline,0.14,-1.7400566545774878,-1.438421821443236,0.8537763401818705,-2.089010567057608,-1.901294578189216,-1.4174102859714972,0.0251344403428834,50
0,200,d1,logspline,0.15000000000000002,-1.735674939491398,-1.4428961906543176,0.8332641537600529,-2.069630147137838,-1.901827016107467,-1.3914685426953826,-0.08392716407845652,50
0,200,d1,logspline,0.16,-1.7337001676809711,-1.4464582580688017,0.8144274323519392,-2.046810618789115,-1.9029817136916596,-1.3684219827381356,-0.115119784566216,50
0,200,d1,logspline,0.17,-1.7319017081632548,-1.4489573855126663,0.7967393540656049,-2.0222982312009323,-1.9049917346862193,-1.3488120384501983,-0.14853877287966882,50
0,200,d1,logspline,0.18000000000000002,-1.732467084725859,-1.4504359164066096,0.7796562700300782,-2.0108559971849402,-1.8911179920290941,-1.3321506581181624,-0.1837857421449159,50
0,200,d1,logspline,0.19,-1.7325939173291554,-1.4509896618990512,0.7627720523546138,-1.9911981622741708,-1.8723929618733788,-1.3180248284911615,-0.2202517523659136,50
0,200,d1,logspline,0.2,-1.7319179760562018,-1.4506879889136985,0.7458601550530254,-1.9693970389358086,-1.8538878943658357,-1.3210124870219455,-0.2574254418873033,50
0,200,d1,logspline,0.21,-1.7279900798205248,-1.4495893415683772,0.7288117707770432,-1.9540125171325942,-1.8351404255591024,-1.3375547360317135,-0.29487378115452,50
0,200,d1,logspline,0.22,-1.724489224840689,-1.447755405516602,0.7115881869752502,-1.940527806303827,-1.8225021834452444,-1.3523604853837228,-0.3322274537565576,50
0,200,d1,logspline,0.23,-1.7158462107535117,-1.445252669247088,0.6941933867785527,-1.9293640026635117,-1.8122383449613753,-1.3637880148570622,-0.3691696300200568,50
0,200,d1,logspline,0.24,-1.7031507497233718,-1.4421451560646728,0.6766544171211402,-1.9170559082747995,-1.792460802092667,-1.3722675542051435,-0.40542726184583444,50
0,200,d1,logspline,0.25,-1.692404944178659,-1.438492509240213,0.659010541803169,-1.902609437920791,-1.7832320807764022,-1.3787805557622386,-0.44076427493816756,50
0,200,d1,logspline,0.26,-1.6828764261828035,-1.4343523075015165,0.6413084590471305,-1.8867237626059488,-1.7698562559342825,-1.3757693260360704,-0.4749762059631271,50
0,200,d1,logspline,0.27,-1.6677784424573106,-1.4297807698611913,0.6235996330145794,-1.8703093627800684,-1.7507328931479773,-1.370895627838427,-0.507885952653242,50
0,200,d1,logspline,0.28,-1.6528257544874374,-1.4248298381056999,0.6059384056037328,-1.853528306996524,-1.7318711238707292,-1.3634544373197324,-0.5393403906754655,50
0,200,d1,logspline,0.29000000000000004,-1.6421593209792784,-1.419545240806935,0.5883788920695993,-1.836507514090941,-1.7154802771907256,-1.355458162513087,-0.5692076728573746,50
0,200,d1,logspline,0.3,-1.6312760142645346,-1.4139667126549291,0.5709731241403367,-1.8193462230198625,-1.6993742606423319,-1.3474113385850446,-0.5973750712474089,50
0,200,d1,logspline,0.31,-1.6202257811828351,-1.4081265407796721,0.5537698795222992,-1.80212234506731,-1.6839656477603047,-1.3393099570853602,-0.6189974240031083,50
0,200,d1,logspline,0.32,-1.6092169472835607,-1.4020488077176074,0.5368141961647019,-1.7848972079733443,-1.6684870279825739,-1.331157483224255,-0.6339780378676555,50
0,200,d1,logspline,0.33,-1.5958539467550827,-1.3957512334403537,0.520146967271161,-1.76771914107964,-1.6529944605991043,-1.3229637492933481,-0.647643208937069,50
0,200,d1,logspline,0.34,-1.583467569572583,-1.3892475500916617,0.5038043744915759,-1.7506262134327553,-1.6363619712497655,-1.3147439216195762,-0.6600759564471231,50
0,200,d1,logspline,0.35000000000000003,-1.5710376309197616,-1.3825492534187236,0.48781861436302487,-1.7336483449896471,-1.6198630091850987,-1.3065148948876604,-0.6713531311212892,50
0,200,d1,logspline,0.36000000000000004,-1.5594646722968233,-1.3756664109221137,0.47221845192782164,-1.7168089485351408,-1.6036386798975757,-1.2982903116879079,-0.6815466864872164,50
0,200,d1,logspline,0.37,-1.546650799010393,-1.3686086911140982,0.4570293840656025,-1.7001262166322093,-1.5878603358272567,-1.2900804560486692,-0.6907246077536449,50
0,200,d1,logspline,0.38,-1.5336774815561216,-1.3613859323996758,0.44227382087231454,-1.6836141375200135,-1.5727370183381406,-1.281892993620495,-0.6989515946611049,50
0,200,d1,logspline,0.39,-1.5203524884547637,-1.3540081992370105,0.4279713021299426,-1.6672833022314129,-1.5581237055575932,-1.2742975975227697,-0.7062895669104223,50
0,200,d1,logspline,0.4,-1.5060276981570506,-1.3464857226047982,0.4141385960332201,-1.6511415496063493,-1.5445128413080202,-1.2758644077652714,-0.7127980415607149,50
0,200,d1,logspline,0.41,-1.492282480300135,-1.3388286921443877,0.40078974990528815,-1.6351944845130628,-1.5318179574427946,-1.2768667130423939,-0.7185344183367036,50
0,200,d1,logspline,0.42,-1.4787999680910517,-1.3310468402139592,0.387936236278697,-1.619445896221105,-1.5198406189176155,-1.277311644081008,-0.7235541992513838,50
0,200,d1,logspline,0.43,-1.465266972465641,-1.3231493569092765,0.37558696199205455,-1.6038980976489363,-1.506698571069047,-1.2770783306500022,-0.7279111621189597,50
0,200,d1,logspline,0.44,-1.4525161497205388,-1.3151451218752561,0.36374752884988326,-1.5885522015421385,-1.4932527455367364,-1.2755577439315775,-0.731442383253686,50
0,200,d1,logspline,0.45,-1.4398829489991316,-1.3070433624777889,0.352417204058932,-1.5734083461082622,-1.4802450543973091,-1.2735313705463496,-0.734406791142197,50
0,200,d1,logspline,0.46,-1.4272868910716707,-1.2988537318303017,0.34158867607665083,-1.5584658799432756,-1.4673585227479644,-1.2710215710458128,-0.7369120252078794,50
0,200,d1,logspline,0.47,-1.414745772357858,-1.2905860018922297,0.331249689235027,-1.543723514018128,-1.4545981103892605,-1.2680506891507934,-0.7389998676805152,50
0,200,d1,logspline,0.48,-1.4016975316644518,-1.2822498075246684,0.3213844985089712,-1.5291794468962028,-1.4419676056481698,-1.2646410294873205,-0.7407100850994127,50
0,200,d1,logspline,0.49,-1.388292963387946,-1.2738544065396957,0.31197517135046604,-1.5148314681091897,-1.429469812323778,-1.2608148290053025,-0.7420781868297285,50
0,200,d1,logspline,0.5,-1.3749871760092014,-1.2654086308629173,0.3030025172437324,-1.5006770436456005,-1.4171067063357352,-1.2565942247429267,-0.7431351657153513,50
0,200,d1,logspline,0.51,-1.3619632949203542,-1.256920898044532,0.29444673226123064,-1.4867133867398745,-1.4048795673646084,-1.2503691063687037,-0.7439081632849998,50
0,200,d1,logspline,0.52,-1.3495304261382381,-1.2483992265992232,0.2862878717830502,-1.472937516543468,-1.3927890897694402,-1.2425957865906403,-0.7444210370928103,50
0,200,d1,logspline,0.53,-1.3372924839255913,-1.2398512529728036,0.278506187209308,-1.4593463067767543,-1.3808354762705537,-1.2347248522030836,-0.7446948341507391,50
0,200,d1,logspline,0.54,-1.3252504918769645,-1.2312842549069594,0.27108224502899514,-1.4459365260748176,-1.3690185172491667,-1.2267687624940349,-0.7447481878999187,50
0,200,d1,logspline,0.55,-1.313404721461748,-1.2227053318573422,0.26399625901443435,-1.4327048714304742,-1.3573376580046939,-1.2181208173876792,-0.7445976525538825,50
0,200,d1,logspline,0.56,-1.3017547935625307,-1.2141215360837645,0.25722771515281484,-1.4196479958880008,-1.3457920558989125,-1.2090397152793586,-0.744257985858083,50
0,200,d1,logspline,0.5700000000000001,-1.2902997655533583,-1.2055398462586713,0.2507556373214695,-1.4067625314388033,-1.334380628982816,-1.2000406916927564,-0.7437423891416148,50
0,200,d1,logspline,0.5800000000000001,-1.2790382061666348,-1.196966943904755,0.24455949300366048,-1.3940451079057696,-1.3231020974308525,-1.1911238567004878,-0.7430627118380759,50
0,200,d1,logspline,0.59,-1.267968260018411,-1.1884089648255705,0.23862011273964773,-1.381492368468929,-1.3119550188859088,-1.1822890428304262,-0.742229626312108,50
0,200,d1,logspline,0.6,-1.2570877033523786,-1.1798715460767857,0.23291956225339575,-1.369100982375152,-1.3009378186369103,-1.1735358514874499,-0.7412527777637328,50
0,200,d1,logspline,0.61,-1.2469264359985703,-1.1713598681669732,0.22744110449705315,-1.3568676552844323,-1.2900488154016703,-1.1648636925597078,-0.7401409131321572,50
0,200,d1,logspline,0.62,-1.2372438735895417,-1.162878591844088,0.22216967192682258,-1.3447891376309125,-1.2789487311597691,-1.1560080061903888,-0.7389019922372146,50
0,200,d1,logspline,0.63,-1.2277164186374092,-1.1544318814297407,0.2170918755615749,-1.3328622313153868,-1.2668728900031612,-1.1472227756470028,-0.7375432838443883,50
0,200,d1,logspline,0.64,-1.218339044774957,-1.1460234761575239,0.21219576589139458,-1.3210837949950667,-1.2549215925217103,-1.1385172236681331,-0.736059250733087,50
0,200,d1,logspline,0.65,-1.2087348283202646,-1.1376567513467981,0.20747062865516955,-1.3100560837396005,-1.243094439739505,-1.1298910607011265,-0.7343954613985355,50
0,200,d1,logspline,0.66,-1.1987725274162053,-1.1293347672470044,0.20290681240913466,-1.2995045339436309,-1.23139116175609,-1.1209005853209244,-0.7326330897516478,50
0,200,d1,logspline,0.67,-1.1889337244726992,-1.1210602852731906,0.19849557932163694,-1.2890407048056356,-1.2198116104944927,-1.1118059813898207,-0.7307778886843206,50
0,200,d1,logspline,0.68,-1.179215439439766,-1.112835760620277,0.19422898202959124,-1.278968218653505,-1.2084014049431087,-1.1027837077491973,-0.7288351657712185,50
0,200,d1,logspline,0.6900000000000001,-1.1696147756416868,-1.1046633650981383,0.19009976391685118,-1.2689691441739255,-1.198692945223096,-1.0938379512240084,-0.7268098324721513,50
0,200,d1,logspline,0.7000000000000001,-1.1598870661018672,-1.0965450179873455,0.18610127673861343,-1.2590393516474006,-1.1891121622911502,-1.0849722105316129,-0.7247064473385585,50
0,200,d1,logspline,0.7100000000000001,-1.1490585081519458,-1.0884824066388386,0.1822274121851321,-1.2491775728487329,-1.1796448510021775,-1.076189371715614,-0.7225292540157491,50
0,200,d1,logspline,0.72,-1.1383499456703725,-1.0804770132591714,0.1784725407414179,-1.2395811403423942,-1.1702879744907622,-1.0674917733122524,-0.7202822147182979,50
0,200,d1,logspline,0.73,-1.1277640592367812,-1.0725301390328037,0.17483145797580904,-1.2303467189735446,-1.1610386074896413,-1.0588812627817048,-0.7179690397597683,50
0,200,d1,logspline,0.74,-1.1173035496858428,-1.0646428925796074,0.17129933077506299,-1.2209906120741256,-1.1518939324678343,-1.050120243393192,-0.715593213636746,50
0,200,d1,logspline,0.75,-1.1069711456585691,-1.0568161671167837,0.16787164673740024,-1.2105593076732482,-1.142851235851252,-1.0406239192424698,-0.7131580180983919,50
0,200,d1,logspline,0.76,-1.0967696117644814,-1.0490506589883235,0.16454417804217883,-1.200243048614408,-1.133907904333839,-1.0312658872967062,-0.7106665525742908,50
0,200,d1,logspline,0.77,-1.0867017574057583,-1.0413468896828761,0.16131295120449252,-1.1900396895670828,-1.1248766530845824,-1.0220479492105332,-0.7081217522836398,50
0,200,d1,logspline,0.78,-1.0776825324708565,-1.033705225119299,0.15817422053944852,-1.179947140514231,-1.1156550811025994,-1.0129665218922215,-0.7055264043063145,50
0,200,d1,logspline,0.79,-1.068834411670003,-1.0261258926689187,0.15512444476112827,-1.169963365974153,-1.1065479915171237,-1.0070489431099654,-0.7028831618599602,50
0,200,d1,logspline,0.8,-1.060108986977086,-1.0186089990321565,0.15216026701062624,-1.1600863841159859,-1.0981312920563902,-1.0015290467968645,-0.700194556996022,50
0,200,d1,logspline,0.81,-1.0517843160506133,-1.0111545692361399,0.14927850367779916,-1.1503142657896037,-1.0897940230535779,-0.993657355353912,-0.6974630119007503,50
0,200,d1,logspline,0.8200000000000001,-1.044301376517676,-1.0037625788317495,0.1464761350787668,-1.1406451334876726,-1.0815345193255237,-0.9853576359986738,-0.6946908489640343,50
0,200,d1,logspline,0.8300000000000001,-1.0369175430409552,-0.9964329510568146,0.14375029184718163,-1.1310771602550256,-1.0733511706067436,-0.9771744045752138,-0.6918802997588578,50
0,200,d1,logspline,0.8400000000000001,-1.0296295780746834,-0.9891655457837188,0.14109824234977747,-1.1216085685583193,-1.0653221153342065,-0.969107042991679,-0.6890335130568418,50
0,200,d1,logspline,0.85,-1.0224343041178492,-0.9819601650994048,0.13851738274572922,-1.1122376291269984,-1.057443962864636,-0.9611546684263593,-0.6861525619902371,50
0,200,d1,logspline,0.86,-1.0150626881443052,-0.974816561980157,0.1360052286450662,-1.1029626597749769,-1.0495830132118749,-0.9533161525460064,-0.6832394504576379,50
0,200,d1,logspline,0.87,-1.0067626692171987,-0.9677344546250269,0.13355940649019554,-1.093782024211011,-1.0417441684986402,-0.945590138948257,-0.680296118859264,50
0,200,d1,logspline,0.88,-0.9985962966120392,-0.9607135395500486,0.13117764601745302,-1.0846941308445275,-1.034096218196769,-0.9379750590533618,-0.677324449237668,50
0,200,d1,logspline,0.89,-0.9905631132589476,-0.9537534974066,0.12885777560683412,-1.0756974315926202,-1.0265114073716197,-0.9304691466445469,-0.6743262698910308,50
0,200,d1,logspline,0.9,-0.9826627176167497,-0.9468539815037965,0.12659771684440077,-1.066844400245389,-1.0189874532727445,-0.9230704512337186,-0.6713033595185329,50
0,200,d1,logspline,0.91,-0.9755086471078596,-0.9400145587587947,0.12439547451080843,-1.0581054131552452,-1.011522140285761,-0.9157768504094352,-0.6682574509506094,50
0,200,d1,logspline,0.92,-0.9684200178295967,-0.9332346854609046,0.12224913442770942,-1.0494505742601594,-1.0035795777278502,-0.9085860613067211,-0.6651902345109836,50
0,200,d1,logspline,0.93,-0.9613805387479314,-0.9265137081485959,0.12015686133063025,-1.0408785160882754,-0.9961416451521021,-0.9014956513229497,-0.6621033610522005,50
0,200,d1,logspline,0.94,-0.954392224954848,-0.9198508660724687,0.11811689520577295,-1.0323879108499932,-0.9888193720633531,-0.8945030481905036,-0.6589984447017965,50
0,200,d1,logspline,0.95,-0.9468259642366181,-0.9132452947689245,0.11612754738817413,-1.0239774691886607,-0.9812152610479997,-0.8876055495048504,-0.6581443771137565,50
0,200,d1,logspline,0.96,-0.9391383400487138,-0.9066960300605328,0.1141871950051444,-1.0156459389619104,-0.9736777184406089,-0.8808003329184998,-0.6569440117053975,50
0,200,d1,logspline,0.97,-0.9315350551112531,-0.9002020218056282,0.112294278247703,-1.0073921040541067,-0.9663415920833276,-0.8740845181858751,-0.6555200909279875,50
0,200,d1,logspline,0.98,-0.9240149256517847,-0.8937621615877867,0.1104473023744934,-0.9992147832201694,-0.9585909203628282,-0.8674553029618726,-0.6540128062668065,50
0,200,d1,logspline,0.99,-0.9165767781263015,-0.8873753251763505,0.10864483506125379,-0.9911128289608593,-0.9509154267501598,-0.8609099948966593,-0.6524261103085838,50
0,200,d1,logspline,1,-0.9092194496608912,-0.881040454787103,0.10688551101368252,-0.983085126429456,-0.9433139059141245,-0.8544460074448645,-0.650763834671322,50
0,200,d2,ecdf,0.01,Inf,Inf,NA,Inf,Inf,Inf,Inf,0
0,200,d2,ecdf,0.02,Inf,Inf,NA,Inf,Inf,Inf,Inf,1
0,200,d2,ecdf,0.03,Inf,Inf,NA,Inf,Inf,Inf,Inf,1
0,200,d2,ecdf,0.04,Inf,Inf,NA,Inf,Inf,Inf,Inf,2
0,200,d2,ecdf,0.05,Inf,Inf,NA,-2.6683898804525854,-2.6683898804525854,Inf,Inf,14
0,200,d2,ecdf,0.06,Inf,Inf,NA,-3.2204446235469355,-2.1218323348788255,Inf,Inf,25
0,200,d2,ecdf,0.06999999999999999,-1.659861329525076,Inf,NA,-2.9166987580416652,-2.3530085100850213,Inf,Inf,30
0,200,d2,ecdf,0.08,-1.259822038485998,Inf,NA,-2.768845352828704,-2.257068050127067,Inf,Inf,36
0,200,d2,ecdf,0.09,-1.6002487863504296,Inf,NA,-2.6988610750185393,-2.005713894458594,-0.9071016057904844,Inf,38
0,200,d2,ecdf,0.1,-1.6903347353005906,Inf,NA,-2.7359446579233273,-1.9780168077523717,-0.5917224466324811,Inf,42
0,200,d2,ecdf,0.11,-1.6928622871964196,Inf,NA,-2.7044631988748997,-1.9160058385106296,-0.9997151066364744,Inf,45
0,200,d2,ecdf,0.12,-1.5442494907100448,Inf,NA,-2.5312900037210495,-1.9922935029883624,-0.7395305344929946,Inf,47
0,200,d2,ecdf,0.13,-1.598937699321458,Inf,NA,-2.3721275875549397,-1.9749570485155266,-0.9057905187615126,-0.11909446134538018,48
0,200,d2,ecdf,0.14,-1.6652921867323478,Inf,NA,-2.2249079746677705,-1.9837459178508825,-1.0279308940009548,0.10223312369551071,48
0,200,d2,ecdf,0.15000000000000002,-1.6298464128360217,Inf,NA,-2.18587384190971,-2.000471914247717,-1.1717010468989444,-0.2555480568795097,48
0,200,d2,ecdf,0.16,-1.7123966556189676,Inf,NA,-2.231991089717622,-1.96005737423398,-1.2669101936740348,-0.06307513120281943,48
0,200,d2,ecdf,0.17,-1.6458677111742657,Inf,NA,-2.225686206427208,-1.9512493607254473,-1.3093954745530527,-0.1054226702271166,48
0,200,d2,ecdf,0.18000000000000002,-1.6092122728641258,Inf,NA,-2.188128286695747,-1.9276660039826603,-1.2762823445885065,-0.0646927718957565,49
0,200,d2,ecdf,0.19,-1.5931883315168611,Inf,NA,-2.1584432780519993,-1.9240743227187203,-1.332088510472555,-0.16249192219684422,49
0,200,d2,ecdf,0.2,-1.5911191089152554,Inf,NA,-2.1891341350139246,-1.9160586571176212,-1.2959253856141673,-0.1327745758084865,49
0,200,d2,ecdf,0.21,-1.616958276868044,Inf,NA,-2.116141713706571,-1.8749796568896824,-1.3229110745896429,-0.3844713711595515,49
0,200,d2,ecdf,0.22,-1.6416875212628397,Inf,NA,-2.1038799319816217,-1.87807629932707,-1.3426455336017085,-0.46323586028386166,49
0,200,d2,ecdf,0.23,-1.664132988459786,-1.498657939805868,0.6754226705947511,-2.1078609998021545,-1.9040818232215027,-1.346901012122605,-0.40670498575197483,50
0,200,d2,ecdf,0.24,-1.684053712700924,-1.4975013156911914,0.686917402789621,-2.1026451029445923,-1.8746482504024284,-1.3585991701971962,-0.43896639483462574,50
0,200,d2,ecdf,0.25,-1.6463450663066554,-1.4779852289943587,0.6957060539800104,-2.081663137564501,-1.8133991509698215,-1.3586629938548744,-0.3956264905482153,50
0,200,d2,ecdf,0.26,-1.638178443518602,-1.4892805665729847,0.5906524990041865,-2.0578058997948223,-1.8024532202764276,-1.4099197915376218,-0.40374905056594496,50
0,200,d2,ecdf,0.27,-1.6424063739673946,-1.4791340540200568,0.5999834392086086,-2.050443365407844,-1.8055844119965694,-1.396273304428486,-0.4024097099647201,50
0,200,d2,ecdf,0.28,-1.6139182396385827,-1.4565326450861322,0.6040126540259528,-2.0186086185535026,-1.7728752942610067,-1.3672585366684664,-0.36081933606774175,50
0,200,d2,ecdf,0.29000000000000004,-1.6143209258788644,-1.4571755560509545,0.5655208821342814,-1.9819836767421695,-1.7555143215218938,-1.3799881284625943,-0.4649879019613573,50
0,200,d2,ecdf,0.3,-1.6018906361918623,-1.452930550298209,0.5639728393149376,-1.9511296932806736,-1.7440651249724048,-1.3678244257826941,-0.42878609842504334,50
0,200,d2,ecdf,0.31,-1.5921518218026207,-1.4391509055172829,0.5677072684663771,-1.9171106589180007,-1.712027789187065,-1.3829508971574473,-0.42194332342577395,50
0,200,d2,ecdf,0.32,-1.5727097636830523,-1.4322086122351747,0.5292436904278466,-1.8683494766955253,-1.7004640031258358,-1.3462782924638048,-0.43406603307894887,50
0,200,d2,ecdf,0.33,-1.5624830337069864,-1.4233242084257123,0.5320765610813332,-1.8598372929588405,-1.697726979327527,-1.3355308628217832,-0.4506956101411068,50
0,200,d2,ecdf,0.34,-1.5641979104555568,-1.4278140637954022,0.5032679445694125,-1.8314843638527218,-1.686415543179806,-1.3620247301365227,-0.5506060221975144,50
0,200,d2,ecdf,0.35000000000000003,-1.5520419590963312,-1.4206909216961174,0.48938941256726926,-1.82847251297888,-1.6703524739000095,-1.3630116834241832,-0.616634723220902,50
0,200,d2,ecdf,0.36000000000000004,-1.5504234004661699,-1.4114518989523852,0.4781599953726155,-1.8002402734801095,-1.642684493606073,-1.372428220462897,-0.6126604824267732,50
0,200,d2,ecdf,0.37,-1.5292854136357228,-1.406654560737081,0.4621490674886304,-1.7893982023869421,-1.6330333789751208,-1.3664817446473063,-0.6166043665360297,50
0,200,d2,ecdf,0.38,-1.5146921839134548,-1.3939590597315576,0.4463055018585966,-1.7794798958202596,-1.615908685750039,-1.3421296881958338,-0.6636894179033757,50
0,200,d2,ecdf,0.39,-1.498652826211948,-1.3887626372812003,0.42745944663929664,-1.7550794120629545,-1.6039567839906719,-1.330857683072983,-0.723368081375132,50
0,200,d2,ecdf,0.4,-1.484669106704096,-1.3809906906355334,0.4147533119078676,-1.7253901670528908,-1.5978741034626607,-1.3413204558325345,-0.7186035279986138,50
0,200,d2,ecdf,0.41,-1.4757280868485112,-1.3752475940351245,0.39673888695459814,-1.695390706121366,-1.600596330235908,-1.330794063419944,-0.7235797298881572,50
0,200,d2,ecdf,0.42,-1.4679311985436225,-1.3689389939493095,0.3687965886009823,-1.6854413647537336,-1.5754083658143354,-1.3063115649987598,-0.7435504569928734,50
0,200,d2,ecdf,0.43,-1.4499201460323914,-1.359950792676476,0.36759377073057864,-1.6648065849459126,-1.5421263398991252,-1.2849548366654349,-0.7783989811813736,50
0,200,d2,ecdf,0.44,-1.4257549783152839,-1.3492827851211937,0.35449869841564746,-1.6409413260292975,-1.5414143119471975,-1.290218480858947,-0.8113284279642006,50
0,200,d2,ecdf,0.45,-1.417132386994148,-1.3354291538470482,0.34472053540882913,-1.603522833863891,-1.529224724905458,-1.2880498183560578,-0.8324600584583446,50
0,200,d2,ecdf,0.46,-1.4047005469463367,-1.3256651795417898,0.34002210275142203,-1.5975053798766718,-1.5126629361178792,-1.2850801914208478,-0.8235001261223048,50
0,200,d2,ecdf,0.47,-1.3983715740230012,-1.3211955497408332,0.3254286023821185,-1.581898493973199,-1.500828688483589,-1.2798117525898505,-0.837001515844609,50
0,200,d2,ecdf,0.48,-1.394967154269333,-1.3117834653151175,0.31759133476931256,-1.5794529312925236,-1.4790502714798746,-1.2861095725874356,-0.8578365111528301,50
0,200,d2,ecdf,0.49,-1.3794585838303681,-1.302464257341314,0.30794938045049264,-1.5571715571650246,-1.4697940582139517,-1.2646167717387253,-0.8565701369749337,50
0,200,d2,ecdf,0.5,-1.3675388946115108,-1.2913252751122362,0.3016071345349948,-1.5275012855243117,-1.465845872915021,-1.2559110855415228,-0.8401725234292128,50
0,200,d2,ecdf,0.51,-1.36639346745512,-1.282609834526285,0.2944522224965732,-1.5210908077095648,-1.4396863329205931,-1.2526780062871288,-0.8271666716579664,50
0,200,d2,ecdf,0.52,-1.3472469853959341,-1.2756817792632869,0.28125032609954126,-1.5206574503870067,-1.4273793895026106,-1.2510145312426157,-0.8392013656411753,50
0,200,d2,ecdf,0.53,-1.3368728753945431,-1.2654036807582618,0.2645382356519637,-1.507866082337221,-1.414624633881274,-1.2244701077165068,-0.8310525964648532,50
0,200,d2,ecdf,0.54,-1.3122794767562138,-1.2544685772526738,0.25207211751586717,-1.4878873454431158,-1.391939843305815,-1.2040736131085283,-0.8299535005847885,50
0,200,d2,ecdf,0.55,-1.31269355634844,-1.2477766888908464,0.23899296947344462,-1.4704931646987651,-1.3839350427865453,-1.192045539526151,-0.8237543116970915,50
0,200,d2,ecdf,0.56,-1.3069650265260055,-1.2390318888491654,0.23458894191397137,-1.45693308410504,-1.3628253657893474,-1.190147459130473,-0.8172664751299941,50
0,200,d2,ecdf,0.5700000000000001,-1.2928933065502592,-1.2312551336588853,0.22478509843014852,-1.4386594779347912,-1.352548478205461,-1.1734589659863404,-0.8325668400078755,50
0,200,d2,ecdf,0.5800000000000001,-1.2756990921205498,-1.221252646285962,0.2201420407188762,-1.4258943111100824,-1.349246617558194,-1.1674886059939906,-0.8171576420911454,50
0,200,d2,ecdf,0.59,-1.2641751947902238,-1.2105235249696475,0.21487764769928333,-1.4077795955177108,-1.3339188619177582,-1.1561126892789753,-0.8237169077544884,50
0,200,d2,ecdf,0.6,-1.2577351100383578,-1.1995898165584944,0.21072341564430228,-1.3930311767881352,-1.3242212299368599,-1.142069258355049,-0.8164778840952469,50
0,200,d2,ecdf,0.61,-1.248074912851001,-1.1896673689758743,0.20664613446113111,-1.3706739449713519,-1.3104598996626762,-1.1338185720415068,-0.8171605993436655,50
0,200,d2,ecdf,0.62,-1.2393024534608017,-1.181253901154351,0.2011568893136373,-1.36391069037278,-1.2989679214199288,-1.1208807305185333,-0.8161609280177866,50
0,200,d2,ecdf,0.63,-1.2313135814684553,-1.1716542886995733,0.19823027627882436,-1.3484025825550323,-1.2809369055890518,-1.1084569332263343,-0.8153647119304048,50
0,200,d2,ecdf,0.64,-1.2147370582415562,-1.1619295576541862,0.19424682927535608,-1.3346143355010542,-1.2736838456416233,-1.0972382737321271,-0.800994703818042,50
0,200,d2,ecdf,0.65,-1.2062595199612995,-1.1532264474579736,0.18979767155860364,-1.3294814856822783,-1.2627620805801316,-1.0883810049000866,-0.7970511327215957,50
0,200,d2,ecdf,0.66,-1.196362584172432,-1.1421730798143124,0.18421277306941214,-1.3151029381076391,-1.2411954462902113,-1.0798862647557,-0.7843078703355004,50
0,200,d2,ecdf,0.67,-1.185177052682174,-1.131489314749904,0.18087954404871523,-1.2988487425812507,-1.2251403094940112,-1.0728757218836646,-0.7836689559981759,50
0,200,d2,ecdf,0.68,-1.170741208113199,-1.1201806757486656,0.17617945072603577,-1.2861561768880079,-1.2137387597150897,-1.0590849036170433,-0.7733223526017834,50
0,200,d2,ecdf,0.6900000000000001,-1.1645126706097084,-1.1106945685084635,0.17144202216964818,-1.2755686233492316,-1.2022550474747875,-1.04932146634996,-0.7824538632187861,50
0,200,d2,ecdf,0.7000000000000001,-1.1559579941508809,-1.1027481977481077,0.16684432535481994,-1.2645518054761204,-1.1907124560438165,-1.0427080084120615,-0.777687262803346,50
0,200,d2,ecdf,0.7100000000000001,-1.139541256734089,-1.0928544776058888,0.1642620686997448,-1.253295826297501,-1.1754280160676132,-1.0336425620863152,-0.7792546624868164,50
0,200,d2,ecdf,0.72,-1.1308282282244428,-1.081696805449164,0.16148970015930234,-1.2380482275904203,-1.1693266585349913,-1.0192178035530208,-0.7817285493604782,50
0,200,d2,ecdf,0.73,-1.1183209976199964,-1.0751473940273613,0.15730866313484948,-1.234145554386517,-1.1716032011545385,-1.0191268272220935,-0.7793464841656857,50
0,200,d2,ecdf,0.74,-1.1067600518112255,-1.0647976739138552,0.15418415609088057,-1.2184345642669414,-1.1532873733654787,-1.0169113743449003,-0.7909627317908319,50
0,200,d2,ecdf,0.75,-1.0978265055057506,-1.0550382698604357,0.15079278049932748,-1.2085502680081088,-1.1373641828447276,-1.004201192555783,-0.7806187211085767,50
0,200,d2,ecdf,0.76,-1.0854153559355861,-1.0468533702358855,0.1483654611566338,-1.1986792705216573,-1.134242345072643,-0.9990595261586313,-0.7774394547240371,50
0,200,d2,ecdf,0.77,-1.0730899399591738,-1.0377186980110853,0.1459405256582366,-1.1802475332866056,-1.1311233736173625,-0.9895938800296661,-0.7810652384140764,50
0,200,d2,ecdf,0.78,-1.0657193980914692,-1.0288423493402699,0.14355453508627672,-1.1685446708721123,-1.1196165204593127,-0.9814226872683385,-0.7771294082061333,50
0,200,d2,ecdf,0.79,-1.0582243461460634,-1.018923131512486,0.14040293144181998,-1.1533790895781912,-1.1085418035615282,-0.973143167087647,-0.7736080524995028,50
0,200,d2,ecdf,0.8,-1.0483169612596452,-1.0097697265379435,0.1381512691104596,-1.1418724672537852,-1.1008389497896025,-0.968562856946179,-0.7712965533176531,50
0,200,d2,ecdf,0.81,-1.0369210081234066,-1.0017175313816415,0.13366912664428102,-1.1333284082442079,-1.0844526093622666,-0.9568066938208691,-0.7631679705579206,50
0,200,d2,ecdf,0.8200000000000001,-1.023396256717823,-0.9920051395983208,0.1322403653763438,-1.125278339540092,-1.071161735469005,-0.9531564463118568,-0.757662933492383,50
0,200,d2,ecdf,0.8300000000000001,-1.0158607491523197,-0.9841537197860305,0.12861267243930913,-1.1145219667170423,-1.060814758094431,-0.9430297103622777,-0.7555158194067433,50
0,200,d2,ecdf,0.8400000000000001,-1.0054361761560386,-0.9774451904300041,0.12829561501877557,-1.1103032832204254,-1.0542622313897974,-0.9409395225449293,-0.7560979777894449,50
0,200,d2,ecdf,0.85,-0.9999534612696932,-0.9681949492191069,0.12764964298466536,-1.103593485051865,-1.0443156854865938,-0.9326419724203664,-0.7492747549067533,50
0,200,d2,ecdf,0.86,-0.9889224246902231,-0.9599949966264221,0.12521878051856758,-1.091007742702984,-1.0376790308718653,-0.9232487001112916,-0.7439180504931231,50
0,200,d2,ecdf,0.87,-0.9793337314699362,-0.9533674453981806,0.1207097107427587,-1.0773121341785994,-1.0294003277423371,-0.9217126186973004,-0.7353516629278791,50
0,200,d2,ecdf,0.88,-0.9672110420784018,-0.9447244180305837,0.1186588516380824,-1.068479695491091,-1.0149077807853644,-0.9126338874856764,-0.7354305998988351,50
0,200,d2,ecdf,0.89,-0.9552463684681776,-0.9376651172103981,0.11619184511567429,-1.0580804564155724,-1.0110771784592412,-0.9029331865717918,-0.7283553288428839,50
0,200,d2,ecdf,0.9,-0.9497754554151214,-0.9312115852897999,0.11368777620223249,-1.0509238929960896,-1.0029125397167244,-0.8909694044771432,-0.7173149141263873,50
0,200,d2,ecdf,0.91,-0.9417613742882512,-0.9236395309433517,0.11209462290180952,-1.0475104563447173,-0.9950780637570058,-0.8772065861605582,-0.7112278388744745,50
0,200,d2,ecdf,0.92,-0.933786617969022,-0.9160053731011871,0.1105632592725296,-1.036302806644351,-0.9861267828661494,-0.8730763265762393,-0.7079271801488437,50
0,200,d2,ecdf,0.93,-0.926452933017239,-0.9086456977509021,0.10910076055280749,-1.0267164699217384,-0.9758386898717474,-0.8666211709604577,-0.7005854992842625,50
0,200,d2,ecdf,0.94,-0.9185621697340816,-0.8997297347393218,0.10631125358723381,-1.0124088818867287,-0.965401797743856,-0.8598516547494691,-0.6953701404852,50
0,200,d2,ecdf,0.95,-0.907845413160307,-0.8916044082464395,0.10529190945449718,-1.0004473603567172,-0.9583955518630846,-0.8533801828717802,-0.6822787954603111,50
0,200,d2,ecdf,0.96,-0.9040687037432715,-0.8839928795970277,0.10365507793944864,-0.9927188456831653,-0.9535649750448543,-0.8463341151379606,-0.68005356866423,50
0,200,d2,ecdf,0.97,-0.894676371773391,-0.8777329303856108,0.10145969889796114,-0.9870771475055189,-0.944738765990905,-0.8463628293540629,-0.6760167890614655,50
0,200,d2,ecdf,0.98,-0.8897615979156266,-0.869747991278029,0.10055776320101069,-0.9751861136175684,-0.9341949316434545,-0.8346805613849309,-0.6669981906047894,50
0,200,d2,ecdf,0.99,-0.883734292074012,-0.8622321652901106,0.0986671971423719,-0.9677749148173485,-0.9225234438981846,-0.8240420378937637,-0.6635279043827382,50
0,200,d2,ecdf,1,-0.874069858946893,-0.8549948766751577,0.0962070317663808,-0.9548833094753131,-0.9145869826298794,-0.8138494606479518,-0.655290793709411,50
0,200,d2,logspline,0.01,-5.798856645838458,-5.726607806571519,1.1209364582470243,-7.296476736775782,-6.414610760406291,-5.145612005991056,-3.5620111050569108,50
0,200,d2,logspline,0.02,-4.478669058973608,-4.421888117234094,1.0901559484628276,-5.94849390608111,-5.083368444934905,-3.856076153853288,-2.3752251000703373,50
0,200,d2,logspline,0.03,-3.748501630118419,-3.6950349725467966,1.0583275559119194,-5.176424892304944,-4.328518181396403,-3.1320823735976937,-1.775341503731623,50
0,200,d2,logspline,0.04,-3.2558699266225792,-3.2062117776948376,1.0257353176190476,-4.640470877143191,-3.81244263888257,-2.645908684270455,-1.4220813134256318,50
0,200,d2,logspline,0.05,-2.894269632296984,-2.8488734762937375,0.9927172907423689,-4.234141792064337,-3.4290566323531277,-2.3354169308487767,-1.2083385223463958,50
0,200,d2,logspline,0.06,-2.616239361044731,-2.575504172956792,0.959670571469396,-3.910003117267146,-3.151742202261315,-2.089645018217491,-1.0858230806931235,50
0,200,d2,logspline,0.06999999999999999,-2.396416957819092,-2.3606560602189535,0.9270689680923234,-3.642748077121025,-2.9364390545099623,-1.8873756968629452,-1.0276788559058583,50
0,200,d2,logspline,0.08,-2.2453944477674264,-2.1890002490276204,0.8954255021841181,-3.4172632979075672,-2.764414434606457,-1.7196281363339654,-1.0153303269818639,50
0,200,d2,logspline,0.09,-2.1175706384551534,-2.0505030732988754,0.8652286803243145,-3.2237928044312225,-2.625831250711432,-1.5869910610011848,-0.908734725519671,50
0,200,d2,logspline,0.1,-2.0386702639109817,-1.938168392266016,0.8368857830725647,-3.0556680984172937,-2.5137634574202443,-1.485945698484199,-0.8172207667669444,50
0,200,d2,logspline,0.11,-1.964573768135717,-1.8468644901426536,0.8106841247712127,-2.908125843624686,-2.4230334489820238,-1.416668833560297,-0.7483251270848739,50
0,200,d2,logspline,0.12,-1.8882371477194297,-1.7726651187474751,0.7867661297683007,-2.7776421651134022,-2.321936897196392,-1.3680497769332212,-0.6984403208327948,50
0,200,d2,logspline,0.13,-1.8426142775205219,-1.7124609517113731,0.7651164891060473,-2.661534332639638,-2.2281614885301324,-1.3052278986110004,-0.6647835230288626,50
0,200,d2,logspline,0.14,-1.8040681644613943,-1.6637152353122018,0.7455732173825598,-2.5577104941499074,-2.1520062872612695,-1.2610414666142788,-0.6362225927381371,50
0,200,d2,logspline,0.15000000000000002,-1.777991282950775,-1.6243096481963561,0.7278557575785948,-2.464505983114412,-2.11605523379951,-1.2328523797494182,-0.567790089658393,50
0,200,d2,logspline,0.16,-1.7455612925383905,-1.5924617370173597,0.711604491722139,-2.38057258845176,-2.073273406172844,-1.2141116994715269,-0.5091208440022457,50
0,200,d2,logspline,0.17,-1.715147606606283,-1.5666822506257945,0.696436556305186,-2.304801479849975,-2.078074301448102,-1.2032376370842144,-0.45907185738438666,50
0,200,d2,logspline,0.18000000000000002,-1.6809127570018831,-1.5457547613281364,0.6820191030778875,-2.2362682249383177,-2.0301481992453687,-1.1859923252878313,-0.4166795847707865,50
0,200,d2,logspline,0.19,-1.6813058634327578,-1.5286775914773003,0.6681151532089455,-2.1944258139209945,-1.9868022614360041,-1.1885133985057674,-0.38112059051274266,50
0,200,d2,logspline,0.2,-1.6611946886452145,-1.5146248764581673,0.6545934694475217,-2.169992675149837,-1.9849647384111013,-1.2282395190508701,-0.3516823884606457,50
0,200,d2,logspline,0.21,-1.6294916963758537,-1.502928532329216,0.6413990511447546,-2.1305262921211483,-1.9675747568493904,-1.2577508990721242,-0.33423411718843365,50
0,200,d2,logspline,0.22,-1.6312728690794334,-1.493048755084415,0.6285254897970737,-2.117420053112955,-1.936835346604456,-1.2871450925873105,-0.3899816362534859,50
0,200,d2,logspline,0.23,-1.6180034084744757,-1.4845479863138555,0.6159893221340395,-2.0873802811267934,-1.9054459757396978,-1.3157495253500324,-0.4418977063573061,50
0,200,d2,logspline,0.24,-1.6099080937545462,-1.477067703107455,0.6038057887524468,-2.0501110288942157,-1.8732380508326014,-1.3430630759538067,-0.48168455079919326,50
0,200,d2,logspline,0.25,-1.5972508001409045,-1.470311230961788,0.5919568935682925,-2.0290344523896877,-1.8436494387104978,-1.3687188684921552,-0.5196505959293375,50
0,200,d2,logspline,0.26,-1.5863267851134983,-1.4640454534124685,0.5803795966695969,-2.008356256494989,-1.8163824264744404,-1.3883849816565017,-0.5386059649780464,50
0,200,d2,logspline,0.27,-1.576775599081257,-1.4580913491790652,0.5689909249004295,-1.9880321157971985,-1.8044027185537423,-1.3898564145291417,-0.5299478560487503,50
0,200,d2,logspline,0.28,-1.5698800210034745,-1.4523138897552577,0.5577090161644789,-1.9715901224641967,-1.7821954244874862,-1.3726488824840921,-0.5235978638178287,50
0,200,d2,logspline,0.29000000000000004,-1.5657183012743094,-1.4466137147101934,0.5464630366169688,-1.9564505181104086,-1.7489154387770487,-1.3554903467569015,-0.5160678840498384,50
0,200,d2,logspline,0.3,-1.5547119538218848,-1.440919227254515,0.5351971505684701,-1.9432545319365202,-1.7257169228990306,-1.3374329706901404,-0.510834188709447,50
0,200,d2,logspline,0.31,-1.5464695652803895,-1.4351791503366598,0.5238706314355014,-1.9295964288154352,-1.7059408795257367,-1.321131546291379,-0.5202685900276482,50
0,200,d2,logspline,0.32,-1.5397762018862617,-1.4293556147103559,0.512456432078464,-1.9154517139625984,-1.6845663172484806,-1.315258207906196,-0.5350951730050457,50
0,200,d2,logspline,0.33,-1.533131095533161,-1.4234199170105346,0.5009397821849617,-1.897269370987727,-1.671851173866954,-1.3191424262003635,-0.5511482534489089,50
0,200,d2,logspline,0.34,-1.5266209944002311,-1.4173503572550694,0.48931652372547224,-1.8784425743756357,-1.6572574425803654,-1.3222947302175139,-0.5682095323685186,50
0,200,d2,logspline,0.35000000000000003,-1.5235444260196367,-1.4111313362790583,0.47759161065242234,-1.8600324512536457,-1.6405793298682285,-1.325599724602436,-0.5860725345015974,50
0,200,d2,logspline,0.36000000000000004,-1.5172252800536055,-1.404752781862981,0.4657776802799606,-1.8414564162278888,-1.6260207012445054,-1.337407966387373,-0.6045417291732657,50
0,200,d2,logspline,0.37,-1.5078381907219855,-1.3982092158211994,0.4538936602718714,-1.8213246184900163,-1.6120652725496123,-1.3440178253952924,-0.6234317974627477,50
0,200,d2,logspline,0.38,-1.4901587004943144,-1.3914984962033727,0.44196326461205215,-1.8005643776103686,-1.598637813629849,-1.3478960898056263,-0.6425670225110176,50
0,200,d2,logspline,0.39,-1.4757444818061307,-1.3846194898975237,0.4300135575335635,-1.7812824723491012,-1.585670827842557,-1.349553666991288,-0.6617807843552742,50
0,200,d2,logspline,0.4,-1.4702935499008116,-1.3775712275201941,0.4180737235840054,-1.763782886295703,-1.5731037786875806,-1.3458073097746799,-0.675290029079779,50
0,200,d2,logspline,0.41,-1.4645895484158293,-1.3703530265383463,0.40617411922801516,-1.7461632995217524,-1.5608824069065927,-1.3370229971032919,-0.6874989445880877,50
0,200,d2,logspline,0.42,-1.458256097199999,-1.3629647963761606,0.39434566129948206,-1.7284508013239377,-1.548958125340753,-1.3278997620182647,-0.6993746663156168,50
0,200,d2,logspline,0.43,-1.4513192860539446,-1.3554073090917553,0.38261930508719116,-1.7106749207236944,-1.5355447410414276,-1.3185257987879568,-0.7108123837904361,50
0,200,d2,logspline,0.44,-1.4438087569407698,-1.3476824919223125,0.3710250305474289,-1.6928633471522658,-1.5194297693811585,-1.31474139566295,-0.7217236631304058,50
0,200,d2,logspline,0.45,-1.4325527280000472,-1.3397935767718807,0.3595912389509934,-1.6740749195403697,-1.5037839020181243,-1.3090437070134797,-0.7320403048060247,50
0,200,d2,logspline,0.46,-1.4205666028841961,-1.331744878107531,0.34834455172075846,-1.653886140572803,-1.4942607746648424,-1.3022922862579853,-0.7417116969562512,50
0,200,d2,logspline,0.47,-1.4075003444848226,-1.323541685347138,0.33730939125996307,-1.6338979433492178,-1.4844928466181782,-1.2949576582700582,-0.7507021367063937,50
0,200,d2,logspline,0.48,-1.3937023417628787,-1.31519031264642,0.32650795136255634,-1.6141458618356164,-1.474501851728559,-1.287095990578186,-0.7589885280028067,50
0,200,d2,logspline,0.49,-1.3802897266157568,-1.3066979838986255,0.3159603441245539,-1.5951090300410415,-1.4629283780583775,-1.2787629200271589,-0.766558410098099,50
0,200,d2,logspline,0.5,-1.3696631415189888,-1.2980726711723047,0.30568466204280464,-1.5762268617004613,-1.4509571173415698,-1.270013474799766,-0.7734082732994556,50
0,200,d2,logspline,0.51,-1.3596538687890065,-1.2893229790779044,0.2956970470420212,-1.55750309863343,-1.4397634246062827,-1.2609020184110342,-0.7795421224580777,50
0,200,d2,logspline,0.52,-1.3497574551959093,-1.2804579184751388,0.2860116724407881,-1.5398744187073317,-1.4284288934607,-1.24966592653625,-0.7849702531053314,50
0,200,d2,logspline,0.53,-1.3399533407494928,-1.2714865140205367,0.27664067114909224,-1.522702831325502,-1.4169907483073467,-1.2383921514358058,-0.7897082096260755,50
0,200,d2,logspline,0.54,-1.33022274384754,-1.2624174917360034,0.26759415740870146,-1.505569029608218,-1.4054808011451883,-1.2271772823025953,-0.79377589911287,50
0,200,d2,logspline,0.55,-1.3205485241736397,-1.2532590757317785,0.25888024688442074,-1.4898948097503808,-1.3939262536577217,-1.2160138155579474,-0.7971968384182626,50
0,200,d2,logspline,0.56,-1.310915059275456,-1.2440191094345372,0.2505050264697132,-1.4745598511932516,-1.3823503743344792,-1.2045694164502285,-0.799997515356822,50
0,200,d2,logspline,0.5700000000000001,-1.3010284617296173,-1.234705087932591,0.24247259614253847,-1.4591890013939928,-1.370773065954846,-1.1933488171813056,-0.802206847998256,50
0,200,d2,logspline,0.5800000000000001,-1.2891142688427881,-1.225324187446307,0.23478507310920174,-1.4437980686648304,-1.359211343268592,-1.182345886523728,-0.8038557285621597,50
0,200,d2,logspline,0.59,-1.2796150270822122,-1.2158833137758736,0.22744260744127937,-1.428403574672362,-1.3476797367227806,-1.171554355631495,-0.8049766406134102,50
0,200,d2,logspline,0.6,-1.2689562167665531,-1.2063890230919072,0.22044356482330538,-1.4130226461861208,-1.3361906349800345,-1.1609678791440727,-0.8056033401107353,50
0,200,d2,logspline,0.61,-1.2591058729958615,-1.196847608459342,0.21378467264392728,-1.3977355310799364,-1.3247545765370006,-1.150580085500429,-0.8057705924260401,50
0,200,d2,logspline,0.62,-1.2485846329355987,-1.1872651756971737,0.2074611712107664,-1.3826577794591666,-1.3113151243143193,-1.1403846182615869,-0.8055139545396754,50
0,200,d2,logspline,0.63,-1.237162592859882,-1.1776476520104193,0.2014670236715894,-1.367630054296976,-1.297744991616356,-1.130375169926143,-0.80486890976094,50
0,200,d2,logspline,0.64,-1.2248761673814634,-1.1680007196340745,0.19579528489407494,-1.3526708942082273,-1.2843764740250692,-1.1205455094677719,-0.8038681307569465,50
0,200,d2,logspline,0.65,-1.2131955505130176,-1.1583298394994124,0.19043835340306214,-1.3377991414818293,-1.2712060849791258,-1.1106528462314467,-0.80254073990641,50
0,200,d2,logspline,0.66,-1.2023170949316255,-1.148640312347959,0.18538814647292423,-1.3231005731131007,-1.2582305264349092,-1.100806860794967,-0.8009127918525263,50
0,200,d2,logspline,0.67,-1.191432032454793,-1.1389373039262116,0.18063626017452522,-1.308971931264788,-1.2454466862747013,-1.0910915407646735,-0.7990077029235337,50
0,200,d2,logspline,0.68,-1.179976399131343,-1.1292258327421474,0.17617410719901078,-1.294998782417576,-1.2330317042698802,-1.0811572320372977,-0.7968466115533925,50
0,200,d2,logspline,0.6900000000000001,-1.1697336715961133,-1.1195108597440409,0.17199286053534005,-1.2811833146252627,-1.2210529729090702,-1.0713494050068249,-0.7944486821115382,50
0,200,d2,logspline,0.7000000000000001,-1.1598878301359026,-1.1097983958398137,0.16807989878986238,-1.2675271368142682,-1.2092429825282334,-1.061689463918286,-0.7918313620694702,50
0,200,d2,logspline,0.7100000000000001,-1.1501626236777345,-1.1000965867923134,0.16441526424017702,-1.2551303723174945,-1.196961937078943,-1.0521750880185703,-0.7890106004979155,50
0,200,d2,logspline,0.72,-1.13922977172563,-1.0904152048814384,0.16097355426547666,-1.2429332222609708,-1.1841065349044162,-1.0428038161406052,-0.7860010343698866,50
0,200,d2,logspline,0.73,-1.1284095990057095,-1.080765101382533,0.15772571670085336,-1.2306501907078469,-1.1715342244862694,-1.0335730752360521,-0.7828161479446388,50
0,200,d2,logspline,0.74,-1.117707927630633,-1.071157873429201,0.1546399794149459,-1.21742340966136,-1.15914188186999,-1.0239274204842712,-0.7794684095525897,50
0,200,d2,logspline,0.75,-1.1071257344681253,-1.0616053602166906,0.15168332821768635,-1.2043766213052516,-1.1469252264614878,-1.0138274615929685,-0.77596938933695,50
0,200,d2,logspline,0.76,-1.096663622257755,-1.0521180317976375,0.1488268441226879,-1.1915151373365125,-1.1349643940766256,-1.0039106636385542,-0.7723298608925511,50
0,200,d2,logspline,0.77,-1.08632186822296,-1.0427045137257125,0.146047292890637,-1.1788199111717446,-1.1249866648356623,-0.996549952262807,-0.768559889244413,50
0,200,d2,logspline,0.78,-1.0761004666034442,-1.0333719124175695,0.14332608761432672,-1.166290835119983,-1.1157946490868267,-0.9892735112982332,-0.764668907203526,50
0,200,d2,logspline,0.79,-1.0659991659249628,-1.0241260519552011,0.1406486082204101,-1.1543673673930068,-1.106729210776657,-0.9820778355581558,-0.7606657818062406,50
0,200,d2,logspline,0.8,-1.056017501702968,-1.0149716283490642,0.1380038162453673,-1.1437774017356888,-1.0976473058076228,-0.9747844879120147,-0.7565588722717292,50
0,200,d2,logspline,0.81,-1.0461548251755526,-1.0059123066219384,0.135384050240582,-1.1334368666623873,-1.0885536905903883,-0.9667326392038512,-0.7523560806877748,50
0,200,d2,logspline,0.8200000000000001,-1.0364103285762059,-0.9969507796066553,0.13278491585668933,-1.1239704578884115,-1.0772600931676954,-0.9582693536068156,-0.748064896449378,50
0,200,d2,logspline,0.8300000000000001,-1.0267830673852054,-0.9880888035524197,0.1302052016429995,-1.1145921463487127,-1.0668080388810792,-0.9497056352746872,-0.7436924353202843,50
0,200,d2,logspline,0.8400000000000001,-1.0171979904440995,-0.9793272230136431,0.12764676300605526,-1.1052942581462717,-1.0579393963237258,-0.9412369244297312,-0.7392454738586267,50
0,200,d2,logspline,0.85,-1.0070853744216406,-0.970665991445756,0.12511432286865168,-1.096075491204546,-1.0490927821156109,-0.9328670332744878,-0.73471331961739,50
0,200,d2,logspline,0.86,-0.9970898035557019,-0.962104195866597,0.12261515603295063,-1.0869345567270907,-1.0400683516382916,-0.924595115377002,-0.7298966206887889,50
0,200,d2,logspline,0.87,-0.9872113040125888,-0.9536400959757235,0.12015864313193515,-1.0778701837247135,-1.0305860497396995,-0.9164202363390989,-0.7250210000213695,50
0,200,d2,logspline,0.88,-0.9774497302987537,-0.9452713352811839,0.11775524093720588,-1.0684817055225098,-1.021160010163657,-0.9083413863194709,-0.7200924160904385,50
0,200,d2,logspline,0.89,-0.9678047836274855,-0.9369957355868682,0.11541380101654469,-1.0586393944375725,-1.0125629716037297,-0.9003574911939695,-0.7151166535253997,50
0,200,d2,logspline,0.9,-0.9582760284263652,-0.928811696619994,0.11314039261132669,-1.0488691445278975,-1.003757178480648,-0.8924674225041264,-0.710099335308476,50
0,200,d2,logspline,0.91,-0.9488629071882662,-0.9207182136378678,0.11093843663338765,-1.0391720653345016,-0.9953482966389704,-0.884610186567798,-0.7050459338070227,50
0,200,d2,logspline,0.92,-0.9395647538444509,-0.9127148680827958,0.10880897139504678,-1.0295491062771354,-0.9865051767711834,-0.8764511633812834,-0.6999617808156233,50
0,200,d2,logspline,0.93,-0.9303808058172365,-0.9048018043942186,0.10675098043896634,-1.0200010728049993,-0.977683100390066,-0.8683930964080023,-0.6948520767610429,50
0,200,d2,logspline,0.94,-0.921310214891373,-0.8969794961425441,0.10476193529415334,-1.0105286408947083,-0.9689271380674553,-0.8604348714090568,-0.6897218992033257,50
0,200,d2,logspline,0.95,-0.9123520570272559,-0.8892480837589015,0.10283874772108363,-1.0011323700761652,-0.9602399300823261,-0.8525753316587432,-0.6845762107493767,50
0,200,d2,logspline,0.96,-0.9035053412251112,-0.8816070960137121,0.10097835513077967,-0.9918127151454401,-0.9516241437749098,-0.8448132844837394,-0.6794198664808604,50
0,200,d2,logspline,0.97,-0.8947690175370384,-0.8740553697874063,0.09917802838055036,-0.9825700367050354,-0.94308230958815,-0.8371475071435684,-0.6742576209857728,50
0,200,d2,logspline,0.98,-0.8862498788106117,-0.8665909247558375,0.09743569535285737,-0.9734046106556014,-0.9346166475926656,-0.8295767521189356,-0.6690941350723912,50
0,200,d2,logspline,0.99,-0.8783962228262736,-0.8592108107998148,0.09575031936261166,-0.9643931610346117,-0.9262290743379337,-0.8220997518673071,-0.6639339822351469,50
0,200,d2,logspline,1,-0.8706409704585516,-0.8519111790251711,0.09412171082353024,-0.9554613315527727,-0.9179212291866592,-0.8147152230987257,-0.658781654934153,50
0,200,d3,ecdf,0.01,Inf,Inf,NA,Inf,Inf,Inf,Inf,0
0,200,d3,ecdf,0.02,Inf,Inf,NA,Inf,Inf,Inf,Inf,0
0,200,d3,ecdf,0.03,Inf,Inf,NA,Inf,Inf,Inf,Inf,0
0,200,d3,ecdf,0.04,Inf,Inf,NA,Inf,Inf,Inf,Inf,1
0,200,d3,ecdf,0.05,Inf,Inf,NA,Inf,Inf,Inf,Inf,2
0,200,d3,ecdf,0.06,Inf,Inf,NA,Inf,Inf,Inf,Inf,3
0,200,d3,ecdf,0.06999999999999999,Inf,Inf,NA,-4.461953060425091,Inf,Inf,Inf,6
0,200,d3,ecdf,0.08,Inf,Inf,NA,-4.240981569096143,Inf,Inf,Inf,8
0,200,d3,ecdf,0.09,Inf,Inf,NA,-3.771251494233891,Inf,Inf,Inf,12
0,200,d3,ecdf,0.1,Inf,Inf,NA,-3.5743812199844984,-2.6582282299650632,Inf,Inf,14
0,200,d3,ecdf,0.11,Inf,Inf,NA,-3.19487004658739,-2.278717056567954,Inf,Inf,17
0,200,d3,ecdf,0.12,Inf,Inf,NA,-3.1894017102528784,-1.9325642817362896,Inf,Inf,21
0,200,d3,ecdf,0.13,-1.614448956823885,Inf,NA,-3.123472271166591,-2.3075961373838303,Inf,Inf,26
0,200,d3,ecdf,0.14,-1.320234897226262,Inf,NA,-3.111994366454317,-2.4188471858943714,Inf,Inf,31
0,200,d3,ecdf,0.15000000000000002,-1.3932166699409305,Inf,NA,-2.8384025488890128,-2.361016922667903,Inf,Inf,37
0,200,d3,ecdf,0.16,-1.4841771654369356,Inf,NA,-2.8103823998757913,-2.177324345996881,-0.7910299848769904,Inf,42
0,200,d3,ecdf,0.17,-1.244380437591192,Inf,NA,-2.748457834367466,-2.1048852816367942,-0.5512332570312466,Inf,44
0,200,d3,ecdf,0.18000000000000002,-1.4240738343189128,Inf,NA,-2.7712130757934696,-2.2713716947061164,-1.0186087262107484,Inf,46
0,200,d3,ecdf,0.19,-1.4985085321758729,Inf,NA,-2.641144310064427,-2.0581243201112955,-0.8053613516159275,Inf,47
0,200,d3,ecdf,0.2,-1.5196593323496288,Inf,NA,-2.5492787495307874,-1.9896629615953645,-1.008833708583638,0.08977858008447158,48
0,200,d3,ecdf,0.21,-1.5101588921320055,Inf,NA,-2.5243316871427712,-1.91562400024017,-1.104693784023841,0.28160057709604946,48
0,200,d3,ecdf,0.22,-1.615257080683279,Inf,NA,-2.4004660106716305,-1.9098832668507324,-1.1452534514375432,0.4641844609965573,48
0,200,d3,ecdf,0.23,-1.5588860182546602,Inf,NA,-2.2817701705132576,-1.9821917774952689,-1.1534209101464958,-0.4602737295865504,48
0,200,d3,ecdf,0.24,-1.5931272057601185,Inf,NA,-2.2177987968089266,-1.8860339161922202,-1.2746734746415838,-0.5815262940816386,49
0,200,d3,ecdf,0.25,-1.674965425592459,Inf,NA,-2.2547839208454015,-1.9119902504133783,-1.23313267331342,-0.8276675652052556,49
0,200,d3,ecdf,0.26,-1.6234632018036945,Inf,NA,-2.178980606137028,-1.87887601368669,-1.2810390129310694,-0.8290538891880123,49
0,200,d3,ecdf,0.27,-1.6268261738244545,Inf,NA,-2.170441620413436,-1.8274968692866056,-1.3014037733898265,-0.8158959576081256,49
0,200,d3,ecdf,0.28,-1.6631908703204523,Inf,NA,-2.121768949395744,-1.8142842496477836,-1.2517139722665793,-0.6748499664594189,49
0,200,d3,ecdf,0.29000000000000004,-1.6580842354838843,Inf,NA,-2.0431383463319213,-1.826915237862285,-1.247364285569701,-0.5390609495556468,49
0,200,d3,ecdf,0.3,-1.6427608801586133,-1.479305443974775,0.6011171235947596,-2.019807569514557,-1.8175548388686384,-1.2731791712352871,-0.674214865974839,50
0,200,d3,ecdf,0.31,-1.5867042511617917,-1.4671744438319145,0.6111339298392957,-2.042927454698102,-1.785976583793587,-1.258610086969623,-0.6395080377811813,50
0,200,d3,ecdf,0.32,-1.5769959108695253,-1.457184687032085,0.6086802304481208,-2.061060936111851,-1.7440499955326916,-1.2159825653321947,-0.8175808850171624,50
0,200,d3,ecdf,0.33,-1.559793364097195,-1.455897670019231,0.5359183166627953,-1.9879266292821771,-1.7237750542405903,-1.2675037155940756,-0.7881660268321818,50
0,200,d3,ecdf,0.34,-1.5620550519479783,-1.4472464240272438,0.5400776443088852,-1.969662137758959,-1.7503004920417526,-1.290407364307462,-0.8082225490621019,50
0,200,d3,ecdf,0.35000000000000003,-1.5334243993035193,-1.4432700652302433,0.5002394722638172,-1.9521015488996127,-1.7407442380246505,-1.2466968044906201,-0.8341452091046149,50
0,200,d3,ecdf,0.36000000000000004,-1.522745129352569,-1.4440249625013375,0.47794147292135936,-1.9213842723903336,-1.708462275147662,-1.356403910193564,-0.8674499770291199,50
0,200,d3,ecdf,0.37,-1.4973742304344104,-1.43527237278348,0.43796724999623726,-1.911296874887944,-1.666216957937211,-1.339239533332302,-0.8943781468687626,50
0,200,d3,ecdf,0.38,-1.4952951756761692,-1.434137804870398,0.4021536437741632,-1.8718638576820275,-1.656761753192071,-1.3281265802141513,-0.9018601469942034,50
0,200,d3,ecdf,0.39,-1.4794486005212217,-1.4181895527475756,0.4018083738782934,-1.841255783259373,-1.662310035336925,-1.2844454629697204,-0.8837877571350331,50
0,200,d3,ecdf,0.4,-1.4960249212231145,-1.4084565681133754,0.3618044646008239,-1.8009935061473175,-1.6183591168585258,-1.3108824880875185,-0.9082997039043758,50
0,200,d3,ecdf,0.41,-1.4716231970429583,-1.4023698247642733,0.34563258399000707,-1.7728946330379065,-1.6124792916786594,-1.2879616723901952,-0.9225480407847308,50
0,200,d3,ecdf,0.42,-1.4817691702324332,-1.4012275770679081,0.3221002044001163,-1.728897521815298,-1.6153005628569557,-1.2886560603494037,-0.9405232798311254,50
0,200,d3,ecdf,0.43,-1.4631672558440147,-1.3874468848241008,0.3153450585851052,-1.7004565067398603,-1.5735396678841116,-1.2842187379433354,-0.9480116237701219,50
0,200,d3,ecdf,0.44,-1.4528961135005165,-1.3753632116961378,0.3093593812518169,-1.657308628108663,-1.5763823798987318,-1.287934722394473,-0.8835346214383017,50
0,200,d3,ecdf,0.45,-1.4442353192112296,-1.3688588296141713,0.30771972454640745,-1.6521794146973146,-1.5742747711519076,-1.261059396694962,-0.920542530211889,50
0,200,d3,ecdf,0.46,-1.4415742594091223,-1.3573395052113004,0.28807586954129394,-1.650625179826244,-1.5465074211791952,-1.2601659091669655,-0.8829279786683759,50
0,200,d3,ecdf,0.47,-1.4434244990713196,-1.348354722520816,0.27579775177910565,-1.6089413421589986,-1.546131657930129,-1.252905389970495,-0.9105024799079819,50
0,200,d3,ecdf,0.48,-1.406406085187078,-1.3305414816271095,0.27742828546937304,-1.5953115319441324,-1.5436366945085558,-1.2287752206718396,-0.8786305941724347,50
0,200,d3,ecdf,0.49,-1.388535734203333,-1.3190030959935197,0.25839203563632973,-1.583127383589102,-1.4988796569001608,-1.2128514318977832,-0.8994010562553876,50
0,200,d3,ecdf,0.5,-1.369292200453431,-1.3052268888931926,0.25079850860332803,-1.5664179886148386,-1.4851301717566738,-1.1911719120520055,-0.8995171413812417,50
0,200,d3,ecdf,0.51,-1.348990838145311,-1.294639672657144,0.23905458293674148,-1.534381716861918,-1.474176203815381,-1.1923535657952502,-0.8852641741599365,50
0,200,d3,ecdf,0.52,-1.33105668749026,-1.2878170043672215,0.2287509430269923,-1.5419608886185754,-1.4502452047553784,-1.1774129697491467,-0.9314852923601928,50
0,200,d3,ecdf,0.53,-1.321126924206877,-1.2758673556492528,0.22807831564390052,-1.5267366627013992,-1.4405050386868155,-1.1470910028188253,-0.9233676341818895,50
0,200,d3,ecdf,0.54,-1.3179648508016883,-1.2641061394902913,0.22339005400346068,-1.5241117596957816,-1.4102160567990927,-1.1539495306945702,-0.9417822828529756,50
0,200,d3,ecdf,0.55,-1.2965320527720396,-1.251291242359284,0.21646795458385815,-1.50660904987454,-1.389891890303006,-1.1227224634803563,-0.9310506133017049,50
0,200,d3,ecdf,0.56,-1.2823845279185293,-1.239939791878045,0.20744574877278424,-1.4921209909684527,-1.3818523908752725,-1.1177591630596082,-0.9559540419439123,50
0,200,d3,ecdf,0.5700000000000001,-1.267271383459717,-1.2282291609905431,0.20345495609574107,-1.475605245736058,-1.361254659501042,-1.117978042069551,-0.9447669268761838,50
0,200,d3,ecdf,0.5800000000000001,-1.2560123257847504,-1.2134381989054268,0.20190703046225508,-1.449452819093568,-1.3550966173330015,-1.1118425349551722,-0.9296561792033671,50
0,200,d3,ecdf,0.59,-1.2502791618473572,-1.2064258714024387,0.19842356794626206,-1.440397071692618,-1.3323475949363632,-1.093942709893283,-0.9180725404396075,50
0,200,d3,ecdf,0.6,-1.243053505631867,-1.1938138175040491,0.19737262649094509,-1.4190812535371888,-1.32501190320678,-1.0890565865690112,-0.8969672855277221,50
0,200,d3,ecdf,0.61,-1.242435277595377,-1.1870710432662432,0.19049230366089767,-1.4016303015666924,-1.313663123615123,-1.0941494032122905,-0.8924945664931588,50
0,200,d3,ecdf,0.62,-1.2211132009947483,-1.176239944105378,0.18636949667729322,-1.3894034137413604,-1.2961955306957238,-1.0793849403679199,-0.8824967068837903,50
0,200,d3,ecdf,0.63,-1.2071447879154305,-1.1656060195408147,0.17955643605961588,-1.3700005737656258,-1.284358937883652,-1.0631294557965776,-0.8787931333725378,50
0,200,d3,ecdf,0.64,-1.2031147539063096,-1.1595732970859227,0.16646218626842796,-1.361359784967417,-1.2759012615928038,-1.051516225797411,-0.8999447273227651,50
0,200,d3,ecdf,0.65,-1.1944909628205749,-1.1496836121401868,0.16521061411566243,-1.3448410968943287,-1.2588127216583902,-1.0374331767068588,-0.9005714407806337,50
0,200,d3,ecdf,0.66,-1.1882307257785598,-1.1410031242605663,0.16148048841154788,-1.333855556176459,-1.2594409965571156,-1.0432967023499926,-0.8910153443079143,50
0,200,d3,ecdf,0.67,-1.1703223548357187,-1.1282495626715943,0.15854367458299512,-1.3255968885767921,-1.2371511188971562,-1.0303893288960442,-0.8806372399919588,50
0,200,d3,ecdf,0.68,-1.1582928840669147,-1.1195051154179034,0.1534881893938503,-1.3079267843661233,-1.2220430805503444,-1.0255937758030456,-0.8762933720396964,50
0,200,d3,ecdf,0.6900000000000001,-1.1444396555228993,-1.106213626470841,0.1511403630677134,-1.2982187333649158,-1.2033760527544315,-1.0182244126394187,-0.852481649672775,50
0,200,d3,ecdf,0.7000000000000001,-1.1303443135076434,-1.0950766641119698,0.14922588411072635,-1.289245540304633,-1.1860814957190007,-1.0163524249045288,-0.836944900176638,50
0,200,d3,ecdf,0.7100000000000001,-1.1187328739032822,-1.089886761724123,0.14572032986547664,-1.2809374848524073,-1.1845182726352643,-1.0104016917760295,-0.8506905293901541,50
0,200,d3,ecdf,0.72,-1.1068044398144972,-1.0800261468322825,0.14423265714198308,-1.2654847201289159,-1.181275241489661,-0.9936078928038756,-0.8481285356952901,50
0,200,d3,ecdf,0.73,-1.0908764322864575,-1.071071113920271,0.14273252039749276,-1.2560791788310783,-1.1661908200372477,-0.9880839246302928,-0.8431600387678835,50
0,200,d3,ecdf,0.74,-1.085849347823848,-1.0614741349339074,0.14022064990641017,-1.2409272125582733,-1.1645014527548874,-0.976389003570773,-0.8388860631437933,50
0,200,d3,ecdf,0.75,-1.0743470165955677,-1.050078681680016,0.1378606487572585,-1.234359951726327,-1.1468290352873058,-0.9646342553222984,-0.8323646552858546,50
0,200,d3,ecdf,0.76,-1.0660331126221554,-1.0385819136621084,0.13635032767963565,-1.2219383030220348,-1.1319495449956438,-0.9508683717767699,-0.8144615574130547,50
0,200,d3,ecdf,0.77,-1.0519131379010682,-1.0296850789421397,0.1335872703032673,-1.2076855782076248,-1.1196629355735743,-0.9424084883987398,-0.8166336267845093,50
0,200,d3,ecdf,0.78,-1.0452296880938854,-1.01897802934685,0.13158047815581903,-1.1863466966087144,-1.1137232962734633,-0.9320647089738097,-0.8079342686816424,50
0,200,d3,ecdf,0.79,-1.0360879897819748,-1.0103094005207476,0.12972007826024923,-1.1786607809000516,-1.096777675353775,-0.9261044042111557,-0.7963490249210023,50
0,200,d3,ecdf,0.8,-1.028720053642292,-1.00132554536719,0.12797604099990859,-1.1602671598249272,-1.082838703199513,-0.9301414966093076,-0.7787418686113999,50
0,200,d3,ecdf,0.81,-1.0142832152645593,-0.9921925428703007,0.125131758183825,-1.1430888387309779,-1.0739969934949838,-0.9341109566799419,-0.7732240592203955,50
0,200,d3,ecdf,0.8200000000000001,-1.0027853529011663,-0.9838588416535659,0.12186087424820559,-1.1377312265800925,-1.0631897544907376,-0.9232930254058314,-0.7715476743563757,50
0,200,d3,ecdf,0.8300000000000001,-0.9931001194053124,-0.9744352050450237,0.12053436099777969,-1.1217777270280718,-1.053618485677884,-0.9193462609682834,-0.763882392785415,50
0,200,d3,ecdf,0.8400000000000001,-0.9859440867713584,-0.9660286152103391,0.11702492663815908,-1.116298716593715,-1.0414164360251763,-0.9096811212368681,-0.750744251333954,50
0,200,d3,ecdf,0.85,-0.9769165427083889,-0.9573373278291092,0.11395956691825135,-1.0988879857362852,-1.0325427099219442,-0.899951358722521,-0.7481380028389184,50
0,200,d3,ecdf,0.86,-0.9711357138795338,-0.9498072961250049,0.11090767316504638,-1.0941186467788242,-1.0223745305004042,-0.9005836508648021,-0.7497860804682646,50
0,200,d3,ecdf,0.87,-0.9618277948650409,-0.94161202856204,0.10930784864670332,-1.0846969197155698,-1.0125673266402064,-0.8931318406345452,-0.7416560078340766,50
0,200,d3,ecdf,0.88,-0.9548665952295459,-0.9334906307780185,0.1077423921143842,-1.079099782563417,-0.9997045426280043,-0.8846808265265481,-0.7373933826242896,50
0,200,d3,ecdf,0.89,-0.9485378070427323,-0.9254140746842877,0.10589755754335774,-1.0681490918727814,-0.9903216261158188,-0.8707167535559283,-0.7313724211547161,50
0,200,d3,ecdf,0.9,-0.9397725472067127,-0.9180392671222692,0.10422851818491191,-1.0555180748959323,-0.9834546558895236,-0.8635079922829599,-0.7288537936806019,50
0,200,d3,ecdf,0.91,-0.9317200542526263,-0.9084952506878593,0.10253103047984075,-1.0441391984111026,-0.9733107510839449,-0.8553948193526865,-0.7252253891186327,50
0,200,d3,ecdf,0.92,-0.9178379365115588,-0.9003934150812095,0.09972376000936822,-1.0304028140656123,-0.9593870162138928,-0.8522840173459499,-0.7248249516199571,50
0,200,d3,ecdf,0.93,-0.9077231813930693,-0.8923223571481287,0.09763045211123454,-1.0263292251273575,-0.951803278203545,-0.8420941417690462,-0.7299322712674282,50
0,200,d3,ecdf,0.94,-0.8955914967306411,-0.8850986157288607,0.0969970718881561,-1.013276376322272,-0.9438512545637349,-0.8401070784183018,-0.7233109612959334,50
0,200,d3,ecdf,0.95,-0.8863476491611331,-0.8784880610359102,0.09333448299274627,-0.9994077028432514,-0.9362117057273059,-0.8316986776415106,-0.7222814316650125,50
0,200,d3,ecdf,0.96,-0.8798308467360059,-0.8710790751951534,0.091635519407333,-0.9889484083307616,-0.9263399151358993,-0.8307040233767484,-0.7192140143918409,50
0,200,d3,ecdf,0.97,-0.8706688143733784,-0.8629616128964265,0.0899580236815376,-0.9797520413958523,-0.9171797065809308,-0.8163588702417374,-0.711480422875856,50
0,200,d3,ecdf,0.98,-0.862851804045907,-0.8562321783442616,0.08803389286469258,-0.9728370733791085,-0.9087183842120952,-0.812067669029158,-0.7123219224967282,50
0,200,d3,ecdf,0.99,-0.8556893038919865,-0.8502325571154375,0.08775816570421244,-0.9649820877067474,-0.9026916236968329,-0.810293842063813,-0.7105037917816208,50
0,200,d3,ecdf,1,-0.8491492886699373,-0.8424168143667452,0.08512162257156204,-0.9528697480299851,-0.8940015381981091,-0.8044336867287155,-0.7015664871929734,50
0,200,d3,logspline,0.01,-9.584220497551154,-9.347546566549475,1.1360350601784994,-10.919311584461292,-10.119959456802688,-8.597469056349437,-7.079710208963098,50
0,200,d3,logspline,0.02,-7.561649471457036,-7.335136606794632,1.1107770417317202,-8.8798136617472,-8.088829225352061,-6.591456229897286,-5.127667583011597,50
0,200,d3,logspline,0.03,-6.403309768750596,-6.187535529818996,1.0845124885489645,-7.704034721061342,-6.921647686358349,-5.450320376711772,-4.043612411202018,50
0,200,d3,logspline,0.04,-5.59950094270223,-5.39503288410454,1.057299661562992,-6.88227677132916,-6.1087159757426965,-4.664355860094465,-3.3165155010893104,50
0,200,d3,logspline,0.05,-4.990484807437703,-4.797876832551508,1.029209177576801,-6.254805039461846,-5.49029810507555,-4.073817314702363,-2.786025489729057,50
0,200,d3,logspline,0.06,-4.508194043785431,-4.324894853149824,1.0003241168078507,-5.750468370621295,-4.99524136862689,-3.607540155496796,-2.382502773944053,50
0,200,d3,logspline,0.06999999999999999,-4.117781822628816,-3.938106416845542,0.9707402081152663,-5.331310761709682,-4.585588619765149,-3.2275529811985284,-2.076473719441293,50
0,200,d3,logspline,0.08,-3.7906490554722794,-3.6148252095377,0.9405657735768557,-4.9746672758361665,-4.2386806426596,-2.9111800954434983,-1.795713707706144,50
0,200,d3,logspline,0.09,-3.5121683260561065,-3.3404023504815243,0.9099217591372888,-4.665904686226687,-3.939899565446239,-2.6437850886846324,-1.5688529286158384,50
0,200,d3,logspline,0.1,-3.2650561246140786,-3.1048200555717944,0.8789427994032015,-4.395018122841867,-3.6792615588030864,-2.4153643441710133,-1.4059419423350399,50
0,200,d3,logspline,0.11,-3.047160405645275,-2.900916073787002,0.8477801458752491,-4.1548587078174295,-3.4496379536782538,-2.2243158505393748,-1.276726810545374,50
0,200,d3,logspline,0.12,-2.8604753327354646,-2.7233826695087955,0.8166029075592889,-3.9401355550602224,-3.247808348667277,-2.109532929593094,-1.1757985466633598,50
0,200,d3,logspline,0.13,-2.7070472861533204,-2.568163151637718,0.785596878041954,-3.7468185905013893,-3.0701983164089683,-2.045488535348978,-1.0990104522758153,50
0,200,d3,logspline,0.14,-2.586068804906957,-2.4320740975601476,0.7549622833182229,-3.5717633212571203,-2.9022051780924234,-1.930302802453594,-1.0431040621532444,50
0,200,d3,logspline,0.15000000000000002,-2.4692815713411207,-2.3125491505339926,0.7249182165181148,-3.412465399706604,-2.750218267785539,-1.8320625910062838,-1.005436842924875,50
0,200,d3,logspline,0.16,-2.3639223409619614,-2.2074548491708907,0.6957096433161819,-3.2668945958630893,-2.612220880014833,-1.7338848687029624,-0.983719786130197,50
0,200,d3,logspline,0.17,-2.2572278628346596,-2.114973492052535,0.667591704156333,-3.133379233287794,-2.486568272309782,-1.6368349054621305,-0.9758607699576312,50
0,200,d3,logspline,0.18000000000000002,-2.1594730870456864,-2.0335277681004458,0.6408001863025732,-3.0105237523783384,-2.4264925436223566,-1.5609733840148736,-0.9799127581347304,50
0,200,d3,logspline,0.19,-2.075798875454653,-1.961729371150836,0.6155237318038992,-2.897148639495947,-2.3354338691837215,-1.5204526538262733,-0.9547138392113108,50
0,200,d3,logspline,0.2,-2.014099825693666,-1.8983470666475342,0.5918869391204267,-2.788951392584261,-2.2529587009530077,-1.4925683143922117,-0.9382588062124861,50
0,200,d3,logspline,0.21,-1.965439531231501,-1.8422846701021764,0.5699507399498915,-2.6881890508101898,-2.186724061034623,-1.5015055011124387,-0.9298193268103503,50
0,200,d3,logspline,0.22,-1.8982103762279987,-1.792559782650967,0.5497077426548216,-2.5944269166543332,-2.133695850205793,-1.4776667602877633,-0.9282702041640543,50
0,200,d3,logspline,0.23,-1.841502055840121,-1.7482984239925576,0.5310876270732898,-2.5070231034354657,-2.086580675855679,-1.4759983160715575,-0.9251403757456211,50
0,200,d3,logspline,0.24,-1.7908280696311385,-1.708736234537773,0.5139790612538998,-2.4254163880856057,-2.0383067984265413,-1.449636765984549,-0.8976643272960381,50
0,200,d3,logspline,0.25,-1.7456232544762373,-1.6732056227944776,0.4982474136875736,-2.349113037126208,-1.983164834367047,-1.4108985960499068,-0.8757831854325948,50
0,200,d3,logspline,0.26,-1.7323653545064062,-1.641128373235813,0.48374574975024137,-2.2783063881973726,-1.9297717993791261,-1.3824773541810609,-0.8890546086414858,50
0,200,d3,logspline,0.27,-1.6867092503343613,-1.6120141925661708,0.47032724461810665,-2.2150215308940036,-1.880517210679629,-1.3407299917814968,-0.8968629302405424,50
0,200,d3,logspline,0.28,-1.637475018977388,-1.5854463826996277,0.4578542709958096,-2.1641079602903144,-1.8435470661674862,-1.3055756670108432,-0.8840522529613143,50
0,200,d3,logspline,0.29000000000000004,-1.6021217835339097,-1.5610740483374461,0.4461960797733854,-2.1170271129160296,-1.805708295918392,-1.276909537171782,-0.8750541230311039,50
0,200,d3,logspline,0.3,-1.5923197942831746,-1.5386080219818015,0.4352234656641293,-2.0678012483786574,-1.7801846566550439,-1.2545277344169952,-0.8694140684790932,50
0,200,d3,logspline,0.31,-1.5958001841887246,-1.5178099594697045,0.4248113114802827,-2.0328888220330312,-1.7454853436940383,-1.2691040701589744,-0.855185104263373,50
0,200,d3,logspline,0.32,-1.5825514053075982,-1.498482973675411,0.4148478520282868,-2.0137259956828153,-1.713665942947489,-1.2814082904637407,-0.8375767679947346,50
0,200,d3,logspline,0.33,-1.5627733447521646,-1.480461210592387,0.40523788459761373,-1.9946941580889914,-1.6844822404918516,-1.2892018575121504,-0.8400774978772684,50
0,200,d3,logspline,0.34,-1.5479769488974884,-1.4635997474513671,0.39589946020647554,-1.9736292835934874,-1.6581678303606724,-1.2848343943304834,-0.8465217020990188,50
0,200,d3,logspline,0.35000000000000003,-1.527112673600307,-1.4477711911110924,0.38676390244923975,-1.9347866886867333,-1.6417960077287521,-1.2776385960960386,-0.8541973711867518,50
0,200,d3,logspline,0.36000000000000004,-1.5056847054915745,-1.4328638942517975,0.377776758069495,-1.8975144927682281,-1.6287982750174415,-1.269284737279245,-0.8628319121384131,50
0,200,d3,logspline,0.37,-1.4857363166724638,-1.4187810956356595,0.36889905482837587,-1.8617407213640402,-1.6184745675505599,-1.2769582086536362,-0.872179958739713,50
0,200,d3,logspline,0.38,-1.4688397479809179,-1.405438154270354,0.36010605427993575,-1.8273946785303485,-1.6083807070702205,-1.2742728869850968,-0.8820200238268909,50
0,200,d3,logspline,0.39,-1.4652852392687712,-1.3927588377852353,0.3513843273489723,-1.794407552178808,-1.5983147852794888,-1.2625725771005967,-0.8921516745966183,50
0,200,d3,logspline,0.4,-1.4664183338432917,-1.3806728449651764,0.3427293359841411,-1.76271280585846,-1.5822556050499643,-1.251451952721962,-0.8999653793259936,50
0,200,d3,logspline,0.41,-1.4599463942200868,-1.369114256296326,0.3341442180441652,-1.7322464186618807,-1.569218507529709,-1.2392704230733163,-0.9009635791312512,50
0,200,d3,logspline,0.42,-1.4487790474210165,-1.358016697313165,0.325641274533376,-1.704244984641095,-1.557582927385547,-1.226621995572499,-0.9017800364739068,50
0,200,d3,logspline,0.43,-1.4358602151566966,-1.347312375288938,0.3172396645586577,-1.6782905586369767,-1.5472133453689683,-1.2148670530675987,-0.9018601765709064,50
0,200,d3,logspline,0.44,-1.4283140618402588,-1.336937821016671,0.3089595636893004,-1.6534778552119698,-1.5305374226073591,-1.200701431106905,-0.9020590330488156,50
0,200,d3,logspline,0.45,-1.4208311986385076,-1.3268351951932953,0.3008200276811355,-1.6297298962129212,-1.5134382082594222,-1.1867503168168592,-0.9023105801549317,50
0,200,d3,logspline,0.46,-1.4044012565971675,-1.3169514322741813,0.29283694408981376,-1.6076975762939232,-1.4983867435369196,-1.1791611493783332,-0.9025575980048677,50
0,200,d3,logspline,0.47,-1.386617762852624,-1.3072391329050148,0.2850221349034503,-1.590864506201716,-1.482882568974808,-1.172170689981899,-0.9027506772230786,50
0,200,d3,logspline,0.48,-1.374053738952567,-1.2976595383264802,0.277384442246588,-1.575009049419203,-1.4691527678901226,-1.1636203510189942,-0.9028473504553863,50
0,200,d3,logspline,0.49,-1.3631841989265898,-1.2881828348744933,0.2699310586718924,-1.55946161038755,-1.4564240853366142,-1.1647947733183597,-0.9028113321302743,50
0,200,d3,logspline,0.5,-1.355321874307637,-1.2787867804306752,0.26266808033594896,-1.5442492103763104,-1.4435718664283945,-1.1569180518537177,-0.9026118508261158,50
0,200,d3,logspline,0.51,-1.3470325210185266,-1.2694539648643577,0.2555998746085346,-1.5291861847108712,-1.4299284692404024,-1.1504594993890451,-0.9022230610902962,50
0,200,d3,logspline,0.52,-1.3321311758743664,-1.26016956147631,0.2487284203506764,-1.5142634116491998,-1.4173668618003794,-1.146808867258366,-0.9016235236330263,50
0,200,d3,logspline,0.53,-1.3187659329890296,-1.2509208891991836,0.24205375135712456,-1.499474439606212,-1.4057449587630175,-1.137330489644375,-0.9007957445517539,50
0,200,d3,logspline,0.54,-1.308369165853895,-1.2416972425518495,0.23557447704641657,-1.4848152058253006,-1.3940790642815397,-1.127939421781957,-0.8997257656890238,50
0,200,d3,logspline,0.55,-1.2977555358617465,-1.2324897250291684,0.22928819489403401,-1.4703708243738518,-1.381646778891668,-1.1197782009942916,-0.89840279943588,50
0,200,d3,logspline,0.56,-1.282098117168236,-1.2232910919360975,0.22319180887621182,-1.456172283649956,-1.3721952422617687,-1.11295149358006,-0.8968189023046419,50
0,200,d3,logspline,0.5700000000000001,-1.267943158020115,-1.2140956060864543,0.21728177009943325,-1.4421397895672274,-1.3626142272111088,-1.106258096373487,-0.8949686824428054,50
0,200,d3,logspline,0.5800000000000001,-1.2556029217736369,-1.2048989041279672,0.21155425231218827,-1.4282709764295927,-1.3480382475012256,-1.0995444929914178,-0.8928490369714726,50
0,200,d3,logspline,0.59,-1.2434792949569482,-1.1956977883889945,0.2060051997443897,-1.4145649881559175,-1.334342957026722,-1.0923722054486338,-0.8904589156302584,50
0,200,d3,logspline,0.6,-1.2315634651674596,-1.1864899602287515,0.20063027809831857,-1.401021687824032,-1.3215612205183664,-1.0851948900666366,-0.8877991077148943,50
0,200,d3,logspline,0.61,-1.2198468280925636,-1.1772739659433413,0.19542498409215356,-1.387640239868894,-1.3072436899545055,-1.0780072022853089,-0.8848720497195263,50
0,200,d3,logspline,0.62,-1.2051120700340394,-1.1680500560081362,0.19038522080498238,-1.3744189700925067,-1.2930196193488797,-1.0708052193570201,-0.8816816514559104,50
0,200,d3,logspline,0.63,-1.1898368489867956,-1.1588205851074445,0.18550777158662293,-1.3613555537183535,-1.2790131280873438,-1.0635863199944273,-0.8782331387271135,50
0,200,d3,logspline,0.64,-1.1780196458834,-1.1495882655581693,0.1807894397072271,-1.3484471708086305,-1.2662756832896214,-1.0563490759557912,-0.8745329108928166,50
0,200,d3,logspline,0.65,-1.1671824371428805,-1.1403559043134643,0.176226799402612,-1.3356906336228032,-1.2532879986310048,-1.0490931485992046,-0.8705884118842849,50
0,200,d3,logspline,0.66,-1.1565123231793453,-1.1311263847632325,0.1718162546502028,-1.3230824909928867,-1.2399659818569442,-1.0418189126335338,-0.8664080134157139,50
0,200,d3,logspline,0.67,-1.1466940925253981,-1.1219025367109219,0.16755416590593122,-1.3087974163849911,-1.2269318112273275,-1.034526712145992,-0.8620009093000047,50
0,200,d3,logspline,0.68,-1.1385880602341518,-1.1126871347982692,0.16343689314870824,-1.294371702220288,-1.2141736953702509,-1.0261618888467343,-0.8573770199155132,50
0,200,d3,logspline,0.6900000000000001,-1.1303800806585405,-1.1034829393406933,0.15946080610352978,-1.2829944303450298,-1.2016802748618347,-1.0174420322347855,-0.852546905989428,50
0,200,d3,logspline,0.7000000000000001,-1.1211695853035795,-1.0942927267151377,0.1556222937062692,-1.271660099844056,-1.1897069154712443,-1.008721954703777,-0.8475216909662604,50
0,200,d3,logspline,0.7100000000000001,-1.110741156675653,-1.0851193113331656,0.151917771519306,-1.2603674716657465,-1.1781313230517296,-1.0000126186059988,-0.8423129913190115,50
0,200,d3,logspline,0.72,-1.1006957128194639,-1.0759655578614047,0.14834368441773818,-1.2491157313307735,-1.1667846179432197,-0.9913234999286027,-0.8369328542381145,50
0,200,d3,logspline,0.73,-1.0928043288905807,-1.066834375043848,0.14489649852139208,-1.2379044574740645,-1.1556542826419374,-0.9840839735283886,-0.8313937022010338,50
0,200,d3,logspline,0.74,-1.0848275597305361,-1.0577287160888593,0.14157269515323942,-1.2269218701366515,-1.1447285665485045,-0.9787350402137069,-0.8257082839850663,50
0,200,d3,logspline,0.75,-1.0767615011910425,-1.0486515863854475,0.13836876747053772,-1.2162539248041275,-1.1339964425010574,-0.9733250207064716,-0.8198896317387219,50
0,200,d3,logspline,0.76,-1.0686036257835165,-1.0396060494704822,0.13528121516739014,-1.2055906306450614,-1.1234475660273744,-0.9678512652045204,-0.813951023774305,50
0,200,d3,logspline,0.77,-1.0603526496002464,-1.0305952314631892,0.13230653774842172,-1.1949345594029728,-1.113072237111203,-0.9623117221513445,-0.8079059527869009,50
0,200,d3,logspline,0.78,-1.0520084175833544,-1.021622313888084,0.12944121761460575,-1.184288533686098,-1.1028613642861544,-0.9567048952394368,-0.8017680992438067,50
0,200,d3,logspline,0.79,-1.0432559434869018,-1.0126904863351809,0.12668166623718632,-1.1736556014746415,-1.0928064308868846,-0.9510298031162622,-0.7955513097243312,50
0,200,d3,logspline,0.8,-1.0341943605568629,-1.0038029242821205,0.12402419371715864,-1.1630390123754153,-1.0828994633019842,-0.9452859415974649,-0.7892695800234026,50
0,200,d3,logspline,0.81,-1.0237841625160429,-0.9949628142185647,0.12146501738516743,-1.1524421955577142,-1.0731330010863251,-0.9388032173468542,-0.7829370428642687,50
0,200,d3,logspline,0.8200000000000001,-1.012778426542687,-0.9861734412825548,0.11900030486213305,-1.139996106120607,-1.0635000688025915,-0.9301136301463957,-0.776501512255482,50
0,200,d3,logspline,0.8300000000000001,-1.0018766841526854,-0.9774381711845852,0.11662616238550916,-1.1272581437919555,-1.0539941494726257,-0.9203328987752293,-0.7697693231349094,50
0,200,d3,logspline,0.8400000000000001,-0.9910887707660976,-0.9687602236007954,0.11433847409592231,-1.1147280555073764,-1.0444314047955223,-0.9107258288784539,-0.7630503836329128,50
0,200,d3,logspline,0.85,-0.9804231627317106,-0.9601425412303274,0.11213286163395357,-1.1024010291313486,-1.0332264060470708,-0.9012873000031758,-0.7593826513163968,50
0,200,d3,logspline,0.86,-0.9698871234516446,-0.9515876951224859,0.11000470225470192,-1.0902723665755747,-1.0236038146466069,-0.8932344010124494,-0.7570830723804512,50
0,200,d3,logspline,0.87,-0.9594868319751495,-0.9430979586085151,0.1079492628614534,-1.0783374852407772,-1.014380891373155,-0.8873972863100243,-0.7541019609156336,50
0,200,d3,logspline,0.88,-0.9507840126996704,-0.9346754624506806,0.1059618690352065,-1.0665919188109365,-1.0052280767761044,-0.88153409816108,-0.7509318767369149,50
0,200,d3,logspline,0.89,-0.9425448265661118,-0.9263222260491472,0.10403794891409464,-1.055031317493239,-0.9963838240262085,-0.8756444967036848,-0.7475897845198345,50
0,200,d3,logspline,0.9,-0.9343872350671243,-0.9180401040803263,0.10217316243621656,-1.0436514477847623,-0.9877517620886102,-0.8697284063096261,-0.744091617523784,50
0,200,d3,logspline,0.91,-0.9263123284897414,-0.9098307301052159,0.10036354394597247,-1.0324481918362953,-0.9792026944403542,-0.8637859970585078,-0.7404521436235572,50
0,200,d3,logspline,0.92,-0.9183208812817356,-0.9016955242226607,0.09860550174231432,-1.021417546474528,-0.9707349474115787,-0.8573640767480961,-0.7366850872993929,50
0,200,d3,logspline,0.93,-0.9104450170231412,-0.8936356824051612,0.0968957730092192,-1.0105556219358875,-0.9612028180797295,-0.8503169489239921,-0.7328032394498594,50
0,200,d3,logspline,0.94,-0.9031205250285124,-0.8856521756584587,0.09523139964175519,-0.9998586403584127,-0.9514469992479785,-0.8432509380012115,-0.7288185532770588,50
0,200,d3,logspline,0.95,-0.8958571130731195,-0.8777457711815986,0.0936097225942737,-0.9893229340720534,-0.9418627466367568,-0.8361688226641167,-0.7247422283006505,50
0,200,d3,logspline,0.96,-0.8886543899701895,-0.8699170493561728,0.09202837437447933,-0.9789449437225831,-0.9325798416408166,-0.8290734948070506,-0.7205847842230536,50
0,200,d3,logspline,0.97,-0.8809277864106455,-0.8621664158884017,0.09048526821332736,-0.9687212162597649,-0.9235928591620008,-0.8219679471957966,-0.716356126094292,50
0,200,d3,logspline,0.98,-0.8728443414425185,-0.8544941173631718,0.08897858691129128,-0.9586484028164659,-0.9146901034396628,-0.8145774156547338,-0.7120656019993976,50
0,200,d3,logspline,0.99,-0.8646231586313202,-0.8469002563421614,0.0875067692576771,-0.9487232565019652,-0.9058697897079016,-0.8068048943163875,-0.7077220543047176,50
0,200,d3,logspline,1,-0.8564399339717005,-0.8393848050463198,0.08606849334200421,-0.9389426301296679,-0.8971302978371045,-0.7990452064035463,-0.7033338653445285,50
