"X","N","prior","delta","lambda","delta_median","lambda_median","b0_median","b1_median","bf10","sdr10"
1,"30","1",0,0.333333333333333,1.09452614909661,0.584521112208938,0.0269627502291968,-0.13265895929855,0.448346908626982,0.554
2,"30","2",0,0.333333333333333,1.62618374119485,0.561778348975296,0.0306655857394713,-0.121890456012445,0.468591411088109,0.431
3,"30","1",0,0.333333333333333,0.932856531932324,0.616289521467807,0.0599754390843543,0.0275879532520275,0.359539694306485,0.361
4,"30","2",0,0.333333333333333,1.63156778396468,0.682351755044956,0.0635793039803723,0.0233999212836818,0.335405136029971,0.424
5,"30","1",0,0.333333333333333,0.878568734115309,0.589066033677298,-0.0960907248826369,-0.0231779666039569,0.363626798431317,0.332
6,"30","2",0,0.333333333333333,1.56134632349975,0.646705891144508,-0.103171871656078,-0.00646551712606843,0.351082810765062,0.414
7,"30","1",0,0.333333333333333,0.729667939706033,0.555433060913511,0.35636477508915,0.101693170002209,0.350164304307907,0.314
8,"30","2",0,0.333333333333333,1.56690146953964,0.678313827363773,0.356102398277091,0.117728350739222,0.325012351356207,0.387
9,"30","1",0,0.333333333333333,1.21865212378404,0.383963579874529,0.0017322438776142,0.195311343930524,0.663750399166929,0.419
10,"30","2",0,0.333333333333333,1.61379295567705,0.371332869476902,0.00449670105991277,0.207811299604448,0.701517199144269,0.906
11,"30","1",0,0.333333333333333,0.844646921733934,0.573578729817291,0.0462485616738727,0.0356708192596617,0.373154693366855,0.261
12,"30","2",0,0.333333333333333,1.59308837556845,0.67288140993191,0.0544330894758249,0.0541967538833814,0.337651283134638,0.452
13,"30","1",0,0.333333333333333,1.26552142547631,0.370867392477532,0.137238387519549,0.0042898082270485,0.982309110244639,0.868
14,"30","2",0,0.333333333333333,1.64842027573437,0.346008719506905,0.148294697540585,0.00593482817068541,1.03297702079117,1.828
15,"30","1",0,0.333333333333333,1.10407529998738,0.497232726739489,-0.0213467866034106,0.14013811632033,0.547492349769583,0.658
16,"30","2",0,0.333333333333333,1.67536694923795,0.480570533562499,-0.0275875182123329,0.132505819735448,0.563239144070853,0.548
17,"30","1",0,0.333333333333333,0.891746876866081,0.569397570292041,0.0199930796197423,0.228073600894673,0.368987415587441,0.326
18,"30","2",0,0.333333333333333,1.5720600901894,0.67883429614464,0.0212242413438263,0.235004731533356,0.327122520368091,0.334
19,"30","1",0,0.333333333333333,1.20176235332511,0.30484185142822,-0.205381825975351,-0.290125078425464,1.05155303635579,1.363
20,"30","2",0,0.333333333333333,1.59415971704059,0.299034743455035,-0.214063211680188,-0.3225344263706,1.12539819242921,0.454
21,"30","1",0,0.333333333333333,0.919553586076241,0.563385572994599,-0.200591856803011,0.0273225514692862,0.402635975375353,0.408
22,"30","2",0,0.333333333333333,1.55480857268663,0.629075184855754,-0.20364259122685,0.0235122422597474,0.3588257480281,0.372
23,"30","1",0,0.333333333333333,0.887777206172765,0.52360468788558,-0.0835109454102042,0.514100287801604,0.434260433655185,0.374
24,"30","2",0,0.333333333333333,1.51319407849562,0.585903054200254,-0.0726857946575991,0.499905328777136,0.408374070220322,0.383
25,"30","1",0,0.333333333333333,1.13539789532998,0.271099370072422,0.00772764793525347,-0.58394261448337,0.813344932958319,1.403
26,"30","2",0,0.333333333333333,1.59058721920111,0.283326839990464,0.00760077240353438,-0.608133212036778,0.80454870521338,0.758
27,"30","1",0,0.333333333333333,0.693848289042851,0.51745358935307,0.266514717842125,-0.633066159662952,0.363919324907086,0.25
28,"30","2",0,0.333333333333333,1.56697326280677,0.654693951981195,0.26872186579172,-0.619837876288268,0.353509644204315,0.392
29,"30","1",0,0.333333333333333,1.04352962400267,0.574610994212861,0.078203072482915,0.0417618556521124,0.510814027749142,0.43
30,"30","2",0,0.333333333333333,1.68824658368934,0.618192089839619,0.071999746170441,0.020766790647495,0.496449625439746,0.524
31,"30","1",0,0.333333333333333,0.932096153087536,0.588581656792147,0.095999969732412,0.140323043831913,0.41826967166636,0.378
32,"30","2",0,0.333333333333333,1.59516095909396,0.624775016409318,0.0986138481708103,0.139427619293764,0.365958499480361,0.388
33,"30","1",0,0.333333333333333,1.83614370303721,0.463391581832733,0.232132559483743,0.0239760593943456,2.16328767623766,1.939
34,"30","2",0,0.333333333333333,1.99327379957578,0.462104885839518,0.239851514230742,0.0397360164848462,2.4793333460456,2
35,"30","1",0,0.333333333333333,0.792110232737197,0.57535992845952,-0.0421942261077132,-0.398380015559033,0.391467015849489,0.245
36,"30","2",0,0.333333333333333,1.607172945456,0.680666078749804,-0.0441545485251508,-0.352285311093056,0.339182624193225,0.427
37,"30","1",0,0.333333333333333,0.990231326148397,0.583597507369936,0.0370127555735969,0.120304033251719,0.428448184499783,0.313
38,"30","2",0,0.333333333333333,1.63679754870674,0.655901618783435,0.0406541028301675,0.119823708465844,0.38091079681294,0.485
39,"30","1",0,0.333333333333333,1.49149333111348,0.397590796555926,-0.112614905698774,-0.258548438122251,1.01156630838027,1.244
40,"30","2",0,0.333333333333333,1.80161689377628,0.382148518625913,-0.124871810317932,-0.243288663963113,1.16612088699662,0.853
41,"30","1",0,0.333333333333333,1.01521258827756,0.437356447708403,-0.00627769208441371,-0.287027054718251,0.579876783677634,0.294
42,"30","2",0,0.333333333333333,1.54721534708583,0.529764968872769,-0.00942613678069945,-0.284900231022834,0.446488885225827,0.414
43,"30","1",0,0.333333333333333,0.883199725365097,0.555096535172671,0.0184160855170299,-0.493157559741611,0.378609989963885,0.35
44,"30","2",0,0.333333333333333,1.57674207273652,0.666302603290562,0.0221967345953143,-0.488201429015018,0.323106925559493,0.399
45,"30","1",0,0.333333333333333,0.940095464838763,0.550661157020291,0.0677544637452366,-0.360623282232225,0.475882968742794,0.384
46,"30","2",0,0.333333333333333,1.59999003198072,0.590576506834098,0.0731825178812041,-0.390831714521001,0.443660424657486,0.4
47,"30","1",0,0.333333333333333,0.967716670242545,0.511679481284091,-0.0812726281651903,-0.200087862010414,0.463650020105633,0.407
48,"30","2",0,0.333333333333333,1.49245574517707,0.57243086684012,-0.0846200139542458,-0.188694689795655,0.393472141561071,0.397
49,"30","1",0,0.333333333333333,1.13188419655134,0.460968290224983,-0.0583676956391585,0.097875207237153,0.55923498080131,0.517
50,"30","2",0,0.333333333333333,1.61363498095925,0.552588508295329,-0.0564760872538221,0.118200739580496,0.487909670798923,0.128
51,"30","1",0,0.333333333333333,1.43938097587025,0.461382631170281,0.00077344209046815,-0.203888856374046,1.01197193597289,1.056
52,"30","2",0,0.333333333333333,1.78442135786854,0.533180946075251,0.00484383613453182,-0.214522561609392,0.984268366368595,0.931
53,"30","1",0,0.333333333333333,1.69888815616098,0.0615176389549203,-0.111530959163573,-0.578930878086353,1.38509945453204,1.425
54,"30","2",0,0.333333333333333,1.92954309880947,0.046088624494556,-0.130937723003183,-0.711983770730732,1.85421366090035,2.115
55,"30","1",0,0.333333333333333,1.69807817993596,0.498221475215423,-0.0738450033870346,-0.0116897822329644,1.33677288855006,0.944
56,"30","2",0,0.333333333333333,1.93280595742882,0.506124088388343,-0.0762166569525507,-0.00398044728980407,1.5324285467707,0.988
57,"30","1",0,0.333333333333333,1.17974014767127,0.546323688596928,0.0476332006239987,0.0952026704171625,0.558968365641762,0.209
58,"30","2",0,0.333333333333333,1.68617846208752,0.58629338861863,0.043323638452556,0.0877524351535601,0.536329130443683,0.493
59,"30","1",0,0.333333333333333,0.841199724795358,0.551646428663615,-0.113271709782407,-0.0756834414780707,0.378322893580394,1.137
60,"30","2",0,0.333333333333333,1.53690034586843,0.637560035737659,-0.126166155735644,-0.0716341567923339,0.354410744864733,0.455
61,"30","1",0,0.333333333333333,1.57234216538387,0.362580765777677,0.00212228263937953,-0.0603844915662307,2.36879831504333,5.903
62,"30","2",0,0.333333333333333,1.82192603024517,0.340877964107645,0.00111620660031819,-0.0499495043572235,2.86097169702014,1.765
63,"30","1",0,0.333333333333333,0.890010741483712,0.598024712550862,0.0920443697689618,-0.0182546197295564,0.341661280764508,0.693
64,"30","2",0,0.333333333333333,1.57949471397741,0.682743808706487,0.0994968334304784,0.00300452116542608,0.309164068936353,0.382
65,"30","1",0,0.333333333333333,0.877716112113033,0.546772870108518,0.0358082890887624,0.0474753208903736,0.451709919826417,0.31
66,"30","2",0,0.333333333333333,1.67446392328587,0.587244988786888,0.0356833189034225,0.0432737902770743,0.450426394134977,0.477
67,"30","1",0,0.333333333333333,0.955137714501327,0.557354006140639,-0.00128621903159132,-0.0435324928755873,0.364780447447447,0.343
68,"30","2",0,0.333333333333333,1.82275983293889,0.475822468806478,-0.00875221115097948,-0.0609254631341797,0.42351087658674,0.483
69,"30","1",0,0.333333333333333,1.04142862547588,0.373890058884587,0.161369406972712,0.086690256122874,0.681552874589216,0.294
70,"30","2",0,0.333333333333333,1.54148296758934,0.427491860311473,0.162087365886665,0.0696923911759759,0.659856442016161,0.816
71,"30","1",0,0.333333333333333,1.0053450107286,0.521895046796054,0.0292218860713692,-0.00888977012395625,0.490631624295586,0.386
72,"30","2",0,0.333333333333333,1.65108350124699,0.635401796363477,0.0381430305145698,-0.0189931434084601,0.358931688499632,0.451
73,"30","1",0,0.333333333333333,0.873736891770696,0.448342642637313,-0.0414656927283509,-0.25816706458603,0.486145712697559,0.495
74,"30","2",0,0.333333333333333,1.5410034431423,0.574268218779355,-0.0449789380389031,-0.230021295093548,0.412800021163207,0.459
75,"30","1",0,0.333333333333333,0.9152157854251,0.559578032248851,-0.0254871915921435,0.184979272905455,0.429107034391865,0.354
76,"30","2",0,0.333333333333333,1.5859807613299,0.60274013644918,-0.0278953421526749,0.198728588279441,0.405522420281373,0.417
77,"30","1",0,0.333333333333333,1.2073629191927,0.509367527897423,-0.0832540087479511,-0.0549557632194107,0.674809339391803,0.935
78,"30","2",0,0.333333333333333,1.71799500798453,0.546887794487613,-0.0769097123191269,-0.0710738692274102,0.71035654858619,0.598
79,"30","1",0,0.333333333333333,1.32023366808468,0.493364758181236,-0.0369991670258035,0.0276360215695521,0.63609909043777,1.252
80,"30","2",0,0.333333333333333,1.73383201067619,0.506368101329719,-0.0355385623847184,0.0203305370944803,0.649384644496642,0.614
81,"30","1",0,0.333333333333333,1.2671032372201,0.543742591714186,0.0597712439539091,-0.220070114569024,0.568795280634265,0.476
82,"30","2",0,0.333333333333333,1.73234044245239,0.566091329913875,0.0669096867189486,-0.245532327154284,0.580015540956765,0.629
83,"30","1",0,0.333333333333333,0.868456767998976,0.515002042762975,0.0202852541945517,-0.35613156982836,0.443229351793491,0.459
84,"30","2",0,0.333333333333333,1.53626867666564,0.574120374998751,0.0200683216035614,-0.342719508082634,0.399025800997233,0.41
85,"30","1",0,0.333333333333333,1.359697499082,0.495791448493429,-0.039458825563961,0.0389185618403101,0.863861142401321,1.117
86,"30","2",0,0.333333333333333,1.76849984921667,0.54677498302942,-0.0432626719153879,0.0170857366767418,0.83278554180233,0.669
87,"30","1",0,0.333333333333333,0.829418628785438,0.455278445775486,-0.0350872053264446,0.258958807226822,0.432136824231792,0.334
88,"30","2",0,0.333333333333333,1.54768894501054,0.569076633700956,-0.0364058384998426,0.243357465814839,0.39352607800655,0.39
89,"30","1",0,0.333333333333333,1.14511510836637,0.494119776390897,0.00937665295254303,0.113419169639558,0.480023123422051,0.09
90,"30","2",0,0.333333333333333,1.58537578209204,0.568201773669601,0.011354588342792,0.116037645671758,0.44897197588959,0.494
91,"30","1",0,0.333333333333333,1.12203323893762,0.522338057478557,0.0299920778096943,-0.168560616594766,0.47122766397828,0.433
92,"30","2",0,0.333333333333333,1.5988609372945,0.597823061471248,0.0243086161426891,-0.168070115628315,0.408853047789324,0.399
93,"30","1",0,0.333333333333333,1.29849015075806,0.364954720798962,-0.230414857076523,-0.81322158161287,0.918947556652648,0.696
94,"30","2",0,0.333333333333333,1.76079243736775,0.358199901166652,-0.231703563583399,-0.837571688773894,0.960823349334638,0.907
95,"30","1",0,0.333333333333333,0.887989626847558,0.536377424152415,0.0532450085359376,0.06558969972777,0.423043957464179,0.34
96,"30","2",0,0.333333333333333,1.60010657078364,0.593371763219736,0.0616848099442995,0.0535026233522458,0.409291681231704,0.416
97,"30","1",0,0.333333333333333,0.796613115726872,0.555851339797165,0.13072273847144,1.00476901575001,0.369100822816251,0.298
98,"30","2",0,0.333333333333333,1.53374404613837,0.65144056326869,0.138683505332288,1.08256523762996,0.346092733039697,0.131
99,"30","1",0,0.333333333333333,1.03189780108275,0.537587210181543,-0.0259092681282762,0.241466466737937,0.536828140877513,0.509
100,"30","2",0,0.333333333333333,1.59272967139419,0.569308670105574,-0.0256720629330572,0.226589894225237,0.521981710103121,0.473
101,"30","1",0.5,0.333333333333333,1.02539796995389,0.625107638344622,-0.428344120623804,-0.716601691047432,0.419076752733053,0.699
102,"30","2",0.5,0.333333333333333,1.63620638215854,0.661163657276802,-0.44005614950722,-0.710308249952627,0.389874953814789,0.371
103,"30","1",0.5,0.333333333333333,0.969007139875426,0.548900197594288,-0.125372857834718,-0.388084911655669,0.424761868689161,0.372
104,"30","2",0.5,0.333333333333333,1.61929256109851,0.595544181154145,-0.136102166838843,-0.379742591596931,0.397005843894625,0.453
105,"30","1",0.5,0.333333333333333,1.03257733768841,0.487281233750683,-0.0474155743374988,0.058842275165199,0.531911122909052,1.525
106,"30","2",0.5,0.333333333333333,1.67199917757331,0.50560468040951,-0.0515204602249991,0.0396201971380993,0.586976516347854,0.557
107,"30","1",0.5,0.333333333333333,0.915234991740199,0.555600467514822,-0.0893960054224707,-0.282493641043355,0.492976731296522,0.11
108,"30","2",0.5,0.333333333333333,1.68216976373167,0.61561806082647,-0.0978192028363825,-0.324552141520901,0.435928330079413,0.425
109,"30","1",0.5,0.333333333333333,0.872869815827537,0.548837596939683,0.608447395825543,1.83907540822021,0.413982039526088,0.394
110,"30","2",0.5,0.333333333333333,1.61180233320001,0.628088458707593,0.605007498684993,1.86282610591993,0.389312136392475,0.428
111,"30","1",0.5,0.333333333333333,0.888681029554747,0.533620043759238,0.116532830909166,-0.0417782192025459,0.422083146675045,0.563
112,"30","2",0.5,0.333333333333333,1.51849946781453,0.6058815312206,0.117609747221453,-0.0679783380437307,0.380490649103887,0.396
113,"30","1",0.5,0.333333333333333,0.961757916055987,0.546645247076756,-0.0271542171448824,-0.032739651776111,0.442438159771366,0.451
114,"30","2",0.5,0.333333333333333,1.63250316209145,0.559595429763511,-0.030333662154982,-0.0235434072297793,0.430660515044497,0.452
115,"30","1",0.5,0.333333333333333,0.972461519365721,0.562800993360894,0.7839729325825,0.767552115320774,0.383309971039134,0.381
116,"30","2",0.5,0.333333333333333,1.57246868970497,0.6267337656715,0.796011724437884,0.770955634480158,0.37891500450645,0.35
117,"30","1",0.5,0.333333333333333,2.20888986512783,0.349330709797157,0.735418332258658,0.399147082296355,12.211083471977,16.617
118,"30","2",0.5,0.333333333333333,2.03193780007177,0.325580849310291,0.748625462003754,0.418839299544447,15.2132645820209,24.087
119,"30","1",0.5,0.333333333333333,0.996857652273692,0.520373889531303,0.0282817462065311,-0.3805781559644,0.42598502823246,0.335
120,"30","2",0.5,0.333333333333333,1.58857625293112,0.633241702018312,0.0259052940858456,-0.347540589240078,0.366509636831009,0.37
121,"30","1",0.5,0.333333333333333,1.63669165176705,0.562615862899997,-0.260126743027507,0.505521082819973,0.83061286056619,3.002
122,"30","2",0.5,0.333333333333333,1.82926212896687,0.564183317113943,-0.260657886809826,0.506637923170616,0.918284074120958,0.733
123,"30","1",0.5,0.333333333333333,1.25419883646641,0.568705472542683,0.639724118116201,-0.859367336929609,0.603379750265731,0.564
124,"30","2",0.5,0.333333333333333,1.76122208696294,0.593042663714975,0.642026897048218,-0.883462920719537,0.621004580161203,0.746
125,"30","1",0.5,0.333333333333333,1.19222882628919,0.590888645548871,-0.557218859426529,-1.46536417120001,0.489900733469094,0.472
126,"30","2",0.5,0.333333333333333,1.72259017537031,0.639882704322229,-0.540355826434445,-1.44571863712534,0.505122804150916,0.495
127,"30","1",0.5,0.333333333333333,0.91020906135077,0.582862332735394,0.199567459436095,0.031161431804341,0.416157147694837,0.923
128,"30","2",0.5,0.333333333333333,1.58682813764318,0.650765306418143,0.206604481736332,0.0523064668606958,0.360566384282515,0.402
129,"30","1",0.5,0.333333333333333,1.67176700218241,0.455898710134474,-0.232771425796565,0.307603759487676,1.66975772810812,2.525
130,"30","2",0.5,0.333333333333333,1.90289924858561,0.450764361148267,-0.2399054665675,0.355716423393549,1.90996128750312,3.192
131,"30","1",0.5,0.333333333333333,2.33273633662642,0.491062399092199,-0.864010809743622,0.527423150453934,3.98347646045272,4.498
132,"30","2",0.5,0.333333333333333,2.01834930188729,0.448836812289975,-0.877278490388804,0.542444213309165,4.33495615418644,3.726
133,"30","1",0.5,0.333333333333333,1.02419720733885,0.501080428091023,-0.197579437809072,0.335822258219305,0.527684288176029,0.491
134,"30","2",0.5,0.333333333333333,1.64224270718591,0.574507739100339,-0.20737410790972,0.354977856286459,0.52240563356926,0.533
135,"30","1",0.5,0.333333333333333,0.821154917941767,0.514222161697437,-0.166112583463475,0.360011323066312,0.414579975255602,0.336
136,"30","2",0.5,0.333333333333333,1.5897181667309,0.611009647385759,-0.185411330967284,0.372487461770058,0.406004862011316,0.402
137,"30","1",0.5,0.333333333333333,1.45836464288315,0.25148800444853,-0.691424490968379,1.64414358256494,1.65821725556203,2.151
138,"30","2",0.5,0.333333333333333,1.720655281776,0.267898712376453,-0.694909714167619,1.58959503339364,1.92928196465804,1.426
139,"30","1",0.5,0.333333333333333,1.28092365225109,0.394551165850279,0.0729587786682524,-0.377959277674969,0.91607543936478,0.816
140,"30","2",0.5,0.333333333333333,1.63484144727562,0.424681366923241,0.0771629356694695,-0.389951826765134,1.02912631716058,1.046
141,"30","1",0.5,0.333333333333333,1.16229212529524,0.245353138889343,-0.0301156147171154,-0.0212799284857622,0.892809343236079,0.735
142,"30","2",0.5,0.333333333333333,1.55985894749474,0.202908449549115,-0.0268162877483459,-0.0107174465428654,1.03847646138086,0.843
143,"30","1",0.5,0.333333333333333,1.13274856103911,0.417916403841648,0.0272215860903751,-0.493245784897818,0.701962743126509,0.522
144,"30","2",0.5,0.333333333333333,1.66311650860465,0.479446077643521,0.0275020703764123,-0.42760572696829,0.617598937130366,0.539
145,"30","1",0.5,0.333333333333333,1.25122057564718,0.569933378618836,0.12850746083206,-0.0244359450006409,0.568709203905232,0.544
146,"30","2",0.5,0.333333333333333,1.72551215492709,0.609580190902767,0.124998710144074,-0.0422687529761018,0.567072386120724,0.609
147,"30","1",0.5,0.333333333333333,1.18243170630108,0.445622229440044,0.0960296533666571,-0.220757438187454,0.608802744394002,0.386
148,"30","2",0.5,0.333333333333333,1.68286630732902,0.448240620390465,0.0910868176519386,-0.214720261243593,0.62544550823282,0.567
149,"30","1",0.5,0.333333333333333,0.900197059378381,0.565770201154805,0.0494240762840185,-0.0735790742630806,0.3933911523477,0.374
150,"30","2",0.5,0.333333333333333,1.59967896746425,0.609320424327229,0.0495692320739491,-0.0783980623974517,0.380598565644811,0.425
151,"30","1",0.5,0.333333333333333,0.86301502862597,0.499979644380944,0.913479070890211,0.374123120490795,0.41587032367705,0.43
152,"30","2",0.5,0.333333333333333,1.5884398520412,0.60645007492137,0.906796981097044,0.357149125995314,0.394191074735451,0.408
153,"30","1",0.5,0.333333333333333,0.924546021850376,0.564701915302549,-0.0601770955281856,-0.433107000466489,0.384347530460767,0.343
154,"30","2",0.5,0.333333333333333,1.5906657422578,0.647619864450104,-0.0600552834393281,-0.453627331156323,0.345155835329241,0.38
155,"30","1",0.5,0.333333333333333,1.04189854281132,0.4806624585935,-0.0256502848544083,0.24423298844114,0.622427237326812,0.609
156,"30","2",0.5,0.333333333333333,1.66590250105149,0.604694278952361,-0.0250731293014268,0.253066101506589,0.508826374598211,0.49
157,"30","1",0.5,0.333333333333333,0.886088255656801,0.587930706643072,0.660019930348479,0.557247823496504,0.342588414113645,0.327
158,"30","2",0.5,0.333333333333333,1.57520132742216,0.65792506793876,0.67943380241733,0.572234184218548,0.331320392476157,0.39
159,"30","1",0.5,0.333333333333333,1.17121547665973,0.574105762430728,-0.200363072539324,-0.598187861837848,0.521910697335732,0.444
160,"30","2",0.5,0.333333333333333,1.68638564618772,0.609426814135351,-0.206797211231773,-0.619656061781674,0.5009262490106,0.495
161,"30","1",0.5,0.333333333333333,1.06687507325457,0.542132069669521,0.608867312628795,-0.127464592304259,0.487754413616155,0.435
162,"30","2",0.5,0.333333333333333,1.64952946374755,0.621333959445542,0.605025083046347,-0.151522873756232,0.47965445484639,0.499
163,"30","1",0.5,0.333333333333333,1.05892724380948,0.501105681019477,0.149190822327326,-0.502018394411224,0.487161535649066,0.831
164,"30","2",0.5,0.333333333333333,1.59997677188406,0.576716223417758,0.159180784373431,-0.488840901282133,0.456569707193845,0.412
165,"30","1",0.5,0.333333333333333,0.956881286297399,0.509748346425531,0.430198661879593,0.24652493520729,0.46093278550355,0.54
166,"30","2",0.5,0.333333333333333,1.61409516003355,0.576428002375997,0.435979494176244,0.258146977243788,0.471812113293487,0.473
167,"30","1",0.5,0.333333333333333,1.13747079628672,0.505403104300665,0.276006290221404,-0.174019584211632,0.6433231753969,0.2
168,"30","2",0.5,0.333333333333333,1.73449028632174,0.578333394967158,0.276368798789154,-0.160001373317879,0.657796253079038,1.149
169,"30","1",0.5,0.333333333333333,1.71191955324697,0.525677238180245,0.333706737484417,-1.49764745504543,1.0803239451035,1.474
170,"30","2",0.5,0.333333333333333,1.86870536177345,0.484549411187924,0.343096446976426,-1.5534598409092,1.21487326418812,0.976
171,"30","1",0.5,0.333333333333333,1.01663963328114,0.438288630801225,-0.0523213103236603,-1.04908548648832,0.516099140952736,0.822
172,"30","2",0.5,0.333333333333333,1.52225999682555,0.531685238788721,-0.0522070950638198,-1.01018289382159,0.462215278640636,0.448
173,"30","1",0.5,0.333333333333333,1.42072463013859,0.521292291204024,0.0357335373027559,-0.3911691661091,0.812257497116679,1.554
174,"30","2",0.5,0.333333333333333,1.75355504857373,0.521724562243644,0.0386512668689504,-0.388805517877081,0.836977108826164,1.072
175,"30","1",0.5,0.333333333333333,1.01618241547862,0.588903797321943,-0.0321559916894522,0.0433860037716156,0.479375402051358,0.082
176,"30","2",0.5,0.333333333333333,1.71364769281812,0.62226138238458,-0.035373529829885,0.0172589440762512,0.475189831330539,0.55
177,"30","1",0.5,0.333333333333333,1.3473002368656,0.486038354962242,0.174515701041547,-0.0730166218711897,0.793061899254279,0.597
178,"30","2",0.5,0.333333333333333,1.67087910633329,0.520738238681182,0.178638301516786,-0.0730305384072534,0.815955492866771,0.575
179,"30","1",0.5,0.333333333333333,0.988862254914261,0.525093986311065,0.0180179650083891,0.2168022247581,0.434928581644161,0.102
180,"30","2",0.5,0.333333333333333,1.65595848265642,0.559176538589121,0.0202169174162454,0.228662420632075,0.42536527803085,0.452
181,"30","1",0.5,0.333333333333333,1.59034968599826,0.542591364092059,-0.190713551329196,1.64909088544194,1.06130918908917,0.896
182,"30","2",0.5,0.333333333333333,1.88775005793212,0.541560678293484,-0.182927689106928,1.65079035978299,1.24456506915424,4.159
183,"30","1",0.5,0.333333333333333,0.971422449164684,0.50541080496857,-0.0109421062222441,-0.108325934638713,0.467019598002701,0.487
184,"30","2",0.5,0.333333333333333,1.62120191671435,0.372075836384603,-0.00992104239036083,-0.166698397294112,0.527078619820791,0.539
185,"30","1",0.5,0.333333333333333,0.962514866645297,0.47058479783085,-0.00835888898108267,-0.00437419768969349,0.426469152256974,0.174
186,"30","2",0.5,0.333333333333333,1.60421876547223,0.571078540071708,-0.010949890146401,-0.00974983891975262,0.394581943987466,0.435
187,"30","1",0.5,0.333333333333333,1.27520883449476,0.361074202047229,0.00278774115277769,-0.0599066749598191,1.26372646065973,1.377
188,"30","2",0.5,0.333333333333333,1.72141385973621,0.379613857045596,0.00210927139871645,-0.0486397167337086,1.34309735485985,1.367
189,"30","1",0.5,0.333333333333333,0.937264746918256,0.538691629892335,-0.453407612520009,-0.465588847406801,0.484231775762997,0.374
190,"30","2",0.5,0.333333333333333,1.63672751301836,0.574702351799831,-0.457554629829339,-0.471161624361164,0.454694706920041,0.453
191,"30","1",0.5,0.333333333333333,1.61973711624646,0.419517527766712,0.0624787665227559,-0.173563084026816,1.83368863047245,0.894
192,"30","2",0.5,0.333333333333333,1.82157679413531,0.415547235773046,0.0607364519391681,-0.177527329236258,2.13624139108231,1.812
193,"30","1",0.5,0.333333333333333,1.62376977428472,0.223124095670452,0.0887334049895794,0.148956944889712,1.52621834782035,1.486
194,"30","2",0.5,0.333333333333333,1.80196494265614,0.203379743325779,0.0949305811788806,0.157832559577506,1.7696918149885,1.686
195,"30","1",0.5,0.333333333333333,1.35590778151208,0.558298881761775,0.611921804546673,-0.542501841544952,0.836254334016054,0.593
196,"30","2",0.5,0.333333333333333,1.83153597683731,0.547625426501847,0.619199826307613,-0.567978417742616,0.878503582225568,0.723
197,"30","1",0.5,0.333333333333333,2.03834861528709,0.468605379063256,0.554634071375637,-0.839980168925136,3.52927470271053,2.617
198,"30","2",0.5,0.333333333333333,2.06116697336189,0.450524775394422,0.559931779564539,-0.825925751475163,4.23082692106237,3.144
199,"30","1",0.5,0.333333333333333,1.38780279181993,0.566662619154237,0.29463898666535,1.67118162360047,0.710612241567781,0.53
200,"30","2",0.5,0.333333333333333,1.79419908568611,0.589050731909901,0.306466327452287,1.70675434740908,0.771403405603696,0.708
201,"30","1",1,0.333333333333333,1.21268477139964,0.583616489099816,-0.954811712287483,-1.48989652822467,0.487072979439184,0.164
202,"30","2",1,0.333333333333333,1.67902400899705,0.628994202694284,-0.953842182126535,-1.491943372079,0.483538053141662,0.265
203,"30","1",1,0.333333333333333,1.24867154047182,0.498901879575769,-0.525952955453161,-1.51149616514524,0.672754656850004,2.446
204,"30","2",1,0.333333333333333,1.73558525598735,0.50844131721526,-0.531643577606209,-1.49373265448404,0.674629772238091,0.632
205,"30","1",1,0.333333333333333,0.820467971898805,0.458718299330885,-0.174407810659469,-0.0876364599959151,0.465221303566373,0.433
206,"30","2",1,0.333333333333333,1.62295536765996,0.549389679120256,-0.164441370761423,-0.11657914146778,0.468788967748263,0.512
207,"30","1",1,0.333333333333333,1.42489258631231,0.550534063869194,-0.153266579756601,-0.67095443113778,0.743700974784307,0.687
208,"30","2",1,0.333333333333333,1.74359612381439,0.580057148326065,-0.146207747602408,-0.674706503519843,0.710875903402426,0.043
209,"30","1",1,0.333333333333333,1.07364321795101,0.512257663986651,0.991219309111378,3.40563791169895,0.47812564928809,0.765
210,"30","2",1,0.333333333333333,1.67468755967694,0.552752832221702,0.998653679954031,3.47116810978238,0.470540439764439,0.489
211,"30","1",1,0.333333333333333,0.955939112712733,0.532522384100534,0.420235426316642,0.153260478099925,0.423417990164533,0.222
212,"30","2",1,0.333333333333333,1.57056148797059,0.576626898301574,0.414806228515546,0.162357238542588,0.407390043239333,0.43
213,"30","1",1,0.333333333333333,1.10080908590231,0.445657166030853,-0.0153311322091372,-0.0199368642883828,0.58268521036259,0.525
214,"30","2",1,0.333333333333333,1.7056785684742,0.498509077188571,-0.0114707819183468,-0.000824390861452425,0.481965972328014,0.565
215,"30","1",1,0.333333333333333,1.14756651760422,0.509807082370453,1.56110781227372,1.14137335280419,0.613617228321028,0.447
216,"30","2",1,0.333333333333333,1.66583176071413,0.51912135562615,1.57885935634931,1.18330645121403,0.619978430441671,0.544
217,"30","1",1,0.333333333333333,2.70545342020906,0.346455295703159,1.5750580688817,1.10116827770762,191.810631433029,153.926
218,"30","2",1,0.333333333333333,2.24137715101868,0.316424187240098,1.56854566427641,1.07725143069834,229.181370726416,60.45
219,"30","1",1,0.333333333333333,1.02909524557617,0.582935178024816,0.129333204475171,-0.920075157584919,0.404275819443054,0.375
220,"30","2",1,0.333333333333333,1.62802068333718,0.672024463638694,0.132730076124707,-0.943060302560007,0.364763306675891,0.311
221,"30","1",1,0.333333333333333,2.05740158772823,0.491457496683143,-0.49459843623313,1.31624705204208,2.912491993423,3.948
222,"30","2",1,0.333333333333333,2.02062849922919,0.485403432990721,-0.494400671287742,1.30845310011857,3.41697144238467,2.592
223,"30","1",1,0.333333333333333,1.75736184164957,0.467696114857831,1.2437598152455,-2.0783677736583,2.24368389328643,1.774
224,"30","2",1,0.333333333333333,1.94049265262119,0.460637768720641,1.25920923404775,-2.04420842930437,2.42210461765502,2.233
225,"30","1",1,0.333333333333333,1.24213899972609,0.555736824717499,-1.23010126273035,-1.91156766368146,0.530365498423596,0.478
226,"30","2",1,0.333333333333333,1.76232591091004,0.613037866668064,-1.23029440431608,-1.92832885680013,0.545416131102846,0.651
227,"30","1",1,0.333333333333333,0.944387902841334,0.505235469570566,0.688646832501969,0.224417909356803,0.461518974086583,0.368
228,"30","2",1,0.333333333333333,1.59754729609727,0.628319921035683,0.683230744362253,0.204425404930555,0.405949836491956,0.467
229,"30","1",1,0.333333333333333,2.03577719544491,0.44719480038115,-0.949859691495253,1.42690190182837,4.2725605759924,7.548
230,"30","2",1,0.333333333333333,1.98597687101748,0.417356187817833,-0.946536608656606,1.42481570026047,5.20956935879417,4.692
231,"30","1",1,0.333333333333333,2.84493096288139,0.451622920233709,-2.28333924259626,0.98200054291674,54.2742750564233,55.678
232,"30","2",1,0.333333333333333,2.33197819574956,0.404917284332426,-2.29902523610769,0.995769967761662,61.0663165857365,14.231
233,"30","1",1,0.333333333333333,0.934183228316662,0.554566860171451,-0.802358342521562,1.39805638029697,0.452844009196306,0.343
234,"30","2",1,0.333333333333333,1.59651804561921,0.613506746032116,-0.809563046613282,1.40018165021193,0.411212577249691,0.406
235,"30","1",1,0.333333333333333,1.39686568179992,0.492581608779544,-0.510309857357072,0.810155977354184,0.937580047148813,0.653
236,"30","2",1,0.333333333333333,1.7864783806933,0.513198264641144,-0.508938061464653,0.793065277711321,1.02518811055126,0.711
237,"30","1",1,0.333333333333333,1.76151626379709,0.224867747632818,-1.35999564379115,2.71061829822991,6.8736910385433,6.013
238,"30","2",1,0.333333333333333,1.86463947343928,0.226965446869663,-1.37852479134696,2.72947404304062,8.99005297810524,7.276
239,"30","1",1,0.333333333333333,1.23254900194028,0.437930301585712,0.224974992612687,-0.0973803753191993,0.726361368073821,0.749
240,"30","2",1,0.333333333333333,1.55277830990455,0.439873522995681,0.242395142317657,-0.111648507905129,0.766890191048814,0.619
241,"30","1",1,0.333333333333333,1.44251741706429,0.177428140440696,-0.0988507062339088,0.0724097712258688,4.89056902533806,8.517
242,"30","2",1,0.333333333333333,1.67161940307405,0.183680108163768,-0.102754767803686,0.0649023535059564,6.14954207058494,3.442
243,"30","1",1,0.333333333333333,1.67985139587621,0.39110900717026,0.0699502946775881,-1.74414599053502,1.2337244017872,1.224
244,"30","2",1,0.333333333333333,1.80435735607747,0.383295846248284,0.0706036878521968,-1.75632182004897,1.33298194635349,1.18
245,"30","1",1,0.333333333333333,1.80694909874387,0.547210363600744,0.200057186110226,-0.108997310800372,1.22078286431108,1.285
246,"30","2",1,0.333333333333333,1.93208127410577,0.528782347877888,0.192730245827516,-0.0934735705135362,1.33125369027359,0.948
247,"30","1",1,0.333333333333333,1.26932756677643,0.461559324713559,0.0789777228702476,-0.133256807062348,0.658682550583893,0.63
248,"30","2",1,0.333333333333333,1.70491507174579,0.464774128987237,0.0830082536830298,-0.176781457980192,0.678408450539185,0.596
249,"30","1",1,0.333333333333333,1.05164526802951,0.45476138614366,0.27548556637643,-0.532842986987157,0.611027359135651,0.406
250,"30","2",1,0.333333333333333,1.63242146202661,0.531945402141303,0.299614521316073,-0.525738827975093,0.627939459256416,0.522
251,"30","1",1,0.333333333333333,0.942033302787188,0.440565244935679,1.56425409902921,0.578777294959302,0.481659644233456,0.494
252,"30","2",1,0.333333333333333,1.56985260921682,0.517463932562402,1.58347765119796,0.617336994668009,0.473463446474113,0.443
253,"30","1",1,0.333333333333333,0.984597449216882,0.541456676581473,-0.0972397061847151,-0.84769150661726,0.457384728803909,0.381
254,"30","2",1,0.333333333333333,1.64117024911559,0.628312606832718,-0.0946145006315015,-0.804973262847735,0.425553657667634,0.374
255,"30","1",1,0.333333333333333,1.40105118535708,0.495010386255583,-0.0438105595380047,0.126061420452965,0.858818972573992,0.215
256,"30","2",1,0.333333333333333,1.72618462933353,0.530739630176901,-0.0446934008646043,0.130751732988982,0.871118885750965,1.307
257,"30","1",1,0.333333333333333,0.919148515909961,0.585545941930182,1.49869980437043,0.559900578138597,0.402185186548057,0.365
258,"30","2",1,0.333333333333333,1.63444206063921,0.64748225952648,1.52561219400269,0.578712191904393,0.405722375758023,0.432
259,"30","1",1,0.333333333333333,1.16421599618948,0.541027061341913,-0.857798091091046,-1.83613638954569,0.578897401588562,0.937
260,"30","2",1,0.333333333333333,1.6972643906731,0.57593698302665,-0.857145405658027,-1.8734847230276,0.561014885470397,0.486
261,"30","1",1,0.333333333333333,1.0127381718144,0.550901616866744,1.51776053382215,-0.151940658392577,0.459861220122509,0.429
262,"30","2",1,0.333333333333333,1.69761220352628,0.622876077239432,1.51964975184646,-0.19881036783011,0.469554386867341,0.086
263,"30","1",1,0.333333333333333,1.58855480554141,0.390060183341907,0.566899811127939,-1.59438702368009,1.26896271576659,2.197
264,"30","2",1,0.333333333333333,1.7439329232259,0.455055287418804,0.538574481566118,-1.49210032526012,1.0755852419762,1.277
265,"30","1",1,0.333333333333333,1.18540993990088,0.427832549638854,1.34097712489965,0.994262507963383,0.747457868270085,0.808
266,"30","2",1,0.333333333333333,1.68481760066301,0.460181557233688,1.36678002675063,1.06353832746905,0.768943108707627,0.885
267,"30","1",1,0.333333333333333,1.3706988516546,0.511210788352811,0.857410560871056,-0.357199641145587,0.906920138935341,0.234
268,"30","2",1,0.333333333333333,1.80433381621063,0.528824967824092,0.84998299005324,-0.330226739811074,0.90364603518672,0.753
269,"30","1",1,0.333333333333333,2.3224204765527,0.422648562729536,0.898627451882348,-3.01560717969161,3.18857835242573,53.8
270,"30","2",1,0.333333333333333,2.10411497800279,0.388098628249686,0.895558646697514,-3.0532428823561,3.6183739602165,3.538
271,"30","1",1,0.333333333333333,1.20581078918408,0.386877038578319,0.0177609216924835,-1.42236659414701,0.909981346724625,0.957
272,"30","2",1,0.333333333333333,1.65327618414242,0.363178430188062,0.0150926769104758,-1.53769888709405,1.05386050418122,1.013
273,"30","1",1,0.333333333333333,1.44912519289359,0.463977566813732,0.0558805973135103,-0.493332107590888,1.12353252769497,1.043
274,"30","2",1,0.333333333333333,1.79948805700339,0.460780212052425,0.0512026346137365,-0.490963076330866,1.19079589871473,1.055
275,"30","1",1,0.333333333333333,1.31375345546144,0.440221762567272,-0.104547383436076,-0.0899501024296897,0.835436515821475,0.636
276,"30","2",1,0.333333333333333,1.71791961682631,0.522597713561024,-0.0958193027685421,-0.0862340044324252,0.696842795726713,0.583
277,"30","1",1,0.333333333333333,1.50357071915816,0.511762138406779,0.854428034831729,0.401475420487219,1.01368283725699,1.159
278,"30","2",1,0.333333333333333,1.7707822168729,0.495744952462122,0.869949063732581,0.401770298424909,1.07894207608305,1.097
279,"30","1",1,0.333333333333333,0.937624038111198,0.543913556787312,0.148732550456356,0.361511331549541,0.424431625620685,0.351
280,"30","2",1,0.333333333333333,1.60979419132607,0.609426092463657,0.15019651976573,0.367264883974991,0.380688232270593,0.38
281,"30","1",1,0.333333333333333,2.27922685278408,0.507420670217501,-0.425074515704656,3.74970252111813,4.91795967644226,3.866
282,"30","2",1,0.333333333333333,2.04388690217892,0.459619292867924,-0.423897701187335,3.77056606504608,5.64321483940197,7.751
283,"30","1",1,0.333333333333333,1.04173843960555,0.405349229889549,-0.04168945201306,-0.0782594456649787,0.55622330194743,0.516
284,"30","2",1,0.333333333333333,1.60594954295705,0.349634463531158,-0.0541458677732223,-0.10880176882997,0.572037931301477,0.548
285,"30","1",1,0.333333333333333,0.886018684679971,0.516434553489068,-0.136164204074513,0.370464380726684,0.448997080346292,0.344
286,"30","2",1,0.333333333333333,1.5604591934052,0.582938101891316,-0.142768134570639,0.394309513270082,0.407900515481323,0.433
287,"30","1",1,0.333333333333333,1.77702835838318,0.305050065074399,0.0773265132959722,-0.0027250064751703,3.35570515212253,10.261
288,"30","2",1,0.333333333333333,1.79858116239408,0.327700064088062,0.0684366100780481,-0.00817663878347822,4.14028271146749,5.07
289,"30","1",1,0.333333333333333,1.11994858425211,0.444505375960536,-1.07508552958543,-2.08252937055566,0.667789457488498,0.424
290,"30","2",1,0.333333333333333,1.63120535874952,0.47081380530864,-1.08021795093364,-2.09730126225436,0.642838639957068,0.535
291,"30","1",1,0.333333333333333,1.71259453606426,0.416106094990391,0.361529948492307,-0.676102751332259,2.67976526760749,2.209
292,"30","2",1,0.333333333333333,1.89341230571344,0.425183486848344,0.352140931693371,-0.648231860631225,3.20894172073139,4.979
293,"30","1",1,0.333333333333333,1.62007766358291,0.243497726628008,0.30186996737807,0.530170293656931,1.3566221684886,1.321
294,"30","2",1,0.333333333333333,1.86037662350467,0.221151781296857,0.308991110870692,0.572148459262638,1.52861807468075,1.178
295,"30","1",1,0.333333333333333,2.31668483306027,0.495237451059798,1.44084095431806,-2.09887820492513,5.79398790735267,6.674
296,"30","2",1,0.333333333333333,2.10813601509021,0.469890979683165,1.44083465396935,-2.08449556032121,6.76846350411771,7.311
297,"30","1",1,0.333333333333333,2.7487396139786,0.508206448968928,1.13102537719816,-1.59524685417806,10.8782306556682,20.601
298,"30","2",1,0.333333333333333,2.20142001426805,0.45063069184921,1.13455503181333,-1.57730621626143,12.5048001227742,10.091
299,"30","1",1,0.333333333333333,2.62307105320163,0.521110978167214,0.381122941638892,3.33283897991613,8.25861731480679,8.66
300,"30","2",1,0.333333333333333,2.18117074761086,0.478715165977735,0.378412439057151,3.28281793048313,9.46593002635693,7.59
301,"30","1",1.5,0.333333333333333,1.44163791321743,0.564917223161045,-1.4188707252819,-2.23630515567148,0.672093231806211,0.765
302,"30","2",1.5,0.333333333333333,1.76768505089429,0.583830055711982,-1.41511975582213,-2.2108658856418,0.681330869201911,0.667
303,"30","1",1.5,0.333333333333333,1.68459285949185,0.430943476417441,-0.890804271721969,-2.5532359301344,1.57449040324535,1.351
304,"30","2",1.5,0.333333333333333,1.94146825780767,0.424985752397452,-0.891429281566006,-2.57809386366947,1.79119923807352,1.481
305,"30","1",1.5,0.333333333333333,0.918521448042322,0.537838523158917,-0.413349347066153,-0.418636399093068,0.444129718194419,0.466
306,"30","2",1.5,0.333333333333333,1.61385746541155,0.572496311299034,-0.392910291823399,-0.404730302508118,0.421544401813403,0.446
307,"30","1",1.5,0.333333333333333,1.7836194370434,0.536792677943618,-0.177182005016226,-1.03112180646552,1.25125776050965,1.672
308,"30","2",1.5,0.333333333333333,1.88460321950651,0.530741407998111,-0.193105960763311,-1.03923507844868,1.32698722183799,0.871
309,"30","1",1.5,0.333333333333333,1.56157985165359,0.438607289884187,1.32870642227744,4.87885955770596,1.01234898532394,1.096
310,"30","2",1.5,0.333333333333333,1.84001650652584,0.433975792838052,1.33958194335886,4.9232101627404,1.08156497767157,0.807
311,"30","1",1.5,0.333333333333333,1.04450110615308,0.495591180093287,0.78669214053589,0.555153430253178,0.477197927208363,0.613
312,"30","2",1.5,0.333333333333333,1.57311988140536,0.512818449998687,0.808595186763579,0.579384399686794,0.480449576714477,0.427
313,"30","1",1.5,0.333333333333333,0.962653796032121,0.440309094945411,0.0154461149616844,0.0531152522519782,0.54445638016586,0.497
314,"30","2",1.5,0.333333333333333,1.64484106356333,0.466683601839781,0.0210050529133955,0.0637816696302593,0.530211338358158,0.525
315,"30","1",1.5,0.333333333333333,1.5771935414627,0.413443644084027,2.27279922457364,1.50075973387798,1.37325047295001,1.43
316,"30","2",1.5,0.333333333333333,1.78862368955197,0.41195239199934,2.31689408310276,1.5474754451075,1.58760526178775,1.375
317,"30","1",1.5,0.333333333333333,3.07907162082334,0.35266468380616,2.31286752054673,1.72844409924142,2441.51756744859,2229.683
318,"30","2",1.5,0.333333333333333,2.4402265372043,0.316018435359193,2.32043314993072,1.74065662716648,2774.43794820801,648.891
319,"30","1",1.5,0.333333333333333,1.3527085893058,0.574558179714761,0.255063250238607,-1.98817605999027,0.60867688928299,0.504
320,"30","2",1.5,0.333333333333333,1.73144136207369,0.600347180954114,0.253053682755715,-2.02902881095829,0.581273682795814,0.622
321,"30","1",1.5,0.333333333333333,2.61445549901522,0.468379119203622,-0.702110536796002,2.12031777181784,19.0277149573003,51.096
322,"30","2",1.5,0.333333333333333,2.18327494275903,0.41956744086294,-0.699545969328015,2.09769879457968,22.22684866312,45.842
323,"30","1",1.5,0.333333333333333,2.44725761917489,0.414897925223239,1.80476682227189,-3.14241485143386,14.7518036982075,7.108
324,"30","2",1.5,0.333333333333333,2.11401248014371,0.3791017008722,1.807612494525,-3.15966970831954,17.3813414798806,36.035
325,"30","1",1.5,0.333333333333333,1.06175695632724,0.525990274263243,-1.8535647940474,-2.25220239664852,0.562668521794399,0.396
326,"30","2",1.5,0.333333333333333,1.75987619877191,0.598713464226079,-1.87809021775503,-2.23963312693274,0.59618721332509,0.624
327,"30","1",1.5,0.333333333333333,1.01651362786981,0.512245038922313,1.05455691387774,0.280917339156878,0.553760013331245,0.405
328,"30","2",1.5,0.333333333333333,1.60292895190908,0.581229202470755,1.06752936418246,0.257646204618889,0.498105950914324,0.633
329,"30","1",1.5,0.333333333333333,2.57419028169447,0.383702109551718,-1.61134540003048,2.43814911354098,13.08424482412,64.652
330,"30","2",1.5,0.333333333333333,2.11265534152508,0.392274628775105,-1.57930947163158,2.35507189536753,16.1948485183652,8.758
331,"30","1",1.5,0.333333333333333,3.71212986791918,0.452633668189995,-3.66678238850748,1.37139422946528,931.997059926698,416.293
332,"30","2",1.5,0.333333333333333,2.52526324667718,0.37238611259823,-3.6351157033018,1.39249122194643,918.892872413455,65.501
333,"30","1",1.5,0.333333333333333,0.96230892199854,0.550433275439922,-1.38287413328448,2.24106151549003,0.398561661291664,0.264
334,"30","2",1.5,0.333333333333333,1.57444226525991,0.646730677339467,-1.38592332502734,2.27892691797604,0.358033202575835,0.407
335,"30","1",1.5,0.333333333333333,2.10077562479922,0.427018510123136,-0.934992344677558,0.980296772380951,7.76484431094244,3.8
336,"30","2",1.5,0.333333333333333,1.98826932520906,0.392835821548498,-0.949740069607804,1.0092954226838,9.48659148255606,5.698
337,"30","1",1.5,0.333333333333333,2.1222964548002,0.225468976683672,-2.08272529137697,3.6858124199065,43.4201019064229,1155893.397
338,"30","2",1.5,0.333333333333333,2.0201340242868,0.223785937033088,-2.06902206637461,3.66399599236172,58.9205413988443,94.711
339,"30","1",1.5,0.333333333333333,1.07665870313785,0.390547534748256,0.445756032096465,0.215110683882023,0.678380078853801,0.733
340,"30","2",1.5,0.333333333333333,1.55600038194735,0.455868339517567,0.471752665863801,0.22454286100949,0.693671551168667,0.599
341,"30","1",1.5,0.333333333333333,1.75531706617296,0.18916266183048,-0.210451130338082,0.217160594194046,74.4794237964723,39.42
342,"30","2",1.5,0.333333333333333,1.87560766224752,0.186520138442475,-0.212506178582022,0.224782685349875,100.208133332566,88.079
343,"30","1",1.5,0.333333333333333,1.88157382525422,0.335690285358391,0.130766834416651,-3.14021354351263,3.83641583934223,10.19
344,"30","2",1.5,0.333333333333333,1.92225452938354,0.305972416942566,0.153016429124233,-3.16241929311969,4.54535828484384,5.554
345,"30","1",1.5,0.333333333333333,2.35393633334163,0.478593369825538,0.319078599163094,-0.130385607766204,3.62553621452767,14.377
346,"30","2",1.5,0.333333333333333,2.08282231815345,0.462735232137276,0.330251629530851,-0.143787014544498,4.08140107983462,3.047
347,"30","1",1.5,0.333333333333333,1.21140883701113,0.418336616962133,0.0765562382260442,-0.146377432384774,0.750621613806354,0.806
348,"30","2",1.5,0.333333333333333,1.74342814416776,0.465941214766738,0.0804172984031383,-0.133195923788946,0.800836498435075,0.669
349,"30","1",1.5,0.333333333333333,1.67453330446196,0.418659217409944,0.772789807504164,-1.30660840969449,1.91509524845425,2.423
350,"30","2",1.5,0.333333333333333,1.83320777373434,0.423197873388281,0.758060398184341,-1.29519177692874,2.30288387964346,5.311
351,"30","1",1.5,0.333333333333333,1.12035680551452,0.401762847479973,2.23476075639785,1.01234317307784,0.595675409335391,0.535
352,"30","2",1.5,0.333333333333333,1.6407578786891,0.388196790604278,2.27075250061842,1.00487361265038,0.598278616100896,0.531
353,"30","1",1.5,0.333333333333333,1.164798273288,0.543953283377187,-0.161093052652639,-1.3822335885744,0.619292914857654,0.735
354,"30","2",1.5,0.333333333333333,1.68642748314943,0.575190905023712,-0.171356313162165,-1.44622124240745,0.627963233413262,1.817
355,"30","1",1.5,0.333333333333333,1.74705926005818,0.429602665160648,-0.0592701975174952,0.0354290608356539,1.59478021926873,1.166
356,"30","2",1.5,0.333333333333333,1.79531381110871,0.454731381830659,-0.0579672238874771,0.0560414406686793,1.68104946553522,1.493
357,"30","1",1.5,0.333333333333333,1.48907768285659,0.565661725639752,2.24837691366721,0.428435211931966,0.67993036693895,0.238
358,"30","2",1.5,0.333333333333333,1.75561950152579,0.573784712067144,2.25194179095287,0.462818235054038,0.734258177722871,0.589
359,"30","1",1.5,0.333333333333333,1.24775467241808,0.506427176447727,-1.42903659305125,-2.86952542714279,0.636464952626644,0.535
360,"30","2",1.5,0.333333333333333,1.7040038120173,0.521666427799099,-1.42554238727929,-2.84809448602513,0.623406109584962,0.541
361,"30","1",1.5,0.333333333333333,1.11370547122942,0.536691214624291,2.35997741143487,-0.249905296750752,0.530445387333247,0.454
362,"30","2",1.5,0.333333333333333,1.68372800545931,0.603492101084387,2.35588809836489,-0.235433860686763,0.493411684231758,0.453
363,"30","1",1.5,0.333333333333333,1.80058853491282,0.377050039712982,0.856500633974113,-2.4738696062601,3.72027417597526,3.103
364,"30","2",1.5,0.333333333333333,1.89133055351878,0.370277901213204,0.859610386442588,-2.46772877196843,4.51307044670726,3.686
365,"30","1",1.5,0.333333333333333,1.51657423997555,0.391071124415372,2.1521229917559,1.69970616811985,1.46025661648294,2.251
366,"30","2",1.5,0.333333333333333,1.7931303427796,0.386153918245226,2.1963635081602,1.77422127078253,1.66256365625515,3.185
367,"30","1",1.5,0.333333333333333,1.66621753832781,0.491664489946946,1.30211191268055,-0.5075812475143,1.27862407468196,0.664
368,"30","2",1.5,0.333333333333333,1.84020606903506,0.475377794660166,1.32120391170852,-0.496554185805436,1.3941801699555,1.402
369,"30","1",1.5,0.333333333333333,3.02068814881185,0.361267797331959,1.40430594839115,-4.41789686855335,16.7178857150474,5.28
370,"30","2",1.5,0.333333333333333,2.29852491421184,0.314883735792953,1.433827852595,-4.39410787673541,17.9799397604616,8.905
371,"30","1",1.5,0.333333333333333,1.49822099572946,0.254610760220413,0.120998943612323,-1.95423102839757,2.74820977915033,5.657
372,"30","2",1.5,0.333333333333333,1.73751871399007,0.267209717943746,0.120942032884679,-1.96907629446161,3.3982995699551,5.204
373,"30","1",1.5,0.333333333333333,1.59099721287446,0.408943227059553,0.0821896514518817,-0.575283630426534,1.50844920708085,1.592
374,"30","2",1.5,0.333333333333333,1.840279061537,0.418851568218697,0.0818878324643694,-0.545528466996451,1.70990411462333,1.3
375,"30","1",1.5,0.333333333333333,2.01246746173731,0.350279367693599,-0.271876137733082,-0.368285817684911,3.34571280616353,2.24
376,"30","2",1.5,0.333333333333333,2.00528638129482,0.335475752030791,-0.282427346494931,-0.363669329983629,3.76144644985792,2.902
377,"30","1",1.5,0.333333333333333,1.42920723609764,0.430590315523848,1.48935444562804,0.994466911450758,1.52487196618978,0.853
378,"30","2",1.5,0.333333333333333,1.81720805807894,0.477026105492078,1.48922016338655,1.01055372123701,1.60842146822288,1.224
379,"30","1",1.5,0.333333333333333,1.02891423606868,0.556534662383849,0.369633427032618,0.511746852111109,0.413900711159466,0.386
380,"30","2",1.5,0.333333333333333,1.58752469751693,0.633883857268331,0.382012830845142,0.517988161479896,0.366133830414108,0.361
381,"30","1",1.5,0.333333333333333,2.69077349000308,0.449911514110305,-0.611433633493084,5.6754092815615,38.4963567089451,18.538
382,"30","2",1.5,0.333333333333333,2.20556397674443,0.402766203359998,-0.599394662564717,5.69681857334465,45.0990530418469,29.169
383,"30","1",1.5,0.333333333333333,1.2900018277207,0.258938510326044,-0.106863423600793,-0.0976435807691011,1.03378494870649,2.088
384,"30","2",1.5,0.333333333333333,1.62039412560955,0.342043276515526,-0.104451681316013,-0.0887992075639878,1.17639032132679,0.918
385,"30","1",1.5,0.333333333333333,1.34703001797397,0.423028620349991,-0.434617496119978,1.5796148399055,0.87329945872493,1.009
386,"30","2",1.5,0.333333333333333,1.75335936067206,0.427851967795415,-0.433054869379546,1.54342467801644,0.927194426688141,2.362
387,"30","1",1.5,0.333333333333333,1.93590009156247,0.314549454373548,0.175890007495283,0.0210975835014332,13.7535815376579,67.227
388,"30","2",1.5,0.333333333333333,1.9203918510496,0.295687124895411,0.176444946481437,0.026962753083484,17.6802416912894,5.326
389,"30","1",1.5,0.333333333333333,1.35999726279015,0.371162491562167,-1.58364027229999,-3.6582354393072,0.956870925016778,0.826
390,"30","2",1.5,0.333333333333333,1.71680502734978,0.368265680874272,-1.60873560364783,-3.69280812465435,1.02337315791617,0.924
391,"30","1",1.5,0.333333333333333,1.9360731642487,0.45973636351289,0.827034472537858,-1.1665046236696,3.97951043559287,2.088
392,"30","2",1.5,0.333333333333333,1.9336550521006,0.425369198521079,0.843557932932312,-1.14294043837782,4.93225275176394,87.566
393,"30","1",1.5,0.333333333333333,1.85522553716899,0.23026415411179,0.599880374226263,1.17850905295377,1.71686390565889,2.511
394,"30","2",1.5,0.333333333333333,1.90398490759373,0.209449531241706,0.626933007703488,1.22529818105933,2.09547873010641,1.678
395,"30","1",1.5,0.333333333333333,2.9841727395222,0.478965931525056,2.21211067122843,-3.59883920160086,80.558717099052,112.557
396,"30","2",1.5,0.333333333333333,2.31903284098092,0.425769139914111,2.20489012189063,-3.53038737071599,90.2857871426566,52.96
397,"30","1",1.5,0.333333333333333,3.09869240516363,0.497412040505776,1.6257751629444,-2.34781178330769,51.454050250789,28.913
398,"30","2",1.5,0.333333333333333,2.35830765631022,0.439540257992728,1.63732306807664,-2.33825264717959,56.9702690733452,55.034
399,"30","1",1.5,0.333333333333333,3.28955840445325,0.494690336555856,0.330459017482164,4.53264146719979,287.291238498148,29.22
400,"30","2",1.5,0.333333333333333,2.42284031738892,0.419992749283927,0.325928242123721,4.45918341166904,301.802237464991,143.346
401,"30","1",2,0.333333333333333,1.60626407020438,0.53753408124062,-1.86544155477328,-2.88940480833941,0.993240355834215,0.914
402,"30","2",2,0.333333333333333,1.85043813448034,0.527851734810819,-1.85914940507424,-2.89593705162399,1.07316961159566,1.037
403,"30","1",2,0.333333333333333,2.37165025808555,0.406048597067428,-1.21449208420805,-3.50271768282732,5.61198303910917,47.68
404,"30","2",2,0.333333333333333,2.12985578463395,0.38387546726082,-1.20301313699165,-3.49060461289522,6.62123786312967,4.811
405,"30","1",2,0.333333333333333,0.997973616709209,0.520021936738666,-0.686139787117198,-0.881466547844397,0.45778714849444,0.403
406,"30","2",2,0.333333333333333,1.62973253517515,0.543217515842392,-0.672440766050942,-0.851908125095774,0.450908591517802,0.465
407,"30","1",2,0.333333333333333,1.89226875170114,0.497858598634328,-0.233457020821192,-1.33200843613183,2.40515217142867,2.42
408,"30","2",2,0.333333333333333,1.99313980355581,0.486279769616197,-0.237541183928615,-1.40236717033588,2.78106253948542,5.734
409,"30","1",2,0.333333333333333,2.27859169412464,0.388016650074246,1.67815154292891,6.43769476225141,4.30610585781722,4.174
410,"30","2",2,0.333333333333333,2.07385632106715,0.355835559977279,1.6805597180723,6.41392201328492,5.16393906103867,2.158
411,"30","1",2,0.333333333333333,1.03348117131977,0.395532940632491,1.15020809469703,1.06458223326162,0.571809366439894,0.526
412,"30","2",2,0.333333333333333,1.6111523057879,0.458642390320717,1.15071071186722,1.06178191115752,0.575843848947833,0.499
413,"30","1",2,0.333333333333333,1.2197117188559,0.427742014364557,0.0447053352679018,0.132695033095988,0.649593820418192,0.771
414,"30","2",2,0.333333333333333,1.67245954049107,0.453320946658573,0.0500400533142388,0.123066660125982,0.668777803215693,0.574
415,"30","1",2,0.333333333333333,1.96906462466357,0.375637452775866,3.02446148967484,1.90267492016198,4.90833154224491,4.581
416,"30","2",2,0.333333333333333,1.96371108615824,0.357271664086417,3.0602075769598,1.93403623853567,6.09245549728759,13.852
417,"30","1",2,0.333333333333333,3.72912523331424,0.37614320278798,3.10607734254353,2.41321083437978,26131.2666647007,25665.66
418,"30","2",2,0.333333333333333,2.60851012089073,0.316671695578713,3.04260117250351,2.39066619553387,26035.5997676543,784.395
419,"30","1",2,0.333333333333333,1.73139782792254,0.507724495176075,0.30724316158077,-3.12816173236141,1.54147432298795,6.936
420,"30","2",2,0.333333333333333,1.91939505466053,0.511008585903822,0.314768243217187,-3.10753029531259,1.69695876219992,2.005
421,"30","1",2,0.333333333333333,3.030708538273,0.439821954524986,-0.848968227839173,2.91895132662835,155.635485796521,541.759
422,"30","2",2,0.333333333333333,2.28300691295671,0.382017759483056,-0.848740160080268,2.92070140340574,177.823686651452,58.88
423,"30","1",2,0.333333333333333,2.75571391584709,0.374196998892486,2.3580931455065,-4.26035672210523,140.515121483882,65.205
424,"30","2",2,0.333333333333333,2.25364582204659,0.329798088253777,2.34543714313549,-4.27263879775689,167.026580728664,27.416
425,"30","1",2,0.333333333333333,1.27562363596377,0.531806815300766,-2.48308858599311,-2.50019883409672,0.638221144676188,0.501
426,"30","2",2,0.333333333333333,1.77295959491836,0.555056893546986,-2.48907966328822,-2.49225742579052,0.647880604494712,0.666
427,"30","1",2,0.333333333333333,1.26660602285776,0.499684980216078,1.36607344609502,0.270188749866319,0.787030144381746,0.781
428,"30","2",2,0.333333333333333,1.68730964975221,0.533668657005308,1.39403091628081,0.255854894247141,0.743182993020987,0.906
429,"30","1",2,0.333333333333333,2.65510395262531,0.416544331921677,-2.17402182362796,3.10308856903828,46.3155068955034,32.724
430,"30","2",2,0.333333333333333,2.20817307396376,0.37860547243069,-2.21390574043273,3.17069900924808,53.5153875863131,42.052
431,"30","1",2,0.333333333333333,4.13508656673223,0.432553805132275,-4.97838663883127,1.80525192673852,13674.9115412556,575.545
432,"30","2",2,0.333333333333333,2.71023509120623,0.346312412707547,-4.92768777995147,1.76915841590427,11684.9241772931,242.112
433,"30","1",2,0.333333333333333,0.956457594340368,0.576835154472537,-1.93745530426057,3.15438971724132,0.416164517614424,0.366
434,"30","2",2,0.333333333333333,1.58975689455215,0.650082959158733,-1.9216330135711,3.1296547396901,0.34244574240985,0.444
435,"30","1",2,0.333333333333333,2.52938163454937,0.377378521861059,-1.37632450405296,1.05774033987836,172.028765758973,306.974
436,"30","2",2,0.333333333333333,2.17524943014971,0.339574485964065,-1.3668741697906,1.0738212422612,212.339647657937,22.636
437,"30","1",2,0.333333333333333,2.44607632195761,0.252769365973905,-2.77305889013689,4.45531216029098,347.50620635958,595.025
438,"30","2",2,0.333333333333333,2.16536260850545,0.226208270470469,-2.7743590951671,4.49120611648485,462.941598336808,46.2
439,"30","1",2,0.333333333333333,1.14236698774952,0.404376919168467,0.667639440700176,0.589374809103092,0.646305852111341,0.882
440,"30","2",2,0.333333333333333,1.53074896684774,0.378174258258371,0.695944036545682,0.653140285160232,0.707263122055616,4.186
441,"30","1",2,0.333333333333333,2.23432804508549,0.211777796601309,-0.367084667107646,0.510382436637676,1621.49377197158,4102.803
442,"30","2",2,0.333333333333333,2.10232536305481,0.193774011489534,-0.37974577234106,0.500908593499805,2297.4503615328,560.068
443,"30","1",2,0.333333333333333,2.2077604968444,0.295215276011438,0.271624585785,-4.22973844983662,17.6371140261443,2.492
444,"30","2",2,0.333333333333333,2.05265257085878,0.274696147337523,0.271279061931181,-4.24159280463988,22.0912192592097,39.616
445,"30","1",2,0.333333333333333,2.78046376751492,0.472685742999122,0.482714916253017,-0.167211544218799,14.0792655616178,23.744
446,"30","2",2,0.333333333333333,2.20250475640224,0.411030342530447,0.501144401650944,-0.209477521678226,16.1511837856239,23.65
447,"30","1",2,0.333333333333333,1.4081145900713,0.480409814237938,0.077139828051383,-0.108366894777316,0.951107011275398,1.058
448,"30","2",2,0.333333333333333,1.76546994179103,0.462051516849836,0.0789147891116362,-0.0907025824221825,1.06664537349112,0.731
449,"30","1",2,0.333333333333333,2.06793241826232,0.370176159228674,1.16170318015321,-1.92434060318208,15.0004018510094,4.254
450,"30","2",2,0.333333333333333,2.03101224926345,0.361693460910495,1.17611109778004,-1.97403110661999,18.4920208266145,41.918
451,"30","1",2,0.333333333333333,1.26657961595116,0.313346648542587,2.95226790188298,1.39346634719355,0.769104465703953,0.902
452,"30","2",2,0.333333333333333,1.6760063407341,0.288352615996683,2.97237911511232,1.42179262960223,0.807219377707072,1.821
453,"30","1",2,0.333333333333333,1.36404060741248,0.483149636709074,-0.247104371027421,-2.10499683020255,1.10699450426978,0.265
454,"30","2",2,0.333333333333333,1.82111462536405,0.517268784026868,-0.257673510788719,-2.14564072461917,1.23631290833518,1.449
455,"30","1",2,0.333333333333333,1.62038316103339,0.409073573207567,-0.0637494299190677,-0.00282391224537532,3.06641007084986,0.806
456,"30","2",2,0.333333333333333,1.83158680145549,0.388993826298382,-0.0681251811344452,-0.013648791234301,3.75762603035906,4.034
457,"30","1",2,0.333333333333333,2.15455923129064,0.527444713596225,2.97447057769378,0.256640834401387,1.88228897948262,2.553
458,"30","2",2,0.333333333333333,1.94975363290685,0.502284061078138,2.94914579802,0.261107997608084,2.21861473015677,1.752
459,"30","1",2,0.333333333333333,1.17447893406837,0.43261129392865,-1.97247374696854,-3.77409029967046,0.699015042041632,0.483
460,"30","2",2,0.333333333333333,1.74936268609463,0.46853393566471,-1.97617548018551,-3.80265016318518,0.725542652771284,0.657
461,"30","1",2,0.333333333333333,1.12026728154731,0.544281065197424,3.12931453857614,-0.301212298453385,0.51119914517859,0.498
462,"30","2",2,0.333333333333333,1.69736375189334,0.589614754231033,3.15742262361625,-0.328502183205124,0.533620922634425,0.878
463,"30","1",2,0.333333333333333,2.08294030735633,0.347672193088963,1.1435193747942,-3.46119627224276,21.320448670947,26.919
464,"30","2",2,0.333333333333333,2.06927380858383,0.33035888139584,1.14678085963393,-3.43741060674793,26.9060142790935,8.341
465,"30","1",2,0.333333333333333,1.72703884334894,0.340540971803742,2.94378122966913,2.40826123418473,3.99097343965715,1.919
466,"30","2",2,0.333333333333333,1.88792350784704,0.32634714998086,3.02391074988414,2.48453488745564,4.72819382916516,3.813
467,"30","1",2,0.333333333333333,1.84632502055052,0.439638501136583,1.73893469059587,-0.566349944833652,1.87195473120503,5.499
468,"30","2",2,0.333333333333333,1.86598436883931,0.416411524773043,1.77500880649609,-0.647564290235393,2.18283186351941,1.818
469,"30","1",2,0.333333333333333,3.37174504706479,0.324114854104298,2.01567436153789,-5.84917496271396,128.604822320406,91.081
470,"30","2",2,0.333333333333333,2.47165887604381,0.277519690281812,1.95001870847207,-5.65417521241001,126.889931834539,64.231
471,"30","1",2,0.333333333333333,1.97080091291342,0.242437753523913,0.246566925052299,-2.45159478500177,12.1251023069238,132.393
472,"30","2",2,0.333333333333333,1.91172986093414,0.2323592727948,0.251605052597316,-2.41399996224511,16.273761951157,10.041
473,"30","1",2,0.333333333333333,2.35607245636351,0.343409129239258,0.162838900246058,-0.743055757562032,3.43581529218558,2.836
474,"30","2",2,0.333333333333333,1.92384930574749,0.379456350413079,0.118838445849937,-0.565989175815416,2.56532458509314,2.308
475,"30","1",2,0.333333333333333,2.85253784580038,0.311565367074733,-0.581426325231566,-0.885882886135098,72.2906916353641,87.629
476,"30","2",2,0.333333333333333,2.29596061461909,0.277154609182597,-0.581637374145766,-0.871637332203946,82.422983251488,43.055
477,"30","1",2,0.333333333333333,1.75066002359263,0.471477311977336,2.04652586668069,1.50481146031372,2.30778827211416,2.441
478,"30","2",2,0.333333333333333,1.9310719049563,0.463239011004757,2.0588735411013,1.53460825458369,2.63984275182325,2.817
479,"30","1",2,0.333333333333333,0.855399672330968,0.548780271126871,0.646398760794784,0.521515823957932,0.374768744030255,0.341
480,"30","2",2,0.333333333333333,1.61916950702023,0.651510153035954,0.632140544108127,0.561346760688153,0.348468149607254,0.468
481,"30","1",2,0.333333333333333,3.13131937538778,0.387056050148611,-0.769901504548381,7.56195705772106,434.160917425454,275.389
482,"30","2",2,0.333333333333333,2.35054793276331,0.358184380184242,-0.751935786172152,7.53426227486249,503.255405653017,56.967
483,"30","1",2,0.333333333333333,1.74828638223203,0.299665289012978,-0.171207136115309,-0.0679671249112445,4.20901401978106,5.634
484,"30","2",2,0.333333333333333,1.78714483560549,0.26858220970274,-0.187974188315384,-0.0870827820397696,5.29964699688907,3.035
485,"30","1",2,0.333333333333333,2.12119751648849,0.329615699472008,-0.724605102463616,2.76755763857627,4.5758161830139,5.635
486,"30","2",2,0.333333333333333,2.00480748828556,0.310596955818865,-0.721064126927213,2.78118272301218,5.4770897082036,3.438
487,"30","1",2,0.333333333333333,2.23356400401771,0.308684121758901,0.384827955028096,0.11482870349384,66.7542089569017,186.055
488,"30","2",2,0.333333333333333,2.00819506340659,0.288718261322189,0.397013863272839,0.110494228367476,86.6368613740216,40.135
489,"30","1",2,0.333333333333333,1.64098425452943,0.315084471085446,-2.14268679570104,-5.35770037496033,1.76570602583419,6.147
490,"30","2",2,0.333333333333333,1.78777179550689,0.306782512477769,-2.1556427406546,-5.35450028240751,2.07002545597828,2.184
491,"30","1",2,0.333333333333333,2.14054935592972,0.427773302087906,1.30964182443393,-1.43602298245968,6.57799932239426,5.344
492,"30","2",2,0.333333333333333,2.03360578588204,0.42959387185994,1.31201135464371,-1.47768804432698,7.86789127156467,3.317
493,"30","1",2,0.333333333333333,2.26872159712603,0.217352497213877,0.898670705262259,1.8519371673387,2.80831770449493,3.747
494,"30","2",2,0.333333333333333,2.00540383962056,0.191554221376174,0.908470551242673,1.90903079212242,3.42105734101844,2.766
495,"30","1",2,0.333333333333333,3.49030470545697,0.477853633651138,2.99327405295244,-5.01374784656933,1258.54481492098,436.052
496,"30","2",2,0.333333333333333,2.48990986562094,0.399034617767653,2.93452175881409,-4.94532825587007,1274.54647281899,275.407
497,"30","1",2,0.333333333333333,3.37883487131753,0.468552346020573,2.10904864608603,-3.12749597517213,305.645113820599,64.333
498,"30","2",2,0.333333333333333,2.47895788205883,0.404826867316125,2.08867238180437,-3.09683417220952,306.083254286753,2006.634
499,"30","1",2,0.333333333333333,3.7793605796404,0.457451671058042,0.203409952154786,5.5235212868982,11418.5923501866,510691.302
500,"30","2",2,0.333333333333333,2.60700802397481,0.38465058212238,0.206241748307516,5.41119520293747,10520.7461431959,99.1
501,"30","1",2.5,0.333333333333333,2.1256031128439,0.27269677673697,-2.69745827966368,-4.40380564504225,0.510473618405749,2.038
502,"30","2",2.5,0.333333333333333,1.92403693022219,0.481871418582643,-2.29849914964801,-3.5667842368853,1.89729083215683,1.828
503,"30","1",2.5,0.333333333333333,2.84225831110963,0.397029021236127,-1.50505073325829,-4.37975712925575,25.7606045636787,18.505
504,"30","2",2.5,0.333333333333333,2.29192100493439,0.360865106320183,-1.47649028051174,-4.38951952938148,30.0869403312357,9.518
505,"30","1",2.5,0.333333333333333,1.30789753278568,0.48437078801465,-0.899928500684016,-1.24050136340401,0.548032601994323,0.902
506,"30","2",2.5,0.333333333333333,1.70122733238066,0.504142814756002,-0.912548979170299,-1.26260245110796,0.532253679446757,0.558
507,"30","1",2.5,0.333333333333333,2.35625943385905,0.498868474067004,-0.279450416074418,-1.71807731512646,5.68192852202309,7.157
508,"30","2",2.5,0.333333333333333,2.08098247743626,0.449667120809316,-0.269710678180997,-1.73530151430188,6.62787758914675,3.825
509,"30","1",2.5,0.333333333333333,2.8707968826654,0.368188268976079,2.01523896478905,7.92090999372332,34.4936564675471,36.404
510,"30","2",2.5,0.333333333333333,2.25190670563658,0.320933236048713,2.02635162617575,7.91113564863282,41.1310910073866,18.055
511,"30","1",2.5,0.333333333333333,1.11535407454161,0.378583130604859,1.46517574808832,1.51786752117331,0.71156633226915,0.818
512,"30","2",2.5,0.333333333333333,1.62773765774604,0.372666959838453,1.50573904042198,1.59031150694218,0.72834584937118,0.942
513,"30","1",2.5,0.333333333333333,1.19959031297651,0.391889690310716,0.077775234943363,0.202752115985205,0.833476974024482,0.957
514,"30","2",2.5,0.333333333333333,1.7138278439053,0.416210171424206,0.0808218829707868,0.195611643164458,0.856255199655134,0.674
515,"30","1",2.5,0.333333333333333,2.40321754513195,0.347690686665615,3.84938171479704,2.33730542619701,24.0050786821182,8.231
516,"30","2",2.5,0.333333333333333,2.07400915640141,0.323287494497906,3.82534406642578,2.3624724326198,30.6409248115241,16.893
517,"30","1",2.5,0.333333333333333,3.9321538101233,0.373848077364857,3.75462803641721,3.08586252621415,224987.744126711,4633.415
518,"30","2",2.5,0.333333333333333,2.75060333602791,0.319579417920733,3.74052880941644,3.03130747214355,187189.935606488,1042.679
519,"30","1",2.5,0.333333333333333,2.30475101232094,0.455108911984722,0.349244844653929,-4.19485640838461,7.14824852467716,8.598
520,"30","2",2.5,0.333333333333333,2.06899790680668,0.421546534596894,0.344879416655883,-4.1319584336316,8.62596907743422,4.23
521,"30","1",2.5,0.333333333333333,3.16374953157635,0.394245032297618,-0.977572091863897,3.72472444147771,1304.3654591407,585.395
522,"30","2",2.5,0.333333333333333,2.36519231587018,0.344692693813719,-0.973723471245986,3.71973804392764,1510.29919150703,74.787
523,"30","1",2.5,0.333333333333333,3.20782571237504,0.352658751826493,2.8473954541876,-5.35488900300362,1561.85469059076,428.492
524,"30","2",2.5,0.333333333333333,2.41010640040356,0.305138938210722,2.85691925931226,-5.36469484263352,1678.15851791119,457.234
525,"30","1",2.5,0.333333333333333,1.40671226758054,0.518343820894638,-3.08740495746099,-2.6583921760842,0.706239004874013,0.622
526,"30","2",2.5,0.333333333333333,1.78978832220947,0.5332304802518,-3.07933528270556,-2.68637542630103,0.728448921453043,0.712
527,"30","1",2.5,0.333333333333333,1.45376528925887,0.456285346560538,1.69554452659516,0.258420160726444,1.23294257177174,1.641
528,"30","2",2.5,0.333333333333333,1.74500826108821,0.476123397910075,1.70479793239244,0.284880426944372,1.30758013770949,1.021
529,"30","1",2.5,0.333333333333333,3.18648716970165,0.420526460890103,-2.90081194880223,3.91972217404751,147.960751942417,471.745
530,"30","2",2.5,0.333333333333333,2.31475829913105,0.366692384769967,-2.83367921301732,3.8529201547905,166.458450424669,61.415
531,"30","1",2.5,0.333333333333333,4.50243167382623,0.424961627989379,-6.39239160219639,2.20249052093456,166432.064637527,2135.743
532,"30","2",2.5,0.333333333333333,2.82968033041942,0.323060349923849,-6.14605617342936,2.10998224999239,116535.172948156,223.543
533,"30","1",2.5,0.333333333333333,0.849845761998306,0.578314172706267,-2.4315493235052,3.97382279755117,0.396728657142343,0.04
534,"30","2",2.5,0.333333333333333,1.55985452529422,0.655959047726437,-2.44408255087921,4.03223708274396,0.335516578467017,0.396
535,"30","1",2.5,0.333333333333333,2.95734874176402,0.346310963690542,-1.77953890906925,1.21547815606067,4919.05074327595,130.346
536,"30","2",2.5,0.333333333333333,2.35107050506011,0.31098685139015,-1.76731412163327,1.15051897733458,5889.3297069858,595.849
537,"30","1",2.5,0.333333333333333,2.78254417301692,0.248938461351363,-3.41593019823519,5.20406638388194,2839.80053301083,101.169
538,"30","2",2.5,0.333333333333333,2.32879680396566,0.22783337125405,-3.49433258049951,5.27037422338743,3640.65224631759,231.605
539,"30","1",2.5,0.333333333333333,1.15078416000809,0.394110794111836,0.830878118049365,1.07569355360967,0.691246399560664,0.771
540,"30","2",2.5,0.333333333333333,1.51905878580201,0.350262585207864,0.864189991166149,1.09255778901532,0.740079654766024,0.615
541,"30","1",2.5,0.333333333333333,2.64519992135117,0.209323200214349,-0.596377203924202,0.865669179277716,37658.112441376,1398.4
542,"30","2",2.5,0.333333333333333,2.27956234556424,0.199386978227985,-0.572890955827169,0.823332249072718,51891.3227034484,4022.465
543,"30","1",2.5,0.333333333333333,2.36435812624697,0.262943425561926,0.40934889337998,-5.15298829989318,95.5110745769756,56.907
544,"30","2",2.5,0.333333333333333,2.16847105895311,0.254642319033018,0.41695110291732,-5.18589663278193,125.777233328424,53.091
545,"30","1",2.5,0.333333333333333,3.04631874684577,0.435681337071572,0.673096572481081,-0.256365634940469,72.3929304688997,127.444
546,"30","2",2.5,0.333333333333333,2.35583266942617,0.378058980336841,0.671127850091659,-0.231651984158679,78.7035284449704,18.356
547,"30","1",2.5,0.333333333333333,1.59641541364955,0.457368527860387,0.0767079115327593,-0.0405679260083939,1.40780351645902,2.022
548,"30","2",2.5,0.333333333333333,1.85782105439731,0.459266039623576,0.0809345860361126,-0.035814202076017,1.54198484534607,1.384
549,"30","1",2.5,0.333333333333333,2.62825001884555,0.379338213605116,1.5600090027523,-2.65906696995939,171.67778254721,206.403
550,"30","2",2.5,0.333333333333333,2.14984715850691,0.334130344498101,1.5544389757313,-2.63369277479598,215.578855858391,21.523
551,"30","1",2.5,0.333333333333333,1.3577599513405,0.255945469487938,3.59177926290661,1.82822943730755,1.13243797536365,0.837
552,"30","2",2.5,0.333333333333333,1.74023451338465,0.244758666280986,3.70337104397906,1.84387978353418,1.20465161683805,1.213
553,"30","1",2.5,0.333333333333333,1.89012888105193,0.466104604527958,-0.328892911776456,-2.7424625339076,2.7395378003383,5.175
554,"30","2",2.5,0.333333333333333,1.91777713981096,0.461293917892759,-0.317906880612844,-2.7051521268479,3.0561794918169,3.904
555,"30","1",2.5,0.333333333333333,1.96530718320155,0.360844385065671,-0.0784815986422786,-0.0898315149310992,7.56299338622273,15.65
556,"30","2",2.5,0.333333333333333,1.88120584274435,0.3423871302502,-0.0787382388787829,-0.0810059231182694,9.40253241388388,108.358
557,"30","1",2.5,0.333333333333333,2.32047361672233,0.476293221467729,3.605070332497,0.0330064449370253,8.39604153213948,5.572
558,"30","2",2.5,0.333333333333333,2.12583653735287,0.445490300722966,3.62736636571111,0.0342973651336162,10.0043774954924,5.816
559,"30","1",2.5,0.333333333333333,1.29174198649286,0.432432788302995,-2.46042667624146,-4.60455229163661,0.907601865860183,0.585
560,"30","2",2.5,0.333333333333333,1.78027698711763,0.407388351134787,-2.51143758280724,-4.73807034495817,0.930601360291273,0.731
561,"30","1",2.5,0.333333333333333,1.18064243546846,0.538997446399887,3.92160782136239,-0.441438905479744,0.545956848111644,0.609
562,"30","2",2.5,0.333333333333333,1.71295757734883,0.568646930190728,3.9163894486289,-0.403647871793432,0.569856926808487,0.533
563,"30","1",2.5,0.333333333333333,2.64978018917846,0.337236045755648,1.43058885286907,-4.33939706425957,147.515513553725,136.369
564,"30","2",2.5,0.333333333333333,2.19144570199272,0.309521944646746,1.41521678131011,-4.34042537132184,184.269680685904,33.779
565,"30","1",2.5,0.333333333333333,1.94227962656153,0.305287032171896,3.83849530498377,3.11851099231398,14.2127469846064,7.588
566,"30","2",2.5,0.333333333333333,1.98820354507574,0.298250333487506,3.84994897789878,3.15894617342905,18.0051477608748,12.074
567,"30","1",2.5,0.333333333333333,1.84190473813572,0.386591383682007,2.17486802407546,-0.764477916936683,3.15775625983944,4.066
568,"30","2",2.5,0.333333333333333,1.92124189585633,0.374840052017256,2.2140419238586,-0.761952667424085,3.85644683577867,2.334
569,"30","1",2.5,0.333333333333333,4.08549066933032,0.317975839653747,2.50852743761723,-7.13979833064351,1156.62661969589,66.591
570,"30","2",2.5,0.333333333333333,2.6657274428712,0.262788182737557,2.45748941039706,-6.93946118882171,1002.64067792325,110.912
571,"30","1",2.5,0.333333333333333,2.1985754256505,0.234099959868867,0.371029757794454,-2.8168957393213,66.1919830553628,51.871
572,"30","2",2.5,0.333333333333333,2.0567507854284,0.220818409140041,0.382613580230213,-2.82894400626115,88.421648592979,33.854
573,"30","1",2.5,0.333333333333333,2.10184561326631,0.376898404731958,0.191013960508557,-0.655336101719019,3.56739165966627,4.547
574,"30","2",2.5,0.333333333333333,1.99135645913706,0.348974168536633,0.183352243580321,-0.628378602496588,4.09022957919986,5.811
575,"30","1",2.5,0.333333333333333,3.29757176648307,0.29907763454806,-0.832575775127573,-1.34842174267044,2339.47182565631,670.259
576,"30","2",2.5,0.333333333333333,2.51544422652784,0.252750507832692,-0.830136823086484,-1.32128469360355,2400.63585786806,365.68
577,"30","1",2.5,0.333333333333333,1.87806181701258,0.457985842050776,2.57158700518833,1.94046333798784,4.327521323617,3.631
578,"30","2",2.5,0.333333333333333,1.97747034480167,0.437158252172297,2.59513697257581,1.97537738958664,4.91662463120293,4.274
579,"30","1",2.5,0.333333333333333,0.886070177843587,0.575249829516142,0.882988490867583,0.607539979308847,0.379002692699405,0.349
580,"30","2",2.5,0.333333333333333,1.57308690343879,0.636089981854832,0.875183923191357,0.583576455873575,0.349572041823949,0.409
581,"30","1",2.5,0.333333333333333,3.3461810119965,0.378205907971039,-0.890718092605962,9.32094040169402,5411.60918444775,1268.26
582,"30","2",2.5,0.333333333333333,2.47541525407364,0.325465625018575,-0.892984058586493,9.4652534711109,5966.87127373956,227.519
583,"30","1",2.5,0.333333333333333,1.98117468933257,0.248347669679342,-0.310120465113151,-0.0758560998129677,29.7789645820671,137.714
584,"30","2",2.5,0.333333333333333,1.96488079896054,0.235358856479237,-0.293427879905924,-0.0760011172802927,39.8291598539488,17.159
585,"30","1",2.5,0.333333333333333,2.5755784112946,0.294272340377434,-1.01919069244135,3.87408449813861,46.099620261598,116.686
586,"30","2",2.5,0.333333333333333,2.21656485470666,0.277907597829388,-1.00622402912712,3.84602033402769,56.0097849702532,369.952
587,"30","1",2.5,0.333333333333333,2.36115397676476,0.287793524480112,0.686974101441001,0.24681059435461,379.604787250798,743.704
588,"30","2",2.5,0.333333333333333,2.11513169899546,0.270720980439359,0.689668783388908,0.268348160077692,506.651751058349,33.331
589,"30","1",2.5,0.333333333333333,1.86262056840374,0.292800561864049,-2.66842307156153,-6.99142782071866,4.36458374279344,3.451
590,"30","2",2.5,0.333333333333333,1.90670109189908,0.277529419635216,-2.70219218401022,-7.0249594403664,5.21038434144574,4.987
591,"30","1",2.5,0.333333333333333,2.45974148027123,0.45858901007475,1.74103544860312,-1.75558566561391,13.1860912839141,1.057
592,"30","2",2.5,0.333333333333333,2.12483564515632,0.430928215478694,1.75545267104016,-1.77127891316253,14.989531389794,6.673
593,"30","1",2.5,0.333333333333333,2.4159452152165,0.21868527470692,1.1729501281306,2.45360230908037,4.95535737930742,5.084
594,"30","2",2.5,0.333333333333333,2.09559699222542,0.179579872892127,1.17375670183307,2.52495398101809,5.91653487890319,10.966
595,"30","1",2.5,0.333333333333333,3.85176032834717,0.469654976664667,3.6734678189377,-6.34481202627428,17682.5401620479,947.475
596,"30","2",2.5,0.333333333333333,2.64641341109705,0.385302491585832,3.65958780703402,-6.34502639576408,15720.2793105661,54.463
597,"30","1",2.5,0.333333333333333,3.70121900346035,0.450789476300172,2.54350321876329,-3.86249705561426,2105.58011710081,326.609
598,"30","2",2.5,0.333333333333333,2.6232967433441,0.369678646981157,2.5248993809264,-3.82971551810775,1865.75581956066,220.718
599,"30","1",2.5,0.333333333333333,4.32254604433029,0.441887948519311,0.0524041928157983,6.38118213987154,393941.357859467,1062.066
600,"30","2",2.5,0.333333333333333,2.80588232534659,0.360383355553327,0.0517997265479776,6.24868908444559,303288.536422244,1121121.351
601,"30","1",3,0.333333333333333,2.06212727091364,0.456352044400609,-2.73744461466425,-4.2335544000229,2.91470282155455,6.648
602,"30","2",3,0.333333333333333,1.9551332335076,0.434091339731374,-2.72484662818013,-4.2053645884083,3.45933762540473,3.427
603,"30","1",3,0.333333333333333,3.17043648619467,0.38945059916232,-1.74905667692348,-5.20472512506073,138.719841906425,9.688
604,"30","2",3,0.333333333333333,2.42528851890363,0.347744062742435,-1.7413580598399,-5.19729841277177,148.510166239099,68.064
605,"30","1",3,0.333333333333333,1.28887460275708,0.466964691539892,-1.12435293302674,-1.61782152638805,0.637544872088476,0.475
606,"30","2",3,0.333333333333333,1.76421364572329,0.444867413891451,-1.1271295307156,-1.63024635585528,0.688106275978558,1.394
607,"30","1",3,0.333333333333333,2.66217078039021,0.463448994627253,-0.318360512955299,-2.1385726139066,15.4984032001161,20.782
608,"30","2",3,0.333333333333333,2.18798702571884,0.414542827321814,-0.311641265315001,-2.1350048999155,17.8858034048158,22.438
609,"30","1",3,0.333333333333333,3.28516957059991,0.348398579675896,2.3883072064606,9.51244109705585,362.882582495914,12079.222
610,"30","2",3,0.333333333333333,2.4414305451046,0.304661989288669,2.35877309249181,9.33355451929756,387.302367874239,32.105
611,"30","1",3,0.333333333333333,1.21359738552131,0.326502842481524,1.79917781367701,2.05288308241335,0.939606864874884,1.123
612,"30","2",3,0.333333333333333,1.64401599212862,0.317207191338948,1.85449603663595,2.1216333251235,1.02905980167625,3.815
613,"30","1",3,0.333333333333333,1.37107322720889,0.369083439566411,0.107614651966998,0.235284222074581,1.1072588054908,1.229
614,"30","2",3,0.333333333333333,1.71555636461578,0.364282100136963,0.106195314975009,0.24094689546715,1.18092762054745,1.118
615,"30","1",3,0.333333333333333,2.6787019108745,0.334386426551257,4.6344886024139,2.77257868789943,132.975947193257,1522.833
616,"30","2",3,0.333333333333333,2.19163652320977,0.307757779048442,4.58913173654661,2.78508188807756,168.823489847799,25.981
617,"30","1",3,0.333333333333333,4.39778207242178,0.384525676145531,4.54045621520576,3.76928721036045,1506868.03329905,24204.116
618,"30","2",3,0.333333333333333,2.90260059909236,0.317336691971458,4.4083881822708,3.67037732741002,1049432.48078057,1820.39
619,"30","1",3,0.333333333333333,2.79097327952771,0.402217576350167,0.363867445407339,-5.17026090893509,53.8857301052655,478.808
620,"30","2",3,0.333333333333333,2.20911550551304,0.36307267457371,0.355957500544832,-5.14265963849999,65.0076030362732,34.136
621,"30","1",3,0.333333333333333,3.23501813840525,0.377823965954713,-1.09607020080329,4.56733769687736,10563.2921003386,99.397
622,"30","2",3,0.333333333333333,2.45537691056483,0.323681907225246,-1.08491266351609,4.57397451437217,11476.3768052141,209.062
623,"30","1",3,0.333333333333333,3.39339105904578,0.333619107321055,3.39893284830184,-6.50544265715439,15760.2907934165,4149.654
624,"30","2",3,0.333333333333333,2.53896386232436,0.283841627516298,3.35880053061767,-6.40481547526197,15994.4060318226,387.948
625,"30","1",3,0.333333333333333,1.54617731108804,0.446518460504388,-3.65478457432212,-2.89236932165755,0.800406420452449,0.723
626,"30","2",3,0.333333333333333,1.82318864889977,0.504199453878819,-3.64043599209116,-2.83904011265519,0.842655199801836,0.756
627,"30","1",3,0.333333333333333,1.60525046822469,0.403929550021255,2.00700902802513,0.33244216205527,2.58614864600722,3.1
628,"30","2",3,0.333333333333333,1.80434945562268,0.404996031098221,2.0231197376949,0.325757816109301,2.85188884987009,1.925
629,"30","1",3,0.333333333333333,3.12355227498437,0.415688618380017,-3.49261194771255,4.52656555761556,444.456922618071,138.263
630,"30","2",3,0.333333333333333,2.41401173794179,0.362305406387974,-3.46496532895387,4.49720518114615,477.167108315203,106.497
631,"30","1",3,0.333333333333333,4.94832468343983,0.421996133623783,-7.67727573417354,2.52164379847912,1540230.39062558,1120.222
632,"30","2",3,0.333333333333333,3.00937554017907,0.308235740900195,-7.39667979028788,2.45439561883702,903565.172130572,3077.456
633,"30","1",3,0.333333333333333,0.921756525351504,0.569696514700794,-2.9074847079186,4.873994190252,0.381763171136682,0.348
634,"30","2",3,0.333333333333333,1.57013060107579,0.642929647395435,-2.94804572198287,4.94029124208036,0.351523210404895,0.382
635,"30","1",3,0.333333333333333,3.13095106007055,0.329876944970347,-2.14301615529643,1.28856707136496,128920.84367905,2453.45
636,"30","2",3,0.333333333333333,2.51747034962201,0.292275223646964,-2.12565466010196,1.27942437996019,142805.268784311,222.196
637,"30","1",3,0.333333333333333,3.12459756787525,0.255316626484946,-4.19794470796173,5.9645980901834,22934.9760943007,891.292
638,"30","2",3,0.333333333333333,2.43175896371725,0.233999828018837,-4.15651536066181,5.95210389206606,26918.080899598,6355.933
639,"30","1",3,0.333333333333333,1.12561134519666,0.292744584593089,1.01957919331506,1.4726540161334,0.723322997207698,1.079
640,"30","2",3,0.333333333333333,1.47946613650999,0.30739094741626,1.02388839990547,1.49858283752782,0.774029538496407,1.367
641,"30","1",3,0.333333333333333,2.88121477410903,0.220685065481815,-0.765625180323768,1.12749818485726,763461.017662974,8398.384
642,"30","2",3,0.333333333333333,2.45665702015595,0.202585671316133,-0.760848597357878,1.12154906264129,955424.735125875,665.621
643,"30","1",3,0.333333333333333,2.57923607138853,0.256419220071344,0.577241288353023,-6.03772963937384,569.510087713736,1690.055
644,"30","2",3,0.333333333333333,2.23894677431232,0.237233947810964,0.569214595607705,-6.06010265999774,740.235562007404,189.264
645,"30","1",3,0.333333333333333,3.37008384840615,0.410940749135836,0.849968456392232,-0.301944367610663,411.626123737713,109.35
646,"30","2",3,0.333333333333333,2.46223573269772,0.349455272188722,0.830450131307046,-0.281057759196882,419.754538610786,72.926
647,"30","1",3,0.333333333333333,2.0160876654066,0.458454601302054,0.0853426420007805,0.0377057519296099,2.15779847731858,4.383
648,"30","2",3,0.333333333333333,1.9329021898603,0.439715143042364,0.0861422907985981,0.0195171171010856,2.50800838704489,1.809
649,"30","1",3,0.333333333333333,2.85537093813168,0.360494613676656,1.90704084379754,-3.31380267231024,2236.55450257627,383.652
650,"30","2",3,0.333333333333333,2.30883594557763,0.318069672700627,1.92354009446568,-3.29615587722991,2710.190487643,249.56
651,"30","1",3,0.333333333333333,1.61043048565933,0.22523099151535,4.31498841111804,2.22348711387484,1.76846714435472,9.805
652,"30","2",3,0.333333333333333,1.8504076724722,0.22000882168392,4.41770593223442,2.23801698707871,2.05014719723075,2.897
653,"30","1",3,0.333333333333333,1.90583300917819,0.427563446668168,-0.376019776153591,-3.12427370014793,7.19676995261087,0.771
654,"30","2",3,0.333333333333333,2.012246687867,0.419918113650756,-0.377563810996581,-3.22521162461519,8.46959020841988,6.169
655,"30","1",3,0.333333333333333,1.97775631655872,0.3243206485241,-0.0883110086569515,-0.138596705756191,22.2916826106809,12.431
656,"30","2",3,0.333333333333333,1.93363371604925,0.303752273188131,-0.0922220538993271,-0.158905790304357,27.9505493295097,13.285
657,"30","1",3,0.333333333333333,2.76704538824166,0.447478776227017,4.26691727295584,-0.264185596723488,46.8120787622577,66.449
658,"30","2",3,0.333333333333333,2.26880810858811,0.410619458582144,4.28732968651299,-0.217692570932974,55.7665794764363,19.335
659,"30","1",3,0.333333333333333,1.47163701656927,0.369312526593065,-2.95696769216593,-5.55023416447382,1.24625784891033,2.46
660,"30","2",3,0.333333333333333,1.81244335404514,0.359213717720483,-3.03913603566173,-5.66265253604987,1.35329662506063,1.591
661,"30","1",3,0.333333333333333,1.07540708259672,0.513631322408278,4.70179490601688,-0.507064452110418,0.588778957319775,0.426
662,"30","2",3,0.333333333333333,1.72107749323296,0.539438810084869,4.67716357189568,-0.5075824510722,0.611674220531954,0.609
663,"30","1",3,0.333333333333333,2.90048024182767,0.331313170423906,1.67598652008555,-5.196204842763,1043.68344874646,194.971
664,"30","2",3,0.333333333333333,2.30958697265648,0.297312048152175,1.68947722831879,-5.23948810641968,1233.32781657911,1072.305
665,"30","1",3,0.333333333333333,2.3170564680216,0.29744182018594,4.62165287721144,3.7839940769177,61.8508601209523,17.978
666,"30","2",3,0.333333333333333,2.0754347587608,0.279954289674495,4.68741126129609,3.85794613645994,78.5291837254952,601.848
667,"30","1",3,0.333333333333333,2.1195209322795,0.365451639463585,2.65159720333033,-0.845908777298116,5.69827778073438,6.345
668,"30","2",3,0.333333333333333,1.94809293909754,0.327556036819621,2.67546482977572,-0.85096119184126,7.02309390511819,1.541
669,"30","1",3,0.333333333333333,4.4016282579877,0.308493267014813,3.08078014121492,-8.54561175750034,10999.2153831488,1616.296
670,"30","2",3,0.333333333333333,2.84111020126697,0.253403571508391,2.96860304248669,-8.25946172213673,7820.01236210072,1336.902
671,"30","1",3,0.333333333333333,2.52485222132944,0.235543951362908,0.508197348268144,-3.19446836040984,384.985275206857,3.164
672,"30","2",3,0.333333333333333,2.1906720564078,0.219059926870364,0.506990972237131,-3.24862873670738,518.251016943773,84.042
673,"30","1",3,0.333333333333333,2.23641942947698,0.355675056237184,0.244112699232736,-0.652217721754126,5.8821270611094,15.291
674,"30","2",3,0.333333333333333,2.02189200432445,0.327337709710563,0.255368954129622,-0.679783901349902,7.01657138141791,4.872
675,"30","1",3,0.333333333333333,3.91054874962209,0.287803482976514,-1.08793741736235,-1.76325689312981,61833.0699201905,81263.143
676,"30","2",3,0.333333333333333,2.76447433273039,0.241569647700841,-1.05592741776004,-1.71732199167782,52334.5469257255,17870.95
677,"30","1",3,0.333333333333333,2.27898068731301,0.454675849103715,3.07431022590487,2.38005214646385,8.36469605846634,5.934
678,"30","2",3,0.333333333333333,2.05086942708518,0.418341145876129,3.08143118430352,2.33337659847205,9.63320224285247,5.213
679,"30","1",3,0.333333333333333,0.890628438412651,0.565603558316016,1.09923014904966,0.505674553303907,0.381763716661034,0.347
680,"30","2",3,0.333333333333333,1.56789315543986,0.644658748611755,1.11997457764237,0.550335662006376,0.346598449042272,0.363
681,"30","1",3,0.333333333333333,3.72754103953982,0.359231831147406,-1.02833277217897,11.4094925803272,64482.488749743,1391.574
682,"30","2",3,0.333333333333333,2.61609862055816,0.304911053160929,-1.01823495415076,11.2813206443534,64114.316996594,1681.229
683,"30","1",3,0.333333333333333,2.30017084730527,0.244721520973084,-0.439855343533404,-0.0537163904345523,286.756905210601,1.741
684,"30","2",3,0.333333333333333,2.09442374018297,0.192966400513692,-0.454117730582194,-0.0369860270785523,383.107961136829,123.868
685,"30","1",3,0.333333333333333,2.98966013473244,0.28892367781908,-1.30131485235832,4.8392120620882,518.787961383273,521.072
686,"30","2",3,0.333333333333333,2.39104818276573,0.262747352265973,-1.29577926718482,4.78298392548628,603.406084862585,1479.306
687,"30","1",3,0.333333333333333,2.55459944619777,0.28351412778091,0.955739022604081,0.455987402417693,2366.07450963664,445.546
688,"30","2",3,0.333333333333333,2.22149404472021,0.263440331358362,0.957838720255213,0.458495419135342,3087.32898162877,2038.47
689,"30","1",3,0.333333333333333,2.15923912370894,0.283670550312108,-3.15466388050094,-8.47897825268858,12.1766776721656,4.204
690,"30","2",3,0.333333333333333,2.0360973696038,0.263403895438894,-3.21546909986462,-8.59686584686238,14.9424076419177,8.238
691,"30","1",3,0.333333333333333,2.5992554244967,0.461200570830365,2.17098324895139,-2.10055711693199,27.1227600652502,11.815
692,"30","2",3,0.333333333333333,2.17502292400412,0.421379357999377,2.18159373180575,-2.09087810623282,32.7533128777161,17.005
693,"30","1",3,0.333333333333333,2.54404211735844,0.208918119551708,1.4086098358795,3.02363004905323,9.02021369183214,8.762
694,"30","2",3,0.333333333333333,2.20559705112475,0.171721024480512,1.44231776302098,3.13470605884603,10.6914463229511,7.513
695,"30","1",3,0.333333333333333,4.28578415415771,0.454511158098493,4.47896894429509,-8.0677615729711,203599.592974788,204.448
696,"30","2",3,0.333333333333333,2.77478317092773,0.367349926736013,4.33866423700761,-7.72320729839739,160779.213682549,102.202
697,"30","1",3,0.333333333333333,4.12439260615222,0.411991252262406,3.03263207784843,-4.65822648173859,13930.5290009093,2721.937
698,"30","2",3,0.333333333333333,2.7519583271546,0.344132863531885,2.96916255274235,-4.55491601721768,11629.3305702315,158.08
699,"30","1",3,0.333333333333333,4.23212648512243,0.404925994133848,-0.101879825622448,7.22122011091012,9066215.71390118,2650.287
700,"30","2",3,0.333333333333333,2.98053661553572,0.34401816842972,-0.10542037924521,7.05461230656092,6244727.29669463,1958303.392
701,"100","1",0,0.333333333333333,0.729372813832679,0.660275824168293,0.0385466143576342,-0.0122966584008664,0.261280946539528,0.247
702,"100","2",0,0.333333333333333,1.51073066740758,0.799174536858868,0.0389460400803998,-0.0182964303071378,0.210262977138971,0.294
703,"100","1",0,0.333333333333333,0.739595342986848,0.67550215587429,-0.00811219697712759,-0.132756929721402,0.273601207142477,0.237
704,"100","2",0,0.333333333333333,1.50636879908143,0.82014377170641,-0.00857354016691451,-0.140933774122642,0.201331057527734,0.267
705,"100","1",0,0.333333333333333,0.783598973633332,0.672110575712678,0.00649676813211189,0.127080814054565,0.310901892816415,0.342
706,"100","2",0,0.333333333333333,1.52196034413201,0.766238828278561,0.0042706764679077,0.1357360808208,0.255626345994016,0.223
707,"100","1",0,0.333333333333333,0.869510005150337,0.605156420124522,0.0499715799367318,-0.38368257880878,0.361255965368736,0.308
708,"100","2",0,0.333333333333333,1.58509529491524,0.722706269746517,0.0491170047184676,-0.372081851554069,0.310633806113297,0.299
709,"100","1",0,0.333333333333333,0.728403156236969,0.534565623573284,0.00983759340889415,0.0029872948435951,0.346572991327092,0.396
710,"100","2",0,0.333333333333333,1.45894056148808,0.641326276491224,0.0104129226936169,2.4890545572066e-05,0.297837106320203,0.287
711,"100","1",0,0.333333333333333,0.742568436079095,0.655424172934749,-0.00287288804459518,-0.0842402188107917,0.283059418087798,0.3
712,"100","2",0,0.333333333333333,1.50738151063382,0.773805828171682,-0.00284921310239585,-0.0921671095199745,0.220460476506923,0.129
713,"100","1",0,0.333333333333333,0.711541663328561,0.461055793299776,0.0660486943188665,-0.244116446269086,0.434747799859463,0.351
714,"100","2",0,0.333333333333333,1.08280101998537,0.568633350976228,0.0661916905014456,-0.246173470455634,0.2986446643585,0.358
715,"100","1",0,0.333333333333333,0.796100477311425,0.633099991923643,-0.0242544611688714,-0.0285921758924651,0.280211893957913,0.296
716,"100","2",0,0.333333333333333,1.53517446087977,0.778134525106624,-0.0252517287457544,-0.0247338827508711,0.23500848197505,0.256
717,"100","1",0,0.333333333333333,0.74227948873129,0.691778899169572,-0.0146852860032343,-0.0390834923519596,0.286414709924014,0.244
718,"100","2",0,0.333333333333333,1.53320011093734,0.787168266402525,-0.0158082698140413,-0.0326944104248946,0.230496686138784,0.244
719,"100","1",0,0.333333333333333,0.68783673155286,0.608786028967794,-0.0694894056733893,0.274671862910778,0.304043875231516,0.27
720,"100","2",0,0.333333333333333,1.45472898178565,0.735240778392237,-0.0654542956945648,0.277950214392771,0.241034147605461,0.221
721,"100","1",0,0.333333333333333,0.770020255704839,0.632500630918282,-0.055832374068271,0.211422676598544,0.291710989071117,0.314
722,"100","2",0,0.333333333333333,1.53323981431766,0.772701712071573,-0.0527730792725635,0.204724072929959,0.246916863049627,0.264
723,"100","1",0,0.333333333333333,1.11259521301339,0.639291458043532,-0.0126278737354527,0.0900138161498088,0.487193543088559,0.427
724,"100","2",0,0.333333333333333,1.66456751754145,0.713276050382757,-0.0112858180865374,0.0986262986792572,0.453389761521293,0.432
725,"100","1",0,0.333333333333333,0.791010542672919,0.567911115163297,-0.0210559237256913,-0.12111940621225,0.354843153280287,0.383
726,"100","2",0,0.333333333333333,1.53505244582182,0.682747538001183,-0.0194824328454259,-0.120475545490425,0.309392065382663,0.371
727,"100","1",0,0.333333333333333,1.16754224231082,0.521585595022624,0.021643780894357,-0.437033572590569,0.878519332331815,0.746
728,"100","2",0,0.333333333333333,1.6930995431897,0.558171203613527,0.0242492401939915,-0.435544491737255,0.886931439629906,0.572
729,"100","1",0,0.333333333333333,0.711330002444768,0.601592776465463,0.0344470305803088,-0.144114307343042,0.31622674738395,0.499
730,"100","2",0,0.333333333333333,1.42917659008728,0.708086292089345,0.0357645143936164,-0.149406281403513,0.264929604078297,0.219
731,"100","1",0,0.333333333333333,0.784351471026093,0.662796982785145,0.0168458231816456,-0.0943195423130713,0.266796187618274,0.299
732,"100","2",0,0.333333333333333,1.51992714774148,0.76067891122056,0.0182128126543236,-0.0957128049184501,0.229641051128644,0.247
733,"100","1",0,0.333333333333333,0.679402131286792,0.110438800522489,-0.00941631081034754,-0.2137033047167,1.09855117772716,0.606
734,"100","2",0,0.333333333333333,0.940261248721584,0.102395456203555,-0.00556723511361244,-0.209104820262473,0.907650472460752,1.104
735,"100","1",0,0.333333333333333,0.692692610899836,0.637011686049851,-0.0403341231068968,-0.103264940555922,0.287496350416474,0.253
736,"100","2",0,0.333333333333333,1.51721635851303,0.799789795633712,-0.043924744547917,-0.0875536523405529,0.225514738647303,0.264
737,"100","1",0,0.333333333333333,0.782709746462877,0.678315472750834,0.00644223545884343,-0.100400371435216,0.281403095728635,0.266
738,"100","2",0,0.333333333333333,1.51804299339892,0.754871939298275,0.00382757095081971,-0.103314939562963,0.228679210767687,0.309
739,"100","1",0,0.333333333333333,0.654225240164833,0.664693805672791,0.0013609864233263,0.204030713825307,0.259534270067358,0.195
740,"100","2",0,0.333333333333333,1.53807319484351,0.817041237559742,0.00236237005273908,0.212550412784147,0.19987244938963,0.26
741,"100","1",0,0.333333333333333,0.676750244361038,0.585219853530322,0.0174715491535255,-0.0433075380529928,0.273717250149167,0.433
742,"100","2",0,0.333333333333333,1.48371735989973,0.762458348225062,0.0207367298291691,-0.0382004983011048,0.230713869736617,0.25
743,"100","1",0,0.333333333333333,0.890320571254052,0.498814028432083,0.0269010295761348,-0.0689232758086844,0.456406464230803,0.432
744,"100","2",0,0.333333333333333,1.59165259590759,0.564537465594949,0.0266547539441432,-0.0686727325371115,0.408850245940487,0.366
745,"100","1",0,0.333333333333333,1.39724227835779,0.639812239750443,0.0255285935215822,0.00211590653237619,0.734581284454745,1.258
746,"100","2",0,0.333333333333333,1.77979726969257,0.682112713754181,0.02326316464517,0.00912840246055907,0.76023675946622,0.694
747,"100","1",0,0.333333333333333,0.648062669208979,0.533496917373535,-0.0416658183805546,0.0219438021501558,0.29756365781464,0.277
748,"100","2",0,0.333333333333333,1.4309130591018,0.698876584452407,-0.0412904330402085,0.0182031147782737,0.249348419113842,0.203
749,"100","1",0,0.333333333333333,0.696634144763745,0.649064046906942,-0.067510625147054,0.0737129534223992,0.268441575914639,0.243
750,"100","2",0,0.333333333333333,1.52899871328554,0.812192821104912,-0.0672552917838206,0.0567050560810807,0.208736479524953,0.256
751,"100","1",0,0.333333333333333,0.703413803525602,0.673303463368344,-0.0280717387463549,-0.150617945498825,0.264235466759805,0.226
752,"100","2",0,0.333333333333333,1.51056778103823,0.801086138336648,-0.0290384307639783,-0.15825230767666,0.209570288520672,0.228
753,"100","1",0,0.333333333333333,0.804261718784009,0.584000357387582,0.0091860295405908,0.0949759396277014,0.335326294159458,1.296
754,"100","2",0,0.333333333333333,1.54198231389886,0.701699036965843,0.00695694784176742,0.0926735140932579,0.270878179087116,0.368
755,"100","1",0,0.333333333333333,0.75989282749237,0.560309951900266,-0.00725340067247035,0.170325379752312,0.383914114552705,0.259
756,"100","2",0,0.333333333333333,1.52715623547558,0.681427476630948,-0.00763834589980807,0.186514135166594,0.307134634561752,0.261
757,"100","1",0,0.333333333333333,1.01517114465772,0.473338653460192,-0.0452136319212407,-0.125341090085478,0.658425969438229,0.539
758,"100","2",0,0.333333333333333,1.6312454360176,0.521953594115834,-0.0417370631906599,-0.133957056561828,0.636939903753883,0.517
759,"100","1",0,0.333333333333333,0.805567322075227,0.601277942407847,-0.0212558741626635,0.137126667512716,0.337861246770794,0.269
760,"100","2",0,0.333333333333333,1.57361252707556,0.693366004913071,-0.0240555122095163,0.155528461290309,0.330465208820933,0.384
761,"100","1",0,0.333333333333333,1.16203910391866,0.593538730200255,-0.00626377992292848,0.137564760981254,0.650565257692196,0.517
762,"100","2",0,0.333333333333333,1.68911118698836,0.659792865348505,-0.0048595456269458,0.140652722485743,0.606919042749869,0.463
763,"100","1",0,0.333333333333333,1.08824306517025,0.442221243679033,-0.0280373242715308,-0.176676731497572,1.18000975268239,2.624
764,"100","2",0,0.333333333333333,1.66283324135445,0.521338609126657,-0.0270770119916399,-0.179293467878171,1.18881575813718,1.224
765,"100","1",0,0.333333333333333,0.630906417901577,0.53701371709647,0.0165485668937366,-0.0266204496930451,0.283782761172923,0.269
766,"100","2",0,0.333333333333333,1.44357308155316,0.72119949295398,0.0173868106270055,-0.0271385052638773,0.234660366954919,0.222
767,"100","1",0,0.333333333333333,0.892591566920841,0.700005678289205,-0.00133318771044713,0.0655116951317499,0.298227638516149,0.307
768,"100","2",0,0.333333333333333,1.57810310610616,0.794448804086944,-0.00183854382559722,0.0698805902451169,0.255118017521048,0.266
769,"100","1",0,0.333333333333333,0.761320179393247,0.696776516203032,0.0899060601348364,-0.24023386816086,0.272519506554916,0.282
770,"100","2",0,0.333333333333333,1.50614799651218,0.807409363793095,0.0871260624674189,-0.241515939280305,0.212000322347503,0.235
771,"100","1",0,0.333333333333333,0.714504584974925,0.665193560403188,0.0172123816207418,-0.0586120983738871,0.244478316038502,0.335
772,"100","2",0,0.333333333333333,1.54003468971945,0.829033844041117,0.0187328430288362,-0.0695026280351537,0.20324910891708,0.244
773,"100","1",0,0.333333333333333,0.652980419383919,0.629623488762179,-0.0274871868632277,-0.0516812628222022,0.257839808135123,0.207
774,"100","2",0,0.333333333333333,1.51698145098904,0.775175184605585,-0.0270448829328875,-0.0436047626575411,0.216411083358076,0.226
775,"100","1",0,0.333333333333333,0.752277061367608,0.64304313702863,0.00586059168332161,0.0332337092307028,0.287198201339444,0.25
776,"100","2",0,0.333333333333333,1.55607053293165,0.768105476387843,0.00422374581219013,0.0320317263068829,0.252843254545761,0.246
777,"100","1",0,0.333333333333333,0.807460785288195,0.0295182057267648,0.0248417755422365,0.224148676153778,0.951170263936243,1.872
778,"100","2",0,0.333333333333333,1.04777494920203,0.0189763193221481,0.0264899945035574,0.251409755422481,0.96690801381028,0.888
779,"100","1",0,0.333333333333333,0.886373608750623,0.599937421392114,0.0190411287307665,0.0399357073938211,0.428703021156734,0.356
780,"100","2",0,0.333333333333333,1.6467954112644,0.708907054639226,0.0194326662317881,0.0387039332464667,0.412813862266615,0.45
781,"100","1",0,0.333333333333333,0.823391366805736,0.672744230753247,0.0672268255829912,-0.0045917148427457,0.300642415917035,0.556
782,"100","2",0,0.333333333333333,1.51580321350303,0.77372767995661,0.0685832892476591,-0.00943398860635063,0.241638665253482,0.238
783,"100","1",0,0.333333333333333,0.976640097065511,0.512383254304273,0.00991763185845802,-0.0283441923562128,0.526021263895547,0.17
784,"100","2",0,0.333333333333333,1.64288913870821,0.561641429736531,0.00800050669084689,-0.0199268740202961,0.483877626359834,0.403
785,"100","1",0,0.333333333333333,0.970529977272407,0.482351147133721,0.0213698589164955,0.124709748946078,0.512493807862544,0.367
786,"100","2",0,0.333333333333333,1.64545634789973,0.584137881068868,0.0203619411830336,0.123910460722533,0.414987353130261,0.346
787,"100","1",0,0.333333333333333,0.797669002002693,0.557911656557137,-0.0376700142182349,-0.0242886100871897,0.338694414311292,0.246
788,"100","2",0,0.333333333333333,1.50875103595082,0.657592362560496,-0.0385030675215625,-0.0351553716021763,0.316397637920627,0.26
789,"100","1",0,0.333333333333333,0.88727868409274,0.680371862525963,0.0180788335623392,0.009563600950952,0.300195638028629,0.27
790,"100","2",0,0.333333333333333,1.55566347942985,0.765956766383239,0.0210445663464318,0.00714569579586039,0.252059655476034,0.184
791,"100","1",0,0.333333333333333,0.748443452185301,0.648862706969961,0.00684266506916937,-0.0895116804985301,0.289064008457169,0.289
792,"100","2",0,0.333333333333333,1.44909129147001,0.731192801606278,0.00350798937086775,-0.0940850363908181,0.247911172595646,0.211
793,"100","1",0,0.333333333333333,0.924186875511951,0.40620675839509,0.022681641501437,0.198198806357395,0.833736646405249,0.512
794,"100","2",0,0.333333333333333,1.52974960718362,0.436544341128786,0.0203870059366033,0.192234597496896,0.774382155015048,0.465
795,"100","1",0,0.333333333333333,1.02833819070034,0.609806170633971,0.00130273777641,-0.0314168958287422,0.506167652568133,0.402
796,"100","2",0,0.333333333333333,1.67545336721271,0.683253135485929,0.00414407326577378,-0.0346026184645305,0.481941378010966,0.495
797,"100","1",0,0.333333333333333,0.655163369213933,0.308332542119273,-0.0219496674373841,-0.0221100734499524,0.574400914621962,0.614
798,"100","2",0,0.333333333333333,1.24995483597738,0.391059917125897,-0.0271336734468198,-0.0183843911813047,0.455264048872834,0.713
799,"100","1",0,0.333333333333333,1.09528709388316,0.504236409347436,-0.0370098121540184,0.11786751637331,0.94208668047301,0.598
800,"100","2",0,0.333333333333333,1.68491406813125,0.546373964420018,-0.0392390899787197,0.111864219341061,0.909023317929096,0.6
801,"100","1",0.5,0.333333333333333,2.12035158528725,0.537983568156575,0.102048756209192,0.0925688946466415,39.8483095361719,37.755
802,"100","2",0.5,0.333333333333333,2.1082481042234,0.534206364012915,0.105316299536689,0.0892336347099924,43.6241427172453,70.439
803,"100","1",0.5,0.333333333333333,0.701443421985018,0.579473807494234,0.0639403112034547,-0.975416878474959,0.395521609165184,0.869
804,"100","2",0.5,0.333333333333333,1.36767130924717,0.660367396490211,0.0729462685715796,-0.987213224010584,0.320851275805757,0.237
805,"100","1",0.5,0.333333333333333,0.727662677836692,0.503587862872383,-0.0044059295941705,-0.026630238012723,0.383612321490179,0.472
806,"100","2",0.5,0.333333333333333,1.50933257877446,0.631978507794054,-0.00281399928405899,-0.0301305260571181,0.357428054746403,0.383
807,"100","1",0.5,0.333333333333333,1.00877183455883,0.612307945683672,0.0403881701364727,-0.249890729382645,0.510930911690908,0.597
808,"100","2",0.5,0.333333333333333,1.6450303115141,0.693967297871894,0.0405032748699343,-0.232876698210151,0.477156097369459,0.316
809,"100","1",0.5,0.333333333333333,0.679334656984336,0.680849818281761,0.0996296563554271,-0.373396434801696,0.247432704728455,0.205
810,"100","2",0.5,0.333333333333333,1.51191192957293,0.816915860493378,0.103104649158817,-0.37933169948376,0.206108246572321,0.275
811,"100","1",0.5,0.333333333333333,0.70336283648719,0.644251562872152,0.322389799979211,0.061441916536544,0.262839395241217,0.23
812,"100","2",0.5,0.333333333333333,1.51760630133968,0.797837665054467,0.326367501590076,0.0703571461589522,0.221875264778904,0.265
813,"100","1",0.5,0.333333333333333,1.42416638473146,0.499376348747595,-0.0418599196614486,0.475099029266858,2.79521333576213,2.738
814,"100","2",0.5,0.333333333333333,1.7607271646984,0.523703497709747,-0.0383417510863608,0.498123485365566,3.0034582090597,4.13
815,"100","1",0.5,0.333333333333333,0.816845365083186,0.51354222932859,0.171017025894801,0.0543427508349235,0.404242547984743,0.337
816,"100","2",0.5,0.333333333333333,1.54330133683655,0.601251025792518,0.161911711879364,0.0521271765844449,0.3563141840159,1.32
817,"100","1",0.5,0.333333333333333,0.682441253609451,0.635791873370445,0.00647825130488973,-0.042740086123662,0.277094327517512,0.238
818,"100","2",0.5,0.333333333333333,1.53776297447322,0.779980555815133,0.00986478748191166,-0.0497145351308764,0.223330684022493,0.297
819,"100","1",0.5,0.333333333333333,0.646561816933427,0.616785988531085,-0.2281100898422,-0.183198660230559,0.27431349928659,0.197
820,"100","2",0.5,0.333333333333333,1.46596225306629,0.787250483097235,-0.232866204555816,-0.18840559577205,0.219359859851263,0.2
821,"100","1",0.5,0.333333333333333,0.86486094874446,0.658152060945837,0.599515901644804,0.879051054942624,0.310459776253094,0.228
822,"100","2",0.5,0.333333333333333,1.56172897462185,0.775360320418429,0.607290105222421,0.893638579279321,0.269747845778218,0.334
823,"100","1",0.5,0.333333333333333,0.734829245229094,0.555346842671171,0.0573526441734205,0.0687827505362479,0.360088226760025,0.251
824,"100","2",0.5,0.333333333333333,1.5390949287618,0.68106158024104,0.0628037954190988,0.0724572819473813,0.302769420049877,0.366
825,"100","1",0.5,0.333333333333333,1.46332581059,0.496983463278555,0.262747701448931,-1.50660052042797,1.59049550887506,2.448
826,"100","2",0.5,0.333333333333333,1.80202576939396,0.557157810571907,0.264420052822465,-1.50697505879496,1.75660203128448,1.34
827,"100","1",0.5,0.333333333333333,0.834458733133569,0.662324611168931,-0.0830349792749198,0.0342492268863804,0.31837462054259,1.585
828,"100","2",0.5,0.333333333333333,1.60163463554902,0.766419488871773,-0.0755354575427846,0.039415114635747,0.274297117570383,0.385
829,"100","1",0.5,0.333333333333333,1.20606502955165,0.551399559044348,0.0280332640280234,-0.182032138486052,0.636689250250182,0.365
830,"100","2",0.5,0.333333333333333,1.68669201398635,0.605362107149159,0.0253501681068674,-0.203905739543771,0.616972189657883,0.518
831,"100","1",0.5,0.333333333333333,0.903969358569802,0.628454036536751,0.065856462101192,0.122877952930877,0.391516629072561,0.343
832,"100","2",0.5,0.333333333333333,1.63610210660456,0.731265114687068,0.0641233999585643,0.122106695538542,0.353233357960133,0.319
833,"100","1",0.5,0.333333333333333,1.60950666660367,0.559172470758851,0.0527049031707667,-0.603353772299587,4.05214399923305,207.037
834,"100","2",0.5,0.333333333333333,1.83437608876779,0.565016545744768,0.0525872364612951,-0.611295901240209,4.75258965559168,52.818
835,"100","1",0.5,0.333333333333333,0.722239345604036,0.650202677154436,-0.380785235959906,0.724752498798265,0.261190369990049,0.929
836,"100","2",0.5,0.333333333333333,1.55999127373049,0.801886940241516,-0.375571016496968,0.734845602465676,0.226388401504748,0.303
837,"100","1",0.5,0.333333333333333,0.604316005493901,0.432041495345901,-0.200916615998796,0.316791531299719,0.364942160215819,0.085
838,"100","2",0.5,0.333333333333333,1.36369534166699,0.645410588523478,-0.198385664614243,0.31756022453951,0.294726867852137,0.257
839,"100","1",0.5,0.333333333333333,1.05333135403436,0.616464036106456,-0.403074923370885,-0.48172774566151,0.489305737563131,0.387
840,"100","2",0.5,0.333333333333333,1.69311281617268,0.677771370225509,-0.405553197655998,-0.462339925528644,0.487379876475955,0.532
841,"100","1",0.5,0.333333333333333,0.908975891070566,0.52965123033811,0.159386299181836,1.90349613829117,0.434544134010935,0.449
842,"100","2",0.5,0.333333333333333,1.59096292703719,0.615343509921663,0.163464276052968,1.89472738441704,0.356991017593475,0.37
843,"100","1",0.5,0.333333333333333,0.817842947303032,0.615388470749229,-0.00818741755487943,-0.0509371360112482,0.309584974610517,0.236
844,"100","2",0.5,0.333333333333333,1.57616156559133,0.742484767373318,-0.0124706626577908,-0.0462420689121675,0.289090285173808,0.326
845,"100","1",0.5,0.333333333333333,1.02613335513902,0.662987957591857,0.213256286801968,0.711838811392525,0.401557888830534,0.409
846,"100","2",0.5,0.333333333333333,1.62192850599672,0.729319286192649,0.221610461663718,0.725585424801965,0.356994341461423,0.351
847,"100","1",0.5,0.333333333333333,0.800918465589237,0.626345348464681,0.467632984520284,1.2899768983349,0.306207915653573,0.352
848,"100","2",0.5,0.333333333333333,1.56263349738631,0.737045959779366,0.477598743622713,1.30104208658667,0.259216284038948,0.27
849,"100","1",0.5,0.333333333333333,2.17216021389225,0.585471960486083,0.0336669415828021,0.0862153210618781,45.0969698942306,22.386
850,"100","2",0.5,0.333333333333333,2.05182428788631,0.555798078053322,0.0356845535514069,0.0977671686669226,54.0902645074873,8.502
851,"100","1",0.5,0.333333333333333,1.90825476248322,0.450626943727845,1.03206019542083,1.06533517057382,71.7159544250399,14.912
852,"100","2",0.5,0.333333333333333,1.8806635043439,0.444672689564119,1.02538630180481,1.07158551987824,87.2122042518707,42.925
853,"100","1",0.5,0.333333333333333,1.4688989781919,0.612862647499405,-0.123612035971697,0.765002821762471,1.12067482325807,0.896
854,"100","2",0.5,0.333333333333333,1.83024658186915,0.644617092325708,-0.128385506716353,0.767520127398192,1.25250703148524,1.267
855,"100","1",0.5,0.333333333333333,1.06322202942916,0.498261165527149,0.778146620007739,1.92009237308108,0.60989934942174,0.666
856,"100","2",0.5,0.333333333333333,1.61534588818982,0.522311714759297,0.778702225804089,1.92883389618591,0.571373859627763,0.476
857,"100","1",0.5,0.333333333333333,1.32376874269856,0.513409737756867,0.303610404860708,1.0041218760367,0.916293606758025,1.068
858,"100","2",0.5,0.333333333333333,1.74743558264011,0.534619946681887,0.30577429932282,1.01862874523417,0.979044419168444,0.633
859,"100","1",0.5,0.333333333333333,0.86938109177772,0.509120168521817,0.313403482776956,-0.776500241862953,0.613227339735166,0.574
860,"100","2",0.5,0.333333333333333,1.53698124200367,0.60619200448715,0.306683475054371,-0.771764177263131,0.560471731832129,0.397
861,"100","1",0.5,0.333333333333333,1.17813595848131,0.262886273902352,-0.019512250222494,-0.118279134085387,5.18707029755045,6.554
862,"100","2",0.5,0.333333333333333,1.57174075503084,0.288782471703758,-0.0186457641059253,-0.11041851564237,5.7115047889606,2.839
863,"100","1",0.5,0.333333333333333,1.2133690944417,0.491124609003313,0.450467863610931,-0.172893111340146,0.629785270637738,0.628
864,"100","2",0.5,0.333333333333333,1.66873409997962,0.518142303563316,0.456270225639487,-0.161625115478411,0.628781486188892,0.498
865,"100","1",0.5,0.333333333333333,0.739061903387615,0.686546869784638,0.438139106648958,-1.07661294301605,0.267963367012234,0.233
866,"100","2",0.5,0.333333333333333,1.49549898531976,0.788108593395622,0.444049015181502,-1.09539679764728,0.216208378267643,0.294
867,"100","1",0.5,0.333333333333333,1.1522566229626,0.429058357113264,0.168338007393166,-0.0632050964848028,0.735055616286917,0.505
868,"100","2",0.5,0.333333333333333,1.64442121162444,0.47369828297435,0.159922993417937,-0.0643497263901415,0.676296445904897,0.854
869,"100","1",0.5,0.333333333333333,1.06011475011683,0.482275873967849,0.472405126427214,0.0648486294971738,1.04563151682939,0.876
870,"100","2",0.5,0.333333333333333,1.61959301388574,0.557487957617902,0.473142315966167,0.0750537191259759,1.04045913878737,0.949
871,"100","1",0.5,0.333333333333333,0.7378984291975,0.649519515645212,0.149182488275217,-0.00718042276206798,0.286220606144143,0.244
872,"100","2",0.5,0.333333333333333,1.5166405716242,0.765025520485167,0.152526753223917,-0.00315735725747884,0.239127383485436,0.316
873,"100","1",0.5,0.333333333333333,1.0865976436009,0.584283228320915,0.447284927836016,0.155849250119177,0.406760667534832,0.374
874,"100","2",0.5,0.333333333333333,1.62900731058274,0.672379578487515,0.443843453792173,0.162932108384133,0.372189944354913,0.38
875,"100","1",0.5,0.333333333333333,1.08558413774422,0.310748314917924,0.080448944539076,-0.801783669396035,1.48954752714735,1.432
876,"100","2",0.5,0.333333333333333,1.62744210582435,0.361136397653298,0.0746953079668987,-0.795852390621896,1.47326984871356,1.245
877,"100","1",0.5,0.333333333333333,0.722517084177386,0.656155945152371,0.0031784497104211,-0.135037715793954,0.29159938424459,0.215
878,"100","2",0.5,0.333333333333333,1.51574847950393,0.75056759909111,0.00213716825740842,-0.142209553024479,0.240683327903336,0.244
879,"100","1",0.5,0.333333333333333,0.883033529963212,0.62146117194075,-0.241616661736001,-1.09098137472648,0.350760847234113,0.341
880,"100","2",0.5,0.333333333333333,1.57008303932078,0.725961063206112,-0.245242278062163,-1.0906735196844,0.316055909738903,0.335
881,"100","1",0.5,0.333333333333333,0.730725594148952,0.644008082632245,-0.146571420024487,-0.0362863890752477,0.295061744876895,0.247
882,"100","2",0.5,0.333333333333333,1.5552190211767,0.789016570632711,-0.14610260919706,-0.0368164055286601,0.252940558156567,0.083
883,"100","1",0.5,0.333333333333333,0.917921271329387,0.603282024958504,-0.391262879609994,0.212546720927542,0.490077237269117,0.378
884,"100","2",0.5,0.333333333333333,1.60474422525968,0.698989963267442,-0.395565381774936,0.212546429504552,0.440359800698427,0.636
885,"100","1",0.5,0.333333333333333,1.15018950638724,0.655032944525589,0.181165029734396,0.794883836578095,0.520744820291942,0.488
886,"100","2",0.5,0.333333333333333,1.67012140527116,0.69675147223135,0.181120049541268,0.818703669573069,0.496252143212368,0.494
887,"100","1",0.5,0.333333333333333,1.57862703287385,0.443793167589538,-0.0146788585103795,0.633800706958438,15.0441208908078,7.306
888,"100","2",0.5,0.333333333333333,1.76305895059119,0.450544228707301,-0.0114553150550973,0.635880794244486,16.9465002146731,8.426
889,"100","1",0.5,0.333333333333333,1.00849235652478,0.510402608256263,0.00870067035603033,-0.415752751663692,0.461136014147469,0.394
890,"100","2",0.5,0.333333333333333,1.59136633171329,0.558217918506363,0.0126798681544279,-0.441198402723356,0.404088437201307,0.436
891,"100","1",0.5,0.333333333333333,0.887517245874315,0.666719714420729,-0.0574703512637125,-0.971454874389739,0.294154837091859,1.892
892,"100","2",0.5,0.333333333333333,1.56081166236097,0.765250461871124,-0.0581199799003114,-0.969277829975346,0.250210643475429,0.349
893,"100","1",0.5,0.333333333333333,0.662518943465127,0.457772718320271,0.256316297494695,-0.316503312176453,0.377428333013484,0.256
894,"100","2",0.5,0.333333333333333,1.3349820750747,0.653469316569369,0.263663531953212,-0.313211557500178,0.284020059577338,0.323
895,"100","1",0.5,0.333333333333333,0.752589204489437,0.600379691802508,-0.415753325812293,-0.191562034810868,0.284856837983143,0.235
896,"100","2",0.5,0.333333333333333,1.56040098132617,0.757030558865976,-0.418388242628279,-0.16519427712299,0.241934985567218,0.328
897,"100","1",0.5,0.333333333333333,1.04374627689735,0.298588987657082,0.43977355526766,-1.01166098738482,2.22262992217041,2.351
898,"100","2",0.5,0.333333333333333,1.50464224379461,0.339422611489349,0.446782160961484,-1.02339553809008,2.26275478286642,1.98
899,"100","1",0.5,0.333333333333333,1.19704134535602,0.620043544090705,0.223822050620623,0.263771098453104,0.551617227174602,0.468
900,"100","2",0.5,0.333333333333333,1.72120628516142,0.688159841545898,0.228856570593058,0.276755330792786,0.540924288374219,0.542
901,"100","1",1,0.333333333333333,3.01617045997347,0.557592804669027,0.410646312260693,0.4511599326945,8026.71752269581,94816.903
902,"100","2",1,0.333333333333333,2.33009065706498,0.496031758764146,0.419080053902921,0.457238613429894,9224.32842367792,246.304
903,"100","1",1,0.333333333333333,0.819219154674369,0.460115966525689,0.217816495419621,-2.11323163479075,0.724508435013085,0.69
904,"100","2",1,0.333333333333333,1.47861781935813,0.578394607975791,0.221895690243057,-2.13639250732779,0.650056920705211,0.602
905,"100","1",1,0.333333333333333,0.711093843123768,0.4973325337313,-0.0262364109700493,0.044403019644305,0.402323624064072,0.235
906,"100","2",1,0.333333333333333,1.52459632238831,0.590468677510743,-0.0282611567488916,0.0612898809074012,0.358431003197475,0.621
907,"100","1",1,0.333333333333333,1.68112098871087,0.489883341471315,0.130358911151399,-1.5216793171471,7.80738830976556,3.18
908,"100","2",1,0.333333333333333,1.88287319236203,0.507672252624975,0.13138793196556,-1.51251510712783,8.98125599669772,3.133
909,"100","1",1,0.333333333333333,0.656023367682478,0.67909732954696,0.245173264300663,-1.02052206066321,0.23929386502238,0.213
910,"100","2",1,0.333333333333333,1.52057332077067,0.820116463200233,0.249257386654,-1.02841732814448,0.204721128254926,0.323
911,"100","1",1,0.333333333333333,0.757400450919168,0.708806694138034,0.711586443793922,0.118279418538671,0.260589927106208,0.345
912,"100","2",1,0.333333333333333,1.57370565197602,0.816882694099957,0.711510495573276,0.113038320747652,0.219116482018882,0.264
913,"100","1",1,0.333333333333333,2.0115980601173,0.375992501811064,-0.231507186055114,1.70182515054189,13609.4683893586,2648.636
914,"100","2",1,0.333333333333333,1.9546639055474,0.363888743787225,-0.232929602965502,1.68958693349495,17889.050814441,94.88
915,"100","1",1,0.333333333333333,1.22568998125666,0.457741297648199,0.578310539834872,-0.0691464507425048,0.713591667111324,1.347
916,"100","2",1,0.333333333333333,1.65045504342007,0.481136552226814,0.579529674453136,-0.0868177392412271,0.723519537472212,0.639
917,"100","1",1,0.333333333333333,0.758468217502795,0.68763045440708,0.0381153196851659,-0.132770458201506,0.268766172026236,0.234
918,"100","2",1,0.333333333333333,1.46282245271868,0.781737018503169,0.0432695664315148,-0.142254333781815,0.220935188804647,0.253
919,"100","1",1,0.333333333333333,0.783861015524967,0.636951035314433,-0.457655978125021,-0.110623805050541,0.385417733626063,0.322
920,"100","2",1,0.333333333333333,1.5722221110557,0.734250084230763,-0.457289674866072,-0.0833303945039159,0.325925280955334,0.316
921,"100","1",1,0.333333333333333,1.33382297881535,0.593652820976375,1.08841734158618,2.13195233372934,0.880481368533383,0.599
922,"100","2",1,0.333333333333333,1.78648698307095,0.650005913154823,1.09962371636496,2.15155290005824,0.933118922672507,0.617
923,"100","1",1,0.333333333333333,0.808631298666541,0.600979936363301,0.117253200963418,0.268845267880205,0.361350472049103,0.17
924,"100","2",1,0.333333333333333,1.55589308818053,0.69917678565691,0.116243326825382,0.287878080828842,0.303186305326795,0.322
925,"100","1",1,0.333333333333333,1.28462609297292,0.442716303663038,0.296722948375889,-3.13677313395862,1.02625022644984,1.122
926,"100","2",1,0.333333333333333,1.68157532646128,0.477374187457284,0.306016587642814,-3.14642246007187,0.973249233210254,1.451
927,"100","1",1,0.333333333333333,0.991443408258545,0.612622697490284,-0.40648698061711,3.46235461483567e-05,0.516779596660185,0.314
928,"100","2",1,0.333333333333333,1.69322870195947,0.704593619221441,-0.407924577036977,-0.000818426485178166,0.466031307367404,0.488
929,"100","1",1,0.333333333333333,2.14396122202703,0.443487358829638,0.0147086647026296,-1.2303586867416,29.873211245771,54.277
930,"100","2",1,0.333333333333333,1.9924019429185,0.430975153844145,0.0126332016968548,-1.19849949455773,35.1566518208945,12.658
931,"100","1",1,0.333333333333333,0.911208968934638,0.666050517707628,0.155833065098038,0.151971419419227,0.368977953063902,0.314
932,"100","2",1,0.333333333333333,1.62509427274517,0.746913481098073,0.153692243312131,0.159909501705209,0.315840320052914,0.303
933,"100","1",1,0.333333333333333,1.93796089855882,0.470602719613237,0.0452593961592046,-1.74526538370776,320.472123316268,43.023
934,"100","2",1,0.333333333333333,1.93196861029072,0.452437927934015,0.0519887314142279,-1.73950094511881,384.460747784959,36.625
935,"100","1",1,0.333333333333333,0.900550510613125,0.682533873909581,-0.807685812820335,1.68097298610432,0.304924595944948,0.354
936,"100","2",1,0.333333333333333,1.55034677304283,0.774538803820741,-0.797594265356433,1.68957981379202,0.260574106058674,0.325
937,"100","1",1,0.333333333333333,1.27938660571723,0.393794099927556,-0.580379063622745,0.182563200394968,3.65223092093307,3.764
938,"100","2",1,0.333333333333333,1.64630254553072,0.457971386505558,-0.57703217161379,0.167376500320289,3.978583680676,6.855
939,"100","1",1,0.333333333333333,1.24092047022964,0.639023442775312,-0.746900757196103,-0.934747567874688,0.628087162699141,0.241
940,"100","2",1,0.333333333333333,1.72251258000228,0.676078210463524,-0.739994594157512,-0.917807215212099,0.63308367344645,0.601
941,"100","1",1,0.333333333333333,1.34770121636018,0.417655791796396,0.293758908683446,3.62041487941547,2.24797048224116,1.734
942,"100","2",1,0.333333333333333,1.70426537593483,0.4192358737648,0.293957200077701,3.65949809985799,2.31149133202771,9.256
943,"100","1",1,0.333333333333333,1.39854762627025,0.588291626820874,-0.072957643816297,-0.519724686295001,1.18213324220817,0.595
944,"100","2",1,0.333333333333333,1.82684627388994,0.601888667602045,-0.0791418331086414,-0.504734360573535,1.22959979736686,0.734
945,"100","1",1,0.333333333333333,1.21210945939812,0.595410473252982,0.487815476184364,1.42641381464689,0.765257438822376,0.543
946,"100","2",1,0.333333333333333,1.71734017643467,0.653188205931937,0.484626804820488,1.44058615733146,0.741286986611481,0.618
947,"100","1",1,0.333333333333333,1.13470586608689,0.468905336729273,1.04072263020745,3.3328562069506,0.599438100703981,0.449
948,"100","2",1,0.333333333333333,1.64601449402959,0.495114197774312,1.03888865754143,3.33672756016896,0.583569626418345,0.469
949,"100","1",1,0.333333333333333,2.7259689502415,0.550489615085841,0.327748217492135,0.768665356086859,7652.1331254791,95977.782
950,"100","2",1,0.333333333333333,2.21121054970357,0.501723073797491,0.326920763556978,0.768430907466828,9068.79699932119,349.375
951,"100","1",1,0.333333333333333,2.26595587246986,0.384558270572308,1.87205679295661,2.54846187642953,11629267.9933788,1360.882
952,"100","2",1,0.333333333333333,2.05914482945436,0.361851695029327,1.88564506073212,2.60767773390732,15036965.2680066,273.918
953,"100","1",1,0.333333333333333,1.56449709068887,0.588952765657435,-0.414817372231374,1.60114186391869,1.64474079769932,5.926
954,"100","2",1,0.333333333333333,1.84240435519591,0.602467884543776,-0.418258007382981,1.60305067661366,1.83736701524347,1.597
955,"100","1",1,0.333333333333333,1.73679684585619,0.348265514434158,1.29797227211255,4.00211191647731,26.5330114489803,196.62
956,"100","2",1,0.333333333333333,1.86158263767009,0.353501209624466,1.30641991985197,3.98931787328765,31.4294358596244,34.761
957,"100","1",1,0.333333333333333,1.55499932389738,0.357101093490702,0.7034218752843,1.98063751804462,3.60344820677894,1.319
958,"100","2",1,0.333333333333333,1.79968300950145,0.358201131590034,0.704275042014811,1.96553064098118,4.15154088219774,3.197
959,"100","1",1,0.333333333333333,1.02184895021071,0.589649652552068,0.644217362194119,-1.09365754927771,0.629898274076973,0.646
960,"100","2",1,0.333333333333333,1.5459671306361,0.628310383626906,0.656011305990685,-1.08817733941672,0.549512430615389,0.543
961,"100","1",1,0.333333333333333,1.71346065968498,0.259197963797891,-0.128416847198166,-0.136145688105734,7011.94791994595,95.505
962,"100","2",1,0.333333333333333,1.78835305904255,0.261696573416362,-0.127144872725202,-0.124021454644648,8981.66230896848,819.384
963,"100","1",1,0.333333333333333,1.60291309970027,0.381102302311093,0.944354131834902,-0.771070681719265,5.21246504547786,2.035
964,"100","2",1,0.333333333333333,1.86332637604162,0.387284096730481,0.952999235379238,-0.789144165892536,5.88374965214684,8.272
965,"100","1",1,0.333333333333333,0.790831821025736,0.665993943055074,0.620100263674857,-1.89404222438662,0.315771654559927,0.224
966,"100","2",1,0.333333333333333,1.54598020414114,0.746581871736848,0.616371445454683,-1.89262594522434,0.254363067923546,0.278
967,"100","1",1,0.333333333333333,2.11662740856731,0.334347080778943,0.579052097156519,-0.447892792567296,39.9103040670114,840.07
968,"100","2",1,0.333333333333333,1.95818245570988,0.326037815728918,0.569417986490885,-0.424270758913711,49.9490649985806,18.018
969,"100","1",1,0.333333333333333,1.64580117649703,0.40791204894592,1.28952329867868,0.021211360543716,120.082892597845,78.714
970,"100","2",1,0.333333333333333,1.7799219557638,0.41017982787817,1.26948112360307,0.0185848226191477,144.769181589483,27.897
971,"100","1",1,0.333333333333333,0.90574565219147,0.526829113648917,0.541363042237488,0.480936370569076,0.401066891375223,0.503
972,"100","2",1,0.333333333333333,1.59337710736048,0.602294347724782,0.542809952237462,0.486317239618867,0.356020929206337,0.386
973,"100","1",1,0.333333333333333,1.70694158581565,0.519677060587881,1.03755782817298,0.661009608098483,6.73048835602159,7.059
974,"100","2",1,0.333333333333333,1.86850829006569,0.530812920054403,1.03347072328201,0.670911150516618,7.8395417437988,7.781
975,"100","1",1,0.333333333333333,1.61426356218025,0.280276463884808,0.147415177118354,-2.13582305669999,25.3221411357882,77.47
976,"100","2",1,0.333333333333333,1.76573584637196,0.289127634483495,0.147296519385807,-2.15008532765717,30.1163421256769,27.769
977,"100","1",1,0.333333333333333,0.842077960012536,0.630846558996695,-0.025486528960405,-0.327184641374958,0.319060979227068,0.468
978,"100","2",1,0.333333333333333,1.53296454327239,0.667504034607943,-0.0280142892593132,-0.381752579728926,0.268746904035197,0.322
979,"100","1",1,0.333333333333333,0.709841946688987,0.543570589249275,-0.596051417417511,-2.47908080979114,0.367201874879608,0.384
980,"100","2",1,0.333333333333333,1.47830423329382,0.634063634198633,-0.59044314436077,-2.46422947202716,0.316838612003621,0.291
981,"100","1",1,0.333333333333333,0.828629694906337,0.669454913873526,-0.554655630768469,0.0326204865128591,0.296677192029376,0.324
982,"100","2",1,0.333333333333333,1.56515932085886,0.779146631843359,-0.55079417279661,0.0237042300487747,0.253331629329562,0.216
983,"100","1",1,0.333333333333333,1.44899885391132,0.550848110383616,-0.884112361648311,0.478007873454624,2.20144735401068,2.383
984,"100","2",1,0.333333333333333,1.81104953413016,0.584893944032749,-0.884688587894271,0.499153533758724,2.38728159556482,2.081
985,"100","1",1,0.333333333333333,2.15879445488445,0.612671665376448,0.305337304394732,1.17866249524827,5.52051944656741,4.007
986,"100","2",1,0.333333333333333,2.00400694021333,0.602092253746627,0.3072723376677,1.21716438357572,6.58498205590969,2.087
987,"100","1",1,0.333333333333333,1.98922220308251,0.297438482238549,0.081117385756476,2.22812891842339,3934877371.26421,1254.199
988,"100","2",1,0.333333333333333,1.97309050517077,0.291675705628799,0.0848165037081034,2.21122785370393,5508789476.848,32686.923
989,"100","1",1,0.333333333333333,0.863512081189603,0.516166907433173,0.0270661774195998,-0.985876368159347,0.439989010598918,0.349
990,"100","2",1,0.333333333333333,1.58708614608612,0.569447720432777,0.0268742846980178,-0.99552944543117,0.404105321842514,0.401
991,"100","1",1,0.333333333333333,0.909033641349253,0.567923067799265,-0.1469134545685,-2.51809903727453,0.408525955749292,0.338
992,"100","2",1,0.333333333333333,1.6234421324977,0.598083721911513,-0.146224793865654,-2.53068167826124,0.370413680533271,0.415
993,"100","1",1,0.333333333333333,0.953296533086135,0.40600053245605,0.7152821461243,-0.615515821138461,1.68730797921146,2.425
994,"100","2",1,0.333333333333333,1.51470051758468,0.485220776855978,0.702610321887818,-0.578511105625374,1.64400290654417,2.233
995,"100","1",1,0.333333333333333,0.839195667758313,0.610410698429172,-0.768648719389271,0.339099894532256,0.314372650272067,0.216
996,"100","2",1,0.333333333333333,1.57236953708765,0.735437674744141,-0.75936775243814,0.364162206441257,0.267203364826481,0.304
997,"100","1",1,0.333333333333333,1.53195406089842,0.266297149032263,1.0850084566912,-1.47452940743484,2400.33766365667,52.208
998,"100","2",1,0.333333333333333,1.68173413163213,0.270218834679047,1.08549397406764,-1.48214178335116,3060.04935693158,150.632
999,"100","1",1,0.333333333333333,1.95086978868847,0.574136546706446,0.559455213152363,0.946163866753317,6.6929479564834,8.423
1000,"100","2",1,0.333333333333333,1.98794853137264,0.56510672623693,0.558461071897007,0.962678760384364,7.81163578501261,5.483
1001,"100","1",1.5,0.333333333333333,3.60292116951518,0.530784247798239,0.558239168694944,0.46409580505939,14570114.4579744,241.965
1002,"100","2",1.5,0.333333333333333,2.52392318301503,0.459144813590453,0.563538837771137,0.449513973003899,14538991.5123871,62.113
1003,"100","1",1.5,0.333333333333333,1.18548340170414,0.452675379910164,0.32751305230868,-3.23769122522485,1.98306589190351,5.591
1004,"100","2",1.5,0.333333333333333,1.52726088376243,0.510434798678803,0.326464211501103,-3.24711743578292,1.97949434435388,0.683
1005,"100","1",1.5,0.333333333333333,1.25524813319758,0.444615344472878,-0.0849953945322381,0.161076657477628,1.75916611535063,1.521
1006,"100","2",1.5,0.333333333333333,1.64171796651214,0.469071625133652,-0.0837192219693345,0.158452460984761,1.87334670441143,0.788
1007,"100","1",1.5,0.333333333333333,2.35257946035705,0.411137369783469,0.20407433873415,-2.71957019708813,3857.9630814331,157.822
1008,"100","2",1.5,0.333333333333333,2.06152813762585,0.396160983870983,0.200298866022098,-2.71812016464769,4769.13402939388,16.239
1009,"100","1",1.5,0.333333333333333,0.794738912924939,0.676798345215945,0.413943238951794,-1.53317041408501,0.248708613838025,0.302
1010,"100","2",1.5,0.333333333333333,1.49384638416235,0.794186567555406,0.415466844933833,-1.54822811728768,0.220283429821156,0.246
1011,"100","1",1.5,0.333333333333333,0.916661243784108,0.658223444437486,0.99142722020464,0.04561014222189,0.337936593748511,0.335
1012,"100","2",1.5,0.333333333333333,1.59615844861351,0.73825036757956,0.99310699013732,0.056455253795943,0.299181061153197,0.324
1013,"100","1",1.5,0.333333333333333,2.38772424047909,0.329172121577329,-0.47913602492135,2.59469416748159,4101822822.36741,338.398
1014,"100","2",1.5,0.333333333333333,2.065278114237,0.304876457753668,-0.473460224710637,2.61966795540327,5632423842.90209,260.544
1015,"100","1",1.5,0.333333333333333,1.34842400038983,0.45342927395424,0.822185376658725,-0.49554691732846,1.22818398702794,1.212
1016,"100","2",1.5,0.333333333333333,1.73435887367038,0.438242539230129,0.831302480062778,-0.51209073088402,1.29351927908461,1.569
1017,"100","1",1.5,0.333333333333333,0.659310748184237,0.662518304228624,0.122328050875,-0.368826778270081,0.262730993107648,0.224
1018,"100","2",1.5,0.333333333333333,1.5069605050835,0.7933222072186,0.121810664190074,-0.350493117455397,0.210373555190282,0.236
1019,"100","1",1.5,0.333333333333333,1.02833691662367,0.556697945103692,-0.605527554054089,0.252028440496798,0.785434451464232,0.623
1020,"100","2",1.5,0.333333333333333,1.73540545406356,0.666423434498883,-0.60054137779111,0.26289227573582,0.795741469199477,0.798
1021,"100","1",1.5,0.333333333333333,1.66462093077241,0.581855175856177,1.45582289891544,3.25329323987738,2.45657968377656,3.375
1022,"100","2",1.5,0.333333333333333,1.86399403596573,0.583778917834065,1.46964418423856,3.27059217110546,2.88648454244678,2.071
1023,"100","1",1.5,0.333333333333333,0.932205167394161,0.633135101455907,0.18833137326027,0.642561266054289,0.40741119892169,0.349
1024,"100","2",1.5,0.333333333333333,1.59107415980607,0.718388579918154,0.195812028155142,0.640788131919735,0.348999329605382,0.336
1025,"100","1",1.5,0.333333333333333,1.05757703457822,0.306314151832318,0.429983237751864,-4.400481381598,0.786340918533296,2.108
1026,"100","2",1.5,0.333333333333333,1.58337416552344,0.33029648974993,0.428825851359752,-4.41536505421674,0.787416486564884,0.993
1027,"100","1",1.5,0.333333333333333,1.44507775583968,0.639622029509737,-0.787436569913194,-0.336823513367574,0.949381521674689,0.893
1028,"100","2",1.5,0.333333333333333,1.81264600687159,0.666885626713166,-0.784272686032472,-0.315371891465283,0.97360649156254,0.698
1029,"100","1",1.5,0.333333333333333,2.57270004855098,0.398276247986176,-0.129223984921578,-2.50102361572244,83582.6180934271,235.273
1030,"100","2",1.5,0.333333333333333,2.21721838391337,0.353929643685308,-0.129342167614502,-2.50951891683126,97029.218440033,8886.77
1031,"100","1",1.5,0.333333333333333,1.05597240289305,0.620558790813834,0.369348021562843,0.218762180323771,0.502284036789934,0.404
1032,"100","2",1.5,0.333333333333333,1.67239774204551,0.695562647680993,0.363042804909864,0.222373568693462,0.461360264631481,0.545
1033,"100","1",1.5,0.333333333333333,1.92505648355979,0.379226702688043,0.0865934496440243,-2.69853225018915,15391.2320457081,4220.407
1034,"100","2",1.5,0.333333333333333,1.90469075980319,0.373589971179591,0.084929811841725,-2.70592186251834,19349.9980764618,173.202
1035,"100","1",1.5,0.333333333333333,1.18203214094058,0.602516502239089,-1.2395545832334,2.42073940630477,0.641458946812294,0.638
1036,"100","2",1.5,0.333333333333333,1.65798569659799,0.652087536062626,-1.23521656137998,2.4080015205841,0.658241162379869,0.656
1037,"100","1",1.5,0.333333333333333,1.67883666997176,0.257026729965464,-1.03894015805727,-0.293424633895475,719.881876399226,123.513
1038,"100","2",1.5,0.333333333333333,1.75500693928682,0.261142004869043,-1.02997617276396,-0.304302592562676,827.070091321078,673.595
1039,"100","1",1.5,0.333333333333333,0.954804086374132,0.615920467510079,-0.937625900984797,-1.207856311595,0.497370262511784,0.067
1040,"100","2",1.5,0.333333333333333,1.69564541052445,0.714627462871842,-0.939587785680856,-1.1891547686051,0.454338871181596,0.474
1041,"100","1",1.5,0.333333333333333,1.46693627812465,0.29527391596549,0.380313323605818,5.2330365757756,84.8892522433466,82.944
1042,"100","2",1.5,0.333333333333333,1.74691216531943,0.31853416544352,0.384101698207484,5.26849953259736,102.239158656437,21.503
1043,"100","1",1.5,0.333333333333333,1.91423992200894,0.467206740501702,-0.151798656313928,-1.23903074592466,14.0280805700045,111.555
1044,"100","2",1.5,0.333333333333333,1.92780039586473,0.450841855206075,-0.150445401835426,-1.22544441730883,16.7260560545182,11.167
1045,"100","1",1.5,0.333333333333333,1.55956028122201,0.523540291941177,0.691602694604601,1.97838943444217,2.15591845308208,2.57
1046,"100","2",1.5,0.333333333333333,1.81634246405067,0.573370115169685,0.695937575878292,1.97151608884065,2.25701303222131,34.48
1047,"100","1",1.5,0.333333333333333,1.7264137749682,0.350355745779217,1.59694297480057,5.3863322075386,8.00043510907612,22.073
1048,"100","2",1.5,0.333333333333333,1.86189608995984,0.361672132042805,1.58630281162312,5.38326541458523,9.1015769440991,3.452
1049,"100","1",1.5,0.333333333333333,3.03630796763911,0.519048497762479,0.691956828054751,1.55172856482336,12549171.7045675,611.38
1050,"100","2",1.5,0.333333333333333,2.36108384290212,0.457723262601834,0.685111132960662,1.54779572387147,13782711.3922266,311.615
1051,"100","1",1.5,0.333333333333333,2.58380494643285,0.353467836089516,2.64522576383619,3.94200532636741,7316881782506.31,177.023
1052,"100","2",1.5,0.333333333333333,2.22295724118716,0.328737403909166,2.65098862283678,3.96179510770063,9694603485092.25,278.194
1053,"100","1",1.5,0.333333333333333,1.71105789495715,0.452875254465709,-0.581159623725241,2.5334244604356,4.97634931120369,2.538
1054,"100","2",1.5,0.333333333333333,1.86792784450011,0.459042727500834,-0.578348134733251,2.55116701784408,5.8245141869939,26.555
1055,"100","1",1.5,0.333333333333333,2.39139886153183,0.337175379626767,1.94810465137644,6.38130589393198,50882.6789230434,331.583
1056,"100","2",1.5,0.333333333333333,2.13223690276031,0.314183055026147,1.9655137014541,6.42648098707965,63665.3709476666,1021.791
1057,"100","1",1.5,0.333333333333333,1.71414075022403,0.277020220333086,1.00499687529805,2.7813840367952,6.83982346621646,1.682
1058,"100","2",1.5,0.333333333333333,1.76522375426059,0.259348118521133,1.00965114385373,2.80661225363333,7.92030321914348,6.477
1059,"100","1",1.5,0.333333333333333,0.792382547791748,0.568188718996043,1.02205267211927,-1.29194851992015,0.44153528086742,0.723
1060,"100","2",1.5,0.333333333333333,1.50925066453481,0.684142502936489,1.03050152975733,-1.28573162715326,0.377733393777953,0.264
1061,"100","1",1.5,0.333333333333333,2.03001594112731,0.255759400937675,-0.258400255271623,-0.0106499703423635,143922432.7821,196.396
1062,"100","2",1.5,0.333333333333333,1.97457919199762,0.255944535311138,-0.261800530723334,-0.00735087086470648,197574237.721734,225.558
1063,"100","1",1.5,0.333333333333333,2.26715450422784,0.366682539206363,1.44981930225771,-1.32662559844611,113.202975167459,73.783
1064,"100","2",1.5,0.333333333333333,1.96629476454056,0.342837575804067,1.45316785694964,-1.32040631473008,138.772923739828,85.888
1065,"100","1",1.5,0.333333333333333,0.881271092875148,0.570297053477234,0.71920101132431,-2.78473865364004,0.367306783484765,0.32
1066,"100","2",1.5,0.333333333333333,1.57701868747596,0.655482764123205,0.718879287132739,-2.77189317631763,0.318715112907787,0.331
1067,"100","1",1.5,0.333333333333333,2.65362294543052,0.313764555745446,0.970352211349752,-0.664909074247387,25701.5718442916,45.553
1068,"100","2",1.5,0.333333333333333,2.15097315326879,0.29231894285118,0.981666293348832,-0.678052286079365,31680.3613891508,470.113
1069,"100","1",1.5,0.333333333333333,1.7948968501766,0.347342536947309,1.96549405729361,-0.117825242160419,80165.6652052685,2219.7
1070,"100","2",1.5,0.333333333333333,1.93888168408815,0.358072077210005,1.96990474114691,-0.124652849534956,106050.678992863,1789.688
1071,"100","1",1.5,0.333333333333333,1.43143615286506,0.360138404987765,0.972125631741606,1.25996763488359,2.69346229805475,0.266
1072,"100","2",1.5,0.333333333333333,1.75665169757235,0.38214148050393,0.977565442720344,1.25729031566276,2.9848194622861,3.619
1073,"100","1",1.5,0.333333333333333,2.11274183782456,0.426773429895093,1.49597146548176,0.930705181295917,5681.66335975056,163.834
1074,"100","2",1.5,0.333333333333333,1.98282973206585,0.406851174808989,1.50043646312555,0.926700113605601,7209.43684714406,41.384
1075,"100","1",1.5,0.333333333333333,1.69724941632716,0.248690688750661,0.202528373515938,-3.53227063296294,763.646954408692,101.057
1076,"100","2",1.5,0.333333333333333,1.85881533330455,0.258724389606358,0.20587842047093,-3.52288590772618,964.597095661438,214.257
1077,"100","1",1.5,0.333333333333333,0.967169146347113,0.583650798318573,-0.077596698914575,-0.744799094978422,0.406464686504161,0.291
1078,"100","2",1.5,0.333333333333333,1.62951621127372,0.690730980130055,-0.0762475266429019,-0.74372706952218,0.345355468809271,0.429
1079,"100","1",1.5,0.333333333333333,0.91501072886424,0.45327270045807,-0.855077533479737,-3.60471515576191,0.463963899712497,0.904
1080,"100","2",1.5,0.333333333333333,1.53014884263535,0.514121213321719,-0.844493889269673,-3.59354358398044,0.409607399764607,0.526
1081,"100","1",1.5,0.333333333333333,0.862675012298623,0.639911389454468,-0.996755704430814,-0.014831481544048,0.347937354683834,0.346
1082,"100","2",1.5,0.333333333333333,1.58237284415828,0.747340275396464,-0.998886369955078,-0.020238655125747,0.316675112241959,0.295
1083,"100","1",1.5,0.333333333333333,2.00359970017778,0.502464564946466,-1.39207362472061,0.618377714382939,45.5404125794463,9.139
1084,"100","2",1.5,0.333333333333333,1.9246758561442,0.493892585149183,-1.3921180873985,0.598457674402054,54.2330627602531,25.066
1085,"100","1",1.5,0.333333333333333,2.81211947281737,0.612140167497142,0.517852930257825,1.81005403521631,520.290925960096,59.938
1086,"100","2",1.5,0.333333333333333,2.24639170161388,0.545944310027469,0.51168722759355,1.80155191906557,600.093763734439,174.617
1087,"100","1",1.5,0.333333333333333,2.58409507661462,0.274225307702458,0.180424501101108,3.59895594761176,13068932144494512128,17477.244
1088,"100","2",1.5,0.333333333333333,2.27207702058429,0.261883383504803,0.180087282410253,3.609093548868,17707790843075129344,1028.741
1089,"100","1",1.5,0.333333333333333,1.00385303399861,0.519840694432304,0.0849922563953849,-1.38386094729096,0.415125916415404,0.574
1090,"100","2",1.5,0.333333333333333,1.58172956076776,0.573081549681023,0.0933941505819011,-1.39928901427873,0.374774772164507,0.37
1091,"100","1",1.5,0.333333333333333,1.39318012833688,0.414421517192585,-0.220896096823344,-3.91978708969644,1.24868988021032,0.875
1092,"100","2",1.5,0.333333333333333,1.79549199647015,0.430764204137397,-0.220206168196444,-3.91501055558881,1.34669730029096,1.276
1093,"100","1",1.5,0.333333333333333,1.6434315347265,0.373537631615941,1.16174004885986,-0.621422898913875,137.842455327497,39.297
1094,"100","2",1.5,0.333333333333333,1.75808215131357,0.400653739382142,1.14813503093578,-0.572751739454411,177.132394393041,65.679
1095,"100","1",1.5,0.333333333333333,1.03572436928595,0.593839092054271,-1.07767928318315,0.884572615602304,0.421070939625052,0.534
1096,"100","2",1.5,0.333333333333333,1.65571638826363,0.687834068439579,-1.08103702808715,0.896152248471482,0.384528900045465,0.531
1097,"100","1",1.5,0.333333333333333,1.81784054332688,0.260725991712121,1.64793381077606,-2.00177307055775,54071957.0094262,123.759
1098,"100","2",1.5,0.333333333333333,1.84931361532635,0.26091241576393,1.66129778836605,-1.99416942165501,75544647.1426341,11409.849
1099,"100","1",1.5,0.333333333333333,2.47456111872885,0.554349631846083,0.85180649222439,1.49889874920206,137.139484430469,232.073
1100,"100","2",1.5,0.333333333333333,2.13418159234033,0.513983485348652,0.851095649023658,1.50289643152851,163.415825515028,14.845
1101,"100","1",2,0.333333333333333,3.90284507383987,0.511938119207447,0.663931827458709,0.317968687859641,53900141751.8869,1810.852
1102,"100","2",2,0.333333333333333,2.70115476335328,0.433732661408455,0.654382117537101,0.302889524174907,44949907118.1523,169.461
1103,"100","1",2,0.333333333333333,1.12824318609889,0.377981920134853,0.440054580606193,-4.39144520075358,11.5903471503628,17.469
1104,"100","2",2,0.333333333333333,1.62904132890552,0.440960252655888,0.428638504380567,-4.36583150381684,12.9972344259822,8.937
1105,"100","1",2,0.333333333333333,1.58245074655603,0.352639886062482,-0.234508603877377,0.395705771151784,120.881255673843,78.593
1106,"100","2",2,0.333333333333333,1.72732784385879,0.361446482595751,-0.232852506096297,0.376255873611176,147.987950165867,35.32
1107,"100","1",2,0.333333333333333,2.67472317852412,0.378051936563168,0.30630310638834,-3.80874222332111,27481793.6996496,315410.485
1108,"100","2",2,0.333333333333333,2.22495657629601,0.356761243539417,0.306988003316105,-3.79337489392523,33318382.9776602,106.233
1109,"100","1",2,0.333333333333333,0.729236829770249,0.605121616148245,0.624577191402473,-1.93660122286002,0.306437003266534,0.264
1110,"100","2",2,0.333333333333333,1.55027549700652,0.754884873160671,0.61799522013543,-1.95189663273418,0.241962692428777,0.316
1111,"100","1",2,0.333333333333333,1.20263008492126,0.534491813219721,1.19863490555639,-0.0813869722493858,0.843739871069814,1.113
1112,"100","2",2,0.333333333333333,1.71139056651345,0.561670765917638,1.20871276815024,-0.0802618873518017,0.86472366606853,1.17
1113,"100","1",2,0.333333333333333,2.60947310802809,0.300663421836198,-0.692887717821776,3.53149579440954,3189427220679312,3806.006
1114,"100","2",2,0.333333333333333,2.26827232781251,0.283475962390757,-0.69155466274078,3.53675063482244,4440297313699196,6725.391
1115,"100","1",2,0.333333333333333,1.53423232987625,0.414745104366461,1.01236434682174,-1.10262442595518,2.33387527013603,1.589
1116,"100","2",2,0.333333333333333,1.83445913303529,0.422093426262693,1.01293689634432,-1.09163308475163,2.57435173195851,1.417
1117,"100","1",2,0.333333333333333,0.69186844039749,0.645702276066757,0.238157228282337,-0.724578385217867,0.267825189387767,0.249
1118,"100","2",2,0.333333333333333,1.51477859127698,0.794527646034713,0.240486503060525,-0.708791185462404,0.210800036339209,0.04
1119,"100","1",2,0.333333333333333,1.62644551252942,0.558732315132686,-0.722622350607201,0.665282898702982,3.29104246141204,1.038
1120,"100","2",2,0.333333333333333,1.85280873079537,0.593016874164249,-0.725324343112369,0.659897012732818,3.46695022658612,2.429
1121,"100","1",2,0.333333333333333,2.08159475060601,0.577092995892959,1.76645455222856,4.21313221132301,5.98678870263779,3.373
1122,"100","2",2,0.333333333333333,1.93243763436048,0.56128731657701,1.77478785788183,4.27079931054828,7.10445862871171,3.154
1123,"100","1",2,0.333333333333333,1.14271236114183,0.616567481058815,0.318574135567262,1.17235571056592,0.553669236447779,0.676
1124,"100","2",2,0.333333333333333,1.64764129994365,0.682441222380159,0.319401699249096,1.19006405716657,0.545350782479548,1.442
1125,"100","1",2,0.333333333333333,1.10403109998616,0.258089587127492,0.572497368979359,-5.55777735603745,1.00647204334906,1.315
1126,"100","2",2,0.333333333333333,1.52161929314526,0.249197705175032,0.584696706265139,-5.61531536566407,1.10145559938043,0.228
1127,"100","1",2,0.333333333333333,1.69142346585259,0.597927416060338,-1.19996738375479,-0.85031802576837,2.11777019496831,0.277
1128,"100","2",2,0.333333333333333,1.8778816744905,0.625436847395881,-1.2007942331502,-0.844225500715452,2.25593187867793,1.849
1129,"100","1",2,0.333333333333333,3.22484736640227,0.380157402167109,-0.300704708455434,-3.75272047419467,1361834069.33257,620.466
1130,"100","2",2,0.333333333333333,2.40231913624681,0.326837106692158,-0.297563005519376,-3.76222119809894,1449627809.38852,1537.161
1131,"100","1",2,0.333333333333333,1.35485557520531,0.578770317046466,0.61045007243767,0.263263054990596,1.08517375751686,1.159
1132,"100","2",2,0.333333333333333,1.79548619553005,0.631677602526338,0.606587602391039,0.281100311638693,1.10649718703958,0.697
1133,"100","1",2,0.333333333333333,1.91687866274901,0.339275484852988,0.197655179818896,-3.54551410701488,161991.070197235,1044.769
1134,"100","2",2,0.333333333333333,1.912082998695,0.331837391004775,0.201412348840801,-3.57105286278397,212608.104236882,323.922
1135,"100","1",2,0.333333333333333,1.49129265005078,0.538187120711918,-1.6307867222701,3.09334349619752,2.19962204333085,1.367
1136,"100","2",2,0.333333333333333,1.78494016134785,0.584235994893241,-1.64478643695415,3.11059573958491,2.38524673314624,2.306
1137,"100","1",2,0.333333333333333,1.92041954145417,0.224221488857042,-1.51651798599506,-0.833436263503552,460645.992771966,1605.419
1138,"100","2",2,0.333333333333333,1.86159895907887,0.208397175727742,-1.52374528919304,-0.866107790737831,592404.785573289,115.126
1139,"100","1",2,0.333333333333333,0.894291619397806,0.686229848884807,-1.13432403415615,-1.54696687715881,0.318639544621993,0.352
1140,"100","2",2,0.333333333333333,1.61956964943355,0.760781224393264,-1.13501298366531,-1.53600270089937,0.286031140198278,0.316
1141,"100","1",2,0.333333333333333,1.74770925624086,0.27167101436843,0.460124744727673,6.81196982506433,9954.64218516428,1156.306
1142,"100","2",2,0.333333333333333,1.80774945464091,0.273275910125425,0.461698959619659,6.79669304079738,12390.4126166983,148.428
1143,"100","1",2,0.333333333333333,2.06001656457319,0.409654718465809,-0.131588230051464,-1.74990184660621,292.95167795302,584.552
1144,"100","2",2,0.333333333333333,2.00680094981175,0.392150522734354,-0.131962035717086,-1.75327471553758,354.734245214047,34.531
1145,"100","1",2,0.333333333333333,1.81683595303123,0.482142563136459,0.878232827002909,2.41213372287148,9.25753305024516,5.387
1146,"100","2",2,0.333333333333333,1.84557033953097,0.478179175370493,0.881355586343401,2.43710411940536,10.6230682688904,217.032
1147,"100","1",2,0.333333333333333,2.29301018725314,0.346233673839272,2.11353267935963,7.35263117468711,556.210225649716,68.792
1148,"100","2",2,0.333333333333333,1.98878196613265,0.318266501901082,2.10845308725523,7.32751272479308,653.408347041788,40.781
1149,"100","1",2,0.333333333333333,3.45805931621131,0.497847755858227,1.05493109571973,2.2778085766847,78658453900.9931,870.622
1150,"100","2",2,0.333333333333333,2.50850400979794,0.42732120537234,1.04500820594973,2.27042216709739,82393485545.9892,264.085
1151,"100","1",2,0.333333333333333,2.96485747879116,0.33346781952848,3.39773625102948,5.28001217416452,4844973430448458752,2781.006
1152,"100","2",2,0.333333333333333,2.41847968448057,0.310507731525821,3.3873225123665,5.26372740262079,6038043689776409600,5399688.638
1153,"100","1",2,0.333333333333333,1.96828893944318,0.350586054236283,-0.701133833717338,3.49597565832126,78.1111576031141,36.577
1154,"100","2",2,0.333333333333333,1.96618261845514,0.342342494430792,-0.701897580470406,3.48465461979578,93.281525751643,18.336
1155,"100","1",2,0.333333333333333,3.00925251651682,0.326977563782376,2.70177465901942,9.11812818254943,1221276848.9697,77548613.667
1156,"100","2",2,0.333333333333333,2.36048309458147,0.294673033977185,2.70252116636201,9.08427820463451,1385236055.10708,28967.184
1157,"100","1",2,0.333333333333333,1.37293361126518,0.207848178015199,1.27883392016492,3.59303849302858,9.66251144113386,17.829
1158,"100","2",2,0.333333333333333,1.76818476760537,0.221467891247162,1.27921381499328,3.62324338728495,12.0281907401327,34.027
1159,"100","1",2,0.333333333333333,0.827455802757602,0.602737239840656,1.42023133587183,-1.44169103163179,0.324240670308359,0.365
1160,"100","2",2,0.333333333333333,1.53056837525903,0.751273963627858,1.427099966416,-1.45233384019117,0.273037764598985,0.304
1161,"100","1",2,0.333333333333333,2.45921364610638,0.266635480530598,-0.282489905331647,0.329794048217787,4618866908639.17,2496.982
1162,"100","2",2,0.333333333333333,2.16947490391816,0.252055366920346,-0.283577301751461,0.332875655099751,6311700433236.88,281.423
1163,"100","1",2,0.333333333333333,2.32941570713718,0.345034837591382,1.97401114792477,-1.81516580950323,3406.30451960053,371.978
1164,"100","2",2,0.333333333333333,2.04287943418664,0.317295716487613,1.97329201801546,-1.80199808681077,4194.17901603749,416.396
1165,"100","1",2,0.333333333333333,1.17610234656679,0.518188490526152,0.832838581195451,-3.64223800885774,0.500596180369933,0.152
1166,"100","2",2,0.333333333333333,1.62503729349795,0.5471293138135,0.823003959194514,-3.63084254231709,0.475773588145659,0.396
1167,"100","1",2,0.333333333333333,2.95957659777614,0.305521302649864,1.41130101299325,-0.853019390123382,30540173.1189591,7839.903
1168,"100","2",2,0.333333333333333,2.32062031535885,0.275205168030555,1.4078997001916,-0.852081607146935,36038469.4037051,67.076
1169,"100","1",2,0.333333333333333,2.31393730005421,0.351646360966756,2.58393855226473,-0.36623940967262,56799472.0499036,155.911
1170,"100","2",2,0.333333333333333,2.06242059616034,0.333951065139356,2.59058782890283,-0.369403199902968,76270063.3829417,987.659
1171,"100","1",2,0.333333333333333,2.10264240934193,0.33139948868608,1.45394469127683,2.09042540790218,390.272641895814,113.735
1172,"100","2",2,0.333333333333333,1.93539073727292,0.32488900959247,1.44822022264984,2.12506286089181,489.966655557772,778.312
1173,"100","1",2,0.333333333333333,2.16184021593108,0.354457378503409,1.89785093112917,1.04544761514703,36939331.922894,1375.298
1174,"100","2",2,0.333333333333333,2.04384669684321,0.332085673593936,1.89840862641832,1.03780542755609,51108733.2058822,35274.647
1175,"100","1",2,0.333333333333333,1.95224994652997,0.243823416437318,0.275581797409986,-4.93543970227808,41470.942648267,940.703
1176,"100","2",2,0.333333333333333,1.95115366562493,0.2416417710904,0.276770224440983,-4.89812531734527,54551.6993233324,401.07
1177,"100","1",2,0.333333333333333,0.933904870495598,0.566169543484567,-0.184033880030363,-1.35900441469418,0.459745057706038,0.341
1178,"100","2",2,0.333333333333333,1.64963938476053,0.635614031727653,-0.18169978095501,-1.34419371795448,0.427242184099386,0.454
1179,"100","1",2,0.333333333333333,0.954080603878515,0.393772188261183,-1.07898499298928,-4.7682411820487,0.733534484055063,0.978
1180,"100","2",2,0.333333333333333,1.53622776618671,0.421272910023939,-1.08117400290787,-4.77085712029745,0.661819018287169,0.997
1181,"100","1",2,0.333333333333333,1.05950342772007,0.611355292681234,-1.44575818561232,-0.117477802195726,0.473695384682426,0.955
1182,"100","2",2,0.333333333333333,1.6626058035185,0.707666148423116,-1.45346468075642,-0.126469265044366,0.459202280389279,0.449
1183,"100","1",2,0.333333333333333,2.0551087142418,0.43886919099748,-1.86829585551876,0.680470700913179,6968.28366005365,138.339
1184,"100","2",2,0.333333333333333,1.9687275351911,0.422724272435163,-1.87393139846666,0.70651644317577,8863.83062916093,30.163
1185,"100","1",2,0.333333333333333,3.38326336809891,0.592203370815897,0.781103860009675,2.55767542151992,261806.918632825,1429.592
1186,"100","2",2,0.333333333333333,2.46377905538562,0.499706388048433,0.785281995754194,2.56272730731376,273045.248256424,38.864
1187,"100","1",2,0.333333333333333,3.17872990690519,0.274018900077272,0.230349244961253,4.8635824547051,3.68516473183626e+27,1626.212
1188,"100","2",2,0.333333333333333,2.55691166938906,0.252459121415788,0.226261367556419,4.89025784651795,4.40738232570139e+27,638322348.717
1189,"100","1",2,0.333333333333333,0.83537633834663,0.538408374913369,0.160819472129153,-1.78866712077979,0.394723215651787,0.563
1190,"100","2",2,0.333333333333333,1.58494167507033,0.603547308896868,0.154079551631477,-1.78059006617213,0.366600162487924,0.398
1191,"100","1",2,0.333333333333333,2.26471568916383,0.38124999027927,-0.297390907046935,-5.23837271012055,14.1261144924373,30.171
1192,"100","2",2,0.333333333333333,2.00103900837239,0.3715724331348,-0.30186724656934,-5.27561084671264,16.7651947702351,16.179
1193,"100","1",2,0.333333333333333,2.01532849592448,0.356657764442383,1.58863299505717,-0.528181539804762,120000.533027705,90.852
1194,"100","2",2,0.333333333333333,1.87878673820125,0.343409364583951,1.59334385219677,-0.529562577077556,159471.197021473,205.139
1195,"100","1",2,0.333333333333333,1.32257476694849,0.5738217206726,-1.41274024070715,1.31001420431619,0.756268753923582,0.64
1196,"100","2",2,0.333333333333333,1.76750092447169,0.612013888279997,-1.41315931857964,1.33653639961914,0.759573262806663,1.135
1197,"100","1",2,0.333333333333333,2.29177996131405,0.271297721029444,2.15547450586612,-2.58851597329655,1362755679697.86,5177.677
1198,"100","2",2,0.333333333333333,2.07388342683098,0.261971372312106,2.16138953012902,-2.59136405492659,1961178769917.29,352.787
1199,"100","1",2,0.333333333333333,2.8185448207863,0.501436154790251,1.0867424982648,1.88271965354392,5116.68760680941,123.906
1200,"100","2",2,0.333333333333333,2.24613274786369,0.46726090756227,1.08560770581645,1.87905295646699,5796.0859881967,147.089
1201,"100","1",2.5,0.333333333333333,4.66695690355287,0.505259116283434,0.765806785105102,0.217150532878912,150319754438267,1359.395
1202,"100","2",2.5,0.333333333333333,2.86619529050266,0.410870505027628,0.756663595345637,0.220605344087868,104002721207465,813.518
1203,"100","1",2.5,0.333333333333333,1.71463559973474,0.434514356422127,0.542773092184142,-5.40391272169219,102.484154021476,61.805
1204,"100","2",2.5,0.333333333333333,1.7115435370787,0.399789366870264,0.542371467756551,-5.38747171931761,119.433847561191,22.275
1205,"100","1",2.5,0.333333333333333,1.7231433435272,0.318408967877974,-0.409251412928254,0.624513509978979,97803.5248273969,1847.484
1206,"100","2",2.5,0.333333333333333,1.80864383538281,0.320067478567141,-0.411944965875421,0.622216696011653,129451.16426886,31.511
1207,"100","1",2.5,0.333333333333333,3.05134111897252,0.368707396787485,0.475183637830024,-4.75896369038579,665661936591.493,1021.704
1208,"100","2",2.5,0.333333333333333,2.41418239410154,0.3367407863495,0.473566467257913,-4.71614123135774,777903343925.72,3645.506
1209,"100","1",2.5,0.333333333333333,0.85004478692379,0.627737139609731,0.840891608720841,-2.30137201087802,0.32869178820264,0.335
1210,"100","2",2.5,0.333333333333333,1.61095555694359,0.702704974323553,0.841794547666478,-2.28601165828128,0.293135647250586,0.376
1211,"100","1",2.5,0.333333333333333,1.65533409779807,0.387510250405111,1.38143606121307,-0.257401178516846,10.6744174298194,12.41
1212,"100","2",2.5,0.333333333333333,1.78669367401502,0.38868556793604,1.38931526696977,-0.281667261777752,12.3698696551756,14.52
1213,"100","1",2.5,0.333333333333333,2.8700312195373,0.288808889772508,-0.870151636579845,4.52482788963968,1.65123330878937e+21,999.169
1214,"100","2",2.5,0.333333333333333,2.43297650285711,0.271881571907222,-0.871717686231861,4.53133622215314,2.15854845152281e+21,1652.767
1215,"100","1",2.5,0.333333333333333,1.87681959296477,0.423176273463639,1.17780970215213,-1.73339777737162,6.29190882533502,1.138
1216,"100","2",2.5,0.333333333333333,1.90543653541558,0.400662382582222,1.17406641684867,-1.72275766372438,7.13062494501718,7.741
1217,"100","1",2.5,0.333333333333333,0.735498426074208,0.681415118626878,0.345086162862754,-1.10503362263012,0.275292626320995,0.264
1218,"100","2",2.5,0.333333333333333,1.48636676941304,0.802749623482115,0.341458813955218,-1.06264599445135,0.212766586523499,0.193
1219,"100","1",2.5,0.333333333333333,1.89737289457881,0.526029070941886,-0.869875080957067,1.02031527414743,26.0126076139921,60.255
1220,"100","2",2.5,0.333333333333333,1.96859808916696,0.540225546986515,-0.868660676426463,1.03097785632437,29.4066191539636,7.486
1221,"100","1",2.5,0.333333333333333,1.96537338405364,0.548327519029059,2.04151627259535,5.21042130105919,13.6487395537567,16.424
1222,"100","2",2.5,0.333333333333333,2.01796306325968,0.552303489504799,2.04930920469197,5.208540753676,16.6258774620402,5.787
1223,"100","1",2.5,0.333333333333333,1.50272716918242,0.623700298460305,0.465724510429194,1.81955978336109,1.09358140598647,1.046
1224,"100","2",2.5,0.333333333333333,1.78164154127714,0.643860328836185,0.465270182249901,1.82484026002655,1.14228677412082,0.689
1225,"100","1",2.5,0.333333333333333,1.28332664751222,0.216100521573052,0.739655703940297,-6.83918053272666,2.50793959270388,2.14
1226,"100","2",2.5,0.333333333333333,1.56442189685915,0.22551405180384,0.739711207703316,-6.86188649820679,2.91774199492734,4.848
1227,"100","1",2.5,0.333333333333333,1.86641577309963,0.57791607847846,-1.62670934130686,-1.47959875252826,4.81642373898974,8.174
1228,"100","2",2.5,0.333333333333333,1.98428585780211,0.585444532101863,-1.63165722844475,-1.45934990111115,5.40618734233363,2.256
1229,"100","1",2.5,0.333333333333333,3.81598114518666,0.38816669158125,-0.443111511291542,-4.95506747185791,24739654085407.6,310.893
1230,"100","2",2.5,0.333333333333333,2.5859546484299,0.311962019307854,-0.443782425872323,-4.94842761362276,22825239571050.7,4550.665
1231,"100","1",2.5,0.333333333333333,1.85421750957782,0.577002273822955,0.855215499546804,0.332220068633309,3.8195631170958,2.404
1232,"100","2",2.5,0.333333333333333,1.86097953522985,0.561051567679252,0.855009222285358,0.351482934873769,4.24113953644496,1.86
1233,"100","1",2.5,0.333333333333333,1.6983522161869,0.301091177940359,0.379237211215531,-4.36910509499712,520605.441601049,6198.992
1234,"100","2",2.5,0.333333333333333,1.85606687167951,0.309119955773698,0.376995889289659,-4.3387667313419,700559.836955989,143.736
1235,"100","1",2.5,0.333333333333333,1.7775653915217,0.536947141433853,-2.00811929901134,3.87654098728708,7.86179228566066,38.548
1236,"100","2",2.5,0.333333333333333,1.91710373496745,0.546683906027131,-1.99015744233031,3.87058869368957,9.41590591792066,1.512
1237,"100","1",2.5,0.333333333333333,2.14414514216012,0.209489780933308,-2.00129987370293,-1.43267353599898,624706555.692237,746725.189
1238,"100","2",2.5,0.333333333333333,1.927931687155,0.193024654164828,-2.02223361435714,-1.44565372845836,827542196.151801,339.089
1239,"100","1",2.5,0.333333333333333,0.711116149517772,0.666711915944448,-1.35295138292293,-1.9806950665731,0.254123422525158,0.329
1240,"100","2",2.5,0.333333333333333,1.54646204287592,0.80019286211369,-1.35949620259529,-1.9780560117883,0.224767494770411,0.17
1241,"100","1",2.5,0.333333333333333,1.91455627356885,0.25774166807985,0.549450545956594,8.30949535194417,1676511.73318705,2509.602
1242,"100","2",2.5,0.333333333333333,1.85355335927564,0.252934191235671,0.556189809977956,8.30556663229456,2206723.36667744,82806.681
1243,"100","1",2.5,0.333333333333333,2.31745543137142,0.37915549822907,-0.0606395283313073,-2.16892881728092,5431.94261644911,909.179
1244,"100","2",2.5,0.333333333333333,2.04999051937247,0.355795427725715,-0.0589627631655159,-2.18287371766648,6870.33626781557,584.358
1245,"100","1",2.5,0.333333333333333,1.80074185965549,0.397471074989698,1.05888134532391,2.8862432068583,69.9999143150387,30.601
1246,"100","2",2.5,0.333333333333333,1.89758393966694,0.397648600424018,1.0618348707477,2.86749874966834,84.0123726015232,18.874
1247,"100","1",2.5,0.333333333333333,2.44208391937599,0.316590470041789,2.63950710457568,9.24610013390297,84804.9565528884,521.213
1248,"100","2",2.5,0.333333333333333,2.09699449565691,0.293555639440171,2.61039309144233,9.15762724748884,97515.2039130613,123.793
1249,"100","1",2.5,0.333333333333333,3.60868059219651,0.465053570416616,1.41481398070023,2.96591242559947,990208312310776,60941913.877
1250,"100","2",2.5,0.333333333333333,2.63600291300699,0.401974487488155,1.40346965402193,2.97156874686398,955731737922352,1137391.057
1251,"100","1",2.5,0.333333333333333,3.26423926482136,0.324914722210703,4.14966086355245,6.55748940530531,1.69176988986844e+24,23687.857
1252,"100","2",2.5,0.333333333333333,2.61603323522847,0.303231608301475,4.12689927906246,6.56329623069283,1.91979802104231e+24,471649.348
1253,"100","1",2.5,0.333333333333333,2.38110724061469,0.325342777082979,-0.836909089770265,4.3378939064774,6772.15442617448,123.429
1254,"100","2",2.5,0.333333333333333,2.07892171193161,0.301613655226156,-0.831491034080148,4.35272357037468,8459.42315413412,104.577
1255,"100","1",2.5,0.333333333333333,3.53098857653597,0.317735078326448,3.48855957397182,11.8769980556935,78289304357382.6,5556.644
1256,"100","2",2.5,0.333333333333333,2.61916508067496,0.283776734018273,3.48928503410782,11.872550966183,77419517539483.2,7037.516
1257,"100","1",2.5,0.333333333333333,1.53472014362949,0.196660093199868,1.53134853657657,4.47410189796513,21.0550295210827,44.104
1258,"100","2",2.5,0.333333333333333,1.76295287544006,0.200921988413171,1.53176930164479,4.45305095968086,26.476247020319,13.977
1259,"100","1",2.5,0.333333333333333,0.624093513393093,0.599655469885644,1.82114416540948,-1.58806108737951,0.290037961992345,0.037
1260,"100","2",2.5,0.333333333333333,1.46628151240482,0.769356714116815,1.81776146633006,-1.59017425909499,0.234754626417121,0.264
1261,"100","1",2.5,0.333333333333333,2.77990276181293,0.271230691551185,-0.24162765762903,0.846324589727088,80967106730032576,6151.053
1262,"100","2",2.5,0.333333333333333,2.3307397951772,0.248711661993889,-0.244740856186023,0.837214107316156,105966954574093728,16803.999
1263,"100","1",2.5,0.333333333333333,2.31548587114668,0.310589813534847,2.49363677297455,-2.25687525809978,129793.328279019,906.421
1264,"100","2",2.5,0.333333333333333,2.10453984240285,0.299739126952958,2.49216628203161,-2.27020779764977,161822.740878288,42388.562
1265,"100","1",2.5,0.333333333333333,1.30394074707688,0.445323833545984,0.945977243994455,-4.4097321161638,0.843107227311697,0.781
1266,"100","2",2.5,0.333333333333333,1.73280832577691,0.470025469591602,0.94553402750391,-4.42164688840795,0.849083828712212,0.62
1267,"100","1",2.5,0.333333333333333,3.24820495757285,0.298953020380558,1.85155313991848,-1.02859894131125,45733446771.6447,3675.176
1268,"100","2",2.5,0.333333333333333,2.45182767409567,0.262869934512815,1.83826019660746,-1.01040380247257,48879543326.9081,200.224
1269,"100","1",2.5,0.333333333333333,2.36759364119258,0.326693162879615,3.1688629838882,-0.680510571681039,24515390652.2464,12197.752
1270,"100","2",2.5,0.333333333333333,2.16154080437021,0.308468689171424,3.17064431959931,-0.682265398233004,32368068647.0273,299.662
1271,"100","1",2.5,0.333333333333333,2.35127984584973,0.323913446943789,1.94584054191633,3.01759599934367,568061.868118729,1059.728
1272,"100","2",2.5,0.333333333333333,2.14185071980697,0.306184443488219,1.94012137407951,3.02970354936468,708023.37703302,5665.438
1273,"100","1",2.5,0.333333333333333,2.37679823113262,0.308286674812578,2.2800106914864,1.13746707979706,423774430952.878,2399.123
1274,"100","2",2.5,0.333333333333333,2.13337544959495,0.297658084606736,2.2823919621745,1.12302410198927,578133984940.798,332.854
1275,"100","1",2.5,0.333333333333333,2.264581524396,0.239170857776916,0.367446725537413,-6.25885347825936,4330631.00716822,356.456
1276,"100","2",2.5,0.333333333333333,2.04297038700116,0.224976000440167,0.378345438538183,-6.26959547029237,5694142.93065338,2308.467
1277,"100","1",2.5,0.333333333333333,1.06821676282803,0.525209384618376,-0.305811857042096,-1.95199391954199,0.612462715482075,0.363
1278,"100","2",2.5,0.333333333333333,1.70269705882981,0.578301663446698,-0.296674390216223,-1.94623321204574,0.578159209033209,0.489
1279,"100","1",2.5,0.333333333333333,1.1050789732251,0.358185648150913,-1.30898729632861,-5.97020255355917,1.27230854754337,1.224
1280,"100","2",2.5,0.333333333333333,1.5908857532516,0.370282277376156,-1.30794363805562,-5.97817271456027,1.29175433910222,1.085
1281,"100","1",2.5,0.333333333333333,1.17318513513576,0.596848537372493,-1.89141495851143,-0.214010383696423,0.673479314357786,1.272
1282,"100","2",2.5,0.333333333333333,1.67565029963299,0.666409440718472,-1.89034432798329,-0.206944424033884,0.68070283039219,0.483
1283,"100","1",2.5,0.333333333333333,2.32051198689657,0.39692266976234,-2.2944091783723,0.877518026625564,7732755.29500026,2526.483
1284,"100","2",2.5,0.333333333333333,2.04641585037254,0.374740669019822,-2.30087787207147,0.867292214589231,9616599.56102083,308.087
1285,"100","1",2.5,0.333333333333333,3.96863789768278,0.54285266246703,1.10402002238015,3.40537520634951,380586348.337275,148.612
1286,"100","2",2.5,0.333333333333333,2.61106485854202,0.442564201027836,1.09648204842208,3.39587361003276,342547020.08338,147.72
1287,"100","1",2.5,0.333333333333333,3.65094945579075,0.271917344796407,0.23158899722269,6.08989793269788,5.77536237714811e+34,29381.835
1288,"100","2",2.5,0.333333333333333,2.80244604908019,0.245490732673634,0.228500033163464,6.0693829565547,5.75997506821582e+34,363988333.28
1289,"100","1",2.5,0.333333333333333,1.0094681599673,0.570245185707513,0.194878200774891,-2.18568268003241,0.419284160034833,3.982
1290,"100","2",2.5,0.333333333333333,1.57518002975149,0.605968304529327,0.191073721456311,-2.20606592668824,0.366213767639891,0.412
1291,"100","1",2.5,0.333333333333333,2.50173666619887,0.363042605082992,-0.405549766900536,-6.67068180137607,504.272427160878,204.252
1292,"100","2",2.5,0.333333333333333,2.15638351228615,0.346177447589102,-0.398574658564517,-6.63480250320962,616.028579357993,5088.861
1293,"100","1",2.5,0.333333333333333,2.16722994641388,0.323624974459691,2.01849694909958,-0.525022718781997,282333578.597245,145.312
1294,"100","2",2.5,0.333333333333333,1.97724522507546,0.306308849248993,2.02191397992268,-0.509738669748332,383494622.686811,125.64
1295,"100","1",2.5,0.333333333333333,1.50823099281269,0.522469862145395,-1.76564233693461,1.67934105282188,1.8750434478209,1.242
1296,"100","2",2.5,0.333333333333333,1.82033588010447,0.534183923921663,-1.76585156226939,1.68346006083086,2.09812801475035,9.487
1297,"100","1",2.5,0.333333333333333,2.45938696092135,0.272637393377124,2.60076760391855,-3.28080048452961,13118470801963106,4793.344
1298,"100","2",2.5,0.333333333333333,2.20509166414324,0.260231827322103,2.60917642819621,-3.26862360745581,18692777018208616,1410.869
1299,"100","1",2.5,0.333333333333333,3.35633863009254,0.490455193696109,1.27957264861767,2.14703369666433,449689.347290047,401.069
1300,"100","2",2.5,0.333333333333333,2.40407927930154,0.431998333426966,1.27443372362701,2.12715814480571,476149.48113689,105.029
1301,"100","1",3,0.333333333333333,5.22955271606509,0.514693527813967,0.914352132026173,0.247266908982488,191082370484519904,2291.171
1302,"100","2",3,0.333333333333333,3.02661142423669,0.394882408652188,0.892851734186279,0.239609985720019,111663592479097936,2236.822
1303,"100","1",3,0.333333333333333,1.69957568001326,0.391522024762747,0.662939516047333,-6.33934262784075,1090.12440843137,2018.894
1304,"100","2",3,0.333333333333333,1.73706001162911,0.370602924913065,0.681331571480301,-6.36749368142648,1296.2803817491,54.28
1305,"100","1",3,0.333333333333333,1.90902551895147,0.295312837162858,-0.56947897900358,0.785836505116403,302173236.573021,7893.332
1306,"100","2",3,0.333333333333333,1.95192166735452,0.299645566498945,-0.572988949305883,0.815765282714588,419323045.760581,10101.832
1307,"100","1",3,0.333333333333333,3.5697722565147,0.368537383769472,0.693915864263288,-5.51919594433581,25916765476460180,1322.007
1308,"100","2",3,0.333333333333333,2.58887114601258,0.324548434293601,0.694163614162319,-5.51206914034673,27195252693490092,2838.058
1309,"100","1",3,0.333333333333333,1.16162981819798,0.608102623448386,1.08410153102613,-2.56233417222298,0.433061580175985,0.409
1310,"100","2",3,0.333333333333333,1.69304730816605,0.626902066286278,1.0818922094558,-2.5858054619253,0.419794284458366,0.529
1311,"100","1",3,0.333333333333333,1.8859557459432,0.317830750310198,1.55991691945935,-0.510802958697313,866.752116374327,241.371
1312,"100","2",3,0.333333333333333,1.88333231190094,0.316278081972179,1.56608691257324,-0.512392985572223,1072.9453649656,130.573
1313,"100","1",3,0.333333333333333,3.19907988334679,0.286511192272447,-1.02806113470025,5.59855415403357,3.34971613723644e+26,3763.083
1314,"100","2",3,0.333333333333333,2.62097623001066,0.265204556726209,-1.01884739384957,5.57874524724038,3.98575534976095e+26,116613.065
1315,"100","1",3,0.333333333333333,1.9506584040251,0.378170808471303,1.34890977902001,-2.35822836829322,23.6507428994937,10.095
1316,"100","2",3,0.333333333333333,1.95894310092949,0.381449135022854,1.34546940023452,-2.33276536668752,27.1619858133389,12.756
1317,"100","1",3,0.333333333333333,0.628173739997683,0.655941780917809,0.436100078996345,-1.44514768810978,0.289774609153227,0.032
1318,"100","2",3,0.333333333333333,1.50429679891198,0.7862146696372,0.43233726512428,-1.40254171272562,0.22987485947261,0.256
1319,"100","1",3,0.333333333333333,2.25749233359788,0.515804548477937,-1.04189610379806,1.32932682512189,402.291850777087,96.862
1320,"100","2",3,0.333333333333333,2.02712157483237,0.494987098222346,-1.03229070574806,1.33302068624487,482.770313506163,129.109
1321,"100","1",3,0.333333333333333,2.16886047146795,0.561061722496327,2.29812432044255,6.09637653464515,36.7512197931649,5.474
1322,"100","2",3,0.333333333333333,2.06868260703899,0.533504114823306,2.31542790664244,6.12272134511505,43.5925291345817,31.655
1323,"100","1",3,0.333333333333333,1.62161588059516,0.584965038656341,0.630890624871999,2.48832318476569,2.53406721606883,1.936
1324,"100","2",3,0.333333333333333,1.85008568489074,0.609071598051643,0.631583036366497,2.49201207522354,2.85809105948104,1.998
1325,"100","1",3,0.333333333333333,1.37205839662933,0.20761751441969,0.875515176338106,-8.13700182151137,9.77803015676669,24.282
1326,"100","2",3,0.333333333333333,1.63135758325143,0.213949121482005,0.876335938257063,-8.14919219295907,11.8147384116727,5.928
1327,"100","1",3,0.333333333333333,2.31498524438583,0.57560928487949,-2.04537119966738,-2.08403247443797,12.3487828854857,5.502
1328,"100","2",3,0.333333333333333,2.02996789492449,0.539106951145779,-2.04384364591992,-2.06270355084917,14.4076690210503,3.474
1329,"100","1",3,0.333333333333333,4.00289211572894,0.373414853055352,-0.553797984116143,-6.02814353129975,206098067431443584,233.911
1330,"100","2",3,0.333333333333333,2.75630414156577,0.301290517938397,-0.549362236552727,-6.02860011560404,168490215409461728,173377.546
1331,"100","1",3,0.333333333333333,1.92432947943405,0.518591135135731,1.10500658710966,0.437669032397761,16.0015559417096,329.776
1332,"100","2",3,0.333333333333333,1.94838323887862,0.526702867387639,1.09694993369126,0.443815651849737,18.8063471297608,6.866
1333,"100","1",3,0.333333333333333,1.7309950320812,0.285117778916618,0.600996713365194,-5.03712420147978,876306.477768656,639.42
1334,"100","2",3,0.333333333333333,1.85190690198997,0.293700376401699,0.596811798073845,-5.03840949873103,1172176.03634969,10941.658
1335,"100","1",3,0.333333333333333,2.0835522294258,0.525039406981403,-2.29056751492645,4.77335793177947,36.3916544754683,50.213
1336,"100","2",3,0.333333333333333,1.98649916806399,0.522206549940033,-2.28561473860746,4.75354806170531,43.3260221225278,24.368
1337,"100","1",3,0.333333333333333,2.24563384828342,0.203299396337164,-2.48435724860275,-1.97509308481146,1302744421392.29,3746.288
1338,"100","2",3,0.333333333333333,2.08667669770616,0.190036758623811,-2.50848869289313,-1.98795049701714,1757941723076.92,11498.246
1339,"100","1",3,0.333333333333333,0.7638557055572,0.675011916613196,-1.62149575411784,-2.51428677277675,0.260553162090772,0.041
1340,"100","2",3,0.333333333333333,1.51954333131333,0.796496746116524,-1.61260185832776,-2.49130744104901,0.214807108326299,0.273
1341,"100","1",3,0.333333333333333,2.11572822715559,0.253846241780325,0.673056909112818,9.87122494699181,325869153.614389,7526.487
1342,"100","2",3,0.333333333333333,1.98414404290597,0.240704273917527,0.679714520487468,9.87141734442416,434800937.715098,9421072.985
1343,"100","1",3,0.333333333333333,2.24454511000146,0.34029467987904,0.0422809151740695,-2.57366080037348,81820.9640652661,138.471
1344,"100","2",3,0.333333333333333,2.09959196083937,0.333856546763849,0.0436352073753411,-2.57613793530924,103240.097695197,51.5
1345,"100","1",3,0.333333333333333,1.90367604837891,0.318760592921313,1.26468862782676,3.32420977602528,1058.47295083537,29878.125
1346,"100","2",3,0.333333333333333,1.86999667974759,0.328597771442798,1.25903086881338,3.32348592679354,1290.63371933586,131.885
1347,"100","1",3,0.333333333333333,2.95709385787321,0.331689786609369,3.10249794092122,10.9645331584688,18439478.2778072,995.58
1348,"100","2",3,0.333333333333333,2.20734330557236,0.274361600527993,3.11529329188294,11.0114169573083,21610637.1391264,185.225
1349,"100","1",3,0.333333333333333,3.96812989102272,0.458433754940619,1.7645744138184,3.65821903159171,13016701671902750720,878.459
1350,"100","2",3,0.333333333333333,2.76471069143484,0.381634228700094,1.75659973051959,3.65708464470022,11180542150866812928,2783.57
1351,"100","1",3,0.333333333333333,3.60830592830485,0.318566556359386,4.90371694908737,7.96596877467486,2.12841864885169e+29,10439.094
1352,"100","2",3,0.333333333333333,2.79598641859904,0.294651919460725,4.87921499996387,7.90163155953472,2.08927352303864e+29,2716.664
1353,"100","1",3,0.333333333333333,2.8807041423652,0.33366714467342,-0.967362395686253,5.14608181594019,1865245.39282959,1654.46
1354,"100","2",3,0.333333333333333,2.24203923207699,0.289872097591354,-0.967407090360603,5.12391163425283,2228059.92473561,249.234
1355,"100","1",3,0.333333333333333,4.19670076755758,0.320417081664992,4.29328589586296,14.7022421946847,4579092836272430080,3686.657
1356,"100","2",3,0.333333333333333,2.86067683188074,0.274973684505182,4.2616404899751,14.6331984854311,3665618200623283712,9330.658
1357,"100","1",3,0.333333333333333,1.73760710978455,0.191133084468821,1.76760793898055,5.28526399856119,84.4930301367338,259.759
1358,"100","2",3,0.333333333333333,1.81614885955625,0.190143715184592,1.77265054660414,5.30869063553508,108.641189804155,28.278
1359,"100","1",3,0.333333333333333,0.632915463777773,0.639560208902739,2.18154593965225,-1.74098522960092,0.300583504917395,0.281
1360,"100","2",3,0.333333333333333,1.45586188688835,0.775248301493299,2.19873080253269,-1.76211667992191,0.229992555638681,0.251
1361,"100","1",3,0.333333333333333,3.0979532991248,0.267127985610638,-0.171157322204218,1.568647211839,6.57688844999593e+20,345.422
1362,"100","2",3,0.333333333333333,2.49629613043479,0.246296648308293,-0.169917555088462,1.54419295280317,7.86394062662949e+20,3675.595
1363,"100","1",3,0.333333333333333,2.6454202573714,0.30921453364075,2.99935830515159,-2.74093166453635,6693350.17118297,1144.644
1364,"100","2",3,0.333333333333333,2.21428111795274,0.285612005057423,3.0038359762847,-2.7346250902673,8270720.87148252,134.982
1365,"100","1",3,0.333333333333333,1.58500875559835,0.41955151231262,1.09521514629454,-5.1610125802074,1.71448370793982,0.821
1366,"100","2",3,0.333333333333333,1.80585251836899,0.417620886362034,1.09170944547564,-5.17733620003837,1.84564028040416,1.586
1367,"100","1",3,0.333333333333333,3.66455138297999,0.294993415051523,2.26750124679266,-1.18430131508023,74771341425894,3059.753
1368,"100","2",3,0.333333333333333,2.57450814298562,0.254164885491112,2.25989430146987,-1.18860011657555,73541744361729,875.792
1369,"100","1",3,0.333333333333333,2.63255719840854,0.315696863505322,3.71803380713375,-1.02449268400584,5780529873958.43,5388.331
1370,"100","2",3,0.333333333333333,2.20742646716686,0.28401443132125,3.7013255529242,-1.02066977894523,7625487643540.11,838.177
1371,"100","1",3,0.333333333333333,2.82758488531599,0.321395233452771,2.43169615390191,3.91423686203487,2412772276.1499,887.851
1372,"100","2",3,0.333333333333333,2.30250138595928,0.292185428833629,2.43674548349863,3.95718002789947,3001719352.0695,944.298
1373,"100","1",3,0.333333333333333,2.61102644873012,0.29551054466538,2.67258397583119,1.27878735058114,3761205786373773,219686.999
1374,"100","2",3,0.333333333333333,2.24431066500781,0.277530392610061,2.66601242043505,1.2437424132073,5187228210892391,222.472
1375,"100","1",3,0.333333333333333,2.5752192899124,0.238923824133298,0.502704971312927,-7.53790161085735,632501723.73879,1676.474
1376,"100","2",3,0.333333333333333,2.17895516810962,0.216187268844591,0.505059185889294,-7.56918515051591,837294449.673741,427.797
1377,"100","1",3,0.333333333333333,1.28381037770759,0.489978861944248,-0.41297279179989,-2.52741334936597,0.854780355694417,0.453
1378,"100","2",3,0.333333333333333,1.74483299670861,0.516765786666669,-0.413555348166359,-2.53876650376916,0.824944940223771,0.654
1379,"100","1",3,0.333333333333333,1.46168635077236,0.338882016037359,-1.54741900856724,-7.26864193002143,3.31218491783728,2.756
1380,"100","2",3,0.333333333333333,1.67670179814233,0.345635373607206,-1.54058590258641,-7.2277859404943,3.67047050160004,2.92
1381,"100","1",3,0.333333333333333,1.33132346069887,0.596770090782808,-2.29740430135001,-0.290060381952468,0.921888848801073,1.875
1382,"100","2",3,0.333333333333333,1.7547057090128,0.638159734612324,-2.30445921656264,-0.268304926620878,0.97081437672142,2.307
1383,"100","1",3,0.333333333333333,2.39196463046726,0.359555604032074,-2.65338203074184,1.16844684243623,30443680772.9955,3003.311
1384,"100","2",3,0.333333333333333,2.15172389772574,0.336794663435118,-2.65610737823758,1.16718259877028,41150692849.2036,154.26
1385,"100","1",3,0.333333333333333,4.28713937738595,0.487718145413221,1.44277089466418,4.32307715501698,891568761415.621,72226.527
1386,"100","2",3,0.333333333333333,2.75579777348434,0.379588426980227,1.41863640970802,4.27792213582332,681117883915.41,1146.87
1387,"100","1",3,0.333333333333333,4.18445065871006,0.268374749709216,0.187281792271655,7.22622447506942,8.45626559208696e+40,91695.394
1388,"100","2",3,0.333333333333333,3.05338535554205,0.239810401671717,0.185348633624696,7.15071144714231,6.53931432404448e+40,3842.056
1389,"100","1",3,0.333333333333333,0.901234559104976,0.533461957820292,0.200509190767165,-2.68474314007099,0.421798952078039,0.259
1390,"100","2",3,0.333333333333333,1.55070396434252,0.591649408026879,0.203661125171116,-2.70367285174739,0.392051124665674,0.335
1391,"100","1",3,0.333333333333333,2.82376975521691,0.35819026367108,-0.515296721844389,-8.09443796364316,38996.6714679164,52503.621
1392,"100","2",3,0.333333333333333,2.27178905286336,0.328025741196439,-0.516554603930886,-8.01684379343432,45957.5744544622,609.147
1393,"100","1",3,0.333333333333333,2.20874244064124,0.285541011819418,2.41751161177057,-0.557297148017164,899827434899.901,600.552
1394,"100","2",3,0.333333333333333,2.05435237161388,0.275097601985284,2.41783023400768,-0.554927727616772,1256224140933.28,290.108
1395,"100","1",3,0.333333333333333,1.81576921155101,0.467853384075702,-2.14143868581677,1.97618940995253,7.65747471314266,6.592
1396,"100","2",3,0.333333333333333,1.87648470596752,0.44629077735665,-2.14600154200354,1.97183796826914,9.04621953690882,7.395
1397,"100","1",3,0.333333333333333,2.76490125026602,0.280124665435946,3.00101785209404,-4.00739250550171,44964251419924103168,64714428503.755
1398,"100","2",3,0.333333333333333,2.32960181228724,0.263112175750696,3.00720986210888,-3.992192239078,59449950063043362816,186.529
1399,"100","1",3,0.333333333333333,3.72493655176444,0.472612357099734,1.4206360268314,2.28824675695849,101647657.838698,123.673
1400,"100","2",3,0.333333333333333,2.53763676017512,0.390883077581775,1.41745329479498,2.27276217334135,96642030.013338,144.969
1401,"200","1",0,0.333333333333333,0.543210802635795,0.668263523969881,0.00919500887415567,-0.079163796268835,0.234884161340208,0.268
1402,"200","2",0,0.333333333333333,1.46455909966581,0.805707066897629,0.0119549709661241,-0.0712291783765525,0.185491883144353,0.178
1403,"200","1",0,0.333333333333333,0.853400815110361,0.634244215015509,-0.000684480361544237,-0.05542958058888,0.290473649043916,0.6
1404,"200","2",0,0.333333333333333,1.55667955666498,0.724683302485158,-9.29870985650036e-05,-0.0636955358793985,0.233007905392535,0.27
1405,"200","1",0,0.333333333333333,0.638753247517442,0.670682225619007,0.00672277241529889,0.0330028332694489,0.262099267957167,0.214
1406,"200","2",0,0.333333333333333,1.46007981599007,0.8299293092437,0.00370812165938263,0.0340716026058635,0.192639782111548,0.146
1407,"200","1",0,0.333333333333333,0.836900318624236,0.627547303724408,0.00427663554310386,-0.183869039233643,0.32316074175213,0.23
1408,"200","2",0,0.333333333333333,1.58995334348685,0.778671655272285,0.00358514957101472,-0.195402535886748,0.297480147591899,0.325
1409,"200","1",0,0.333333333333333,0.629064017019354,0.746214593212811,0.00874155761030493,0.000291370707397118,0.207260874527489,0.201
1410,"200","2",0,0.333333333333333,1.51263608727605,0.87749831815507,0.00725250025900256,0.00125743754797145,0.161057768663019,0.165
1411,"200","1",0,0.333333333333333,0.755911504236963,0.703415805305973,-0.0137032100315153,-0.0476505438947758,0.274616835138355,0.242
1412,"200","2",0,0.333333333333333,1.55921776022298,0.828497758600234,-0.0146501030062058,-0.0407353451297801,0.237024023996866,0.308
1413,"200","1",0,0.333333333333333,0.744394450056684,0.684792613609768,0.06097855294727,-0.0998744156042491,0.263361732515987,0.61
1414,"200","2",0,0.333333333333333,1.4908328685953,0.793384197288731,0.0601972929398816,-0.094474421363722,0.196428792281365,0.215
1415,"200","1",0,0.333333333333333,0.692543515546379,0.706480522352695,-0.013008327204181,0.054815552534985,0.230059541839663,0.233
1416,"200","2",0,0.333333333333333,1.50028022387784,0.845517038456776,-0.0130668999209561,0.0566028593530684,0.18062672200424,0.21
1417,"200","1",0,0.333333333333333,0.609479379769512,0.714624892065479,-0.031690129798805,-0.0613257421527761,0.207960188676401,0.178
1418,"200","2",0,0.333333333333333,1.48707306609438,0.875709431937092,-0.0319491076970163,-0.0597134908774964,0.162010010778487,0.197
1419,"200","1",0,0.333333333333333,1.07818479781165,0.650329188026891,-0.0449418077189792,0.0445244606961891,0.652544980295457,0.579
1420,"200","2",0,0.333333333333333,1.6446055164886,0.734463062816515,-0.0448092554744925,0.0441381956021595,0.639777709695535,0.084
1421,"200","1",0,0.333333333333333,0.730384770186574,0.666278725690974,-0.000906248029484219,0.260469013855366,0.252866457398744,0.255
1422,"200","2",0,0.333333333333333,1.50782026627128,0.777841707022569,-0.00123098445773111,0.273445029111892,0.202963124771486,0.232
1423,"200","1",0,0.333333333333333,0.906237942613759,0.638114558443481,-0.00489181308086305,0.020421830401682,0.337287238233557,0.356
1424,"200","2",0,0.333333333333333,1.58276745035833,0.706006747750179,-0.00344902402180666,0.0296419906679226,0.303507803149043,0.302
1425,"200","1",0,0.333333333333333,0.737458933280253,0.697363919229373,-0.00321305164438358,0.0177747119606212,0.30374424663641,0.25
1426,"200","2",0,0.333333333333333,1.53209387479806,0.818216472584802,-0.00426217829538368,0.0295241525577496,0.256891840755733,0.274
1427,"200","1",0,0.333333333333333,1.31167844930626,0.59907906020382,0.00823812709807662,-0.0781469988800418,1.09671987608875,1.614
1428,"200","2",0,0.333333333333333,1.79079511386406,0.671561667817642,0.00644123574051173,-0.0735444334406783,1.22904795693411,0.787
1429,"200","1",0,0.333333333333333,0.898082255493633,0.646650340498466,-0.00279600179132593,-0.125650554526877,0.330316086430277,0.357
1430,"200","2",0,0.333333333333333,1.57709460682134,0.781805535460232,-0.00207343009899206,-0.125550531993879,0.299831575726239,6.128
1431,"200","1",0,0.333333333333333,0.701575620786166,0.671337393746885,0.012461751797963,-0.0376826925001636,0.244900138320506,0.206
1432,"200","2",0,0.333333333333333,1.5161740814673,0.82740049803248,0.0113208983683648,-0.0424581239545722,0.21783512821139,0.242
1433,"200","1",0,0.333333333333333,0.502662796918823,0.504807991344043,-0.0172125011817414,-0.136648101001323,0.303503354818873,0.479
1434,"200","2",0,0.333333333333333,1.37435949752292,0.733594621232524,-0.0168392550361536,-0.133901526538298,0.223274781867909,0.229
1435,"200","1",0,0.333333333333333,0.695958392659568,0.737570586674948,-0.0157210377617024,0.0171203327698662,0.224839975663155,0.221
1436,"200","2",0,0.333333333333333,1.4594054934749,0.85711060611018,-0.0186603257571206,0.0219816782138715,0.170513135624907,0.205
1437,"200","1",0,0.333333333333333,0.574384989073577,0.628946562206833,0.0248824274999898,-0.0183967448322988,0.260641009466826,0.19
1438,"200","2",0,0.333333333333333,1.45580338365606,0.81367760357661,0.0249296943248243,-0.0166924666674087,0.194540469390441,0.205
1439,"200","1",0,0.333333333333333,0.791436528296218,0.704841856710309,0.0122018054821685,0.0871936386556126,0.312644048776416,0.245
1440,"200","2",0,0.333333333333333,1.57870916561093,0.8382519955171,0.0157191639205593,0.0858555746334401,0.245324826270083,0.355
1441,"200","1",0,0.333333333333333,0.755195947300015,0.684355751447696,-0.00484663413970774,-0.0759779560885481,0.270721563811685,0.255
1442,"200","2",0,0.333333333333333,1.55353928980586,0.779662558145312,-0.00462999949143183,-0.0644509372242541,0.236661045638256,0.194
1443,"200","1",0,0.333333333333333,0.756078671228076,0.686448930046514,-0.0253457434404016,-0.172479599370406,0.29599334479683,0.565
1444,"200","2",0,0.333333333333333,1.43376211254313,0.767399802354089,-0.026111823410363,-0.160483332988685,0.249272332847848,0.178
1445,"200","1",0,0.333333333333333,0.647860400563128,0.639018249125259,0.00628134917696085,-0.0647593111406763,0.233921461201345,0.203
1446,"200","2",0,0.333333333333333,1.49742347585496,0.787741064717344,0.00859216493834974,-0.0584819277926775,0.186924152916425,0.191
1447,"200","1",0,0.333333333333333,0.609170935775052,0.701749891369562,-0.0392383509479894,0.0334183358664002,0.224077422467728,0.178
1448,"200","2",0,0.333333333333333,1.4768645024631,0.862435926578832,-0.0396093374325935,0.0353537055454229,0.165498087650615,0.205
1449,"200","1",0,0.333333333333333,0.627527765875295,0.716156886443035,-0.0402524436119519,0.179000856802321,0.207891724294067,0.164
1450,"200","2",0,0.333333333333333,1.38589050808545,0.846404751653709,-0.0380445876882004,0.177276708870052,0.188160351571355,0.151
1451,"200","1",0,0.333333333333333,0.791131746373981,0.69995183250275,-0.0134060893249873,-0.00437852964124895,0.261007228613621,0.272
1452,"200","2",0,0.333333333333333,1.51190317477229,0.831359350650524,-0.0122271522316209,-0.000502600247747389,0.214589208777755,0.262
1453,"200","1",0,0.333333333333333,0.595425353231266,0.551673985102403,0.0238572845429661,0.0767957859875308,0.277489941401793,0.4
1454,"200","2",0,0.333333333333333,1.42328440483064,0.668685358896738,0.0218739313976117,0.0649662417751328,0.245907337642095,0.211
1455,"200","1",0,0.333333333333333,0.543215981155208,0.611880386141023,-0.0420434164993879,-0.00744941478782698,0.26123055342726,0.3
1456,"200","2",0,0.333333333333333,1.43509838976755,0.778529600138266,-0.0423121043698845,-0.0129355877953989,0.196989022257253,0.167
1457,"200","1",0,0.333333333333333,0.667532894324893,0.600195339438978,-0.0135873680214243,0.0100906271026119,0.303381307876127,0.176
1458,"200","2",0,0.333333333333333,1.49891273777335,0.747075656932083,-0.0137901337625844,0.0137881039189259,0.23698123955178,0.218
1459,"200","1",0,0.333333333333333,0.960630840062626,0.49541165671828,-0.0973848683012317,-0.132044349705131,0.586616915276165,0.978
1460,"200","2",0,0.333333333333333,1.59181766426692,0.561570333110033,-0.0966519537392138,-0.134451809939344,0.532214786814092,0.353
1461,"200","1",0,0.333333333333333,0.685914828299333,0.52003487824701,0.00756007377462303,0.0584562747060866,0.300791803711521,0.227
1462,"200","2",0,0.333333333333333,1.42503501811189,0.67042403039227,0.00774185785603265,0.0690132275251123,0.231682168842229,0.198
1463,"200","1",0,0.333333333333333,0.901939004804818,0.55779389766607,-0.0182141397732305,-0.037813668197534,0.4066656698393,0.349
1464,"200","2",0,0.333333333333333,1.56563009842736,0.646663752079069,-0.0186894479374829,-0.0405459768683383,0.338466204682119,0.286
1465,"200","1",0,0.333333333333333,0.670145870670687,0.613550774552364,0.0309428856108665,-0.0177068861609362,0.264770113747713,0.238
1466,"200","2",0,0.333333333333333,1.5162314115804,0.806243671602882,0.0273178920808617,-0.0203177576856574,0.216656356411266,0.206
1467,"200","1",0,0.333333333333333,0.656371322914395,0.685759288381503,0.0172090062605755,0.104909371769006,0.194133875618027,0.182
1468,"200","2",0,0.333333333333333,1.46307427201564,0.889943528755869,0.0207598818745316,0.104365679818242,0.155093172297638,0.16
1469,"200","1",0,0.333333333333333,0.824347621434777,0.68201157817391,0.14717324857984,-0.0209832086398109,0.29319164891979,0.259
1470,"200","2",0,0.333333333333333,1.57159175131505,0.788193710473503,0.155034767490922,-0.0098139448762886,0.237402084287996,0.254
1471,"200","1",0,0.333333333333333,0.925789373337338,0.653224699337885,0.0525793442961379,0.123569863863985,0.44141063190027,0.346
1472,"200","2",0,0.333333333333333,1.57917513073629,0.759556668930574,0.0480588918153256,0.120510510446306,0.409094842783932,0.331
1473,"200","1",0,0.333333333333333,0.74098818003981,0.654828413408636,-0.00156538791361209,0.0255796604751455,0.273432061155181,0.747
1474,"200","2",0,0.333333333333333,1.51362433554126,0.790171766311169,0.000638559261127867,0.0185112773735306,0.223914397766211,0.212
1475,"200","1",0,0.333333333333333,0.814071492639047,0.515016927596122,-0.0132553212026058,-0.0439386527535281,0.350625587298393,0.252
1476,"200","2",0,0.333333333333333,1.59507728581013,0.613202156611373,-0.0116723829552582,-0.0447816585427778,0.311960821121807,0.263
1477,"200","1",0,0.333333333333333,0.684904207880173,0.581165853010663,-0.0207614011825893,-0.0532620853523091,0.348481771910091,0.591
1478,"200","2",0,0.333333333333333,1.5417984768984,0.72631384801499,-0.0185214222735533,-0.063295762432902,0.26992250677528,0.618
1479,"200","1",0,0.333333333333333,0.828170131371098,0.661827748613157,0.00235613344000618,-0.0646563631696865,0.297644054195224,0.077
1480,"200","2",0,0.333333333333333,1.61016535135932,0.812011197567348,0.0034893004969464,-0.073419747410468,0.276254387011483,0.27
1481,"200","1",0,0.333333333333333,0.708337916206198,0.73738196622573,0.0329577174623437,-0.115103096509722,0.236351525783671,0.319
1482,"200","2",0,0.333333333333333,1.50894374201688,0.834293822508702,0.0363969106747983,-0.110262350508484,0.18304894756038,0.137
1483,"200","1",0,0.333333333333333,0.689870674681531,0.669646763722214,-0.00575124692566617,-0.0400742463929505,0.264654393520267,0.34
1484,"200","2",0,0.333333333333333,1.5178865463979,0.821486289033338,-0.00740880712004675,-0.043030948268643,0.206992794137559,0.235
1485,"200","1",0,0.333333333333333,0.778708735123016,0.67767285229587,0.0249318116572726,0.0290800945509511,0.292999111418358,0.177
1486,"200","2",0,0.333333333333333,1.56601432182048,0.832069666555931,0.0250902107340148,0.0243367435671457,0.242277207763624,0.303
1487,"200","1",0,0.333333333333333,0.726022825730073,0.737086869650822,-0.0266311275999067,0.00596714996460595,0.209770131583879,0.205
1488,"200","2",0,0.333333333333333,1.49722924311015,0.860413221251921,-0.0274862137329653,0.000671648332488206,0.170025594247043,0.226
1489,"200","1",0,0.333333333333333,0.738402680388336,0.76709781870679,0.00335738621797006,-0.0654968689106608,0.216824093522729,2.136
1490,"200","2",0,0.333333333333333,1.50135912274592,0.869453682336201,0.00458391465448797,-0.0715783376200822,0.173876333456754,0.166
1491,"200","1",0,0.333333333333333,0.641404420178679,0.700046643844645,0.0198511326602346,0.0223931246191342,0.21589323617828,0.241
1492,"200","2",0,0.333333333333333,1.50560799778449,0.869250945118329,0.0220465773396859,0.0224464964647209,0.167694186857175,0.196
1493,"200","1",0,0.333333333333333,1.23755326887212,0.60744379923147,0.04867860020758,0.107857541684085,0.804759585767851,1.022
1494,"200","2",0,0.333333333333333,1.65244211317604,0.685427565417017,0.0524757281182133,0.10959207787244,0.782905873917454,0.991
1495,"200","1",0,0.333333333333333,0.595589375934946,0.659906907775156,0.0104942646242445,-0.0134854932752229,0.228986469851846,0.176
1496,"200","2",0,0.333333333333333,1.44406038662352,0.816726822329008,0.00857233615767873,-0.00955893351604408,0.176620503557184,0.185
1497,"200","1",0,0.333333333333333,0.597180544829731,0.559158836413242,-0.00972804056929024,0.020102616912851,0.318484227616515,0.298
1498,"200","2",0,0.333333333333333,1.31842928077083,0.707119867321394,-0.011196205057,0.0156859933327813,0.234350643500167,0.144
1499,"200","1",0,0.333333333333333,0.707439442426798,0.645297934085284,-0.0443753148567569,0.108629166000312,0.295806860091229,0.715
1500,"200","2",0,0.333333333333333,1.52316532484733,0.812229927197972,-0.0417733324523965,0.10781216715923,0.243410320760629,0.227
1501,"200","1",0.5,0.333333333333333,0.612468149585476,0.734111344303001,0.116294787770952,-1.24961321122992,0.191559483605251,0.189
1502,"200","2",0.5,0.333333333333333,1.51106174591332,0.891139385220437,0.117520313777012,-1.23977633056566,0.156864872614578,0.173
1503,"200","1",0.5,0.333333333333333,0.662277687969271,0.702671466042481,-0.091483975959164,0.482413813601737,0.212696715556418,0.175
1504,"200","2",0.5,0.333333333333333,1.5130926494624,0.86208431350645,-0.0891363358744099,0.482425563528178,0.170892741564187,0.221
1505,"200","1",0.5,0.333333333333333,0.77676018073329,0.455062514251779,-0.188419723992309,-0.41598516845383,0.705021574187207,1.005
1506,"200","2",0.5,0.333333333333333,1.50237772549388,0.521491647098089,-0.187928850014126,-0.406622027773787,0.639083323851231,1.259
1507,"200","1",0.5,0.333333333333333,0.800609728489029,0.675452435791768,0.290591392421338,-0.450447135327657,0.298681351868526,0.43
1508,"200","2",0.5,0.333333333333333,1.50914455835269,0.782625989198467,0.296252875862954,-0.449433455931817,0.230957512627101,0.19
1509,"200","1",0.5,0.333333333333333,1.8792824843648,0.590711306421264,0.331783234519916,0.216177828124054,33.5793035709673,367.494
1510,"200","2",0.5,0.333333333333333,1.89480838403187,0.587667341761451,0.335931082568638,0.232753173565532,40.4792980487069,398.169
1511,"200","1",0.5,0.333333333333333,0.658025860252107,0.609609650330088,-0.262603038475713,0.971611683263531,0.299530774469791,0.243
1512,"200","2",0.5,0.333333333333333,1.50450970188993,0.776594266249733,-0.266373140453931,0.978757546668733,0.240263971412275,0.217
1513,"200","1",0.5,0.333333333333333,0.863341472404357,0.606371474648357,-0.512266387790104,0.0705528609454782,0.426959812911722,0.488
1514,"200","2",0.5,0.333333333333333,1.52258740261249,0.702555424321418,-0.512389983693457,0.0872837179398892,0.366871029785759,0.521
1515,"200","1",0.5,0.333333333333333,0.704668864034891,0.694132338680392,0.281627850747721,-0.0763099244830331,0.211438820287955,0.214
1516,"200","2",0.5,0.333333333333333,1.4774842422655,0.85514372810469,0.28549650966243,-0.0829518376394454,0.164865797261319,0.181
1517,"200","1",0.5,0.333333333333333,0.909905889865143,0.594571073402941,-0.315626926536815,-0.0255666389524569,0.644789943606692,0.939
1518,"200","2",0.5,0.333333333333333,1.62859953673161,0.70541800932498,-0.314693648139637,-0.011062686367023,0.610339309991569,0.367
1519,"200","1",0.5,0.333333333333333,0.687454454463434,0.703068304930085,0.542828845469486,1.81133762272707,0.228468232693696,0.19
1520,"200","2",0.5,0.333333333333333,1.5071824538037,0.859030426461997,0.543031209544472,1.80515212638082,0.1834336241027,0.19
1521,"200","1",0.5,0.333333333333333,0.940492641626178,0.74127317090427,0.0283994111017167,-0.0533591556978532,0.257025882973602,0.256
1522,"200","2",0.5,0.333333333333333,1.54499404047991,0.848496725826464,0.0276213684492109,-0.050094838208773,0.228231715613738,0.36
1523,"200","1",0.5,0.333333333333333,1.25212450608206,0.377433604414555,0.372646045774003,-0.301282792513269,2.99412231378046,3.923
1524,"200","2",0.5,0.333333333333333,1.66420694712252,0.421572014741466,0.372938598913444,-0.293408194570009,3.17458298596846,5.631
1525,"200","1",0.5,0.333333333333333,1.0663044689663,0.642493404590991,-0.171139385424865,0.316700262608785,0.432564507281727,2.277
1526,"200","2",0.5,0.333333333333333,1.64440438052659,0.689692845207882,-0.167766529365898,0.323580204201444,0.400767116797656,0.401
1527,"200","1",0.5,0.333333333333333,0.829885149056943,0.564943529741457,0.375813343732154,-0.326890363869918,0.44524972107079,0.325
1528,"200","2",0.5,0.333333333333333,1.54858796771343,0.662650404708773,0.37239684707804,-0.329209539330528,0.364504354833997,0.382
1529,"200","1",0.5,0.333333333333333,1.74232592518487,0.634050033030592,0.0457846267880602,-0.0968177944042346,6.33867897274451,4.913
1530,"200","2",0.5,0.333333333333333,1.88824383653717,0.656997532159591,0.0457327133737852,-0.106143180359504,7.41174767665754,0.963
1531,"200","1",0.5,0.333333333333333,1.85519229961444,0.574993980102683,-0.1345547550119,-0.240227604449684,17.0438418331735,15.003
1532,"200","2",0.5,0.333333333333333,1.8808238588122,0.579933749078757,-0.133953147167455,-0.237005385225727,19.483920161911,146.209
1533,"200","1",0.5,0.333333333333333,2.07579797812643,0.529972513142364,0.0650881688381756,0.0526017706809972,4189.87322798583,44.826
1534,"200","2",0.5,0.333333333333333,1.98974548300436,0.53136141787999,0.0637914721847117,0.0589603299507039,4922.45987491932,63.53
1535,"200","1",0.5,0.333333333333333,1.5895733389622,0.396573420854744,-0.118909394731475,-0.716080104835246,1112.90279724143,92.433
1536,"200","2",0.5,0.333333333333333,1.73807106378105,0.420653586259555,-0.121335448214919,-0.703384546995014,1311.78571487024,11.357
1537,"200","1",0.5,0.333333333333333,0.78565403743705,0.623826213930336,0.354346738265901,-0.178998899199269,0.287782581631742,0.127
1538,"200","2",0.5,0.333333333333333,1.55624444076775,0.735356876835199,0.355107207848584,-0.179353395488984,0.245985872101928,0.242
1539,"200","1",0.5,0.333333333333333,1.53432145813433,0.533097020186159,0.76335087287557,-0.184728196525068,2.40948015172764,7.543
1540,"200","2",0.5,0.333333333333333,1.77000161129637,0.545154679867046,0.767832482875311,-0.183090081510839,2.59128607114436,0.922
1541,"200","1",0.5,0.333333333333333,0.846444408695567,0.684659122872683,-0.145054629198392,-0.0809087124510108,0.316034923677843,0.302
1542,"200","2",0.5,0.333333333333333,1.56513356849439,0.798640790462511,-0.14633139699738,-0.0928106846131669,0.251591262004479,0.302
1543,"200","1",0.5,0.333333333333333,0.754107029569571,0.69998419927358,0.020334789072626,-0.695433663141773,0.234205939142686,0.361
1544,"200","2",0.5,0.333333333333333,1.48260124134186,0.848157667418309,0.0235769123124286,-0.685096254470758,0.182071673145773,0.213
1545,"200","1",0.5,0.333333333333333,1.63302188279256,0.572305357131794,0.0530605873609285,-1.04878766767863,5.10484112267774,2.046
1546,"200","2",0.5,0.333333333333333,1.86925988211091,0.592204515349762,0.0484075450891947,-1.03880029950264,5.5885836675613,7.4
1547,"200","1",0.5,0.333333333333333,1.14329583276596,0.589516957573044,0.237240816330452,0.628587806896347,0.830374814835238,0.661
1548,"200","2",0.5,0.333333333333333,1.66808930730092,0.656732347784423,0.239608572903647,0.646038671753228,0.766334898027232,0.744
1549,"200","1",0.5,0.333333333333333,1.25499568169125,0.590173160684276,-0.0194078549131483,-1.2759622710815,1.18277955857908,0.795
1550,"200","2",0.5,0.333333333333333,1.73714616448334,0.655243851827899,-0.0221969250046732,-1.27308463286495,1.29863244432117,0.642
1551,"200","1",0.5,0.333333333333333,1.45841570459226,0.600332359473527,-0.357274924962472,-0.160127756096075,1.38841441030764,5.981
1552,"200","2",0.5,0.333333333333333,1.7081708789356,0.640014555082876,-0.360484981880374,-0.163025556526474,1.43041981914259,0.868
1553,"200","1",0.5,0.333333333333333,1.78146930021473,0.549565400410346,-0.127084702880622,-0.115333597132638,25.2320891152616,17.098
1554,"200","2",0.5,0.333333333333333,1.89517421856349,0.577199781234841,-0.126289073862897,-0.121607688110189,29.7818322753191,78.76
1555,"200","1",0.5,0.333333333333333,0.575259258102143,0.706169367480791,0.545703932717049,1.06566264171286,0.20736835751623,0.205
1556,"200","2",0.5,0.333333333333333,1.46592183249344,0.878181705734244,0.547379395436344,1.05105780269025,0.162868014273555,0.13
1557,"200","1",0.5,0.333333333333333,1.55440694223997,0.567050536422889,-0.368034730267682,0.657720935533425,2.86995504592607,2.597
1558,"200","2",0.5,0.333333333333333,1.81578390962984,0.60395888871562,-0.366512838323696,0.66509815680964,3.25721833565884,3.061
1559,"200","1",0.5,0.333333333333333,0.732653341823936,0.637955002961511,0.370281416472729,0.0505802582751049,0.290667168074181,0.212
1560,"200","2",0.5,0.333333333333333,1.51586356115328,0.778039403959027,0.369709862329046,0.0727281666257878,0.222209490826092,0.203
1561,"200","1",0.5,0.333333333333333,1.71523539144972,0.638781589282985,-0.169613470324003,-0.981874834535424,7.20062559637209,124.828
1562,"200","2",0.5,0.333333333333333,1.85488124403784,0.649048688890025,-0.166961473290443,-0.979324517356947,8.48628904429203,12.473
1563,"200","1",0.5,0.333333333333333,1.36286956258792,0.568664220760808,-0.259284400255568,0.717875147578118,2.52716693885279,2.663
1564,"200","2",0.5,0.333333333333333,1.69004309514883,0.60956419286613,-0.259502081743129,0.725474980219748,2.50348867407656,2.194
1565,"200","1",0.5,0.333333333333333,1.26009976034661,0.601223989144829,0.0642353478372078,-0.312744641117092,1.95069903696988,3.066
1566,"200","2",0.5,0.333333333333333,1.73673895780639,0.665110111698958,0.0640311190670733,-0.316939499580972,2.01297776442191,0.733
1567,"200","1",0.5,0.333333333333333,1.19864339853186,0.548880041181542,-0.00772109616565446,0.121594231268553,0.540489492766888,0.541
1568,"200","2",0.5,0.333333333333333,1.69873388786472,0.568906821843787,-0.00915642708472755,0.134968612876704,0.530018576740178,0.537
1569,"200","1",0.5,0.333333333333333,0.590270667846114,0.634902801769957,0.0388530275069791,0.144564983961316,0.253228776036666,0.183
1570,"200","2",0.5,0.333333333333333,1.54299373181686,0.812924514035013,0.0382111157654409,0.143599899588131,0.20480482016101,0.291
1571,"200","1",0.5,0.333333333333333,0.784342101366311,0.699323074733941,0.473812823800591,0.0907353466920456,0.261662696789764,0.225
1572,"200","2",0.5,0.333333333333333,1.55001715584674,0.801182926656578,0.477661000316563,0.0793941895646035,0.222720254804631,0.308
1573,"200","1",0.5,0.333333333333333,0.765801583358092,0.646323195362981,-0.0154780215282494,0.15160422345781,0.277211527731751,0.281
1574,"200","2",0.5,0.333333333333333,1.53589439553562,0.78769586086246,-0.0164890330988504,0.163373404947412,0.239059361534894,0.298
1,"200","1",1,0.333333333333333,0.722116102632738,0.609883440615672,0.305364628294318,-2.84527648557772,0.316718099948195,0.327
2,"200","2",1,0.333333333333333,1.54591641725375,0.735103767005124,0.305933932568031,-2.84721082558924,0.276850374538493,0.253
3,"200","1",1,0.333333333333333,0.79014149366577,0.603664549420282,-0.299189302556917,1.30697565676177,0.288912329357651,0.263
4,"200","2",1,0.333333333333333,1.55742643004392,0.710307004130431,-0.302724264774214,1.30666339212442,0.246039562577281,0.219
5,"200","1",1,0.333333333333333,0.883081630742461,0.229819668722114,-0.429390819817307,-0.885360355475303,14.6952626458029,38.548
6,"200","2",1,0.333333333333333,1.36693769032975,0.270095312818252,-0.431238582166014,-0.895233894186289,14.4742005168241,9.659
7,"200","1",1,0.333333333333333,1.25995555238901,0.452838173244343,0.524895875051351,-1.03016658344495,6.94207862861241,2.294
8,"200","2",1,0.333333333333333,1.66879861943437,0.496556849092143,0.524780041944814,-1.02137408534985,7.34986592819454,2.192
9,"200","1",1,0.333333333333333,2.27020501611033,0.481752952238191,0.761958167697729,0.249088309417231,21876863.7510181,114.526
10,"200","2",1,0.333333333333333,2.0435384559789,0.462102577897523,0.760209300438468,0.245633225943609,27346663.9974718,50.927
11,"200","1",1,0.333333333333333,1.25274328393968,0.605032042261334,-0.737797638979438,2.01216935029007,0.845070113247182,2.067
12,"200","2",1,0.333333333333333,1.70870416568159,0.680812834632766,-0.735032464745911,1.99558985585199,0.834445255193466,0.715
13,"200","1",1,0.333333333333333,1.33682752174977,0.303124950190233,-0.736698143445161,0.382332395757617,1538.38172458182,146.438
14,"200","2",1,0.333333333333333,1.53880842046849,0.314909325602129,-0.739443227883198,0.372612583667343,1792.38474458362,16.725
15,"200","1",1,0.333333333333333,0.773804836037133,0.639633333871986,0.871209026205218,-0.222200209642186,0.284432877913385,0.407
16,"200","2",1,0.333333333333333,1.42544914176735,0.730324915214168,0.879688565197895,-0.214246793949669,0.246798007093726,0.318
17,"200","1",1,0.333333333333333,0.70843737151614,0.667619229671411,-0.947490879230889,0.0179729281066132,0.272477143576141,0.283
18,"200","2",1,0.333333333333333,1.53223402844183,0.782260669348123,-0.942535393071319,0.034138929498956,0.210376650735523,0.23
19,"200","1",1,0.333333333333333,0.997823157325068,0.562097869500415,1.16441946528402,3.48722121552371,0.816818177311553,0.133
20,"200","2",1,0.333333333333333,1.68447997076923,0.689706571782678,1.16544327269743,3.50187653227855,0.773709370291354,0.524
21,"200","1",1,0.333333333333333,1.20864798730721,0.668307334514292,0.0202446057076597,-0.631266129999626,0.585600499594553,0.396
22,"200","2",1,0.333333333333333,1.68258584372764,0.72868989800475,0.0211954787121816,-0.647183850397928,0.56582616286911,0.475
23,"200","1",1,0.333333333333333,1.87468682238622,0.33392499494378,0.548225384724434,-0.961314811529194,219427.122895879,21.071
24,"200","2",1,0.333333333333333,1.86098904681241,0.330757297016666,0.547647931705807,-0.980560398710879,278393.663479012,51.041
25,"200","1",1,0.333333333333333,1.46148982411731,0.504496459946455,-0.43794181554408,1.10946654669836,3.09503953489633,4.099
26,"200","2",1,0.333333333333333,1.76679997064481,0.528043313299319,-0.433942980352257,1.12054457157727,3.50424882978648,10.197
27,"200","1",1,0.333333333333333,0.935302367480963,0.329546427070423,0.836493468559947,-0.708966626734282,1.49867252535088,3.565
28,"200","2",1,0.333333333333333,1.52791435882163,0.386346768279798,0.837155225308832,-0.706019773216973,1.36914181864337,0.886
29,"200","1",1,0.333333333333333,2.38124403267445,0.556674007824701,0.155754176505329,-0.206652187155615,651358.931878138,22.173
30,"200","2",1,0.333333333333333,2.15003662294969,0.519360365421703,0.154142960072973,-0.211074503198261,786750.950839452,28.929
31,"200","1",1,0.333333333333333,2.00643238315212,0.570206106485033,-0.169456446738958,-0.754637626151663,48.0260191188481,32.838
32,"200","2",1,0.333333333333333,1.92524888320332,0.550129075689191,-0.173624872405893,-0.763422758439327,55.752685650875,33.59
33,"200","1",1,0.333333333333333,2.68258031078616,0.520895540821818,0.331794202749977,0.313283657913948,44485408947.4484,305.798
34,"200","2",1,0.333333333333333,2.1878247346741,0.460752015836433,0.330883894124225,0.31850676830649,52304972297.9888,9486.572
35,"200","1",1,0.333333333333333,1.81634480751545,0.358192773913949,-0.173380578143302,-1.41401517363412,7902394971.70282,1240.406
36,"200","2",1,0.333333333333333,1.85721621149184,0.356273390788295,-0.17235099583212,-1.4320153907446,10219221436.0018,189.164
37,"200","1",1,0.333333333333333,0.918459085935181,0.541305099211976,0.699500359480622,-0.323759619171923,0.420754109960198,0.517
38,"200","2",1,0.333333333333333,1.60764603707767,0.601823754288252,0.697782055606139,-0.327386360724702,0.357350216479853,0.38
39,"200","1",1,0.333333333333333,1.86116112529681,0.427581952470804,1.38909128550748,-0.659537866936595,597.029426613713,1016.752
40,"200","2",1,0.333333333333333,1.89706110454737,0.413587955020165,1.39210094959892,-0.644561479221162,717.88908841211,44.746
41,"200","1",1,0.333333333333333,1.40935058724934,0.689698655999859,-0.406699399137694,-0.205057412356364,0.996794365930986,0.715
42,"200","2",1,0.333333333333333,1.75767655729003,0.709915575836807,-0.407935297479986,-0.197131719437226,1.0226407230142,0.685
43,"200","1",1,0.333333333333333,0.744796569338004,0.673616114295342,0.0726164894981079,-1.90773520634729,0.233936180469019,0.26
44,"200","2",1,0.333333333333333,1.51177438916099,0.814951854465014,0.0722819705667102,-1.88976512065508,0.187143388399833,0.16
45,"200","1",1,0.333333333333333,2.30757891718853,0.462006507159529,0.0644691203349412,-2.03146399939603,13498.795715061,81.57
46,"200","2",1,0.333333333333333,2.11405995950016,0.435813042077605,0.0675576060945932,-2.02692144336343,16258.5004981411,34.137
47,"200","1",1,0.333333333333333,0.707458551819227,0.530924292109289,0.737180680670877,1.02227144994334,0.412082751714318,0.372
48,"200","2",1,0.333333333333333,1.50901604063574,0.628376612759234,0.733074662727071,1.01535772775178,0.335874182082552,0.28
49,"200","1",1,0.333333333333333,2.10101369956208,0.469087679704968,0.130598398357594,-2.40945611456158,61638.6749769783,110.447
50,"200","2",1,0.333333333333333,1.95563207956556,0.465602166654371,0.126244227537269,-2.40967107372655,76752.7179610256,27.132
51,"200","1",1,0.333333333333333,2.23238555817609,0.543573227319107,-0.937819035061321,-0.137091721649279,47947.6592725345,2361.752
52,"200","2",1,0.333333333333333,2.0129522238206,0.518153491775234,-0.93591399617949,-0.136709622505511,58377.0747252917,183.492
53,"200","1",1,0.333333333333333,2.6966347504442,0.490179381772431,-0.401424022437696,-0.267089294852891,14199717160.7023,349.138
54,"200","2",1,0.333333333333333,2.24992725382524,0.451982088635138,-0.403621938985266,-0.269877643780405,16892729624.4945,396.568
55,"200","1",1,0.333333333333333,1.10391041839705,0.604408260657561,1.00530995732958,1.83229461493456,0.927281174393616,0.44
56,"200","2",1,0.333333333333333,1.67312578487656,0.666867435480239,1.00901640644847,1.8586776974514,0.876802962986142,10.077
57,"200","1",1,0.333333333333333,2.70414771422715,0.452901864578853,-1.18598894760476,0.522862774793223,98253982146.286,285.57
58,"200","2",1,0.333333333333333,2.20671038543003,0.40043895703095,-1.1875529728647,0.509426723579063,119347090313.034,5391.28
59,"200","1",1,0.333333333333333,0.774620614952669,0.657812278001958,0.833513189481039,0.248040117490639,0.266303151322946,0.264
60,"200","2",1,0.333333333333333,1.50242794888059,0.769797611396445,0.835084110426046,0.243389392704921,0.214842764597125,0.257
61,"200","1",1,0.333333333333333,2.26278380176627,0.537926496442323,-0.534316519465924,-2.28568325332808,53853.117555427,55.45
62,"200","2",1,0.333333333333333,1.99087646018483,0.512976227640833,-0.5382962925637,-2.2851985610386,67352.7850207164,28.242
63,"200","1",1,0.333333333333333,1.48192523072374,0.472820996327898,-0.552326029837482,1.72009057152861,17.5693155088096,34.283
64,"200","2",1,0.333333333333333,1.70482797916206,0.501857232457812,-0.552575015332139,1.72491028735305,19.1021508837626,3.107
65,"200","1",1,0.333333333333333,1.61003644219763,0.426595926923508,0.178712205922358,-0.779852071652117,66822.5112396093,427.671
66,"200","2",1,0.333333333333333,1.8528435236738,0.454903058994156,0.179335883693151,-0.782203336563492,80261.0379238226,1231.885
67,"200","1",1,0.333333333333333,2.28124756473748,0.474912531115976,-0.00364891675034958,0.489138547754077,57.6723874144326,15.975
68,"200","2",1,0.333333333333333,2.01400973288564,0.447035856746855,-0.00521625095064689,0.467531011402766,68.5972463044846,11.123
69,"200","1",1,0.333333333333333,1.28100501975216,0.581591740941309,0.121587088288041,0.751778097871548,1.65950135388652,1.127
70,"200","2",1,0.333333333333333,1.77682175793592,0.626743344610577,0.120127046539905,0.732381672757066,1.76368483722805,14.338
71,"200","1",1,0.333333333333333,1.09426955342243,0.575664919744745,1.18333900340654,0.215203003552426,0.505669535911574,0.144
72,"200","2",1,0.333333333333333,1.70284916525236,0.628541084279673,1.18017532417249,0.207956584980273,0.482177782950919,0.515
73,"200","1",1,0.333333333333333,0.75411915035852,0.63692972279778,-0.0542416681684186,1.23648946858509,0.32699857869231,0.26
74,"200","2",1,0.333333333333333,1.56355795528651,0.747222983580687,-0.0510338008961832,1.23108687538932,0.282397545735175,0.333
75,"200","1",1,0.333333333333333,1.75761916434347,0.439714867441718,1.21099875792772,-0.660752091932971,23661.3977349003,1264.527
76,"200","2",1,0.333333333333333,1.8193666701267,0.439941903206716,1.21789910096127,-0.649725440165699,29193.3097556856,17.432
77,"200","1",1,0.333333333333333,1.03071970191974,0.525609182500653,1.10132758297814,0.841674920525278,0.612596492690425,0.41
78,"200","2",1,0.333333333333333,1.66980365284195,0.547596600260186,1.1038789245676,0.830415321143765,0.5994166788272,0.367
79,"200","1",1,0.333333333333333,1.66136190654747,0.630934229965569,0.216745801023641,1.8536120814488,4.53190247289782,12.968
80,"200","2",1,0.333333333333333,1.8256044584279,0.642508216372682,0.218493877925405,1.8614592496418,5.23593244111203,181.762
81,"200","1",1,0.333333333333333,0.702567402582796,0.635161566574178,0.0217209635726913,-0.0914672426624788,0.301703573381235,0.323
82,"200","2",1,0.333333333333333,1.49405296078279,0.783390850359867,0.0212407984194792,-0.0866814164382254,0.236779541481772,0.234
83,"200","1",1,0.333333333333333,1.46465235036914,0.626415137600202,0.540015222840108,-1.13301237972854,1.87639231791984,5.931
84,"200","2",1,0.333333333333333,1.73691215586323,0.67519255959434,0.53934030871783,-1.12147511174683,2.0357256658698,1.129
85,"200","1",1,0.333333333333333,0.650830825731709,0.702750829542536,-0.318473113338831,-1.08726230165905,0.225312756768704,0.164
86,"200","2",1,0.333333333333333,1.51286878396304,0.87078132327559,-0.316861649441989,-1.10251986029111,0.178944547219424,0.148
87,"200","1",1,0.333333333333333,2.42739465647973,0.32450334635075,1.06285610780688,2.28337623090921,1.72749908451265e+22,492.156
88,"200","2",1,0.333333333333333,2.20586100903276,0.309965909003708,1.05862550732289,2.27968728260753,2.33852354150425e+22,3353.128
89,"200","1",1,0.333333333333333,1.99103344835189,0.514267838150121,0.449428636702075,0.556817586950434,1677.32542834445,296.865
90,"200","2",1,0.333333333333333,2.00591618308181,0.514296673567543,0.452512491134041,0.573787938833002,2014.02134335717,91.18
91,"200","1",1,0.333333333333333,1.51218047560144,0.595241150005907,-0.103540697742517,0.538333885402814,6.61247303375639,3.416
92,"200","2",1,0.333333333333333,1.79478903650357,0.610735931840908,-0.100931699929202,0.527402127218683,7.26068694455382,5.283
93,"200","1",1,0.333333333333333,0.782982454269697,0.447223614521995,-0.252694391358477,0.353135351976871,0.512430309018418,1.374
94,"200","2",1,0.333333333333333,1.40419896477366,0.57746858617513,-0.254079029966292,0.364969880872918,0.433273131247284,0.318
95,"200","1",1,0.333333333333333,0.853392134356476,0.509217874161261,1.98328467106135,3.30028446854108,0.475746856171355,0.306
96,"200","2",1,0.333333333333333,1.63691284408905,0.5767683059241,1.99119564772119,3.31332484380969,0.434353249674698,0.332
97,"200","1",1,0.333333333333333,0.939060399470816,0.654551618392515,0.040950887349599,-0.0929417780446292,0.570663871597079,1.121
98,"200","2",1,0.333333333333333,1.59005145575371,0.734726485888784,0.0400213992898426,-0.0887872993114471,0.497805379279532,0.344
99,"200","1",1,0.333333333333333,1.99613755252463,0.498557530611737,0.0635242575210419,1.35579082356803,209085.597997609,1080.448
100,"200","2",1,0.333333333333333,1.98723307173215,0.494711851581055,0.06343237295177,1.36401587127165,250546.570692697,4305.117
101,"200","1",1.5,0.333333333333333,1.18389446634463,0.37702989161258,0.424082624959853,-4.60138921967351,2.93023096061942,1.002
102,"200","2",1.5,0.333333333333333,1.67104582946655,0.437755881558699,0.422409430920623,-4.60374860096341,3.07506219800762,2.3
103,"200","1",1.5,0.333333333333333,1.20877240133533,0.403496835552999,-0.465396383062948,2.13084318618113,1.31172077615586,1.822
104,"200","2",1.5,0.333333333333333,1.69031602411096,0.426827580690778,-0.462444037843182,2.15372771493516,1.33083135224138,2.007
105,"200","1",1.5,0.333333333333333,1.03510568488402,0.204801040229361,-0.668170581236306,-1.38623245346156,2332.78002934925,122.638
106,"200","2",1.5,0.333333333333333,1.34809747471452,0.22535651273832,-0.668712675483205,-1.38622195374222,2524.31115625773,64.224
107,"200","1",1.5,0.333333333333333,1.46498831799192,0.403605278150935,0.893607709228117,-1.42124380323944,163.563130816717,513.945
108,"200","2",1.5,0.333333333333333,1.69396933836773,0.422555191590584,0.896786550786374,-1.41118111279971,185.517634651548,577.864
109,"200","1",1.5,0.333333333333333,2.33917154940861,0.413070100702347,1.02729078124243,-0.0206486220117133,69299299192549,370.829
110,"200","2",1.5,0.333333333333333,2.11068861142481,0.39653767710321,1.02229010510387,-0.0153720031887313,91125313677665,14430.063
111,"200","1",1.5,0.333333333333333,1.77795740265894,0.588370615090854,-1.25127071507776,2.86053583103463,14.3998923624035,58.98
112,"200","2",1.5,0.333333333333333,1.93908846101413,0.617888351704136,-1.24562103245508,2.84982463202225,15.9048892644222,5.8
113,"200","1",1.5,0.333333333333333,1.50430382643951,0.264594269899287,-0.981116726838391,0.615725912106477,24484436178.8682,274.556
114,"200","2",1.5,0.333333333333333,1.67956032131402,0.274930476988999,-0.981977334097218,0.611406827889158,33132935714.6509,268.061
115,"200","1",1.5,0.333333333333333,1.17025837905185,0.486608857086871,1.38233795588363,-0.414585902122801,0.548571777386338,0.494
116,"200","2",1.5,0.333333333333333,1.63266902140706,0.526999237788208,1.39802829194629,-0.409677398206356,0.526593404313254,0.424
117,"200","1",1.5,0.333333333333333,1.12867541495439,0.545449557095827,-1.51188408123158,0.258672609096988,0.625364215751134,0.52
118,"200","2",1.5,0.333333333333333,1.65669373014713,0.588639006446233,-1.51597781993883,0.270901321252784,0.572452539910781,0.464
119,"200","1",1.5,0.333333333333333,1.36689732062628,0.416179714054405,1.86775364187738,5.22014952434133,233.300664494138,570.721
120,"200","2",1.5,0.333333333333333,1.74865516374934,0.44941121787117,1.86535542324078,5.22779846278325,273.14477948516,22777.01
121,"200","1",1.5,0.333333333333333,1.4284237762664,0.57311907755081,-0.045458918935001,-1.53801919027068,2.86101760009429,1.049
122,"200","2",1.5,0.333333333333333,1.79839281361671,0.586266337867481,-0.0434802509912861,-1.55037014082481,3.20609248226011,2.685
123,"200","1",1.5,0.333333333333333,2.23244002631613,0.313497146199505,0.594512126254197,-1.74518656385757,420545215792522,160.614
124,"200","2",1.5,0.333333333333333,2.05667064982208,0.300202719853629,0.594205165688454,-1.73484236877996,560991636539314,162883.232
125,"200","1",1.5,0.333333333333333,1.62289807315581,0.409033888169614,-0.830684574621994,1.6076274688357,37.8776475092693,100.724
126,"200","2",1.5,0.333333333333333,1.77666277910256,0.422021441951219,-0.829490754951189,1.63852098259399,44.7391191822992,61.631
127,"200","1",1.5,0.333333333333333,1.14042326114757,0.275308742123665,1.36591682546154,-0.957114677386074,41.1833539271264,105.052
128,"200","2",1.5,0.333333333333333,1.48994849033839,0.294551816057166,1.36364405690554,-0.951478339278094,44.3404771563528,85.985
129,"200","1",1.5,0.333333333333333,3.03236033685663,0.465655717192537,0.550664585602263,0.0177430112397344,46238513718830520,3727.146
130,"200","2",1.5,0.333333333333333,2.32716963792251,0.401831599848117,0.551324420406493,0.00757694405557399,52628088007349664,8831.971
131,"200","1",1.5,0.333333333333333,1.81585374206733,0.503784477064792,-0.214921336393884,-1.51940050342184,55.728630876189,21.156
132,"200","2",1.5,0.333333333333333,1.93843140295741,0.506989325854683,-0.214095055813793,-1.51103201186656,64.6585719353642,31.304
133,"200","1",1.5,0.333333333333333,3.23106503543662,0.498400209350804,0.546009472586898,0.616697342439196,1212846145685900800,70.621
134,"200","2",1.5,0.333333333333333,2.34233509526472,0.422461633838449,0.549530278258784,0.614654415666703,1350990308041441536,587.036
135,"200","1",1.5,0.333333333333333,2.324424166924,0.346681448262456,-0.264871835610682,-2.22040722955644,29560231859590344704,1942036.027
136,"200","2",1.5,0.333333333333333,2.04811474295802,0.330324460859362,-0.266331798991599,-2.2293376190729,39477017355788926976,9545.433
137,"200","1",1.5,0.333333333333333,1.44282139150423,0.439121099267225,0.90444154970691,-0.594269694705345,1.69262949853926,4.353
138,"200","2",1.5,0.333333333333333,1.79013935771386,0.463831818027333,0.903553901407446,-0.598842309212682,1.72018341674324,1.304
139,"200","1",1.5,0.333333333333333,2.06398634173562,0.389289705322836,1.82106616435131,-1.38177513333329,13665.0186824234,40.756
140,"200","2",1.5,0.333333333333333,1.94061081306007,0.375573307665835,1.82199350481878,-1.38717858456748,17045.0111275083,103.549
141,"200","1",1.5,0.333333333333333,1.8718966929632,0.653697640367645,-0.745685736328067,-0.530379796874514,17.7301173233182,7.368
142,"200","2",1.5,0.333333333333333,1.95546815058318,0.650509085554293,-0.745797931731138,-0.523149516424374,20.7587794319964,2.934
143,"200","1",1.5,0.333333333333333,0.696104486022673,0.627181178832205,0.142282950884306,-2.9722770004563,0.270835486801241,0.466
144,"200","2",1.5,0.333333333333333,1.52970408226596,0.72333036914372,0.141785430878562,-2.95225857884189,0.230567496738916,0.205
145,"200","1",1.5,0.333333333333333,3.00665936958062,0.422329718425905,0.0511776689132214,-3.1856152353405,1219674768.53752,3868.513
146,"200","2",1.5,0.333333333333333,2.26711630748012,0.378524120876491,0.0494595924005555,-3.17344945045544,1392536915.61486,354.097
147,"200","1",1.5,0.333333333333333,0.756059887714799,0.419116952180437,1.24480420413518,1.35913491141015,0.673078362406734,1.019
148,"200","2",1.5,0.333333333333333,1.41710468995401,0.49816339708124,1.25160548803057,1.3534896831747,0.546066244801666,0.682
149,"200","1",1.5,0.333333333333333,2.30461189465093,0.393524304618757,0.349479573292424,-3.26873946401768,5345251053446.39,419.53
150,"200","2",1.5,0.333333333333333,2.04404054965268,0.374986952377222,0.348425699933348,-3.27237960885012,6722318338221.49,818.19
151,"200","1",1.5,0.333333333333333,2.74844572244552,0.520632243363406,-1.47924085673235,-0.0882117897750816,573002504080.664,17019.946
152,"200","2",1.5,0.333333333333333,2.23246978261728,0.470520118245018,-1.47658622719564,-0.0794695009037516,706834278526.246,34.197
153,"200","1",1.5,0.333333333333333,3.32262243536158,0.45612505001834,-0.654307611296467,-0.435341113389813,2.14718636400534e+21,1353.377
154,"200","2",1.5,0.333333333333333,2.47454558977025,0.404413068710277,-0.651116568236008,-0.427013190737253,2.37831699032877e+21,223.578
155,"200","1",1.5,0.333333333333333,1.42614630801481,0.426317560005142,1.44695150876664,2.60226850366442,302.704029984156,16.425
156,"200","2",1.5,0.333333333333333,1.74023083993983,0.455561787493378,1.44630353666383,2.59821720333463,355.639520336966,17.927
157,"200","1",1.5,0.333333333333333,3.40262653609015,0.413358341167792,-2.02921776903257,0.201459900938154,4.68579818238243e+26,600.822
158,"200","2",1.5,0.333333333333333,2.51784513719419,0.355097430395351,-2.0290230368623,0.20290651062643,5.03757980124399e+26,497.523
159,"200","1",1.5,0.333333333333333,0.924132911989635,0.563280657738592,1.2603928393592,0.261295692037298,0.516933225905808,0.292
160,"200","2",1.5,0.333333333333333,1.63381688036961,0.645686911135698,1.25854602188429,0.26669648267153,0.453447736776972,0.456
161,"200","1",1.5,0.333333333333333,2.2457270095871,0.416594152285362,-0.85485263815231,-3.41922279068082,181030856883.618,434.673
162,"200","2",1.5,0.333333333333333,2.06640341004041,0.396744296008784,-0.854613898518099,-3.41448021830729,236546081630.447,123.509
163,"200","1",1.5,0.333333333333333,1.53566644127885,0.398367167435812,-0.872713301902032,2.61973704423831,581.004028608788,19.612
164,"200","2",1.5,0.333333333333333,1.7670933850908,0.420473370569953,-0.873572543033652,2.61287420711744,656.535201839461,51.851
165,"200","1",1.5,0.333333333333333,1.87886603304696,0.356828874162039,0.307724382705186,-1.1869559311804,250361378494.116,325.682
166,"200","2",1.5,0.333333333333333,1.87050678094344,0.352722059005641,0.31203169158555,-1.16535594613849,339761382800.493,183.215
167,"200","1",1.5,0.333333333333333,2.78677709532902,0.448825683677156,-0.0285792196858055,0.891901492083749,312595.391035186,720483.598
168,"200","2",1.5,0.333333333333333,2.25565753521208,0.409149574523746,-0.0328767154502745,0.893118338725516,352508.36882872,180.836
169,"200","1",1.5,0.333333333333333,2.198863828469,0.560871600488005,0.212405431900994,1.4384828410241,244.248536951673,3285.638
170,"200","2",1.5,0.333333333333333,1.96522696780257,0.540168669689937,0.221562215254508,1.44833916899632,293.727135742344,828.07
171,"200","1",1.5,0.333333333333333,1.6337724012439,0.444215375989073,1.94823723377593,0.553578302422936,4.07227962134805,7.793
172,"200","2",1.5,0.333333333333333,1.84454006797495,0.451650847933018,1.95667944836559,0.562903418029141,4.64047741274922,9.895
173,"200","1",1.5,0.333333333333333,1.01263034690718,0.571070407280779,-0.233359839993707,1.90666777284567,0.720281386851168,0.65
174,"200","2",1.5,0.333333333333333,1.63360880930188,0.691230852058249,-0.231682466765589,1.89721145396543,0.685654443562376,0.521
175,"200","1",1.5,0.333333333333333,2.29042141830677,0.419599273176765,2.01606072439582,-0.848911724617966,366361860922476,872.339
176,"200","2",1.5,0.333333333333333,2.07379157357958,0.389928375218062,2.01959041861744,-0.830257529051248,487262183206528,170.454
177,"200","1",1.5,0.333333333333333,1.54060917697117,0.413846657192743,1.78409449236452,1.30030590727703,4.3671101867795,3.836
178,"200","2",1.5,0.333333333333333,1.81638576172957,0.427121909703159,1.78588092555431,1.29589556196458,4.55327838179891,2.137
179,"200","1",1.5,0.333333333333333,1.98797424874529,0.528355191262881,0.191359809225987,2.68330869381198,8430.76219436131,303.058
180,"200","2",1.5,0.333333333333333,1.99333036174898,0.533635984660272,0.195949054924241,2.67030661235385,10290.1557888085,172.468
181,"200","1",1.5,0.333333333333333,0.78317255737065,0.600904059403289,0.0386630216280921,-0.369529435704253,0.404643029677622,0.374
182,"200","2",1.5,0.333333333333333,1.54305415787678,0.712044170460274,0.0406394457859698,-0.362844366950572,0.334375419644958,0.226
183,"200","1",1.5,0.333333333333333,1.80358642298694,0.52481763199189,0.656002797956615,-1.6493678807145,369.959477572662,312.482
184,"200","2",1.5,0.333333333333333,1.87718924518065,0.524024756092773,0.662408878218355,-1.65655314061582,441.640661447736,8.55
185,"200","1",1.5,0.333333333333333,1.10984749963906,0.689126024541652,-0.583214889661937,-1.76183183570046,0.556316279662476,0.721
186,"200","2",1.5,0.333333333333333,1.67692229447039,0.757962603670264,-0.585532879586722,-1.76560005662957,0.568467418555543,0.455
187,"200","1",1.5,0.333333333333333,2.91821550482814,0.298397722486861,1.58629005453202,3.83738057319902,1.19236453827619e+37,1989.597
188,"200","2",1.5,0.333333333333333,2.48940083244257,0.282165638925517,1.58374403327543,3.84732579763473,1.46451578233421e+37,35437.015
189,"200","1",1.5,0.333333333333333,2.56716286163917,0.517995115402765,0.688206577739164,0.947431426401017,62051568.0133501,399.86
190,"200","2",1.5,0.333333333333333,2.18494572511648,0.473726468098294,0.691825220071258,0.948287513435658,74032583.7230317,608.793
191,"200","1",1.5,0.333333333333333,2.08908037156215,0.528238860782253,-0.327329060679973,0.806999117937876,16975.3775482618,106.782
192,"200","2",1.5,0.333333333333333,2.01155224235471,0.497047678272581,-0.320511207912964,0.802331780884987,20909.3202383118,92.845
193,"200","1",1.5,0.333333333333333,0.918328876368656,0.338377151047732,-0.357411734833097,0.724417868012658,3.28191028042405,1.821
194,"200","2",1.5,0.333333333333333,1.43452095032183,0.39037694512113,-0.360347494809851,0.71935341393302,3.10630255537489,4.058
195,"200","1",1.5,0.333333333333333,1.14400493645266,0.466600654099945,2.93647046533123,4.8219264176759,0.973965021487964,0.457
196,"200","2",1.5,0.333333333333333,1.69871548654726,0.503799488523889,2.93047825253961,4.81936098534814,0.979507057567226,0.952
197,"200","1",1.5,0.333333333333333,1.12652398550002,0.623309997755609,0.192490535415399,-0.158687705155776,0.855367064962571,0.668
198,"200","2",1.5,0.333333333333333,1.64091925967395,0.689946176695528,0.194960584998215,-0.158408498597592,0.835556504648974,0.517
199,"200","1",1.5,0.333333333333333,2.44095426290003,0.456755517198791,0.239932919493996,2.15754323577814,5127795713942.22,103.779
200,"200","2",1.5,0.333333333333333,2.11447998741766,0.422130554047206,0.238668924096034,2.15732874662038,6324912623701.82,210.635
201,"200","1",2,0.333333333333333,1.60642514952036,0.330751766424942,0.468219180230322,-6.42256605274733,114.657374849972,534.623
202,"200","2",2,0.333333333333333,1.75208800795971,0.340216956477336,0.470651611379703,-6.42956366132118,131.825554897749,56.229
203,"200","1",2,0.333333333333333,1.71853271234753,0.342473853946958,-0.602084084551505,3.03127100235922,102.698087792387,16.774
204,"200","2",2,0.333333333333333,1.81891722506405,0.340882100576114,-0.599625296939064,3.04820803533004,123.261419598414,40.625
205,"200","1",2,0.333333333333333,1.19846809104554,0.198821967600867,-0.900000962033407,-1.88919783798528,1684531.27939127,249.524
206,"200","2",2,0.333333333333333,1.46087142533044,0.212902761179681,-0.902486447768242,-1.8952645780401,2075042.39379641,5772.434
207,"200","1",2,0.333333333333333,1.42211650204261,0.393147157166585,1.35735834731393,-1.72505439748437,216.307794107024,108.126
208,"200","2",2,0.333333333333333,1.69299637738045,0.409591535794639,1.35770833802949,-1.70928543651144,250.415225681124,1434.436
209,"200","1",2,0.333333333333333,2.46537654694708,0.378627000166808,1.24457074035351,-0.31588331331161,1.0122235961315e+20,3638.756
210,"200","2",2,0.333333333333333,2.15413759432043,0.361132549700984,1.2495522533663,-0.287628191221258,1.36739123877856e+20,256879.285
211,"200","1",2,0.333333333333333,2.46097835350062,0.625651850487091,-1.77633007169427,3.63098419475733,1788.77065311521,7334.554
212,"200","2",2,0.333333333333333,2.10504423743007,0.583053755451865,-1.77673300709339,3.63359085197935,2072.33042368703,202.653
213,"200","1",2,0.333333333333333,1.81767053478314,0.266456328827609,-1.30024499693828,0.719384869124876,1630084706406424576,549.299
214,"200","2",2,0.333333333333333,1.88966069718705,0.269360441613627,-1.301679410087,0.699991233691623,2389564052448783872,369.423
215,"200","1",2,0.333333333333333,1.28219270741713,0.266429454928559,1.84595776891616,-0.776636723594965,2.83613671978357,17.455
216,"200","2",2,0.333333333333333,1.70291655229333,0.282700889484578,1.85548992911718,-0.756848020558753,3.05684298035789,3.418
217,"200","1",2,0.333333333333333,1.85266893372015,0.4417025757467,-2.07615547462274,0.54068025817624,37.7399339005873,118.884
218,"200","2",2,0.333333333333333,1.91405890744652,0.442060542957933,-2.06913698468906,0.536255110173296,42.1496855128995,11.435
219,"200","1",2,0.333333333333333,1.63829596575694,0.350736758199843,2.56898260841984,6.94595888106694,12466948.4174855,13150018.489
220,"200","2",2,0.333333333333333,1.81283012918846,0.358892410640737,2.57021615839044,6.91843726107523,15319220.9184026,74.57
221,"200","1",2,0.333333333333333,1.91192335702704,0.509626415828219,-0.0690710791929628,-2.23430773249699,53.1196893753322,1130.845
222,"200","2",2,0.333333333333333,1.92587414586115,0.501466084705241,-0.0661442128254363,-2.23334939507056,63.6285947350859,8.497
223,"200","1",2,0.333333333333333,2.71113967491486,0.305895015534097,0.60889659254925,-2.49899864403242,3.19061293870431e+26,299.224
224,"200","2",2,0.333333333333333,2.3237280140582,0.288563001804484,0.607083299976492,-2.47489857958524,4.11041071698241e+26,591.5
225,"200","1",2,0.333333333333333,1.6675306645442,0.339611024976184,-1.30357064233817,2.00216034337071,1204.40473790562,68.516
226,"200","2",2,0.333333333333333,1.77910345081103,0.348892130823571,-1.29969892836687,1.99275204353307,1483.6031568164,239.478
227,"200","1",2,0.333333333333333,1.31120409291852,0.260475653162602,1.93457898848183,-1.13141670607436,12603.3440630742,6947710.067
228,"200","2",2,0.333333333333333,1.59494419581361,0.275306656587008,1.93166745837681,-1.14711573150045,14822.3088671502,59.006
229,"200","1",2,0.333333333333333,3.4053718409815,0.392920845717968,0.999738975233065,0.510111546265943,2.77133545708664e+30,3536.453
230,"200","2",2,0.333333333333333,2.52454403055983,0.341549616103564,1.00204897642589,0.500512739348481,2.96465213978487e+30,609.626
231,"200","1",2,0.333333333333333,1.94723639367887,0.43652961131794,-0.260524502613936,-2.31151041630216,160.218419102714,32.761
232,"200","2",2,0.333333333333333,1.95202022122669,0.432358156693916,-0.258300167451962,-2.27751851794995,189.500671927619,9.093
233,"200","1",2,0.333333333333333,3.39264767215297,0.462083501678802,0.761642564966608,1.0135329729154,1.2010132968888e+25,31263.532
234,"200","2",2,0.333333333333333,2.46768164423632,0.404089501731953,0.761064953165168,0.996993688982926,1.32983742491914e+25,1171.944
235,"200","1",2,0.333333333333333,2.62818414824076,0.345649270195015,-0.456876363481689,-3.24601780593151,1.90646732329205e+30,217.419
236,"200","2",2,0.333333333333333,2.25346426232718,0.319805253159271,-0.456983458864359,-3.23685744592197,2.47532413632551e+30,22957.936
237,"200","1",2,0.333333333333333,2.06515365295657,0.417296684764532,1.05637326157566,-0.919335047831292,52.9778480068285,23.177
238,"200","2",2,0.333333333333333,1.98078082398206,0.403796934940221,1.05999080123941,-0.923378658292873,60.7347193804416,18.804
239,"200","1",2,0.333333333333333,2.05981819433156,0.352814247843397,2.23333174265944,-2.11061836363795,89946.6782574355,103.436
240,"200","2",2,0.333333333333333,1.9731369754004,0.346716604359291,2.23154232050749,-2.09512463628248,113621.295548751,3835.374
241,"200","1",2,0.333333333333333,2.49117973735465,0.65551560175671,-1.09529484408032,-0.89373790630931,2357.92314050266,183.339
242,"200","2",2,0.333333333333333,2.12454165449571,0.609033789875464,-1.09131506930791,-0.89260979149385,2847.4372362219,594.422
243,"200","1",2,0.333333333333333,0.972795724108728,0.523531932128068,0.214350728395393,-4.02306196283242,0.502665697475205,0.78
244,"200","2",2,0.333333333333333,1.65650301396154,0.574005139918663,0.216207892343543,-4.02307529793063,0.477762496956285,0.47
245,"200","1",2,0.333333333333333,3.20576111386539,0.390104133803375,0.0242010052778775,-4.346413823697,2665053657400623,2041.906
246,"200","2",2,0.333333333333333,2.43067376806659,0.344727267623878,0.0267400027954543,-4.31740715138236,2879109109353936,125.292
247,"200","1",2,0.333333333333333,0.798127694303108,0.270531476448966,1.77340149234347,1.67628482693903,11.151700065617,2.227
248,"200","2",2,0.333333333333333,1.40374623259866,0.353022175422971,1.76494693641453,1.67246823512634,10.3062722885264,3.261
249,"200","1",2,0.333333333333333,2.41310987467818,0.345809357482382,0.565969308568757,-4.08794822504162,8.41542922285905e+21,180.596
250,"200","2",2,0.333333333333333,2.1628706826204,0.333931744853512,0.567659408075763,-4.08374788879699,1.14012377925055e+22,37069.18
251,"200","1",2,0.333333333333333,3.05917436523137,0.480674850046033,-2.01447139015025,-0.0412334006494286,83531674717165338624,6098.993
252,"200","2",2,0.333333333333333,2.3628330339538,0.436962728728272,-2.00388735864058,-0.0309220380942847,98277587545814597632,568.42
253,"200","1",2,0.333333333333333,3.58113368656319,0.419921425402207,-0.870282794805138,-0.581474120551668,2.62099975154423e+32,36041.375
254,"200","2",2,0.333333333333333,2.65294456416842,0.368240119264563,-0.862067304768037,-0.57286941068772,2.58046301299515e+32,21356.422
255,"200","1",2,0.333333333333333,1.54497230349694,0.337790513333485,1.90840970070004,3.38731437036534,8153564.59296366,921.842
256,"200","2",2,0.333333333333333,1.71773545702612,0.343916681775871,1.91087748574419,3.40822225976388,10076102.4873387,636.999
257,"200","1",2,0.333333333333333,3.82716845584633,0.380491708505304,-2.81405048510254,-0.0595382859568,1.37280458565698e+41,1932.116
258,"200","2",2,0.333333333333333,2.75019987475868,0.335001232956786,-2.81249359508072,-0.0536965384917493,1.26014554729721e+41,25252.484
259,"200","1",2,0.333333333333333,1.52350400768648,0.496989587162525,1.63949529531583,0.161785973470798,3.87640696661642,7.479
260,"200","2",2,0.333333333333333,1.82569549547573,0.510187042000871,1.6427542190344,0.162055747935774,4.26673600701254,2.391
261,"200","1",2,0.333333333333333,2.62396048537671,0.374191696842107,-1.11769717755113,-4.41950923631684,1.3413669595908e+19,329.648
262,"200","2",2,0.333333333333333,2.14261551077754,0.336729478373996,-1.11989118032167,-4.42719049334046,18010600812595361792,18145639.691
263,"200","1",2,0.333333333333333,1.79176520320696,0.380769566509385,-1.21141570310338,3.50347307959581,113996.589190661,907.917
264,"200","2",2,0.333333333333333,1.83438794894333,0.377194420853036,-1.20848437931461,3.50241848206707,137301.282543869,236.048
265,"200","1",2,0.333333333333333,2.08236344740272,0.319702384174734,0.440232154338324,-1.60161136465043,1458779176130368768,643.784
266,"200","2",2,0.333333333333333,1.93784289747681,0.309520666574281,0.437125415205872,-1.59735527909053,2031451182443394048,1158.225
267,"200","1",2,0.333333333333333,3.22836103665184,0.425119960257103,-0.0706648939199205,1.33916316690181,7693442712.91226,61.069
268,"200","2",2,0.333333333333333,2.37051471130404,0.381819832915328,-0.0696386372843727,1.33443154555299,8417108779.34257,53.221
269,"200","1",2,0.333333333333333,2.61223646894965,0.550060922588674,0.339952360710018,2.1592453861265,782196.318593946,8278.809
270,"200","2",2,0.333333333333333,2.17432357368134,0.506891587619411,0.339453663712383,2.15652111103724,975701.537480767,65.788
271,"200","1",2,0.333333333333333,2.1072496736408,0.386336170801756,2.7589429731133,1.01961079967998,188.886800569258,41.266
272,"200","2",2,0.333333333333333,1.97224223665645,0.379494373925151,2.76257065567147,1.02552401576552,227.453757135843,393.387
273,"200","1",2,0.333333333333333,1.57930070181568,0.521989256444448,-0.533313145967764,2.338524836801,13.7725646609403,14.616
274,"200","2",2,0.333333333333333,1.7461631911541,0.55266852191381,-0.531034289708627,2.32299192296999,15.6735321436989,20.429
275,"200","1",2,0.333333333333333,2.79646679381066,0.405820060253384,2.74836797852583,-1.11193225522434,2.38735588537718e+25,1014.861
276,"200","2",2,0.333333333333333,2.2924871255629,0.37730821597598,2.74761610109064,-1.11816349326486,3.08536213219819e+25,227.349
277,"200","1",2,0.333333333333333,1.90264936141402,0.392351653648414,2.40611973965521,1.68079591649257,91.0651721573903,31.932
278,"200","2",2,0.333333333333333,1.94683051534968,0.388526061347306,2.40579106006893,1.69000290267839,104.270121583514,90.042
279,"200","1",2,0.333333333333333,2.18614201814476,0.475155660502801,0.231739963362593,3.58694723434498,94321307.2314093,36473.641
280,"200","2",2,0.333333333333333,2.01299889735267,0.449042340507367,0.232936801144139,3.60698338855764,120136126.612967,744.573
281,"200","1",2,0.333333333333333,0.807056452534088,0.47201810695542,0.0834793101250949,-0.813353297850564,0.694557196109956,0.574
282,"200","2",2,0.333333333333333,1.56062363342404,0.590695370464254,0.0801073240499451,-0.81175770804276,0.657082007932994,0.975
283,"200","1",2,0.333333333333333,1.98418265882876,0.417176685225455,0.72182070299074,-2.26331771642963,9296423.15319582,1418.415
284,"200","2",2,0.333333333333333,1.9379816350035,0.417890829048761,0.726033898635144,-2.25196630531077,11972850.4996797,87115.6
285,"200","1",2,0.333333333333333,1.78954604335955,0.635384057059595,-0.893604732945922,-2.49377476430377,10.8422752455735,9.695
286,"200","2",2,0.333333333333333,1.87462359978382,0.644494501117096,-0.890583881782515,-2.48740817861166,12.7183968292699,3.687
287,"200","1",2,0.333333333333333,3.56591542434272,0.297380655889025,2.12463306329113,5.5659791697629,2.33176933818203e+50,1651.633
288,"200","2",2,0.333333333333333,2.78532608851334,0.2724053724963,2.1270039351564,5.56469136129884,2.30461638107439e+50,2426.096
289,"200","1",2,0.333333333333333,2.89601623088095,0.50908419002149,0.857657891678556,1.19041128962954,13524282973979.4,56825.123
290,"200","2",2,0.333333333333333,2.34495610011887,0.456228758410735,0.860306526998043,1.17814064106228,15529677979932.9,2221.238
291,"200","1",2,0.333333333333333,2.57241154222839,0.446734845182843,-0.64856515775098,0.764078189837803,31427495969.1288,139.924
292,"200","2",2,0.333333333333333,2.14031004968857,0.407290438931835,-0.652087349581077,0.775122541429822,40081536498.0742,63667.395
293,"200","1",2,0.333333333333333,1.04875062490283,0.275602894807037,-0.46800671499502,1.02510496681079,126.453201228144,46.493
294,"200","2",2,0.333333333333333,1.45325480085934,0.317052877305667,-0.468902167733609,1.02995117248505,133.704013195779,8.535
295,"200","1",2,0.333333333333333,1.65175079954885,0.454322435719708,3.88954540558312,6.38014728990836,4.51332604501345,3.74
296,"200","2",2,0.333333333333333,1.79626741991377,0.45508456377358,3.88169816292262,6.38204113959923,4.86305204118319,42.912
297,"200","1",2,0.333333333333333,1.20124722645436,0.538349547634087,0.309679271843277,-0.299933841046106,2.82615325282225,9.842
298,"200","2",2,0.333333333333333,1.70954598242613,0.626216776259715,0.310099383620074,-0.280229925019093,2.80185300925176,2.514
299,"200","1",2,0.333333333333333,2.6900989875285,0.427902679183085,0.384321048593886,2.92358138793272,64775207409871200256,4132.651
300,"200","2",2,0.333333333333333,2.26217545740536,0.399958654172779,0.383718175618075,2.92924271383356,81360457335367270400,431.039
301,"200","1",2.5,0.333333333333333,1.81498909757243,0.30570059094247,0.459928953007284,-8.29414526885548,5017.37366849738,114.705
302,"200","2",2.5,0.333333333333333,1.90009818287106,0.31107184708361,0.46193401574803,-8.28552510310728,6198.85969631128,97.277
303,"200","1",2.5,0.333333333333333,1.96688602334799,0.316751421064864,-0.728828290854137,3.92029934727902,91046.3615269298,596.816
304,"200","2",2.5,0.333333333333333,1.9298226259143,0.313992238603584,-0.731484822744829,3.93516249570048,118930.179375443,592070.65
305,"200","1",2.5,0.333333333333333,1.40068474824236,0.203584186588095,-1.13212300460042,-2.43575209504781,3560834641.85375,1712.736
306,"200","2",2.5,0.333333333333333,1.5656587889373,0.208333259019437,-1.13167496741316,-2.42241235787371,4790638493.28161,35032.755
307,"200","1",2.5,0.333333333333333,1.24932394122238,0.380205516582992,1.87598508278218,-1.96767433902795,38.7440794225769,152.675
308,"200","2",2.5,0.333333333333333,1.65139473917258,0.428826174537761,1.87635733679043,-1.95134617222877,42.4296716917126,25.856
309,"200","1",2.5,0.333333333333333,2.49775779037829,0.357843436798293,1.49522300465194,-0.467918764542645,7.54453361698332e+25,1132.947
310,"200","2",2.5,0.333333333333333,2.21837576198386,0.341765746775647,1.49583180127262,-0.466353191610262,1.04960032494078e+26,4627.809
311,"200","1",2.5,0.333333333333333,2.76191081874989,0.624891327317303,-2.30556754511129,4.39264440783101,993175.424085617,665.937
312,"200","2",2.5,0.333333333333333,2.2591861661574,0.566360168786795,-2.30580227742206,4.39322978869669,1129728.2342218,169869.896
313,"200","1",2.5,0.333333333333333,2.15859919636299,0.267337245213406,-1.69843774787239,0.698443292954773,1.19268029654956e+25,8811.675
314,"200","2",2.5,0.333333333333333,2.03113055486975,0.264596668100326,-1.69381375518034,0.688968910469244,1.75746637530289e+25,3816.651
315,"200","1",2.5,0.333333333333333,1.49026253663787,0.229615138230851,2.25075102771782,-1.21351653382833,72.1669757305184,21.139
316,"200","2",2.5,0.333333333333333,1.84076448943363,0.247265209766282,2.26010733640332,-1.21911737146574,89.4854596124945,55.73
317,"200","1",2.5,0.333333333333333,2.21455524793427,0.41599819279317,-2.6096378670032,0.741252955726582,20991.7806842484,384375.81
318,"200","2",2.5,0.333333333333333,2.06505120534237,0.395178000451041,-2.60757868928492,0.753703198748562,25883.4137666353,26.897
319,"200","1",2.5,0.333333333333333,1.94270432167981,0.331720134902457,3.25923337452166,8.56721368686618,11192645650186.9,14478.326
320,"200","2",2.5,0.333333333333333,1.87016992455789,0.322611975442273,3.25386530496322,8.54556858646401,14782886322004.8,127.535
321,"200","1",2.5,0.333333333333333,2.17951501426668,0.471117207486847,-0.0273071343812373,-2.79039178273549,3662.36537796276,70.765
322,"200","2",2.5,0.333333333333333,2.06660187175548,0.463790369785649,-0.0351856404950011,-2.76644963665656,4562.09443876873,3815.287
323,"200","1",2.5,0.333333333333333,3.2532614061081,0.302122518741422,0.61741134688828,-3.22898246261415,5.57132322210414e+38,44710.933
324,"200","2",2.5,0.333333333333333,2.5425572977926,0.280329995710773,0.616559507204045,-3.21887649582148,6.6401902540047e+38,1209.725
325,"200","1",2.5,0.333333333333333,1.61692148460075,0.302628593266689,-1.79875589224016,2.31782101245217,108154.593708873,2797.846
326,"200","2",2.5,0.333333333333333,1.76707543195359,0.30138696011907,-1.79515392828436,2.30420813414457,137661.8026561,42883.596
327,"200","1",2.5,0.333333333333333,1.52477151941688,0.261656087916265,2.50897581315821,-1.3591573539041,83749849.3042207,1195.284
328,"200","2",2.5,0.333333333333333,1.68866017135919,0.263534876835683,2.52078315000897,-1.36499171563521,107232638.444872,68712.935
329,"200","1",2.5,0.333333333333333,3.85499039903834,0.359166918191003,1.46931132429667,1.01991177579986,1.551714566558e+44,559.848
330,"200","2",2.5,0.333333333333333,2.74562943480476,0.308975231799865,1.46378250150801,1.03805828469822,1.44183102496177e+44,1226.893
331,"200","1",2.5,0.333333333333333,2.07602096300303,0.371225485860799,-0.30139462289427,-3.01899612531247,1456.97453616017,81291.41
332,"200","2",2.5,0.333333333333333,1.92127654994713,0.352521927399908,-0.300361134140919,-3.00832508443403,1732.45050158697,17.063
333,"200","1",2.5,0.333333333333333,3.44586233155618,0.449204369151376,0.977542551685275,1.43494637858427,4.94660111902266e+31,367.522
334,"200","2",2.5,0.333333333333333,2.58573197193124,0.387019374272649,0.97492149352148,1.43612878355543,5.06569452519763e+31,1192.959
335,"200","1",2.5,0.333333333333333,2.88004268941339,0.326956614346012,-0.724253353869219,-4.43914452549254,1.68700369452763e+41,1909.734
336,"200","2",2.5,0.333333333333333,2.44803931834217,0.312101765674557,-0.725284372215124,-4.4319823445106,2.07863837585397e+41,1277337.101
337,"200","1",2.5,0.333333333333333,2.59442723289227,0.402345579357653,1.18298762211679,-1.30596051362343,14180.7434774876,495.684
338,"200","2",2.5,0.333333333333333,2.08574450125641,0.368577963032545,1.18741169474387,-1.30421856712317,16392.8264483777,103.174
339,"200","1",2.5,0.333333333333333,1.88199819167917,0.306516665230486,2.65326751355072,-2.68100333032226,787369.714803714,357.198
340,"200","2",2.5,0.333333333333333,1.95976874002508,0.315456883762175,2.65897545162906,-2.68307735077271,1017360.70348818,48.132
341,"200","1",2.5,0.333333333333333,2.65342283635872,0.602430228299564,-1.42208913703821,-1.21173481939037,1930897.61777612,23.967
342,"200","2",2.5,0.333333333333333,2.24803770022879,0.561124923505974,-1.41868743876789,-1.2147630671481,2220403.32970996,183.465
343,"200","1",2.5,0.333333333333333,1.51040991112085,0.473616731731355,0.28913630717207,-5.09529390518303,2.1964275668393,2.973
344,"200","2",2.5,0.333333333333333,1.78154670707248,0.475169571123538,0.285744043796653,-5.10353519224054,2.44739687035948,1.19
345,"200","1",2.5,0.333333333333333,3.71996236698568,0.381381831137193,0.0232210024751877,-5.40307742788246,4.85569500570864e+22,1082.54
346,"200","2",2.5,0.333333333333333,2.58343701253028,0.32440813426862,0.0244572338861035,-5.37731576319213,4.68423872608928e+22,17951.068
347,"200","1",2.5,0.333333333333333,1.11232029434507,0.264183790280087,2.27395446325948,1.98267386015321,1939.88911300602,559.56
348,"200","2",2.5,0.333333333333333,1.45502510864399,0.300062485507228,2.26534060089572,1.96997736825342,1983.6076122876,31.906
349,"200","1",2.5,0.333333333333333,2.64276421894918,0.32513344900511,0.753459168328315,-4.92997804077805,1.60939684636733e+31,16484.329
350,"200","2",2.5,0.333333333333333,2.27374471271723,0.309604017362591,0.754863993346653,-4.92517534723811,2.11802623515308e+31,526.278
351,"200","1",2.5,0.333333333333333,3.25324312060542,0.459628424017329,-2.5430019919735,-0.0375952065578414,3.06981211418433e+28,8658.861
352,"200","2",2.5,0.333333333333333,2.51339407796031,0.414761087729624,-2.54107186404665,-0.0296180231755239,3.37662523287138e+28,1586.7
353,"200","1",2.5,0.333333333333333,3.88166170368075,0.393257968569746,-1.05546806101069,-0.680665577843185,8.20897323718381e+42,999.566
354,"200","2",2.5,0.333333333333333,2.80548153710949,0.343301597008647,-1.04877404482805,-0.685428174673238,7.2467400431912e+42,19584.893
355,"200","1",2.5,0.333333333333333,1.72287434590578,0.290527126631511,2.41441536779804,4.27325030922135,2441863993386.98,1406.981
356,"200","2",2.5,0.333333333333333,1.76792832887994,0.293787578166701,2.41931273409005,4.29595571547059,3187145863074.4,4683648.738
357,"200","1",2.5,0.333333333333333,4.19576128167593,0.385710492962316,-3.53245504960916,-0.20886878846601,1.04118467836495e+53,6828.073
358,"200","2",2.5,0.333333333333333,3.00450495764459,0.328225457559483,-3.50674495825797,-0.198064980413759,7.4824487624372e+52,11553.855
359,"200","1",2.5,0.333333333333333,2.09299762247576,0.461008385045407,1.99001245748593,-0.0305914812798711,128.937013351981,85.685
360,"200","2",2.5,0.333333333333333,1.97190312165675,0.445473032102575,1.97928213212795,-0.00916634196945061,153.030273381438,49.674
361,"200","1",2.5,0.333333333333333,2.70620138420268,0.342832036786602,-1.3588928513923,-5.38872837762419,8.37194745415318e+26,14076.12
362,"200","2",2.5,0.333333333333333,2.23990956665305,0.309397977520514,-1.35511028752146,-5.38781871611637,1.10988552123386e+27,905.367
363,"200","1",2.5,0.333333333333333,1.93554249850166,0.359041413711044,-1.54276057236871,4.38764407848926,122358914.932771,188.626
364,"200","2",2.5,0.333333333333333,1.89382459044278,0.355556522735156,-1.54680556385902,4.40354754960092,154744292.40497,498.421
365,"200","1",2.5,0.333333333333333,2.23594455517421,0.314905329854424,0.557945897909665,-2.11024490570948,3.85213990175304e+24,2852.243
366,"200","2",2.5,0.333333333333333,2.02913817020706,0.292475724586256,0.558756129214112,-2.0862990590174,5.4751225299932e+24,1384247.026
367,"200","1",2.5,0.333333333333333,3.19645089980911,0.403859490622123,-0.0904347313851351,1.83182267431793,455104793338668,894.192
368,"200","2",2.5,0.333333333333333,2.47478020479933,0.360023599828682,-0.0899229773610931,1.80941958777287,472669284176338,263.171
369,"200","1",2.5,0.333333333333333,3.04279291916348,0.54838015292671,0.480934824188619,2.87935946373604,42853053098.4469,417.653
370,"200","2",2.5,0.333333333333333,2.33600625404101,0.487199432515728,0.48193310424903,2.89387133885483,48932350035.6291,610.675
371,"200","1",2.5,0.333333333333333,2.39236255463594,0.370067784064431,3.53498841374455,1.52150408270529,22821.2180833337,10632.634
372,"200","2",2.5,0.333333333333333,2.0748191255864,0.35033646722539,3.54789715276962,1.50370414326909,27826.639080268,105.237
373,"200","1",2.5,0.333333333333333,1.66995949650558,0.399513727642189,-0.876739079591855,2.66412149358922,10263.5804718383,147.137
374,"200","2",2.5,0.333333333333333,1.7819872970683,0.416128934702643,-0.880096202452621,2.67196693554332,12601.5930154477,71.578
375,"200","1",2.5,0.333333333333333,3.23091256912394,0.413100258961604,3.43698511501763,-1.48771302058952,3.14167558897124e+35,182184.273
376,"200","2",2.5,0.333333333333333,2.4998931312983,0.371970906923616,3.42718926469257,-1.47584543843798,3.72846735918239e+35,2379.348
377,"200","1",2.5,0.333333333333333,2.34112891224438,0.39312901234016,2.93835640201612,1.94512356823014,3255.01587284322,70.689
378,"200","2",2.5,0.333333333333333,2.00332887441792,0.37248886644823,2.94829919090195,1.94906102637601,3921.95553327667,819.273
379,"200","1",2.5,0.333333333333333,2.14729945803313,0.410111240194335,0.308902218664173,4.63048537395671,1610453458203.21,468823.122
380,"200","2",2.5,0.333333333333333,2.01795351307668,0.397669907280854,0.317849045470051,4.63168376417765,2131167831150.16,199.246
381,"200","1",2.5,0.333333333333333,1.05214446255545,0.399483997173443,0.135984208608952,-1.13317246938153,2.2681247403642,0.283
382,"200","2",2.5,0.333333333333333,1.57983095353946,0.438375646993877,0.14188504344638,-1.12745079399397,2.33227438132741,1.396
383,"200","1",2.5,0.333333333333333,2.21159402751935,0.377204578486814,0.741174109792082,-2.90046919380537,33010177563953.7,434.526
384,"200","2",2.5,0.333333333333333,2.03365528192592,0.364577892605249,0.748690805310167,-2.9050377938992,45336591309627.5,475.028
385,"200","1",2.5,0.333333333333333,2.26456923534496,0.619174106423124,-1.21051008577765,-3.2213462684594,1440.85778261461,1928.29
386,"200","2",2.5,0.333333333333333,2.05207563387509,0.587729596300512,-1.20250556739924,-3.19952061650246,1793.40295783314,126.363
387,"200","1",2.5,0.333333333333333,4.11424919958997,0.29011453235687,2.68604618248725,7.4342657873241,1.26577011748638e+62,7293.329
388,"200","2",2.5,0.333333333333333,3.06084780072978,0.267631143436637,2.66834627134685,7.34612877722572,9.6579568410732e+61,47053.664
389,"200","1",2.5,0.333333333333333,3.2841452361904,0.494176926914052,0.991625557872165,1.30317315615594,7574753045861332992,444.176
390,"200","2",2.5,0.333333333333333,2.47307404420806,0.440958681860934,0.985017295830026,1.30315342114906,8160082036124026880,304.95
391,"200","1",2.5,0.333333333333333,2.94469452557816,0.392675712519466,-1.03612872119518,0.614556291355709,13317354314315929600,1253.253
392,"200","2",2.5,0.333333333333333,2.28851561184192,0.346797240585459,-1.04313878788065,0.598521619442946,16184413422299437056,379.18
393,"200","1",2.5,0.333333333333333,1.18979759209251,0.281403831383779,-0.588800147145334,1.29381302275454,14873.2902090579,223.984
394,"200","2",2.5,0.333333333333333,1.53583624999079,0.298147396511859,-0.593225850135429,1.29508518020416,16901.7393564548,37.116
395,"200","1",2.5,0.333333333333333,1.67093158818236,0.391014506498864,4.85775440468509,7.99766079846923,48.532394957378,41.246
396,"200","2",2.5,0.333333333333333,1.84320158804616,0.403345776548558,4.85328059286524,7.97558852259199,55.9441206955506,6.62
397,"200","1",2.5,0.333333333333333,1.50469677180477,0.530945229729458,0.356400761129147,-0.514695442248145,15.1776005588801,9.44
398,"200","2",2.5,0.333333333333333,1.80249653603362,0.579364915991599,0.356549756742432,-0.504095710138783,17.1035965107118,12.893
399,"200","1",2.5,0.333333333333333,3.00207782828715,0.430830410419597,0.489437668226751,3.68334226976182,1.00722529321025e+26,466.851
400,"200","2",2.5,0.333333333333333,2.383881859789,0.391510058597589,0.488305772686324,3.68690496141407,1.13939561149406e+26,129094.346
401,"200","1",3,0.333333333333333,2.324127164625,0.31561665711782,0.419364340378922,-10.1028175580796,266511.985005615,56.804
402,"200","2",3,0.333333333333333,2.08628911368014,0.299214359732155,0.419005364630104,-10.1190454728115,334651.243817148,255.58
403,"200","1",3,0.333333333333333,2.15586162237749,0.301398905344724,-0.870072798612537,4.80423021869169,338876501.946441,1683.193
404,"200","2",3,0.333333333333333,2.00929432622498,0.296058233330423,-0.868537809626732,4.80030285617047,459332593.046067,147.748
405,"200","1",3,0.333333333333333,1.55315448457312,0.204607752882841,-1.35686865616896,-2.95198294376236,15772343610246.3,20731.036
406,"200","2",3,0.333333333333333,1.66167039199721,0.205892681976047,-1.35242608967685,-2.94162136771427,21974058310707.9,238.069
407,"200","1",3,0.333333333333333,1.1125087211401,0.417808498141402,2.4256535673936,-2.15982938177939,3.98175458831252,6.273
408,"200","2",3,0.333333333333333,1.57208279991805,0.470173941752106,2.42491275916911,-2.16562572502751,4.00613024109859,5.944
409,"200","1",3,0.333333333333333,2.6338746206538,0.345120584316131,1.78495911545082,-0.528761227336616,4.93739758093673e+31,3578.701
410,"200","2",3,0.333333333333333,2.30775993417671,0.328608181759316,1.77857329253508,-0.527861544542033,6.6027646049774e+31,4734.171
411,"200","1",3,0.333333333333333,3.164823163997,0.6140291323404,-2.84309524080817,5.18845195848176,1207727094.24976,33.375
412,"200","2",3,0.333333333333333,2.36927517167789,0.54064651014412,-2.82997881319415,5.18291263771131,1285920650.16693,1078.77
413,"200","1",3,0.333333333333333,2.40852492055481,0.274079445987159,-2.13344092677261,0.622344507801823,4.67542986170435e+30,14703.91
414,"200","2",3,0.333333333333333,2.1409563289242,0.261810406884692,-2.13466882152926,0.633795485360032,6.65722052186255e+30,14633.894
415,"200","1",3,0.333333333333333,2.10275416415963,0.24052212464833,2.63844378167553,-1.73069141842135,8138.33032876731,202.931
416,"200","2",3,0.333333333333333,1.92695482571624,0.230635050362931,2.63349686880043,-1.72437309839404,9973.66573087375,198.787
417,"200","1",3,0.333333333333333,2.67987841065111,0.393389758102404,-3.14102630456228,0.928369148116011,26745814.4094003,116.046
418,"200","2",3,0.333333333333333,2.19499306645357,0.364975588935055,-3.13831629715561,0.937096911081564,31725826.8531476,794.722
419,"200","1",3,0.333333333333333,2.12863387037456,0.319051723212883,3.90360008528799,10.1161881393056,19862887981575229440,1036.253
420,"200","2",3,0.333333333333333,1.98845560615728,0.306238209341157,3.91930975361583,10.1714662393833,27096015229094109184,9975226.274
421,"200","1",3,0.333333333333333,2.50182018790653,0.466574650006257,0.0508818740247042,-3.20185270775381,997710.184781064,168.595
422,"200","2",3,0.333333333333333,2.16834350070899,0.437384745383566,0.0535692321097209,-3.18998931141274,1192227.16232975,89.92
423,"200","1",3,0.333333333333333,3.63763464630731,0.304902322662673,0.633367993582989,-3.9484930590607,1.20431028338064e+50,16474.759
424,"200","2",3,0.333333333333333,2.74503912928881,0.274120878347193,0.635013972977782,-3.95353981597062,1.24070879698159e+50,5303.278
425,"200","1",3,0.333333333333333,1.64663068400651,0.268203221692633,-2.28892463864625,2.61062868236335,19202887.1718764,135522.44
426,"200","2",3,0.333333333333333,1.80113474271535,0.277057202384603,-2.28401059571751,2.62678477255589,24841390.9024657,57.624
427,"200","1",3,0.333333333333333,1.74661888363668,0.256967616815547,3.12217351417836,-1.63144246039129,18024889690256.3,1287.486
428,"200","2",3,0.333333333333333,1.82764884200243,0.259286773583443,3.11446597958318,-1.60334787144713,24635060836816.7,1605.384
429,"200","1",3,0.333333333333333,4.22148913816163,0.33465005881946,1.91344805005986,1.53490630843725,4.83727339578037e+56,438.013
430,"200","2",3,0.333333333333333,2.93665610990729,0.288138339360215,1.8995611742928,1.53009221253333,3.77980995446464e+56,698.252
431,"200","1",3,0.333333333333333,2.13219573292349,0.329601758055634,-0.33459014474552,-3.69605012415902,34581.5263764233,100.274
432,"200","2",3,0.333333333333333,1.90094025723674,0.299887913967112,-0.336617497204301,-3.70397420435465,42590.156796147,35.534
433,"200","1",3,0.333333333333333,3.81502854524058,0.437519770429491,1.18849359782583,1.90192375303722,1.18908805434964e+38,10291.514
434,"200","2",3,0.333333333333333,2.71692996346096,0.37668689784338,1.19373880661289,1.90827694984646,1.11157494098124e+38,1151.16
435,"200","1",3,0.333333333333333,3.31884092099608,0.33436515671061,-1.04595695888028,-5.77697939802333,5.7523743945502e+51,1579.094
436,"200","2",3,0.333333333333333,2.66093536176669,0.307064573216073,-1.037916637379,-5.73046783766446,5.94053230720346e+51,2927.522
437,"200","1",3,0.333333333333333,2.72447250884784,0.374456042222122,1.29492848026386,-1.70436888360609,24038363.4202606,82.089
438,"200","2",3,0.333333333333333,2.20250150396914,0.345051936443174,1.29331756627268,-1.70985795385583,28734862.5286039,204.042
439,"200","1",3,0.333333333333333,2.14568846544717,0.299385589615879,3.10963638092023,-3.1424764395896,26691709.3973094,1958.776
440,"200","2",3,0.333333333333333,1.98586127247537,0.292694625687262,3.12140380143664,-3.15530940357086,35294763.4485291,306.392
441,"200","1",3,0.333333333333333,3.20334554711402,0.601056777687826,-1.7122130374782,-1.43406426805796,4716005926.44068,386.392
442,"200","2",3,0.333333333333333,2.36056415273413,0.528567566111541,-1.71335534708324,-1.44256227473928,5095411054.14601,88689.588
443,"200","1",3,0.333333333333333,1.95590724748578,0.441426711463371,0.344381041474887,-6.17788495450926,31.3297962841501,750.515
444,"200","2",3,0.333333333333333,1.91253145064556,0.431515858200942,0.351479312341941,-6.20953004258591,36.1012534420199,60.624
445,"200","1",3,0.333333333333333,3.9684061478409,0.368726292076699,0.0446546047061953,-6.36286438873309,2.03477608609583e+30,828.91
446,"200","2",3,0.333333333333333,2.74270443222456,0.314121771873639,0.0428798823634419,-6.36617373667119,1.74314725315203e+30,4103.619
447,"200","1",3,0.333333333333333,1.1289078896789,0.239222101535,2.75052868272846,2.23615987090379,2220068.41923369,1407.597
448,"200","2",3,0.333333333333333,1.46662933836772,0.27020611686512,2.74635200965445,2.22879150874688,2525187.2410062,257.806
449,"200","1",3,0.333333333333333,2.87624030713341,0.318544344846417,0.901957355895491,-5.8625009901493,8.14690818741931e+39,514568.674
450,"200","2",3,0.333333333333333,2.40210944219855,0.296154242264013,0.901140975201186,-5.86469315979379,1.0571852987749e+40,2550.888
451,"200","1",3,0.333333333333333,3.62459063873935,0.449800265599792,-3.10719901700232,-0.0871223441045324,1.13276655599113e+37,31094.816
452,"200","2",3,0.333333333333333,2.66357009022132,0.398759580308003,-3.089930379969,-0.0852647617114336,1.1438998706745e+37,175984.146
453,"200","1",3,0.333333333333333,4.16959639840058,0.379882116424475,-1.22377348203468,-0.742556070654568,6.9431996381853e+52,637608.582
454,"200","2",3,0.333333333333333,2.97315339517872,0.326172035415634,-1.2195183333856,-0.750885948486444,5.28641225494533e+52,206641.097
455,"200","1",3,0.333333333333333,1.86756365524649,0.269340751551079,2.95910045882585,5.22878847378111,1456005236771147008,1131.239
456,"200","2",3,0.333333333333333,1.84385857986004,0.267737642771067,2.95598253797557,5.2319610443027,1962458551164407808,187.988
457,"200","1",3,0.333333333333333,4.97762257940113,0.384039845433412,-4.14149544868595,-0.238081351371299,4.42224471889457e+62,423.419
458,"200","2",3,0.333333333333333,3.21925051703355,0.3250339494222,-4.12858055302422,-0.24749973689095,2.56322501066377e+62,19144.867
459,"200","1",3,0.333333333333333,2.50278686136993,0.430645414495458,2.29705533513553,-0.241674212951328,11487.3358083917,103.678
460,"200","2",3,0.333333333333333,2.10309553195388,0.403686627270864,2.29207632228645,-0.229062003235949,13813.0624141319,22.75
461,"200","1",3,0.333333333333333,2.84937503066688,0.323192867577276,-1.58592848697228,-6.37160591888017,1.11669570213678e+34,110708.627
462,"200","2",3,0.333333333333333,2.35766330658114,0.296250964683929,-1.58154764225077,-6.36198602241155,1.4583632889746e+34,13704.445
463,"200","1",3,0.333333333333333,2.2576137150737,0.372529055485052,-1.88301147095682,5.32842279156832,558771114847.817,9230.152
464,"200","2",3,0.333333333333333,2.0535540443547,0.346755312593235,-1.88508742917825,5.30818213835695,715959420775.04,61.62
465,"200","1",3,0.333333333333333,2.32341803866895,0.292984564776766,0.669632873274286,-2.60454036424118,6.01991290369953e+30,2012.948
466,"200","2",3,0.333333333333333,2.15562854285167,0.286949299388884,0.668509516375415,-2.61141164078506,8.33117402480126e+30,13439.239
467,"200","1",3,0.333333333333333,3.28305160065182,0.377477156092247,-0.0943232173392459,2.34008833338638,46510692614919774218,1000.512
468,"200","2",3,0.333333333333333,2.5336232176495,0.340749851355698,-0.0903607256367296,2.33958005826962,47220926580140589056,653.639
469,"200","1",3,0.333333333333333,3.45994532801219,0.551816920422481,0.639378541013669,3.66112026775797,26384591605160424,6324.019
470,"200","2",3,0.333333333333333,2.53382410276393,0.474464819535479,0.643026576971962,3.65491650152206,26508533870851848,88.429
471,"200","1",3,0.333333333333333,2.51974887389318,0.346302530187045,4.31742314881236,1.94497364568755,5124727.78763363,207902.773
472,"200","2",3,0.333333333333333,2.13661573714066,0.327803329716109,4.31654218996954,1.94570104944965,6333039.83842628,133.72
473,"200","1",3,0.333333333333333,1.7612944955899,0.351781371059629,-1.23852079793991,3.00984650531912,296480409.583078,353.782
474,"200","2",3,0.333333333333333,1.84072344301976,0.348842542276115,-1.23961123956001,3.01289141245891,389779043.227437,2586.718
475,"200","1",3,0.333333333333333,3.63046695876585,0.40309372671167,4.09989905103821,-1.86581268291898,6.26371830736995e+44,144225559.741
476,"200","2",3,0.333333333333333,2.68087767968425,0.366517889461872,4.07783166966966,-1.8591293322838,6.4080873838749e+44,20745997.318
477,"200","1",3,0.333333333333333,2.43836466906304,0.396544941282961,3.41640475827147,2.09695464967552,202810.818317349,51.005
478,"200","2",3,0.333333333333333,2.11616123263556,0.365353916302444,3.41563576120852,2.08074677311025,240028.179384048,151.758
479,"200","1",3,0.333333333333333,2.32111980738027,0.382252222754757,0.431495345618267,5.73120442478463,32827023587771916,3677800.674
480,"200","2",3,0.333333333333333,2.04307171851743,0.359866445995879,0.430761810989294,5.72341473182393,45023234656621456,381.688
481,"200","1",3,0.333333333333333,1.19166054307622,0.306170243397012,0.226630892547174,-1.33385269715217,19.4367493507954,238.916
482,"200","2",3,0.333333333333333,1.53296096125094,0.325255069572939,0.225525877978502,-1.32098818176275,20.4190102055529,6.186
483,"200","1",3,0.333333333333333,2.50600551028591,0.354644696156467,0.74499377970639,-3.59560356133831,3.64767076846877e+21,1249.79
484,"200","2",3,0.333333333333333,2.17542704719114,0.337624572500568,0.741584158111575,-3.5858750418861,5.00674830340965e+21,955.628
485,"200","1",3,0.333333333333333,2.67846180665006,0.594823798979541,-1.50478110269798,-3.87169800555315,898181.210560332,76.597
486,"200","2",3,0.333333333333333,2.19993798527847,0.55284773366556,-1.50510470042575,-3.88994479493155,1075848.44988316,32840.503
487,"200","1",3,0.333333333333333,4.76685813680834,0.294324954594396,3.23933500798584,9.22954134936137,3.56302715807011e+72,27655.243
488,"200","2",3,0.333333333333333,3.32445464398742,0.264106826640026,3.21517821234581,9.17518649872192,2.0351706736568e+72,4294.705
489,"200","1",3,0.333333333333333,3.65025939117243,0.497225971353267,1.08355246353002,1.36788050931954,4.87752208255912e+24,403.339
490,"200","2",3,0.333333333333333,2.57519074074245,0.429850968280227,1.08891315309019,1.3718114371173,4.79627521617584e+24,775.935
491,"200","1",3,0.333333333333333,3.18350579169931,0.345794215050849,-1.45666608678929,0.385776923362859,6.48274909316688e+28,3929.447
492,"200","2",3,0.333333333333333,2.45966338784824,0.31285044075536,-1.45487997503561,0.380782499530501,7.53856620017274e+28,3161.671
493,"200","1",3,0.333333333333333,1.33036284152044,0.271575564562717,-0.736094034972445,1.52239800785332,2324027.94668997,532.879
494,"200","2",3,0.333333333333333,1.58700510123863,0.284247705305725,-0.732657608867697,1.53454796806228,2801890.38698616,135.483
495,"200","1",3,0.333333333333333,1.92207643296505,0.362536276298796,5.84275000464144,9.63784114241142,1031.27798891518,335.424
496,"200","2",3,0.333333333333333,1.92499452646994,0.359133215697821,5.84475721588408,9.62839276285132,1209.40676271973,82.172
497,"200","1",3,0.333333333333333,1.5899437624961,0.497962708519482,0.371085065598421,-0.813198172139706,131.395077010802,21.136
498,"200","2",3,0.333333333333333,1.78931553919885,0.515549284963381,0.367040729361394,-0.823071520650325,152.245949569737,240.252
499,"200","1",3,0.333333333333333,3.30100697156894,0.433706880791304,0.569050997308449,4.44909309008293,1.72054712445019e+31,1759.992
500,"200","2",3,0.333333333333333,2.51546248450394,0.393678008270349,0.564560846661459,4.44339876682507,1.84866321777125e+31,1683.7
