delta_true,N,order,method,epsilon,median_log_bf10,mean_log_bf10,sd_log_bf10,q05_log_bf10,q25_log_bf10,q75_log_bf10,q95_log_bf10,n_valid
3,20,d0,ecdf,0.01,Inf,Inf,NA,0.49943748599915383,1.415728217873309,Inf,Inf,25
3,20,d0,ecdf,0.02,1.7034027815777633,Inf,NA,0.722573528566037,1.4157207091259822,2.802015070245873,Inf,39
3,20,d0,ecdf,0.03,1.8211733028199368,Inf,NA,0.7617161337971605,1.3000951848413287,2.514320483379882,Inf,44
3,20,d0,ecdf,0.04,1.8856943041234069,Inf,NA,0.9301828590959704,1.2979076392212876,2.3965199278893974,3.495132216557507,48
3,20,d0,ecdf,0.05,1.7723430939081817,Inf,NA,0.9747068552356207,1.2333465931754946,2.331958881843605,3.718253242963495,49
3,20,d0,ecdf,0.06,1.8211057285398005,1.8526435992477357,0.7404043658910435,1.0101755123234717,1.192497069117426,2.245528968587047,3.0249407910110158,50
3,20,d0,ecdf,0.06999999999999999,1.704425233526546,1.8242160903699005,0.6646648952143325,1.0589331428687632,1.2820766941829729,2.2243682772378843,2.9560531277546445,50
3,20,d0,ecdf,0.08,1.7032526221907809,1.7716851185451525,0.5532216361778811,1.0526650560496311,1.2572370981299095,2.2422491229234676,2.5787213595446805,50
3,20,d0,ecdf,0.09,1.7409504104014164,1.7792323002176837,0.5230634095181994,1.1053938405288672,1.3229908179058498,2.226458226183117,2.6144171548715724,50
3,20,d0,ecdf,0.1,1.7376589765253914,1.778710726762984,0.5133021633904508,1.0953736715858158,1.3201702885258102,2.18764803563345,2.619453272656071,50
3,20,d0,ecdf,0.11,1.703569345977213,1.7635253424122481,0.5120289565208004,1.1052729974630564,1.328416548777266,2.1583048969326772,2.5605602300698984,50
3,20,d0,ecdf,0.12,1.6489852344949687,1.7251437930626023,0.483076694650137,1.1567306453735895,1.335327675639927,2.0885068869550247,2.513982671981573,50
3,20,d0,ecdf,0.13,1.6532770244874815,1.718578448532237,0.47208013737542315,1.1470438555100273,1.3502917809937034,2.03434705051093,2.5409604724009798,50
3,20,d0,ecdf,0.14,1.6564023601908004,1.705624732089638,0.4361876047226859,1.1341889033943549,1.3216550647697178,1.9142314694929004,2.444859720555071,50
3,20,d0,ecdf,0.15000000000000002,1.638311319766926,1.6781494422400225,0.3925806956657596,1.1369867415506287,1.35856642189379,1.9259933922187067,2.4184698773165008,50
3,20,d0,ecdf,0.16,1.622729603549276,1.6520342786360391,0.3506099421529293,1.130214749711783,1.3544656169545966,1.885093868016767,2.1816796852744638,50
3,20,d0,ecdf,0.17,1.6091637302979298,1.657291182204067,0.3596749610519059,1.1675238897559872,1.3648920212586977,1.850325787114818,2.2422217841768397,50
3,20,d0,ecdf,0.18000000000000002,1.6311433098064052,1.6543685186588697,0.3550047726444376,1.1482915380828207,1.3943709706956837,1.8523050202590308,2.225850417553098,50
3,20,d0,ecdf,0.19,1.6184266521759223,1.6341777248893725,0.35167583885348075,1.1294994062200239,1.369863854543205,1.8237328535045478,2.2268227683759148,50
3,20,d0,ecdf,0.2,1.592175615545524,1.6206711292302325,0.32461820923855433,1.1302548719830392,1.3719644281982417,1.807772792582516,2.175307222380385,50
3,20,d0,ecdf,0.21,1.5687784056987375,1.6108054879153957,0.3176699046022289,1.151722553152061,1.3969798528138337,1.7765261262494534,2.141886801602063,50
3,20,d0,ecdf,0.22,1.5611237373400375,1.6023895293300248,0.3142647051056651,1.1799888788034973,1.3976656212591183,1.7813778851198754,2.1400847494436106,50
3,20,d0,ecdf,0.23,1.5418234544983207,1.5893240060281912,0.3083862461429954,1.1787686562575095,1.4144078184183475,1.7465416534409623,2.1128516419037933,50
3,20,d0,ecdf,0.24,1.547821786519458,1.5749880122891478,0.28525826661426107,1.1709063542091183,1.3785190762040604,1.7231006240717386,2.0273948667813446,50
3,20,d0,ecdf,0.25,1.508539054186656,1.567664859727966,0.287489841491233,1.154626764431642,1.3749472787349355,1.715273084672139,2.01398869143514,50
3,20,d0,ecdf,0.26,1.5151367316771165,1.5644447402105925,0.2808037486175921,1.178355348014506,1.394992419835053,1.714874850063901,1.982732805146644,50
3,20,d0,ecdf,0.27,1.5316913008086013,1.5513965065850346,0.2551269121788148,1.2012079060734773,1.373357849199511,1.6832958571174195,1.9233091625167267,50
3,20,d0,ecdf,0.28,1.5270996308363225,1.535456465112137,0.2477869389522446,1.17874502765395,1.3830275613960166,1.6549330023462074,1.8587681417553898,50
3,20,d0,ecdf,0.29000000000000004,1.5228279506005944,1.5267317388935555,0.2380432986317984,1.1791033471734984,1.3882024948788414,1.6347903690882277,1.8511530453508245,50
3,20,d0,ecdf,0.3,1.4914835315046215,1.5095814726486625,0.2288769651027783,1.1463769765673844,1.3847567146612856,1.6160056713778053,1.8585508408805786,50
3,20,d0,ecdf,0.31,1.4800205688120065,1.4977261944187052,0.22510853154764918,1.1353841109695555,1.3738894453388149,1.6086379466341,1.840472449578822,50
3,20,d0,ecdf,0.32,1.477710543902417,1.4896933046783944,0.2141071722899654,1.125802983169243,1.356251172394696,1.6160493388004165,1.8237967640065618,50
3,20,d0,ecdf,0.33,1.475530252686682,1.4817682433241943,0.20771087349415188,1.1218133608753105,1.3541693956824146,1.6136805911674994,1.8210064537036703,50
3,20,d0,ecdf,0.34,1.4580816087984605,1.4616974418465947,0.20414930180846053,1.1028038794625923,1.3556844024754535,1.5806777096391664,1.8157975236977406,50
3,20,d0,ecdf,0.35000000000000003,1.427164556308106,1.4484884151054056,0.1965550609100329,1.0838397756058866,1.3370997514050478,1.5712293507302761,1.769345731810212,50
3,20,d0,ecdf,0.36000000000000004,1.433572373216501,1.4331734128448184,0.18352344916077787,1.0876082830973886,1.3261226879481514,1.5460252063703055,1.7400244736650041,50
3,20,d0,ecdf,0.37,1.4191147234339578,1.4183678501934431,0.17678232873363506,1.094158063521918,1.3250334659374388,1.526722248583813,1.7294165048019594,50
3,20,d0,ecdf,0.38,1.4121250424154557,1.398824731295722,0.173834533439675,1.0915647577698162,1.3120415838584731,1.4908169819044386,1.6842883356352107,50
3,20,d0,ecdf,0.39,1.3804041844486705,1.3828071569051001,0.16579434981606292,1.0749201075590986,1.29416243859953,1.4747812249594954,1.668786011703394,50
3,20,d0,ecdf,0.4,1.3570291382167565,1.3664009923508684,0.16480284578331636,1.0512430096620133,1.2747068564675788,1.4597618052054022,1.6683719137120607,50
3,20,d0,ecdf,0.41,1.3409173153819027,1.3544958705264338,0.16616000743879888,1.0391306367485798,1.2670227655922028,1.445661581841373,1.6593710465004374,50
3,20,d0,ecdf,0.42,1.3312856028598188,1.3372534877190974,0.15972773861499076,1.035966981960215,1.247025259242079,1.4113283105333552,1.6324870741933681,50
3,20,d0,ecdf,0.43,1.2907531368092886,1.3201902508354026,0.15897458528210667,1.019826111127716,1.2331741708193766,1.3995559966580875,1.610585787516932,50
3,20,d0,ecdf,0.44,1.278091875367931,1.3015667610312427,0.1518696793652253,1.014541147903239,1.2247981326705393,1.3856650974056952,1.593201210232436,50
3,20,d0,ecdf,0.45,1.266097865682997,1.2822393048354852,0.15111171386023226,1.010108735282895,1.2009585635120357,1.3645484552217313,1.5696187687692391,50
3,20,d0,ecdf,0.46,1.2594126125341478,1.2651890931883696,0.14337578229195636,1.0058794576155714,1.187309318632804,1.337121596861464,1.5268161384177437,50
3,20,d0,ecdf,0.47,1.2439863240329976,1.2475279363813536,0.1387784102793683,1.0047506926391168,1.1660247825632857,1.313979696633724,1.499169229091824,50
3,20,d0,ecdf,0.48,1.2294017814890636,1.2327061865824092,0.134300993073566,1.0184935089847573,1.1480282154743284,1.308547380652787,1.4707790468275688,50
3,20,d0,ecdf,0.49,1.2030711349540602,1.2174909391668474,0.13479690196988656,1.005086192974678,1.1426820152238364,1.291969454471058,1.4525379566889194,50
3,20,d0,ecdf,0.5,1.182371357892905,1.1966644651855411,0.130453662322124,0.9655476550744737,1.1205888494100182,1.2697370516565445,1.4251331341904143,50
3,20,d0,ecdf,0.51,1.1666866666732876,1.1804007939872294,0.12534945762195804,0.9694144616649256,1.1142401913007451,1.2550976240173408,1.409248303844599,50
3,20,d0,ecdf,0.52,1.1481088554904093,1.1666610749362847,0.12540292842784392,0.9579621334775179,1.0853125016818614,1.2575930883320976,1.3994232837713154,50
3,20,d0,ecdf,0.53,1.1305289633309432,1.1503973043766658,0.12486575977674103,0.94292111644558,1.0817387991615113,1.2478897349986007,1.3767138861076313,50
3,20,d0,ecdf,0.54,1.1207849075745535,1.138820340491038,0.12404919066722042,0.9313747235733987,1.0749795060152967,1.2307858027888825,1.3553154490953043,50
3,20,d0,ecdf,0.55,1.1080978804705968,1.1236205517106506,0.11959240131484206,0.9188876189939039,1.0652520534061374,1.208978625752593,1.3313757606680847,50
3,20,d0,ecdf,0.56,1.0894680394717604,1.105903605610884,0.11754843304241956,0.9149872899870272,1.0403722992149858,1.1847782192760852,1.302524599016584,50
3,20,d0,ecdf,0.5700000000000001,1.0718013231988923,1.0893624918992126,0.11630810286162725,0.9075577188436765,1.0213688942692887,1.1653883696834066,1.28483318406512,50
3,20,d0,ecdf,0.5800000000000001,1.0733510046540655,1.0732912339831244,0.11276917691184511,0.90201142589955,1.0134528630729969,1.1453613889661491,1.263881669067192,50
3,20,d0,ecdf,0.59,1.0627613959293392,1.059145504630112,0.11148091153818053,0.8931414731360705,0.9917669543624007,1.1135798709907052,1.2512494172017081,50
3,20,d0,ecdf,0.6,1.0467873256280544,1.0415215517104308,0.10716237772770837,0.8743761423459324,0.973953224074174,1.097465882048057,1.2198144962537285,50
3,20,d0,ecdf,0.61,1.0231091528541252,1.0230057251008349,0.10346033323532004,0.8581741188024123,0.9687479436352376,1.0850472954116674,1.1975782560440533,50
3,20,d0,ecdf,0.62,1.006095585006488,1.0058468478949787,0.10241444457928144,0.845267052831181,0.9534518515210664,1.0746340589938448,1.1708628412354327,50
3,20,d0,ecdf,0.63,0.992494112621005,0.9904378860526958,0.10358780355677064,0.8345327123617654,0.9351158626588907,1.0478009667404486,1.164827200648863,50
3,20,d0,ecdf,0.64,0.9667915900128776,0.9731865303978932,0.10089463859368701,0.8282318887679508,0.9248587244570224,1.0358739804853476,1.1402004433948263,50
3,20,d0,ecdf,0.65,0.9620263568526661,0.9597249388067335,0.10073385501967559,0.8100470204502858,0.911471029364737,1.0218225937275762,1.1200663481802249,50
3,20,d0,ecdf,0.66,0.952578920461458,0.9425295321000702,0.09665094049007653,0.7942428562630316,0.8872924339525016,0.9944025322203092,1.0867309805640395,50
3,20,d0,ecdf,0.67,0.934110107624281,0.9277147555451433,0.09424768119506657,0.7805642092674386,0.874170403112857,0.9830746390312739,1.0742575810722135,50
3,20,d0,ecdf,0.68,0.9164996624308256,0.9105663477490796,0.09391097866398009,0.7572256060656135,0.8551951887284328,0.9674221046309609,1.0594039493092842,50
3,20,d0,ecdf,0.6900000000000001,0.904012621756934,0.8968667699350897,0.09280274975795068,0.7555449779290926,0.8412046316339465,0.9524337067576067,1.0333555827498007,50
3,20,d0,ecdf,0.7000000000000001,0.8856302708031241,0.8810900446309033,0.09144035161655492,0.7172323732087265,0.8207517971803802,0.9335606791397398,1.0188930291376317,50
3,20,d0,ecdf,0.7100000000000001,0.8742558207303882,0.8669682952377175,0.0867591953659479,0.7222937559200046,0.8090085704989074,0.9209930294226223,0.9966468886100162,50
3,20,d0,ecdf,0.72,0.8633638329550739,0.8545468579916644,0.08604376994190088,0.7112831433661984,0.8005243723550335,0.9056886627807129,0.9800012981562733,50
3,20,d0,ecdf,0.73,0.840968062104753,0.8401675562813737,0.0844653562349025,0.6939005572875179,0.7886206739255892,0.8992519271217014,0.9635932306084415,50
3,20,d0,ecdf,0.74,0.8348387453804974,0.8265642469148894,0.08190879736141748,0.6820079130898984,0.7789582869860409,0.8809042508890986,0.9364107361042914,50
3,20,d0,ecdf,0.75,0.8195667636311165,0.8111198298556828,0.08132009277875157,0.6755262673849001,0.7572997905054122,0.8623689837856452,0.9243388344674281,50
3,20,d0,ecdf,0.76,0.8067042244787543,0.7993640778603726,0.07971029764068063,0.66435110352484,0.7451175971535478,0.8569674441820394,0.9145040579986969,50
3,20,d0,ecdf,0.77,0.796079524699848,0.7845209826522185,0.07719689161984167,0.6524717038378905,0.7325430037286332,0.830353019318946,0.9001556659007526,50
3,20,d0,ecdf,0.78,0.7754710529907582,0.773126861937456,0.07783274358990745,0.6298507893301177,0.7236778251289089,0.8219908069873261,0.8931926787668918,50
3,20,d0,ecdf,0.79,0.7691370169004996,0.7593794188823101,0.0791591131470963,0.5999678201005638,0.7087085806479845,0.7990364551851645,0.8805586487966337,50
3,20,d0,ecdf,0.8,0.7531147127798254,0.7444745920326117,0.07659351638525863,0.5975355311743066,0.6981753084734403,0.7872310564406547,0.8675989929805044,50
3,20,d0,ecdf,0.81,0.7408772358364977,0.728988065782487,0.07481418791250083,0.5907162866786245,0.6842147619979415,0.7725238968930686,0.8471271763209398,50
3,20,d0,ecdf,0.8200000000000001,0.7212989736968591,0.7168041791499503,0.07337461382478011,0.5802644364305171,0.6766461427191611,0.7648022648764086,0.828245358787065,50
3,20,d0,ecdf,0.8300000000000001,0.7040300223884679,0.7040059780745321,0.0736635397646106,0.5642558106024624,0.6678500247200646,0.7501946457327624,0.8079363130162329,50
3,20,d0,ecdf,0.8400000000000001,0.6918223139221835,0.6920222940270654,0.07184170001761164,0.5521239474908766,0.6564775247695486,0.7368774318974292,0.8029565994747586,50
3,20,d0,ecdf,0.85,0.6742978803747756,0.6789270094224328,0.06978256128614026,0.5430753819528282,0.6406359540675799,0.7247654536199302,0.7877789723955089,50
3,20,d0,ecdf,0.86,0.6672038404962952,0.6684400471231648,0.06746134208167151,0.5345334414783399,0.6321092838838261,0.7181992141847711,0.7693084992946035,50
3,20,d0,ecdf,0.87,0.6575483485100142,0.6559736693270392,0.06770442897336258,0.525388698858367,0.6145903765039981,0.7096351840619062,0.7603247800011146,50
3,20,d0,ecdf,0.88,0.6414845364219288,0.6424625388769653,0.06603207240834777,0.520768358322742,0.5990080933444529,0.6928538594076633,0.7397498611305593,50
3,20,d0,ecdf,0.89,0.6325259780302125,0.6290588353031886,0.06397251435194487,0.5145397039612999,0.5846059529269637,0.6685052051476204,0.7257406804094116,50
3,20,d0,ecdf,0.9,0.6174181496000082,0.6170484655208458,0.061544279944554074,0.5045538402578289,0.578641318686916,0.6610881840651889,0.7041058615693471,50
3,20,d0,ecdf,0.91,0.6053397447875835,0.6071728776277429,0.06190736306245899,0.49226584646360255,0.5764472021477007,0.6525626396039936,0.6947777544684279,50
3,20,d0,ecdf,0.92,0.597286929122667,0.5957407941164446,0.061612700285807724,0.47833058351773905,0.5606289655076033,0.6429851573540306,0.683116298589696,50
3,20,d0,ecdf,0.93,0.590650821216807,0.5848063123660469,0.06070536236241457,0.46815002659081695,0.5522864977537681,0.6318033506728173,0.6694901588750608,50
3,20,d0,ecdf,0.94,0.5806424254316682,0.5749468340350525,0.0606778365173516,0.46170477564696133,0.5458736863418443,0.6203344213243691,0.6619245649932768,50
3,20,d0,ecdf,0.95,0.5755490719003553,0.5636098346159062,0.0611920195555593,0.45018031544288617,0.5262647314926666,0.6068106968157432,0.6504078958080165,50
3,20,d0,ecdf,0.96,0.5648658860448297,0.5499854871607387,0.05979594524465978,0.4459451934698784,0.5106184038123135,0.5972400760381,0.6370352882520207,50
3,20,d0,ecdf,0.97,0.5489396023556022,0.5390460594903653,0.05878304612408607,0.44469010908158446,0.49550501728602103,0.5781781985918003,0.6267293027665259,50
3,20,d0,ecdf,0.98,0.5411325780178591,0.5281336929130862,0.05802728623370122,0.4323560113684459,0.4834770429002213,0.5670631607525991,0.6117827313614062,50
3,20,d0,ecdf,0.99,0.5271223458880361,0.5183765354617322,0.0580809263290456,0.431248724770806,0.47277864172268835,0.5568145857327997,0.605222457388479,50
3,20,d0,ecdf,1,0.5156369844044248,0.5078740591773744,0.05705521422984579,0.4266957624714056,0.45795932499567366,0.5468486255844327,0.5905682113925319,50
3,20,d0,logspline,0.01,1.7229237270509405,1.6893007755543776,0.41763420201925305,0.9396567441892547,1.4269376920496648,1.9589169162538587,2.258990502501973,50
3,20,d0,logspline,0.02,1.7116657987795634,1.6840529179573682,0.40073911614348495,0.9884302514371766,1.4191243142580596,1.945549330328439,2.243670413114052,50
3,20,d0,logspline,0.03,1.7008739975108629,1.6785103133126278,0.38493210319893656,1.0353709081747544,1.4112857622212183,1.9327651797108738,2.228268259807183,50
3,20,d0,logspline,0.04,1.6900395050109878,1.6726189479178466,0.37030131124601917,1.0771363670590657,1.403422037410209,1.9201966548786835,2.2127840607240863,50
3,20,d0,logspline,0.05,1.6791626179498123,1.6663340123237782,0.3568865891056097,1.0973849788236196,1.3955331418842845,1.9075736933869112,2.1972178412533783,50
3,20,d0,logspline,0.06,1.6682436464506893,1.659620089396891,0.3446845700786961,1.1144786248708853,1.3886947191709522,1.8948968950598344,2.181569634018462,50
3,20,d0,logspline,0.06999999999999999,1.6572829111615408,1.6524643130960632,0.3336339558835482,1.1349660896158902,1.3905923212116644,1.881152524456502,2.165839478863231,50
3,20,d0,logspline,0.08,1.6462807425405677,1.6448767929452277,0.323627424339162,1.1526559779767371,1.3921447127413027,1.8651485278414082,2.1500274228346172,50
3,20,d0,logspline,0.09,1.6352374806305998,1.6368766501331913,0.3145466832772966,1.1590040836896063,1.390476447589103,1.8493117588322752,2.134133520161988,50
3,20,d0,logspline,0.1,1.6241534749769078,1.6284854909702287,0.30627738909721475,1.159555959416049,1.3944941727221183,1.8356384982758254,2.1181578322334786,50
3,20,d0,logspline,0.11,1.6130290845941948,1.6197249239912446,0.2987140061430322,1.1597656395550544,1.387653078954644,1.8219132497432722,2.1021004275691766,50
3,20,d0,logspline,0.12,1.6018646779514123,1.6106158846184186,0.29176078940520367,1.1596393056304048,1.3806779450333195,1.8081393242737251,2.085961381791294,50
3,20,d0,logspline,0.13,1.5906606329622237,1.6011787385350564,0.285331345794711,1.1591833227509243,1.3876040214695746,1.794320192004652,2.069740777591274,50
3,20,d0,logspline,0.14,1.5794173369759206,1.5914337122067097,0.27934774575620536,1.1584040414935406,1.4045919008166454,1.780459444956627,2.053438704693904,50
3,20,d0,logspline,0.15000000000000002,1.5681351867663365,1.5814013974541565,0.2737395871439316,1.157307692491627,1.400604188275381,1.7665604526247707,2.037055259818466,50
3,20,d0,logspline,0.16,1.5568145885175029,1.5711024832000873,0.26844434352318075,1.1575351806684164,1.3904198953761795,1.7526259688131476,2.020590546636958,50
3,20,d0,logspline,0.17,1.5512716682717305,1.560556341462848,0.26340930051539674,1.1603208816475008,1.3802068500480944,1.7386582421253531,2.0040446757294057,50
3,20,d0,logspline,0.18000000000000002,1.5459532491154373,1.5497812242916258,0.2585908277713142,1.164529127340089,1.3699656289944018,1.7246591531776667,1.9865959038515781,50
3,20,d0,logspline,0.19,1.5343733752782545,1.5387949420826461,0.25395312205418497,1.1645273638619493,1.361509214446202,1.7106303085509358,1.9646642056247017,50
3,20,d0,logspline,0.2,1.5227610829929867,1.5276149551901748,0.2494671747047527,1.16187953384841,1.3603056906236417,1.6965731065682634,1.942727472088073,50
3,20,d0,logspline,0.21,1.5111172163861735,1.5162576648898691,0.2451096843298885,1.1586367824176373,1.3516341174242401,1.6828583962198824,1.9207916868125843,50
3,20,d0,logspline,0.22,1.4994426358478044,1.5047378830784812,0.24086210893810334,1.1551641504126602,1.3426059901761502,1.668913595526776,1.8988622297122757,50
3,20,d0,logspline,0.23,1.487738217951792,1.49306864108314,0.2367097587560313,1.1514655745712197,1.3334262407902853,1.6518162451856373,1.87694398985973,50
3,20,d0,logspline,0.24,1.4760048553676084,1.4812614613355677,0.23264095107803048,1.147544900620923,1.324124140566137,1.6346811628784292,1.8550414501697,50
3,20,d0,logspline,0.25,1.4664108774982847,1.4693266070734359,0.22864635497210567,1.1427497245693141,1.314794360006934,1.6175112843201345,1.8331587518491554,50
3,20,d0,logspline,0.26,1.457595833341471,1.4572732831104283,0.22471848665710337,1.1367144894194667,1.3053776915496127,1.6003096019095033,1.8118840940185814,50
3,20,d0,logspline,0.27,1.4482033439653903,1.445109798824904,0.22085131823965506,1.1303547697883203,1.295667105218739,1.583079163525057,1.7907349127410428,50
3,20,d0,logspline,0.28,1.4382910370546305,1.4328436994232112,0.21703997174456385,1.123703559293066,1.285932250495514,1.5658230712553938,1.7695953668264646,50
3,20,d0,logspline,0.29000000000000004,1.427910541455668,1.4204818688196128,0.21328047807845782,1.1167899316750516,1.276173646067401,1.5487982667332858,1.748468093485151,50
3,20,d0,logspline,0.3,1.4166088130307581,1.4080306226782104,0.2095695921864731,1.1096396165699265,1.266391819381205,1.5318962403820615,1.7273555851765083,50
3,20,d0,logspline,0.31,1.403798725654868,1.3954957884515662,0.2059046463040036,1.1022754755423174,1.2561626145117224,1.514972894820243,1.7062602027654683,50
3,20,d0,logspline,0.32,1.3909711261003588,1.3828827719984123,0.20228343226775983,1.09471789811178,1.242901947852191,1.4980311432936548,1.6851841863701278,50
3,20,d0,logspline,0.33,1.3781275139291052,1.370196613522799,0.1987041091448807,1.086985133134967,1.2288528152397333,1.4810739402815805,1.664129664401048,50
3,20,d0,logspline,0.34,1.3652694096157734,1.3574420352676475,0.19516513037207947,1.079093567608377,1.2148271553602688,1.464274629849279,1.6465253462156526,50
3,20,d0,logspline,0.35000000000000003,1.3543934814019774,1.3446234825156536,0.1916651862860923,1.0710579624361851,1.2008291238178415,1.4499409787738233,1.6289229073596028,50
3,20,d0,logspline,0.36000000000000004,1.3451212926374319,1.3317451584620976,0.1882031594264881,1.0628916527675638,1.18686289791877,1.4355740816674674,1.6112651332060328,50
3,20,d0,logspline,0.37,1.3327525496123978,1.3188110500030983,0.18477809356278,1.0546067190025532,1.1742210379983131,1.4219366225993189,1.593553133320244,50
3,20,d0,logspline,0.38,1.3198008336746008,1.3058249508683568,0.18138917039972777,1.0462141333887696,1.1655043763740887,1.4084435415762315,1.5757880331550056,50
3,20,d0,logspline,0.39,1.3066932197701484,1.2927904858013726,0.17803568938065825,1.0377238862050049,1.1567668860607974,1.3949125816177308,1.5579709736559448,50
3,20,d0,logspline,0.4,1.2934482362179567,1.2797111321015024,0.17471705237450605,1.0291450947938747,1.1480087819506046,1.381344261336583,1.5401031108565917,50
3,20,d0,logspline,0.41,1.2783069884050426,1.2665902385897683,0.17143275251193899,1.0204860981206703,1.139230281803131,1.3677391060202633,1.5221856154634925,50
3,20,d0,logspline,0.42,1.2629390132811364,1.2534310423478316,0.1681823663438958,1.0117545390663731,1.1304316062115718,1.3540976474743345,1.5042196724317378,50
3,20,d0,logspline,0.43,1.2474925013711124,1.2402366835194591,0.16496554864278012,1.0029574362845421,1.1216129785678433,1.3404204238618012,1.4862064805313244,50
3,20,d0,logspline,0.44,1.2325925505357023,1.2270102184288345,0.16178202930638408,0.9941012471451065,1.1127746250267256,1.3267079795385466,1.4681472522864216,50
3,20,d0,logspline,0.45,1.2191062907918089,1.2137546346332229,0.15863161723837035,0.9851919230383015,1.10391677446895,1.312960864884985,1.4500433082509665,50
3,20,d0,logspline,0.46,1.2059503475332765,1.2004728762268881,0.1555142232191512,0.9762349581074764,1.0950396584632047,1.2991796361340453,1.431896489713278,50
3,20,d0,logspline,0.47,1.1936487676292085,1.1871678587648151,0.15242986841604347,0.9672354323113577,1.0861435112270388,1.2853648551956087,1.4137093185777112,50
3,20,d0,logspline,0.48,1.1811556793535205,1.1738424756755232,0.14937868137889412,0.9581980495774962,1.0767683862163604,1.271517089477531,1.3954849525453275,50
3,20,d0,logspline,0.49,1.1684797992523195,1.1604996036820483,0.14636089506968977,0.9491271716934365,1.0672413064299804,1.2576369117033717,1.3772271395824522,50
3,20,d0,logspline,0.5,1.1556302863850947,1.1471421075108241,0.1433768440321426,0.9400268484862846,1.0572298743668962,1.2437248997269603,1.3591968719589405,50
3,20,d0,logspline,0.51,1.1426167453401992,1.1337728424482294,0.1404269626321451,0.9309008447612226,1.0456582737926325,1.227350524023968,1.3412564916631085,50
3,20,d0,logspline,0.52,1.1294492264989406,1.1203946437722387,0.13751179230938843,0.9217526644022822,1.0330422966735486,1.2089701334880456,1.3233033646639902,50
3,20,d0,logspline,0.53,1.1161382234723272,1.107010319576476,0.13463198557819572,0.9125855719821467,1.0202724494965592,1.190677022013121,1.3069443298958063,50
3,20,d0,logspline,0.54,1.101072422493348,1.0936226595307315,0.13178830012178844,0.9034026121799478,1.0075135378793392,1.1733035223741193,1.2908604410074274,50
3,20,d0,logspline,0.55,1.0863247257005981,1.0802344408825517,0.12898159259754693,0.8941146079589813,0.9947675527019543,1.159033766416718,1.274803362571395,50
3,20,d0,logspline,0.56,1.0701384632523292,1.0668484428529088,0.12621282315233862,0.8846231869006096,0.9820365002852173,1.1456095962295008,1.2587756911316585,50
3,20,d0,logspline,0.5700000000000001,1.053899804693867,1.0534674630793388,0.12348306135462023,0.8745011379733398,0.9705010388399935,1.1324086212507225,1.242780033704372,50
3,20,d0,logspline,0.5800000000000001,1.037622876220723,1.0400943191385683,0.12079347657930455,0.8625498303286894,0.9581223201499305,1.1190584918417017,1.2268190067060576,50
3,20,d0,logspline,0.59,1.022685998723063,1.0267318477672496,0.11814532555174975,0.8506527956408811,0.9460853998633563,1.1055674951088428,1.2108952348741169,50
3,20,d0,logspline,0.6,1.0083068607081136,1.0133829038398057,0.11553993909788053,0.8385686341530102,0.9370729222630536,1.091944199187909,1.1950113501803656,50
3,20,d0,logspline,0.61,0.9949493499327142,1.0000503590995313,0.11297870812561749,0.8265545369831271,0.9280274785512435,1.0754175943243243,1.179169990738218,50
3,20,d0,logspline,0.62,0.9818566253544119,0.9867371006420044,0.11046306891346641,0.8146127212208139,0.9189511795699341,1.0587210305835772,1.1633737997041602,50
3,20,d0,logspline,0.63,0.9687735358963965,0.9734460291525536,0.10799448783489822,0.8027452589607795,0.9098460206106279,1.0420969661592796,1.1476254241740849,50
3,20,d0,logspline,0.64,0.9557013620378034,0.9601800569038573,0.10557444569703459,0.7909540862629632,0.9007138886208816,1.0255824162639309,1.1319275140750875,50
3,20,d0,logspline,0.65,0.942641384198119,0.9469421058884407,0.10320442101708498,0.7792410113829962,0.8884044018221847,1.0094107628605167,1.1162827210532593,50
3,20,d0,logspline,0.66,0.9295948821582891,0.9337351068534863,0.10088587064110516,0.767607722345399,0.8752579395371051,0.9951119254367478,1.1006936973580115,50
3,20,d0,logspline,0.67,0.9167725824872672,0.9205619971741996,0.09862021322243802,0.7560557939237127,0.8620744202308361,0.9821879416295561,1.0851630947234374,50
3,20,d0,logspline,0.68,0.9051234852550005,0.9074257179851314,0.09640881502184995,0.7445866940845753,0.8498845559121505,0.9683937568265114,1.0696935632471953,50
3,20,d0,logspline,0.6900000000000001,0.8923846633855651,0.8943292158895143,0.09425296635551672,0.7332017899464947,0.8411552158945736,0.9541780127310363,1.0542877502673627,50
3,20,d0,logspline,0.7000000000000001,0.8801150585515728,0.8812754487705402,0.0921538489334758,0.7219023532985422,0.8314818649317928,0.94073582955308,1.0387391135586006,50
3,20,d0,logspline,0.7100000000000001,0.868307199013511,0.8682673741739187,0.0901125177677473,0.7106895657193764,0.8217205060460689,0.9280051695028328,1.0210306252414239,50
3,20,d0,logspline,0.72,0.8556957844412248,0.8553079467543665,0.0881298689335027,0.6995645233326977,0.8083768509367775,0.9138768459285588,1.0038283881664147,50
3,20,d0,logspline,0.73,0.8439791169534818,0.8424001699649981,0.08620659142429601,0.688528241231525,0.7943183332052938,0.9002098680679607,0.9867672466849916,50
3,20,d0,logspline,0.74,0.8318084564050514,0.8295471190241481,0.08434315163086051,0.6775816576003098,0.7803991501667924,0.8866649270022687,0.971612465541313,50
3,20,d0,logspline,0.75,0.8192921687791995,0.8167519178397401,0.08253980096559227,0.6667256375609922,0.7660650462480026,0.8699173841661026,0.9575240691198426,50
3,20,d0,logspline,0.76,0.8064156297344561,0.8040176186833581,0.08079661701644311,0.6559609767664738,0.7540220029682783,0.854378649013647,0.9435080187647807,50
3,20,d0,logspline,0.77,0.7940953972813775,0.7913471479805247,0.07911354060307048,0.6452884047626748,0.7421147182789607,0.8399294280651697,0.9295666285021371,50
3,20,d0,logspline,0.78,0.7823465902293143,0.7787433439878351,0.0774904718290407,0.6347085881382631,0.7289761904740475,0.8255977556384175,0.9141241743992473,50
3,20,d0,logspline,0.79,0.7714268368092747,0.76620922101685,0.0759277418115699,0.6242221334793299,0.7157097498515521,0.8120737571442584,0.8973426973150408,50
3,20,d0,logspline,0.8,0.7605745094057785,0.7537483005002713,0.07442664592597369,0.6138295901446149,0.702581535146442,0.7992000656939122,0.8810113783836282,50
3,20,d0,logspline,0.81,0.749678858335417,0.7413643452354558,0.07298893501923465,0.6035314528754487,0.6897683773871053,0.7866120779569161,0.8647427675265578,50
3,20,d0,logspline,0.8200000000000001,0.7386118886267008,0.7290609833719712,0.07161595214472692,0.5933281642532492,0.677251753101278,0.7744444412268907,0.8485661229703232,50
3,20,d0,logspline,0.8300000000000001,0.7282925011947152,0.7168417387988814,0.07030856108959914,0.583220117016237,0.665442535068876,0.7633376794921051,0.8318008184155669,50
3,20,d0,logspline,0.8400000000000001,0.717849993792746,0.7047101184803234,0.06906718281547379,0.5732076562459893,0.6541759572134334,0.7513905511322461,0.8150018280046039,50
3,20,d0,logspline,0.85,0.7060256784369796,0.6926696425093675,0.06789178371401272,0.5632910814334935,0.6422860712131356,0.7377375147546512,0.7983820987356383,50
3,20,d0,logspline,0.86,0.694648861523257,0.6807238374586969,0.0667818632094984,0.553470648433517,0.6310185501364538,0.7245087658439491,0.7819603278438603,50
3,20,d0,logspline,0.87,0.6831214481497168,0.6688761936698672,0.06573641852295714,0.543795592045875,0.6197496593229143,0.7125464927505989,0.7673229111809721,50
3,20,d0,logspline,0.88,0.6709594365999689,0.6571301376336482,0.0647539286539735,0.5353745614329098,0.6072541280245138,0.699918141606494,0.7546376033808887,50
3,20,d0,logspline,0.89,0.6583287126882591,0.6454890313300771,0.0638323637990868,0.5269935200797875,0.5957963564390414,0.6873194605468458,0.7420348357726085,50
3,20,d0,logspline,0.9,0.6453028785419317,0.6339561418489289,0.06296917683533315,0.5186537427070852,0.58626337042407906,0.6759759046036473,0.7295164842921972,50
3,20,d0,logspline,0.91,0.6324896035786555,0.6225345312897719,0.062161256025628796,0.5101850427656636,0.5773716647354257,0.6637792818349254,0.7170844092818548,50
3,20,d0,logspline,0.92,0.6205646116652568,0.6112270258192808,0.0614049747307536,0.5008688456730275,0.5685440778187449,0.649499866903196,0.7047404547397017,50
3,20,d0,logspline,0.93,0.6111038027353841,0.600036228991094,0.06069628708667268,0.49168963967640406,0.5579027950714219,0.6368536580163939,0.6924864475710462,50
3,20,d0,logspline,0.94,0.6017058390572269,0.5889645331091369,0.060030823677478105,0.48264685932654766,0.5453822871733738,0.6266239437654566,0.6803241968411896,50
3,20,d0,logspline,0.95,0.592283342778244,0.5780141299412689,0.05940398564531889,0.47373931962745774,0.5320218085484302,0.6171970522093564,0.6682554930298659,50
3,20,d0,logspline,0.96,0.5819592065806818,0.5671870206305973,0.05881103561422657,0.4649652754823802,0.5210213637842931,0.6068877104574987,0.6562821072873738,50
3,20,d0,logspline,0.97,0.5717181399042208,0.5564850233005377,0.05824718536353913,0.4563224764307202,0.5103411774134863,0.5954972564911304,0.6446663827128811,50
3,20,d0,logspline,0.98,0.5599639898772417,0.5459096581024745,0.05770777229786202,0.447808216687848,0.49985398068544273,0.5852350783319811,0.6334524046524022,50
3,20,d0,logspline,0.99,0.5493547492299613,0.5354617793895394,0.057188654259725705,0.43941939141200953,0.48956094326276733,0.5750420105640348,0.6223186552213502,50
3,20,d0,logspline,1,0.5388670806054827,0.5251416976476103,0.05668624264346005,0.43115275599917885,0.47889296295856315,0.5649196089559847,0.6112675475942979,50
3,20,d1,ecdf,0.01,Inf,Inf,NA,Inf,Inf,Inf,Inf,0
3,20,d1,ecdf,0.02,Inf,Inf,NA,Inf,Inf,Inf,Inf,1
3,20,d1,ecdf,0.03,Inf,Inf,NA,Inf,Inf,Inf,Inf,2
3,20,d1,ecdf,0.04,Inf,Inf,NA,-0.04258459458532583,Inf,Inf,Inf,4
3,20,d1,ecdf,0.05,Inf,Inf,NA,-0.28957045301081585,Inf,Inf,Inf,7
3,20,d1,ecdf,0.06,Inf,Inf,NA,0.07491894420799887,Inf,Inf,Inf,8
3,20,d1,ecdf,0.06999999999999999,Inf,Inf,NA,0.16003285136204404,Inf,Inf,Inf,10
3,20,d1,ecdf,0.08,Inf,Inf,NA,0.08620163927381069,1.3430390677903998,Inf,Inf,17
3,20,d1,ecdf,0.09,Inf,Inf,NA,0.32153024848763645,1.5783676770042256,Inf,Inf,18
3,20,d1,ecdf,0.1,Inf,Inf,NA,0.40252899604794706,1.7888233571678376,Inf,Inf,21
3,20,d1,ecdf,0.11,1.979150492439961,Inf,NA,0.5928561313200703,1.979150492439961,Inf,Inf,27
3,20,d1,ecdf,0.12,2.152852166426937,Inf,NA,0.6438288520842308,1.4597049858669915,Inf,Inf,30
3,20,d1,ecdf,0.13,2.3125886653117433,Inf,NA,0.8035653509690373,1.619441484751798,Inf,Inf,35
3,20,d1,ecdf,0.14,2.460427877526399,Inf,NA,0.7507131088556234,1.4631818658853302,2.460427877526399,Inf,40
3,20,d1,ecdf,0.15000000000000002,2.251435504986521,Inf,NA,0.7214667521334464,1.4993968065983836,2.5980090952664936,Inf,43
3,20,d1,ecdf,0.16,2.033506662742474,Inf,NA,0.7807436942471059,1.3403594821825286,2.7266538433024192,Inf,43
3,20,d1,ecdf,0.17,2.154295868908226,Inf,NA,0.9015329004128582,1.2937910248626234,2.8474430494681715,Inf,45
3,20,d1,ecdf,0.18000000000000002,1.8626598351998425,Inf,NA,0.8771390392581405,1.3518342114338515,2.9612721238679525,Inf,47
3,20,d1,ecdf,0.19,1.826437801468907,Inf,NA,0.8667206314602562,1.459453213928807,2.8956043312229216,3.0688911263629075,48
3,20,d1,ecdf,0.2,1.784640257882118,Inf,NA,0.9157617580539846,1.3791751497739535,2.4777874384420633,3.1709346190020087,48
3,20,d1,ecdf,0.21,1.6585063149776638,Inf,NA,0.9129385355253399,1.3220340783564508,2.4734307698247773,3.267944227411764,48
3,20,d1,ecdf,0.22,1.6597872580421567,Inf,NA,0.9575239996425136,1.314327255349529,2.2617736602051246,3.3603859488732346,48
3,20,d1,ecdf,0.23,1.6569041406239458,Inf,NA,0.9181292058043418,1.3692220681721647,2.06236924873211,3.4486636098520007,49
3,20,d1,ecdf,0.24,1.7413699880732287,Inf,NA,0.8894746358373766,1.3359048799650644,2.0910492083528407,3.5331294573012837,49
3,20,d1,ecdf,0.25,1.6681824374000715,Inf,NA,0.8705461987275107,1.311507493461339,2.0046546740212845,2.9209454058954396,49
3,20,d1,ecdf,0.26,1.745915565640865,1.724018599182191,0.5977528808623285,0.9149357849692648,1.317757986848889,1.9000662454681232,2.8162192354875577,50
3,20,d1,ecdf,0.27,1.56934609898373,1.6707098421172017,0.5436603840782616,0.9292012844691573,1.3034168707793565,1.9748112070918944,2.6679583876518396,50
3,20,d1,ecdf,0.28,1.535957824530025,1.6365264840753493,0.5329765119194114,0.9184341879292541,1.273593560062534,1.8926327684687572,2.510059098161264,50
3,20,d1,ecdf,0.29000000000000004,1.605350109269434,1.6179665548339752,0.5280089483256941,0.9352849111838863,1.2874048656866512,1.8284936605836437,2.4212262430521942,50
3,20,d1,ecdf,0.3,1.490014039810419,1.5688576501033678,0.4634919050100053,0.9254013302124884,1.2841187063679467,1.7776961122621997,2.406167029829853,50
3,20,d1,ecdf,0.31,1.5147275026361369,1.5560455263554376,0.4444636638038326,0.9436463764702393,1.2832014143055168,1.8160908000102296,2.1785282311105836,50
3,20,d1,ecdf,0.32,1.4632235810362126,1.5321623063745842,0.4272658138957628,0.963382199948859,1.269067566595255,1.7043856378531008,2.241153635501149,50
3,20,d1,ecdf,0.33,1.4548749226382969,1.4999926907534664,0.3940901502627103,0.9408478041721162,1.272553365844342,1.6580077970341223,2.030481216015298,50
3,20,d1,ecdf,0.34,1.4188038534192429,1.495592490636885,0.3950861492365732,0.9788703866082852,1.2772659074008013,1.656755529105705,2.024480309231022,50
3,20,d1,ecdf,0.35000000000000003,1.3883550340140225,1.4797579135167163,0.3876683168975733,0.9595741108053117,1.246401895229122,1.69525044141022,1.9761416989161416,50
3,20,d1,ecdf,0.36000000000000004,1.3383561547625886,1.4308729179149413,0.33796984697806054,0.9639378388235524,1.2097071530301384,1.6260382272143696,1.9886137544105875,50
3,20,d1,ecdf,0.37,1.3677520117119404,1.419218933934041,0.3119961308640703,0.9221434645509212,1.209825537002702,1.6152906451108664,1.9508289749069432,50
3,20,d1,ecdf,0.38,1.3269136845132778,1.4014927587313641,0.28799174906921515,0.9575217040905699,1.22130619428881,1.6069686751007946,1.841884074226299,50
3,20,d1,ecdf,0.39,1.3130185465223283,1.380600641600842,0.29369109280394246,0.9487687069738235,1.1588678666950698,1.5466333977038331,1.8520150472550152,50
3,20,d1,ecdf,0.4,1.3217448418935631,1.3735540011225396,0.2972040785076359,0.9297027541175396,1.17332483677529,1.5448883932077728,1.8705165449773768,50
3,20,d1,ecdf,0.41,1.330795380072144,1.3497043024381559,0.2832992576617732,0.8753198513893181,1.1231560152938993,1.5809621034972767,1.7890221160364488,50
3,20,d1,ecdf,0.42,1.303741954117864,1.3392445148301848,0.2842632570964402,0.8747463485995055,1.147131817493276,1.5004522483639184,1.8027331202368515,50
3,20,d1,ecdf,0.43,1.280643003483935,1.30856890886416,0.26268259093894997,0.9079960344289435,1.1554798605299288,1.5037865547981446,1.6861081115920993,50
3,20,d1,ecdf,0.44,1.245504166015511,1.2909109947966175,0.26098977134856594,0.8960465968114385,1.109599262981472,1.5077500732804137,1.6611694533894896,50
3,20,d1,ecdf,0.45,1.2150036443829209,1.280401370347495,0.2596346115113665,0.9183025214529018,1.1199509931140434,1.465422928825287,1.6401541328686848,50
3,20,d1,ecdf,0.46,1.2021453925030583,1.259132937125909,0.2460301708997581,0.9194101972532517,1.0875912279062727,1.4290946315361408,1.64004736519556,50
3,20,d1,ecdf,0.47,1.191241616859737,1.23248594000314,0.24054786348154775,0.9212088653269327,1.059506366738253,1.3890673601896568,1.618278117202206,50
3,20,d1,ecdf,0.48,1.1579418451913983,1.215516799606269,0.23111742981384445,0.9135185382352653,1.056335139749643,1.3120925250186566,1.5997745974704376,50
3,20,d1,ecdf,0.49,1.1513356952377276,1.2023138207988295,0.23612137638900346,0.8989817400008462,1.0437050310453622,1.3246074165117645,1.5875297250657132,50
3,20,d1,ecdf,0.5,1.1351855210071777,1.1797345953577447,0.22420722704111262,0.8877986611270252,1.0477050442064733,1.3046889219810356,1.6113287177624218,50
3,20,d1,ecdf,0.51,1.120988315143139,1.1596056834084592,0.22394360680218142,0.8856742282086738,1.0425166997016435,1.2692563706178486,1.596855811321264,50
3,20,d1,ecdf,0.52,1.0799503507407426,1.1376055862604726,0.22295216430349782,0.8523166897159415,1.0116158907331645,1.2604344164115884,1.6019681455661572,50
3,20,d1,ecdf,0.53,1.0795771689477942,1.1172292666041377,0.20946547322400372,0.8370884947387749,0.9925657919581644,1.2528924063859292,1.518885398055838,50
3,20,d1,ecdf,0.54,1.0538503947030637,1.1039573591146519,0.20842635001551857,0.8323811807807419,0.9797058955376002,1.2464847892205582,1.4882330292164685,50
3,20,d1,ecdf,0.55,1.0309249001743783,1.0884974634410218,0.2051984370960992,0.8332862969706482,0.9460148208307836,1.2267960195072918,1.4944976390898237,50
3,20,d1,ecdf,0.56,1.0183222374459968,1.0624585779502742,0.201509824083587,0.772618249506309,0.9440959080896864,1.1584666294510786,1.4472411781884584,50
3,20,d1,ecdf,0.5700000000000001,1.0217670918188342,1.0370907510465757,0.18561792728845222,0.7827011387908798,0.9223946180056304,1.1489222673040806,1.339556995543321,50
3,20,d1,ecdf,0.5800000000000001,1.011192000664234,1.0207275371497406,0.17496705750127076,0.7751332706373846,0.9094722876248167,1.1325528576685016,1.3214432286296578,50
3,20,d1,ecdf,0.59,1.0018354410614183,1.002657444013618,0.16854576634369844,0.747992819910547,0.9009513575370101,1.1179076123141722,1.278980586073911,50
3,20,d1,ecdf,0.6,0.9804972851786578,0.982591704133788,0.16214271566484847,0.7328391644123691,0.8846100649537758,1.1011453020009467,1.2317638740062056,50
3,20,d1,ecdf,0.61,0.9551456034939456,0.9656204655567613,0.15462630484373074,0.7200770439566148,0.8394359540929452,1.0756153549131524,1.2055083174350965,50
3,20,d1,ecdf,0.62,0.9557775373501952,0.9480180433752994,0.1596831341039126,0.6811365608651379,0.832717444592968,1.0525929755153398,1.2207343688926526,50
3,20,d1,ecdf,0.63,0.9283403552346735,0.9365230799080908,0.15683585853115026,0.6711496907528857,0.8345102440101345,1.0666975681318909,1.1779784151234582,50
3,20,d1,ecdf,0.64,0.9195100374639906,0.9165829287086734,0.1469488993065767,0.676019448099474,0.8144141280718442,1.0129286593100744,1.1365986202115055,50
3,20,d1,ecdf,0.65,0.901270504986821,0.8976907226273423,0.1394434612721072,0.6756641633683794,0.8102621328584312,1.0015979769166998,1.127826612722562,50
3,20,d1,ecdf,0.66,0.8749099374752887,0.8820194068909238,0.1378379077694333,0.6663810559157347,0.8157171197793296,0.9749501825453268,1.100778629682116,50
3,20,d1,ecdf,0.67,0.8555764421636798,0.8596027540523742,0.13540830158420122,0.6495256569942598,0.7903077645856813,0.9430383174567908,1.0735068066227507,50
3,20,d1,ecdf,0.68,0.8290889584800772,0.836544796125471,0.1298948293575708,0.6224654896895666,0.7589186720843677,0.914098830138085,1.0500225855166452,50
3,20,d1,ecdf,0.6900000000000001,0.8175661805170834,0.8204559157650314,0.12852915051213318,0.6209250707308648,0.7245924011611569,0.8923573429828067,1.056784435584274,50
3,20,d1,ecdf,0.7000000000000001,0.7908775093082064,0.8080768431370045,0.12919565242893746,0.6105802258150831,0.6988707717811744,0.8767932923751914,1.0358487571832575,50
3,20,d1,ecdf,0.7100000000000001,0.7741327291633578,0.7909131893265361,0.12812946562125552,0.6105970139106198,0.6893862807656687,0.8521007361332205,1.0221131293783254,50
3,20,d1,ecdf,0.72,0.7624636042788956,0.7737815327013448,0.1275343627536807,0.6010821719319814,0.6841317610089886,0.8255738514132984,1.00007390544783,50
3,20,d1,ecdf,0.73,0.7481986632221936,0.7597430704458111,0.12232512409783108,0.5979783192646091,0.6580758875575992,0.806838427788424,0.983869618403596,50
3,20,d1,ecdf,0.74,0.7350554727635005,0.7431091708946862,0.11967466638778511,0.5785679267665917,0.6450556824914085,0.7896033473212603,0.9535819174631478,50
3,20,d1,ecdf,0.75,0.7163761678973071,0.7283097631568679,0.12088356071236649,0.5719795517094779,0.6375899151160823,0.7789485914277322,0.9358408544957839,50
3,20,d1,ecdf,0.76,0.6991252837235837,0.7113426202501499,0.11491079703822017,0.5634884378114122,0.6264176334829108,0.76074979728099,0.9246608183566745,50
3,20,d1,ecdf,0.77,0.68318715820272,0.6932426024598531,0.11257343675555422,0.5504067742716395,0.6075770018072584,0.740700332557052,0.9093518667449112,50
3,20,d1,ecdf,0.78,0.6684397688131333,0.6759079795207871,0.1070364151528743,0.5327136155753642,0.5955615192350278,0.7267825426873741,0.8742749217040484,50
3,20,d1,ecdf,0.79,0.6547441773381246,0.6614659879451693,0.10120948566218246,0.520730676309616,0.5883677663294508,0.703530418354283,0.8533797738793769,50
3,20,d1,ecdf,0.8,0.6339690583860199,0.6453701216677498,0.10048606332804921,0.5100758637774461,0.5804652423087932,0.6890878198182786,0.8435975643137781,50
3,20,d1,ecdf,0.81,0.6121294042639963,0.6291191892442616,0.10106618218937169,0.48652400693942677,0.563341480012883,0.6742804087944311,0.8267012678413936,50
3,20,d1,ecdf,0.8200000000000001,0.609216047815174,0.6158543594962147,0.101225360422827,0.473384261425955,0.5485997567121255,0.6631547960568216,0.8240002256215628,50
3,20,d1,ecdf,0.8300000000000001,0.6041744877609863,0.6025573083999504,0.09748242845166268,0.4611443789441453,0.5348717698893939,0.6553392279945416,0.7885559067812831,50
3,20,d1,ecdf,0.8400000000000001,0.5854235467520651,0.5872088159626302,0.09859821017470781,0.44789010416268227,0.5198596366345786,0.6518800266661856,0.7682987823300037,50
3,20,d1,ecdf,0.85,0.5656919299575606,0.573517182708565,0.09471750423490743,0.44124633864094354,0.5079782621304465,0.6209955133451538,0.745852823359439,50
3,20,d1,ecdf,0.86,0.5602973139267085,0.5583323150042622,0.0923988658098209,0.42357957309068417,0.49175530469653894,0.6130198363383863,0.7040144517284379,50
3,20,d1,ecdf,0.87,0.5405250599706446,0.5456649156020293,0.08947927323303453,0.41241115476007006,0.4864928696852515,0.5987917705677172,0.6994748870692568,50
3,20,d1,ecdf,0.88,0.5321836378946982,0.5346436457805589,0.08804576050322183,0.40229892757054125,0.47961756862818555,0.5844400575675426,0.681492714119001,50
3,20,d1,ecdf,0.89,0.5204225443496042,0.5221556778471552,0.08638376169681533,0.3840102099370778,0.4666701096440653,0.5803821835963628,0.653567639230815,50
3,20,d1,ecdf,0.9,0.5093833407262283,0.5097670568358948,0.08494944087246105,0.3683788231166546,0.4645191999030713,0.569470060161857,0.6367083962386157,50
3,20,d1,ecdf,0.91,0.48611324655697924,0.49664981712744966,0.08192180428317727,0.3663232698121222,0.44573467996299676,0.55628327151522,0.6227843233492165,50
3,20,d1,ecdf,0.92,0.47494667935860724,0.4819656902292219,0.08063070790255762,0.3618901381189636,0.4323495717362589,0.537241644939375,0.6092363426192242,50
3,20,d1,ecdf,0.93,0.4661649835336553,0.4700818099498312,0.07854105519603989,0.354376723919935,0.42141243060438693,0.5239329160943939,0.5982354343548011,50
3,20,d1,ecdf,0.94,0.4461969630516421,0.4579007304531821,0.0769650569009338,0.3321077448033838,0.4175426854666875,0.509633365056631,0.5844784549140074,50
3,20,d1,ecdf,0.95,0.4371015344200869,0.4448119304681365,0.07385254089532134,0.3174557477534259,0.3967283906310559,0.5038970491192939,0.5540195456987503,50
3,20,d1,ecdf,0.96,0.43164881672676464,0.43485760650153693,0.07174664484039767,0.30794390894381096,0.3922116863735718,0.4901020415196228,0.5438765947734538,50
3,20,d1,ecdf,0.97,0.4234438611945567,0.4231701629293256,0.0694740979598492,0.2980084990022522,0.37839325823502923,0.47465611099967225,0.5274516414423055,50
3,20,d1,ecdf,0.98,0.4082339970257115,0.41229481612876334,0.0682234647186111,0.29193684656390667,0.3674733940334882,0.45851004638972215,0.5185709186433677,50
3,20,d1,ecdf,0.99,0.3981889780763915,0.4010459268225025,0.06658839718413742,0.2847837044779135,0.36479406788868063,0.4501220024660646,0.505161555006293,50
3,20,d1,ecdf,1,0.39573554277729706,0.39111091001060955,0.0672807758090584,0.27574758185879517,0.35683773908866245,0.4288551173891102,0.4914009351613728,50
3,20,d1,logspline,0.01,-1.3039638076673687,-1.1113929826872138,0.9590871800330965,-2.010166544460274,-1.6160387084852808,-1.0433096257504058,1.0537952601988987,50
3,20,d1,logspline,0.02,-0.6350868625937698,-0.44772323395442226,0.9431603363165558,-1.3356901292252998,-0.9444504297320289,-0.379822239269673,1.6877333385656905,50
3,20,d1,logspline,0.03,-0.25411228070587555,-0.0721220123024321,0.9267431915423192,-0.9490423754640565,-0.560723219294857,-0.00433168923570507,2.0327456675994497,50
3,20,d1,logspline,0.04,0.00885909311514621,0.1853110893538781,0.9098449229423611,-0.6803241926058163,-0.2949579677557401,0.2531418328388212,2.2587372191677644,50
3,20,d1,logspline,0.05,0.20707193885457065,0.3778225067345548,0.892476841297556,-0.4762909909089679,-0.09391005900789005,0.44746043845940875,2.4189607321978803,50
3,20,d1,logspline,0.06,0.36171225904842325,0.5291312145321017,0.8746523570682387,-0.3135724289506625,0.066137164035818,0.6006784720019642,2.537143164689705,50
3,20,d1,logspline,0.06999999999999999,0.48583457546481446,0.6518912818097239,0.856386934999673,-0.1796655745144371,0.1978349781734815,0.7254482192031435,2.6259481698848957,50
3,20,d1,logspline,0.08,0.589046567367026,0.7536577105586351,0.8376980315811082,-0.06653601741651377,0.3087351610578336,0.8293225623775226,2.692941856810148,50
3,20,d1,logspline,0.09,0.6762198155076242,0.8393052856051125,0.8186050320758,0.030687372671101193,0.40370885930283096,0.9171738449710793,2.7430115223060434,50
3,20,d1,logspline,0.1,0.7497683350458838,0.9121641451906016,0.7991291928863123,0.11533065889696711,0.4860821545715028,0.9923294358313077,2.7795010683467307,50
3,20,d1,logspline,0.11,0.8118911600386579,0.9746112269007586,0.7792935991687346,0.1897662774511473,0.5582275038174058,1.0571631689193945,2.804802283740063,50
3,20,d1,logspline,0.12,0.866316460437837,1.0284033635497665,0.7591232022113071,0.25574603905221094,0.6218967482203832,1.1134284679877624,2.82068768026395,50
3,20,d1,logspline,0.13,0.9153980251094963,1.0748766325011039,0.7386448997651884,0.3146004876454443,0.6784204413378744,1.1624580306106176,2.82850957471164,50
3,20,d1,logspline,0.14,0.9582707518577903,1.1150716126950955,0.7178878309858259,0.36736487421841457,0.7288330995797077,1.2052890594809944,2.8293251180424432,50
3,20,d1,logspline,0.15000000000000002,0.9957565843055021,1.1498164785831957,0.6968867532707907,0.4148614093811939,0.7739550724777408,1.2427450151446258,2.819495789829734,50
3,20,d1,logspline,0.16,1.0285211864126842,1.1797834110399588,0.6756845537630911,0.45775440896963704,0.8144479318719543,1.275490933004586,2.7844696109537272,50
3,20,d1,logspline,0.17,1.0571122091844374,1.2055267773822136,0.6543306054038504,0.4965886722363335,0.850853040703043,1.3040719444989366,2.744406234623007,50
3,20,d1,logspline,0.18000000000000002,1.0819863880246858,1.2275102455042164,0.6328791038884503,0.5318168821734928,0.8836190814997193,1.3289407728319924,2.6999892184131644,50
3,20,d1,logspline,0.19,1.1035293189415074,1.2461270402408053,0.6113894168856183,0.5638195923761663,0.9131221326536021,1.3504777854392023,2.6518578108189494,50
3,20,d1,logspline,0.2,1.1230617167719834,1.2617156671223633,0.5899285611885365,0.5929200835641477,0.9396806475769504,1.36900589696301,2.6006147883650126,50
3,20,d1,logspline,0.21,1.1413957227786313,1.2745709151851392,0.5685700025314606,0.6193955923603935,0.963566959963127,1.3848018319337962,2.546831689916167,50
3,20,d1,logspline,0.22,1.1572576094175298,1.2849519750882312,0.5473915285764549,0.643485925210799,0.9850159888796026,1.3981047642363977,2.4910522419325467,50
3,20,d1,logspline,0.23,1.1708569818730068,1.293088713385078,0.526473324200845,0.6654001549376644,1.0042319113272693,1.409123033588492,2.4337945313793377,50
3,20,d1,logspline,0.24,1.1826168671923276,1.299186580812072,0.505896179268485,0.6853218895033195,1.021393412951287,1.4180394304267667,2.3770037788794154,50
3,20,d1,logspline,0.25,1.194354969025198,1.3034304906386232,0.48573978001670715,0.7034134625965273,1.03708329706769,1.4250154000467927,2.327867682217072,50
3,20,d1,logspline,0.26,1.2043221299767652,1.3059879026635695,0.46608105840478775,0.7198192996358936,1.0505997463981922,1.431989169372463,2.2783130258212734,50
3,20,d1,logspline,0.27,1.2080269088999456,1.3070112858772571,0.4469925865387176,0.7346686457705756,1.0624917793286366,1.4349249504966328,2.2377844791937447,50
3,20,d1,logspline,0.28,1.2095089823932252,1.3066400537853526,0.4285410355769711,0.7480777287680127,1.0730354103703208,1.4348970583387746,2.2283691231011074,50
3,20,d1,logspline,0.29000000000000004,1.2127095012130165,1.3050021054251277,0.4107857223790055,0.7601510556485724,1.0821680179376154,1.433434324575034,2.2173614085121223,50
3,20,d1,logspline,0.3,1.2158842848603297,1.302215088451155,0.3937772428300138,0.7709825779737619,1.0899625315836963,1.433001702345992,2.2030362456860617,50
3,20,d1,logspline,0.31,1.2173165122809357,1.2983874576499128,0.3775562471644897,0.7806570567103445,1.0965007160429068,1.4264560695856412,2.1585032546254075,50
3,20,d1,logspline,0.32,1.2189050000255028,1.2936193764990092,0.3621524277544491,0.789251236276528,1.10185708951792,1.4188206670405443,2.114006957602053,50
3,20,d1,logspline,0.33,1.2193942710758505,1.2880034289284439,0.3475837690078999,0.7968348357650952,1.106099827853238,1.4101839101707452,2.06979192070777,50
3,20,d1,logspline,0.34,1.2188495388807232,1.2816250802254685,0.3338561445362079,0.8034713904989657,1.1088377701792713,1.400628212390487,2.0260921715710234,50
3,20,d1,logspline,0.35000000000000003,1.2173310838968514,1.274562898158598,0.32096335234536605,0.8092189702694087,1.1113970108563265,1.3926065871148672,1.9854351972656232,50
3,20,d1,logspline,0.36000000000000004,1.2148948190958828,1.266885955605311,0.30888687770197215,0.8141307953518448,1.1127482394607429,1.3805904058324503,1.9480442909655664,50
3,20,d1,logspline,0.37,1.2115927770758608,1.2586511414425257,0.29759808739262034,0.8182557673028892,1.110185512020513,1.3659914515028253,1.9114247095113666,50
3,20,d1,logspline,0.38,1.2060503596617584,1.2499040892084556,0.28706092192221266,0.8208852615992122,1.105211456630694,1.3587381906663942,1.8545819126770162,50
3,20,d1,logspline,0.39,1.198613710614581,1.2406809697375145,0.27723477224945686,0.8225520057110012,1.097946640084805,1.347886200337745,1.787971414940695,50
3,20,d1,logspline,0.4,1.190453576658542,1.2310117297834948,0.2680773982308372,0.8235773699691356,1.0901326924553738,1.3369579340880082,1.7241570043840366,50
3,20,d1,logspline,0.41,1.1806171367107843,1.22092417241671,0.25954560321433545,0.823997658911737,1.0818104474747356,1.325420710277289,1.663230351073448,50
3,20,d1,logspline,0.42,1.1721293539424773,1.2104443091988686,0.25159401778464646,0.8238465946086281,1.073017910567624,1.3136160521929903,1.6052361400804789,50
3,20,d1,logspline,0.43,1.1620431421738662,1.1995956840088429,0.24417459633572808,0.8231555563821067,1.0658037497124622,1.302436739498189,1.5657241962263866,50
3,20,d1,logspline,0.44,1.1513895981357618,1.1883995277038548,0.23723803145511183,0.8219537928343552,1.0597645731452647,1.2907013177317834,1.539540452559411,50
3,20,d1,logspline,0.45,1.139884807103869,1.1768751093374807,0.2307354683511372,0.8186713483927295,1.0531966312895984,1.2790115060468175,1.5187031694573792,50
3,20,d1,logspline,0.46,1.1285166740273143,1.16504003733404,0.22461986318487917,0.8131552922311387,1.0456560356560443,1.267929221773326,1.5048972006183123,50
3,20,d1,logspline,0.47,1.1196453537899262,1.1529107825142402,0.2188472270921818,0.8072942546436284,1.0368874337696927,1.2563629107408816,1.4905846741195408,50
3,20,d1,logspline,0.48,1.1112663578541082,1.1405033627358225,0.21337770256160563,0.8011124857031287,1.0319137139357486,1.2418035742591496,1.4757945197084952,50
3,20,d1,logspline,0.49,1.1031784835180778,1.1278334284489828,0.20817564542316952,0.7977049419875666,1.0264581550852403,1.2205533829185802,1.4605544768443255,50
3,20,d1,logspline,0.5,1.0944196283522198,1.1149162355088513,0.20320949552944442,0.7939779678261951,1.017890781360077,1.20463008643365,1.444891187556577,50
3,20,d1,logspline,0.51,1.085197675979694,1.101766634027216,0.19845161493117985,0.7898479241640171,1.003495430243901,1.1875602816250344,1.4288302795629289,50
3,20,d1,logspline,0.52,1.0755342467726825,1.0883990675611432,0.19387809079717203,0.7853321965867788,0.9937642637481423,1.1719580755495795,1.4123964407988945,50
3,20,d1,logspline,0.53,1.0550027980537573,1.074827578614551,0.18946850627417408,0.7804472004574821,0.983678670633664,1.1555465761001231,1.3956134863585252,50
3,20,d1,logspline,0.54,1.03856445252326,1.0610658198714185,0.1852056847408881,0.7752084704551288,0.9721529341916995,1.1343199494542595,1.3785044187141087,50
3,20,d1,logspline,0.55,1.0268627716343848,1.0471270805746813,0.1810754072142952,0.7696309148197299,0.9598740010175668,1.1173917593073595,1.3610914819710185,50
3,20,d1,logspline,0.56,1.0111603437669232,1.0330243087328235,0.17706612307038896,0.7637290412290805,0.9473327763733737,1.1039803781492232,1.3433962108180155,50
3,20,d1,logspline,0.5700000000000001,0.9992576716400098,1.018770121251904,0.1731686690576055,0.7575170022364428,0.9294925668836657,1.0873209591780157,1.325759281251338,50
3,20,d1,logspline,0.5800000000000001,0.9878262472351194,1.0043768124789663,0.16937599263045644,0.7510086220188661,0.905669590195295,1.0701598353849138,1.3080138836706077,50
3,20,d1,logspline,0.59,0.9761931010691582,0.9898563460247076,0.1656828387395034,0.744217420902785,0.8851883753419645,1.0541527754025677,1.290037125225797,50
3,20,d1,logspline,0.6,0.9633177112522867,0.9752202690087138,0.1620852309748783,0.7371566378032803,0.8747268488215445,1.0379811405760961,1.2718478319556326,50
3,20,d1,logspline,0.61,0.948980360706078,0.9604797606023388,0.15858006419303666,0.7297078361085779,0.8631665190186788,1.0216629692156185,1.2534643103522003,50
3,20,d1,logspline,0.62,0.9370746948403768,0.9456458362052459,0.15516479724450835,0.7194874230406241,0.8513062679778696,1.0094344572813074,1.2349043745712711,50
3,20,d1,logspline,0.63,0.9260473834722668,0.9307294864968508,0.15183721400517838,0.7091549799233999,0.8365855457482252,0.998218213190433,1.2161853711772408,50
3,20,d1,logspline,0.64,0.9114366236336535,0.9157418023746399,0.14859520645142296,0.6987211340556716,0.8295926995915249,0.9839661055370204,1.1973242016639258,50
3,20,d1,logspline,0.65,0.896965128516664,0.9006939555921673,0.14543664708993956,0.6881962623567227,0.8183767447617075,0.9696599788840715,1.1791526486825008,50
3,20,d1,logspline,0.66,0.8843055188806793,0.8855971677308769,0.14235928772881937,0.6771870415915249,0.8035937025391446,0.953735896226178,1.16168886197877,50
3,20,d1,logspline,0.67,0.8717231007946282,0.8704626840471149,0.13936066868200192,0.6659785707165674,0.7856802971362215,0.9356641046831846,1.1439806158498822,50
3,20,d1,logspline,0.68,0.8574936080675186,0.8553017459228462,0.13643803966895748,0.6538117483662846,0.7669647899106639,0.9179491488071562,1.1260393938018345,50
3,20,d1,logspline,0.6900000000000001,0.8422677415331972,0.8401255604119899,0.13358829415941692,0.6434449095274193,0.7483781128419469,0.9007209632191662,1.1036058031171863,50
3,20,d1,logspline,0.7000000000000001,0.8266433499130645,0.824945262992683,0.1308079210163042,0.6322367842742753,0.7299367485260203,0.8835462312828062,1.077500215379283,50
3,20,d1,logspline,0.7100000000000001,0.8118100932713297,0.8097718729156994,0.12809298166223682,0.621062894201762,0.7144759964775753,0.86643290892144,1.051567346052055,50
3,20,d1,logspline,0.72,0.7981580944435698,0.7946161793493418,0.12543919908751236,0.6099941326567782,0.7025531614946166,0.84938897233451,1.0266322951866051,50
3,20,d1,logspline,0.73,0.7836447470341266,0.7794884032171994,0.12284236837637469,0.5986612637196753,0.6906795387401928,0.8324223954614135,1.0021089288374272,50
3,20,d1,logspline,0.74,0.7682980253415896,0.7643980930178955,0.1202986147652585,0.5865882390700017,0.6788548479286993,0.81554113025291,0.9804608046785581,50
3,20,d1,logspline,0.75,0.7531213300580042,0.7493541722501228,0.11780452015243417,0.5739379342160267,0.6670793173428761,0.8027196363978296,0.9598223078485275,50
3,20,d1,logspline,0.76,0.7417876932821139,0.7343650552300278,0.11535730348735661,0.561567121021446,0.6553536307580189,0.7902072697655729,0.9390658267377223,50
3,20,d1,logspline,0.77,0.7270619607833475,0.7194387651218336,0.11295494492159663,0.5494659569154,0.6427403596127722,0.7776872830623538,0.9182005291093815,50
3,20,d1,logspline,0.78,0.7104677542284651,0.7045829782091816,0.11059621555146579,0.5365159204749621,0.628805572233019,0.7651648687246283,0.8972353367337718,50
3,20,d1,logspline,0.79,0.6939237189039167,0.6898050532725021,0.1082806858437638,0.5231116265819042,0.6142828895249347,0.7526451969939776,0.8761789325512204,50
3,20,d1,logspline,0.8,0.6776304907917443,0.6751120582040079,0.10600871070835118,0.5100514966930993,0.5995917084361204,0.7401334083458273,0.8550397672759884,50
3,20,d1,logspline,0.81,0.6618851706390827,0.6605108363175322,0.10378132800654986,0.4973232131325782,0.5844854621535907,0.7276346068901964,0.833826065484259,50
3,20,d1,logspline,0.8200000000000001,0.6469069462233905,0.6460081749062588,0.10160004735286698,0.48491439264955394,0.5695522442310194,0.7151538546144309,0.8125465147031912,50
3,20,d1,logspline,0.8300000000000001,0.6321715904990736,0.6316110758408277,0.09946711212627042,0.4728135496783164,0.555599662620843,0.7026961663560414,0.7912166858212639,50
3,20,d1,logspline,0.8400000000000001,0.6176821237246022,0.617326940592017,0.0973856842842099,0.4610100104366033,0.5431868460735304,0.6902665054091768,0.7698643981696788,50
3,20,d1,logspline,0.85,0.6034413363447275,0.6031635586997639,0.09535961987590567,0.4493384514743167,0.5313721615070119,0.6721934397928131,0.748529476756479,50
3,20,d1,logspline,0.86,0.5894517965479564,0.5891291123041049,0.09339320886461767,0.43779509840110153,0.5207185103501593,0.6529019994266068,0.7280812404671774,50
3,20,d1,logspline,0.87,0.5757158572560648,0.57523214283473,0.09149087862963969,0.42750062658904264,0.510448008636121,0.6340156508372589,0.7114217741066206,50
3,20,d1,logspline,0.88,0.5626854402383176,0.5614814694280211,0.08965687559122157,0.4160288420086628,0.49890939359010095,0.6146228270510323,0.6950351389757159,50
3,20,d1,logspline,0.89,0.5512296846052541,0.547886101407756,0.08789494238541605,0.4042453362410513,0.4844791945532125,0.5978590325764339,0.6816425210873894,50
3,20,d1,logspline,0.9,0.5399350367785758,0.5344551493300265,0.08620800825875334,0.3928532043753074,0.47236216345832,0.585295686219547,0.6684185485835863,50
3,20,d1,logspline,0.91,0.528524049174079,0.5211976797368802,0.08459790057003895,0.3828505018705731,0.46055389303670224,0.5729782511234155,0.6553788523293816,50
3,20,d1,logspline,0.92,0.5160429827332871,0.5081224941094885,0.08306511497276761,0.3730409203071408,0.44887989705722253,0.560830110755104,0.6396196488907018,50
3,20,d1,logspline,0.93,0.5036624914718337,0.4952376812894441,0.08160854720073608,0.3634191103693949,0.43687548240845797,0.5488500459814074,0.6235537493082199,50
3,20,d1,logspline,0.94,0.4913886272865645,0.48255006599858724,0.08022530659436915,0.3539800813788566,0.42455023516837415,0.5370368727807897,0.6077906144123354,50
3,20,d1,logspline,0.95,0.4772981812398139,0.4700651653006341,0.07891118544860527,0.34471916770648847,0.4126892837825994,0.5253894361621282,0.5923355791295382,50
3,20,d1,logspline,0.96,0.4621476867267169,0.45778729809777674,0.07766122763506597,0.33563199864437254,0.40108863742610895,0.5139066047560283,0.5771926955965299,50
3,20,d1,logspline,0.97,0.446999650382201,0.44571971698745294,0.07647021877071172,0.3267144713396217,0.38937213289257494,0.5026748099783078,0.5623647771929207,50
3,20,d1,logspline,0.98,0.43125837193041106,0.43386473765676403,0.07533305221085225,0.31796272644454826,0.3783930652981395,0.49099297506931805,0.5480055450340287,50
3,20,d1,logspline,0.99,0.41948779120024193,0.4222238588666773,0.07424496873422619,0.30937312618087603,0.3675272071612847,0.4793990003802584,0.535224768187518,50
3,20,d1,logspline,1,0.4081591931813825,0.41079786646634986,0.07320167846153278,0.3009422345534589,0.3559791667187213,0.4676231663461503,0.5230848393193545,50
3,20,d2,ecdf,0.01,Inf,Inf,NA,Inf,Inf,Inf,Inf,0
3,20,d2,ecdf,0.02,Inf,Inf,NA,Inf,Inf,Inf,Inf,0
3,20,d2,ecdf,0.03,Inf,Inf,NA,Inf,Inf,Inf,Inf,0
3,20,d2,ecdf,0.04,Inf,Inf,NA,Inf,Inf,Inf,Inf,0
3,20,d2,ecdf,0.05,Inf,Inf,NA,Inf,Inf,Inf,Inf,0
3,20,d2,ecdf,0.06,Inf,Inf,NA,Inf,Inf,Inf,Inf,0
3,20,d2,ecdf,0.06999999999999999,Inf,Inf,NA,Inf,Inf,Inf,Inf,0
3,20,d2,ecdf,0.08,Inf,Inf,NA,Inf,Inf,Inf,Inf,1
3,20,d2,ecdf,0.09,Inf,Inf,NA,Inf,Inf,Inf,Inf,1
3,20,d2,ecdf,0.1,Inf,Inf,NA,Inf,Inf,Inf,Inf,2
3,20,d2,ecdf,0.11,Inf,Inf,NA,Inf,Inf,Inf,Inf,2
3,20,d2,ecdf,0.12,Inf,Inf,NA,Inf,Inf,Inf,Inf,2
3,20,d2,ecdf,0.13,Inf,Inf,NA,Inf,Inf,Inf,Inf,3
3,20,d2,ecdf,0.14,Inf,Inf,NA,Inf,Inf,Inf,Inf,3
3,20,d2,ecdf,0.15000000000000002,Inf,Inf,NA,0.6200584223291108,Inf,Inf,Inf,5
3,20,d2,ecdf,0.16,Inf,Inf,NA,0.8125313480058011,Inf,Inf,Inf,7
3,20,d2,ecdf,0.17,Inf,Inf,NA,0.9931896184409932,Inf,Inf,Inf,8
3,20,d2,ecdf,0.18000000000000002,Inf,Inf,NA,1.1633764493756555,Inf,Inf,Inf,12
3,20,d2,ecdf,0.19,Inf,Inf,NA,0.6310698564544962,1.3242170370144415,Inf,Inf,14
3,20,d2,ecdf,0.2,Inf,Inf,NA,0.7835161560656687,1.476663336625614,Inf,Inf,22
3,20,d2,ecdf,0.21,1.6215279045767974,Inf,NA,0.5229156159086878,1.6215279045767974,Inf,Inf,27
3,20,d2,ecdf,0.22,1.7595098603993158,Inf,NA,0.6608975717312059,1.2396494749793567,Inf,Inf,28
3,20,d2,ecdf,0.23,1.891215073029628,Inf,NA,0.6343776445130387,1.1980678924696826,Inf,Inf,30
3,20,d2,ecdf,0.24,2.0171720477081982,Inf,NA,0.6308776865883075,1.3240248671482528,Inf,Inf,32
3,20,d2,ecdf,0.25,2.1378445676116056,Inf,NA,0.5284066551775053,1.4446973870516604,Inf,Inf,33
3,20,d2,ecdf,0.26,2.2536418545920247,Inf,NA,0.543927085921249,1.5604946740320793,Inf,Inf,35
3,20,d2,ecdf,0.27,1.6717796307051311,Inf,NA,0.6552120425943011,1.2663145225969668,2.3649268112650765,Inf,38
3,20,d2,ecdf,0.28,1.7788755828653822,Inf,NA,0.6802632941972725,1.3734104747572178,2.472022763425328,Inf,41
3,20,d2,ecdf,0.29000000000000004,1.882071838204492,Inf,NA,0.6986766756313902,1.4766067300963277,2.401932223624451,Inf,43
3,20,d2,ecdf,0.3,1.981628302264248,Inf,NA,0.7288653337688796,1.3604016398172476,1.981628302264248,Inf,46
3,20,d2,ecdf,0.31,1.6723142291075763,Inf,NA,0.8250163687203725,1.3846321566557955,2.0777793372157407,Inf,47
3,20,d2,ecdf,0.32,1.7652718996738908,Inf,NA,0.7844426466621646,1.47758982722211,2.1707370077820554,2.8638841883420008,48
3,20,d2,ecdf,0.33,1.855228719407849,Inf,NA,0.6986681471279349,1.3444030956418582,2.1593275504889724,2.9538410080759587,48
3,20,d2,ecdf,0.34,1.654677914412644,Inf,NA,0.7857994145845106,1.431534363098434,1.9423599868644248,3.0409722755325346,48
3,20,d2,ecdf,0.35000000000000003,1.739143710576841,Inf,NA,0.8228529787026858,1.3336786024686764,2.0268257830286216,3.1254380716967316,48
3,20,d2,ecdf,0.36000000000000004,1.5979470635141872,Inf,NA,0.8523792840618634,1.2614748268929743,1.8210906148283972,2.8954687446963105,49
3,20,d2,ecdf,0.37,1.5863488560219263,1.5947470725224775,0.534333144613192,0.8890522740546337,1.2075060051731683,1.9006531857331137,2.4113410676443836,50
3,20,d2,ecdf,0.38,1.4183394563699,1.5411506777403559,0.5176625255286769,0.835319466416768,1.167025028088994,1.9779552443053228,2.2656373167571036,50
3,20,d2,ecdf,0.39,1.359963809978214,1.5077232781333614,0.5335092504781469,0.8003480220427913,1.1368202586640042,1.8299674392239496,2.3407930629899405,50
3,20,d2,ecdf,0.4,1.3152957623217825,1.434872209058837,0.4776995402245088,0.8355169307249198,1.1384526118107126,1.7207608704299469,2.28445111838659,50
3,20,d2,ecdf,0.41,1.2811072393450804,1.4024340546708525,0.4648066126040558,0.7777600681003058,1.098785682551126,1.6377821832838129,2.1973979712192357,50
3,20,d2,ecdf,0.42,1.35042696010214,1.3956822432615934,0.4586184151078025,0.7883615814279981,1.088062695634649,1.7071019040408724,2.1663030938849004,50
3,20,d2,ecdf,0.43,1.32266857620739,1.3807203210145842,0.4678448889065053,0.6954929590337885,1.1000335124289322,1.6411223073259245,2.02908123601438,50
3,20,d2,ecdf,0.44,1.3015196279742758,1.3355394599869626,0.424916967984593,0.7163178314396621,1.078376076660066,1.5892017004260568,1.840516128706963,50
3,20,d2,ecdf,0.45,1.285723271173465,1.2953567780451867,0.37054568096888607,0.672618798287056,1.094218536679613,1.452777355836631,1.7712310869551655,50
3,20,d2,ecdf,0.46,1.2743140565337976,1.2439684301249427,0.33307995123149536,0.6944955612808557,1.08015804209284,1.408454059442672,1.7161468088128369,50
3,20,d2,ecdf,0.47,1.2019979216431316,1.2201239428751873,0.3412687676432468,0.6933800420958602,1.0301476647164725,1.3911102933829456,1.7299498345006712,50
3,20,d2,ecdf,0.48,1.1725859237089171,1.1875381051912108,0.30235215538080473,0.7355225519790787,0.9898560369616848,1.3263282735828976,1.6889038007791155,50
3,20,d2,ecdf,0.49,1.1483642835365122,1.1444000303247561,0.3007928029518356,0.7226526732099254,0.9253893359597061,1.3050583850090627,1.6721542506985352,50
3,20,d2,ecdf,0.5,1.1053915641297738,1.1169005787266886,0.2730268260603614,0.7159267973680506,0.9310381769849962,1.2595422439570323,1.5849646443916603,50
3,20,d2,ecdf,0.51,1.0702663487934947,1.088597170124113,0.2510051038422777,0.7231002496562033,0.9099236987183156,1.261321585556204,1.4686680291085272,50
3,20,d2,ecdf,0.52,1.0619251177364712,1.0731813304668913,0.23727050359350688,0.7340294207283827,0.9281854351693402,1.2158675076211212,1.4605201432873671,50
3,20,d2,ecdf,0.53,0.9998257907472354,1.0396756503310294,0.2318274708121907,0.7029285661927775,0.8880567300576035,1.1783522629078524,1.3991444713692132,50
3,20,d2,ecdf,0.54,0.9988762105123992,1.0234869796274944,0.23596088491689865,0.6886855999778676,0.8696644790323933,1.1472962156306727,1.3986510788580353,50
3,20,d2,ecdf,0.55,0.9834190221399884,1.0177862252827479,0.23964365278049862,0.6797366083417661,0.869305049354034,1.1593096886036525,1.3728837889017114,50
3,20,d2,ecdf,0.56,0.9561524759770819,1.00052203925294,0.2286503892099044,0.6833968851001415,0.8635183499212069,1.1626577419713549,1.332092303089253,50
3,20,d2,ecdf,0.5700000000000001,0.933229496472203,0.9705690095692091,0.21673409800438478,0.645547424020422,0.834198432810449,1.1409772170229184,1.3026753861272757,50
3,20,d2,ecdf,0.5800000000000001,0.9143517610115989,0.9498192071192315,0.19546591722606152,0.6529026585114689,0.8272560456562467,1.0684181024731347,1.273480538448958,50
3,20,d2,ecdf,0.59,0.8985781264435264,0.9354640081647178,0.19564365105309625,0.6401492941758411,0.7890035233384332,1.0857896685316728,1.196197391215333,50
3,20,d2,ecdf,0.6,0.9090175548153481,0.9119911134490144,0.18239375952220482,0.6233659636639938,0.771786945493871,1.0614166780301346,1.1788692726040477,50
3,20,d2,ecdf,0.61,0.8862093233420302,0.894676492314234,0.1761120574760458,0.6170799074920086,0.7720356337474116,1.0088086592102083,1.1644563502626126,50
3,20,d2,ecdf,0.62,0.8464826058569626,0.8757621845373631,0.18144543929839374,0.6111253229005393,0.7230525668911997,1.0107346393429806,1.1374863449821244,50
3,20,d2,ecdf,0.63,0.8313398124445784,0.8524086942409009,0.17077812238330298,0.5941820539344302,0.7316646179649337,0.9854451387410332,1.1032281743974168,50
3,20,d2,ecdf,0.64,0.8096447062552523,0.8378401194302458,0.16867826357428722,0.5570377596901946,0.7040592116412269,0.9431760988797752,1.1105804320755164,50
3,20,d2,ecdf,0.65,0.7995569971369295,0.8194455153076483,0.1662819619877575,0.5451318079317831,0.7027071711470116,0.9404142868540477,1.0827920219909613,50
3,20,d2,ecdf,0.66,0.791290183440109,0.7950329687486543,0.1552576362002995,0.540958561405043,0.6879677637432293,0.8930728777500513,1.0472235575773097,50
3,20,d2,ecdf,0.67,0.7923734048158173,0.7800594889502377,0.1538676563998904,0.527072116865329,0.6823424624274166,0.8772693579586572,1.0077648628620446,50
3,20,d2,ecdf,0.68,0.7720602311497462,0.7586574716776334,0.1499186979100415,0.5215305215582229,0.6486523809476528,0.8717329509913379,0.9655508356065496,50
3,20,d2,ecdf,0.6900000000000001,0.7339557044918121,0.7401573594672748,0.14034436441738218,0.5261227286703903,0.6343690735796821,0.8333281783050157,0.9604833537902624,50
3,20,d2,ecdf,0.7000000000000001,0.7197792658079544,0.7187236053832355,0.1382397776885673,0.5007992930682053,0.6280234205965868,0.8244466917001979,0.951096840326035,50
3,20,d2,ecdf,0.7100000000000001,0.707568307577131,0.6978207671624541,0.13821498893430442,0.49822592384039377,0.5843907907141819,0.8102224616372142,0.904629519658083,50
3,20,d2,ecdf,0.72,0.6913090643370098,0.6824594467751361,0.14118692097800747,0.4734916213648769,0.5870885803232193,0.7947279451014637,0.8981784407053377,50
3,20,d2,ecdf,0.73,0.6881429540154944,0.6645505690933278,0.13711888924043905,0.47348965454290703,0.5532236361161237,0.7691120165491615,0.8645041587719398,50
3,20,d2,ecdf,0.74,0.6440120973099909,0.6454170127117601,0.13573783797003366,0.46554007576033823,0.5440456969383269,0.7465145114187617,0.8501593516150951,50
3,20,d2,ecdf,0.75,0.6391017930334794,0.6271940441300498,0.1311566503151174,0.45063759251144964,0.5163997497251833,0.7238751426638018,0.8243298404940372,50
3,20,d2,ecdf,0.76,0.607119449663408,0.6123293002814493,0.13117633345860635,0.4496719178814985,0.5022352218646517,0.7088915256695181,0.8421081984610742,50
3,20,d2,ecdf,0.77,0.5918374075210342,0.600703381247411,0.12723072546550182,0.4376482528370757,0.4779279115044688,0.6932683928291936,0.8232152844446011,50
3,20,d2,ecdf,0.78,0.5740857241976279,0.582342857579769,0.12354573435041648,0.4160204370974945,0.473115140166766,0.6771420760792234,0.7972292755118378,50
3,20,d2,ecdf,0.79,0.5543781338138607,0.5662329728655386,0.11837436425947956,0.42099308737837926,0.4547623302792441,0.6496805021556453,0.7696398172346243,50
3,20,d2,ecdf,0.8,0.5557498686160778,0.5498416389658531,0.11525492443176012,0.4032352345981683,0.4435091337361083,0.6313252098477036,0.7501008442844974,50
3,20,d2,ecdf,0.81,0.531845579780824,0.5331745881503578,0.1109747886836565,0.38561066815347883,0.43030069368213303,0.5992868605763566,0.7415331357956916,50
3,20,d2,ecdf,0.8200000000000001,0.5138414017540212,0.5176187286083197,0.10983353276913983,0.36821054054169033,0.4169687321941674,0.5816238288887422,0.7076859387113337,50
3,20,d2,ecdf,0.8300000000000001,0.510919667430912,0.506425573797825,0.10738151292883172,0.3614162496901306,0.40506265512546574,0.5569681639382371,0.6932412242248669,50
3,20,d2,ecdf,0.8400000000000001,0.49580408314760666,0.49115543282461943,0.10754839903233335,0.3505225465340556,0.4045554116824618,0.5481035825504555,0.6692479659095439,50
3,20,d2,ecdf,0.85,0.47612524455158295,0.4774306944612309,0.09944291245681959,0.3384309932692303,0.39749393092814006,0.5306172616779338,0.6548170332949589,50
3,20,d2,ecdf,0.86,0.4554544374244795,0.46242582136373994,0.09403358042296388,0.3215444791314732,0.39127205920230856,0.5163486267195121,0.6211952975018971,50
3,20,d2,ecdf,0.87,0.44500453391840133,0.450341853457942,0.09186535878698744,0.3159604277891892,0.3793399903108097,0.5108327600733459,0.6139001239043714,50
3,20,d2,ecdf,0.88,0.4382826345525632,0.4386263313547444,0.08873342206520203,0.31148992255277025,0.3760864266826574,0.49749082198507877,0.582431260302652,50
3,20,d2,ecdf,0.89,0.4271878020716322,0.4271807310415762,0.08766162756440457,0.28398728051291255,0.3746066817467616,0.4867681068518577,0.5683271755407595,50
3,20,d2,ecdf,0.9,0.42460571400595915,0.41203840254816154,0.08610943294254582,0.26622620873174674,0.35246404179092883,0.4823505719746621,0.538605315748274,50
3,20,d2,ecdf,0.91,0.40569315351537527,0.40118649767935155,0.08372266213847754,0.2649495619524033,0.3367300893105598,0.4683311300057189,0.5192920616893443,50
3,20,d2,ecdf,0.92,0.3884271092398175,0.38913143273314726,0.08565995442536255,0.25393333615495495,0.3298135642333958,0.46043425715648423,0.5067771887605018,50
3,20,d2,ecdf,0.93,0.3814130520216805,0.3808169308476175,0.08386146368529716,0.2495253044355061,0.3215564326443887,0.4438902380975122,0.49859297613374787,50
3,20,d2,ecdf,0.94,0.377217499873373,0.3716386707073226,0.08558507319278134,0.23711136746712666,0.3051015701319453,0.44232793128060854,0.49765114306952835,50
3,20,d2,ecdf,0.95,0.36322549441500884,0.3588721554140312,0.08229674992543085,0.21897499658243408,0.28809470276788723,0.4235289988354054,0.4768549260881679,50
3,20,d2,ecdf,0.96,0.36230519243186665,0.35053897758211017,0.08099484826672201,0.2141771071369455,0.2825715048847437,0.4157059691589819,0.4612443528277247,50
3,20,d2,ecdf,0.97,0.35006849621626446,0.3393602426017681,0.08083369181435571,0.19925849877456636,0.2749281947415186,0.39539459640881497,0.44923782842963816,50
3,20,d2,ecdf,0.98,0.3425322156888787,0.3287477957185893,0.0791697469560404,0.18875600688838412,0.2679590600814248,0.3844431113045156,0.44544208697969934,50
3,20,d2,ecdf,0.99,0.32128850203632264,0.3176628435070092,0.07499845534002716,0.17542220589991642,0.2708852819480005,0.3668736577769636,0.43281404408344426,50
3,20,d2,ecdf,1,0.3102523454481154,0.30776584410864444,0.07359776225159619,0.1750653350224577,0.2590876699079832,0.36417590084490564,0.4138989020166462,50
3,20,d2,logspline,0.01,-4.701100466441565,-4.47747296131179,1.1055043213427145,-5.533462944289051,-5.251989121937797,-4.129328363141545,-2.6740931541624446,50
3,20,d2,logspline,0.02,-3.347545294252721,-3.1276858410692956,1.0929551298005213,-4.172723750805022,-3.894472628998799,-2.782271891739064,-1.3436586331735687,50
3,20,d2,logspline,0.03,-2.5697723376523602,-2.3538087828121648,1.0800138268638493,-3.3876331190514106,-3.1126607931185983,-2.011145600519453,-0.589642083486306,50
3,20,d2,logspline,0.04,-2.0279831439175684,-1.816042480330672,1.0666846758600665,-2.838392820897412,-2.5667553049673817,-1.4761506609011255,-0.07224253195426102,50
3,20,d2,logspline,0.05,-1.6156881542324675,-1.407896195987337,1.0529732055786836,-2.418513611183778,-2.150266805944078,-1.0707969898066618,0.31503308732036556,50
3,20,d2,logspline,0.06,-1.2854536359394864,-1.0819347083682629,1.0388861457504817,-2.080562159206297,-1.8157618198954433,-0.7476501838375358,0.619622979551289,50
3,20,d2,logspline,0.06999999999999999,-1.011976526143962,-0.8128531747918091,1.0244313478639862,-1.799235891339701,-1.537937596041255,-0.48140636532761205,0.8668356188855109,50
3,20,d2,logspline,0.08,-0.7801526707189745,-0.5855453913997589,1.0096176942537973,-1.5594312288537266,-1.3016903471560721,-0.25696042430449517,1.0717814773573684,50
3,20,d2,logspline,0.09,-0.5802390896044274,-0.39026607156854126,0.9944549973163695,-1.35140585182108,-1.0972775139058404,-0.06456828723160252,1.2442107226748904,50
3,20,d2,logspline,0.1,-0.4055828463565,-0.22035973180827853,0.978953894215622,-1.168507567080121,-0.9180466333004331,0.10242420953747543,1.390784307323143,50
3,20,d2,logspline,0.11,-0.2514381695946159,-0.07107784118415571,0.9631257427568763,-1.0059914279070261,-0.7601781718964221,0.24876419397260277,1.5162568018205889,50
3,20,d2,logspline,0.12,-0.11430045213280386,0.06108716722727968,0.9469825195696703,-0.8603537311927238,-0.6196577951530864,0.3797092231491129,1.6241423468576526,50
3,20,d2,logspline,0.13,0.008492249355172185,0.1788003708734975,0.9305367215400869,-0.7289335149831233,-0.4934289450664162,0.49748167621845774,1.7171131020076555,50
3,20,d2,logspline,0.14,0.11900961099658924,0.28413472563341724,0.9138012699392669,-0.6096621595328409,-0.37942245102814837,0.6028958125417987,1.7972495884230075,50
3,20,d2,logspline,0.15000000000000002,0.21889284001744555,0.3787348415104945,0.8967894221016307,-0.5008995865719024,-0.27599763750585543,0.6975938855755176,1.8662044313850337,50
3,20,d2,logspline,0.16,0.3094655001445329,0.4639277890327046,0.8795146928126429,-0.4013234295590532,-0.18099810291565463,0.7829005650735509,1.9253131287276077,50
3,20,d2,logspline,0.17,0.3918106785062596,0.5408002644136366,0.8619907804891147,-0.30985177421090593,-0.09195274847330658,0.8543380780567417,1.9756711600683692,50
3,20,d2,logspline,0.18000000000000002,0.4668260610864037,0.6102536835722754,0.8442315183544477,-0.2255878762767688,-0.010145320548787846,0.9180115503089582,2.0181890044203668,50
3,20,d2,logspline,0.19,0.5352640963075016,0.6730443846847226,0.8262508386588098,-0.14943221648840788,0.06517607316072345,0.9749429558104579,2.0536322462520125,50
3,20,d2,logspline,0.2,0.5977618593535623,0.729813551685694,0.8080627515884726,-0.07977234322254673,0.1346479910985542,1.0257724237143089,2.082651392946776,50
3,20,d2,logspline,0.21,0.6548639231451141,0.7811098834462018,0.7896813984270241,-0.01541602866486316,0.19881420375691766,1.0710473427388316,2.1058052814913903,50
3,20,d2,logspline,0.22,0.7070402467174698,0.827407098585092,0.7711211685245475,0.04410550276777313,0.258142989862048,1.11123965553108,2.1235800721878335,50
3,20,d2,logspline,0.23,0.7531188793316536,0.8691174795391916,0.752396712250053,0.09919929606912037,0.3130405844707637,1.146759336110092,2.1364026678533508,50
3,20,d2,logspline,0.24,0.7925745505563623,0.9066024797182567,0.7335229467170635,0.15022172680308948,0.3638617625472337,1.177965393273205,2.144650872743225,50
3,20,d2,logspline,0.25,0.8281376068724521,0.9401811576205233,0.7145151040128431,0.19748694207461437,0.41091828619581955,1.2051746978613045,2.1497142225207853,50
3,20,d2,logspline,0.26,0.8600879985720135,0.9701369134719207,0.6953887890938328,0.24127352412355768,0.4544859350039841,1.2286686775038487,2.155196905553437,50
3,20,d2,logspline,0.27,0.8886752792523065,0.9967229767001423,0.6761600880079385,0.281549063426287,0.49481020703694173,1.2486987443750643,2.157016735474948,50
3,20,d2,logspline,0.28,0.9141230570847225,1.02016692154891,0.6568457164373326,0.31852313880588307,0.5321107668675209,1.2654919504035333,2.1554035281447126,50
3,20,d2,logspline,0.29000000000000004,0.9366326630547952,1.0406744715991767,0.6374632084241217,0.35268500773013556,0.567640776814545,1.2792567613041141,2.1505646830265577,50
3,20,d2,logspline,0.3,0.9563861979860109,1.0584327565110223,0.6180312791994121,0.3842168502879624,0.6011291100416799,1.2901861078021502,2.1426894420039884,50
3,20,d2,logspline,0.31,0.9735495325446252,1.0736129743075564,0.5985701457715341,0.4132843867375544,0.6321337082271781,1.2990628402833324,2.1319518682638616,50
3,20,d2,logspline,0.32,0.9882762078847932,1.086373313707569,0.5791040532710102,0.4400389985118647,0.6608002097431064,1.3055926723606994,2.1185127838465965,50
3,20,d2,logspline,0.33,1.0054414694783484,1.09686173390467,0.5596645754505041,0.46461952110391147,0.6872615221407214,1.3118897723104517,2.102521387169795,50
3,20,d2,logspline,0.34,1.0217220427020894,1.105217386253236,0.5402898858808445,0.4871537673719987,0.7116393569778592,1.3163859031311087,2.084116624613708,50
3,20,d2,logspline,0.35000000000000003,1.0360008814292332,1.1115715828496981,0.5210232520466833,0.5077598279653991,0.7318089359166631,1.3188694852038756,2.0634283584576503,50
3,20,d2,logspline,0.36000000000000004,1.0483869906956618,1.1160485774699522,0.5019115580955101,0.5265471863942552,0.7497810344527108,1.3199388085550652,2.0405783664664563,50
3,20,d2,logspline,0.37,1.058981820581674,1.1187662770863516,0.48300403104638173,0.5436176790980313,0.7659817156087221,1.3192984192247537,2.015682413084802,50
3,20,d2,logspline,0.38,1.0638499552310674,1.1198370928514911,0.46435150240415285,0.5590663252236705,0.7813650523426863,1.3170050605309371,1.9888581855144807,50
3,20,d2,logspline,0.39,1.0635331333656035,1.119368587394226,0.4460055108153085,0.5729820463515076,0.79519390929120215,1.314039023302369,1.9602295346733007,50
3,20,d2,logspline,0.4,1.0618528704576282,1.117463858790983,0.4280171145864325,0.5854482928375956,0.8075399346108423,1.3101380981125323,1.9299258932244197,50
3,20,d2,logspline,0.41,1.0589043869151866,1.1142218601051526,0.41043573639473774,0.5965435905749638,0.8166200646162816,1.3048341859616601,1.8980815124367647,50
3,20,d2,logspline,0.42,1.0602754406730395,1.1097376525575031,0.3933080627413851,0.6063420196610123,0.8218165983498049,1.2982091519039445,1.8659707755167376,50
3,20,d2,logspline,0.43,1.0616142624925078,1.1041025011586896,0.3766770511495892,0.6149136345772854,0.8269337190368307,1.2903407972172136,1.83259668588242,50
3,20,d2,logspline,0.44,1.0580920353640337,1.0974039733618248,0.36058097661507005,0.6223248339514706,0.8308286290505493,1.2813032194937775,1.792812708028575,50
3,20,d2,logspline,0.45,1.0580484882039254,1.089726100741037,0.34505248145228784,0.628638686710058,0.8350386558447747,1.2711671299836782,1.722439396540175,50
3,20,d2,logspline,0.46,1.0569179762186152,1.0811494051474297,0.33011772699021874,0.6339152203892617,0.8381479827583843,1.2600001339529991,1.655693377502967,50
3,20,d2,logspline,0.47,1.0496456076213374,1.0717508781596186,0.3157956157596192,0.6382116765090321,0.8393681172292291,1.2478976884075934,1.5935362183960917,50
3,20,d2,logspline,0.48,1.0391513792026266,1.0616038720716539,0.3020971308459979,0.6415827371964675,0.836231268388725,1.232797674844098,1.5575296695121035,50
3,20,d2,logspline,0.49,1.0279597309079285,1.05077796032768,0.2890248087714894,0.6440806913836078,0.8372998108281521,1.2072911224317866,1.5211394051045877,50
3,20,d2,logspline,0.5,1.0161290829589138,1.0393374788783276,0.2765712573243377,0.645755200688509,0.840494157672832,1.1819718022103287,1.4844977524211171,50
3,20,d2,logspline,0.51,1.0087711233107437,1.0273403228230389,0.2647199355201533,0.6466530640869224,0.8426861233938768,1.157693343615013,1.4477223958317982,50
3,20,d2,logspline,0.52,1.0024220916394817,1.0148387653338384,0.25344876276429473,0.6468183980747415,0.8423168118205326,1.1331326378895796,1.410917805692133,50
3,20,d2,logspline,0.53,0.9958995619339722,1.0018803551465738,0.24273314403199472,0.6462928422516507,0.841152693473085,1.1102514174512428,1.3741767370540234,50
3,20,d2,logspline,0.54,0.9898415954576338,0.9885086075149677,0.2325481782737473,0.6451157456895159,0.8392306834329758,1.096655510582683,1.3434540266989234,50
3,20,d2,logspline,0.55,0.9706248624068059,0.9747635808152937,0.22287019005567482,0.6433243361558691,0.8365862019266685,1.0866682321175685,1.3128702509993855,50
3,20,d2,logspline,0.56,0.9591756325074405,0.9606823606637169,0.21367769567435635,0.6401790968759058,0.8311237541083285,1.0689641266253163,1.2840258978379402,50
3,20,d2,logspline,0.5700000000000001,0.9473567356145833,0.9462993718482685,0.20495169755824952,0.6346881217920917,0.8236008976372254,1.0482567489630474,1.2556484788225046,50
3,20,d2,logspline,0.5800000000000001,0.9310247384499538,0.931646617816382,0.1966756738465604,0.6308363655114823,0.8160934453981881,1.038280274422192,1.227330062670272,50
3,20,d2,logspline,0.59,0.913813895714245,0.9167538994038363,0.1888355988860371,0.6265302027477841,0.8108726346530312,1.030258504552583,1.1991137108228962,50
3,20,d2,logspline,0.6,0.8993747797548266,0.901648965518565,0.18141982439067128,0.6217961546499207,0.79622464497156,1.0165285656952254,1.1721427704057163,50
3,20,d2,logspline,0.61,0.8847667030428534,0.8863577212558824,0.17441893057970959,0.6166594946975366,0.7800381216778458,0.9971857586978599,1.1478631099723655,50
3,20,d2,logspline,0.62,0.870018996868621,0.8709044161567572,0.16782548572315853,0.6111443302188146,0.7631303337858499,0.979917484655933,1.124906041053416,50
3,20,d2,logspline,0.63,0.8493395675964925,0.8553118445658072,0.1616336369533471,0.6042735864064708,0.7463102067328846,0.9708833279532472,1.1004100426432908,50
3,20,d2,logspline,0.64,0.8348270662925277,0.8396019072064539,0.15583804447602675,0.592017657927681,0.7295984683557469,0.9523617869704889,1.0695479926431775,50
3,20,d2,logspline,0.65,0.8219687091513697,0.8237959709034197,0.15043283494873466,0.5802892403968124,0.7130137723639198,0.9290809521988321,1.0388547482814132,50
3,20,d2,logspline,0.66,0.8064083100676585,0.8079148302651151,0.14541107273220774,0.5690097692852772,0.7018193410498019,0.9089120442415569,1.0086554954067668,50
3,20,d2,logspline,0.67,0.7916223589756088,0.7919786631163773,0.140764366513785,0.5581133451749063,0.6903750407842192,0.8905761536521791,0.9826221290287708,50
3,20,d2,logspline,0.68,0.7741030674749234,0.7760069909166015,0.13648256626838748,0.5467911309834429,0.6789052139162,0.8677937368815476,0.9567409671952259,50
3,20,d2,logspline,0.6900000000000001,0.7536390881215008,0.7600186608477457,0.1325535472090997,0.5351575121109686,0.6697398011843804,0.8445749039226407,0.9319936692351152,50
3,20,d2,logspline,0.7000000000000001,0.7410306497495248,0.7440318466019289,0.12896308221456404,0.5239021319335659,0.6544005963034717,0.8158518431320313,0.9187323069896414,50
3,20,d2,logspline,0.7100000000000001,0.7318918676159931,0.7280640552993646,0.1256948051398959,0.5129797269024785,0.6334542466062707,0.7882205371768616,0.9069599937262631,50
3,20,d2,logspline,0.72,0.7192174066641149,0.7121321380741882,0.12273026587078084,0.5023514133838902,0.6200810109650957,0.7661489059102368,0.8950449387236024,50
3,20,d2,logspline,0.73,0.7055603941002684,0.6962522949343803,0.12004905975247068,0.4969682831644775,0.6086426096300142,0.753415648316099,0.8827169061398638,50
3,20,d2,logspline,0.74,0.6909111118054894,0.6804400581780901,0.11762899864035059,0.4929198598986901,0.5951294357962735,0.7425858341789815,0.8699929040035936,50
3,20,d2,logspline,0.75,0.6749210495857857,0.6647102979324532,0.11544639550543835,0.4885694931263036,0.5814734053192677,0.7321481782806515,0.8565236636595617,50
3,20,d2,logspline,0.76,0.6558312706488085,0.6490772420860327,0.11347643047590547,0.4797493013345408,0.5678818819409331,0.7177320988117256,0.8374880233069049,50
3,20,d2,logspline,0.77,0.6396537201191641,0.6335545101980403,0.11169357777445284,0.469377519581229,0.5538405184949731,0.7035893720395983,0.8184912734636829,50
3,20,d2,logspline,0.78,0.6226414631602576,0.6181551861524979,0.11007212939416759,0.45680464535807513,0.5394206904628672,0.6863005508578107,0.7997659705093783,50
3,20,d2,logspline,0.79,0.6086450896128689,0.6028917950389379,0.10858666277401641,0.4378865003248211,0.5251796916097353,0.6658339374197578,0.7816464683675362,50
3,20,d2,logspline,0.8,0.593675911191905,0.5877761660353443,0.10721247020886934,0.41695875809473526,0.511122572028447,0.6456458457519874,0.7658746291431311,50
3,20,d2,logspline,0.81,0.5762991443519825,0.5728194034900761,0.10592595070914501,0.39581287333164783,0.4970661671589512,0.6287155589550933,0.7470153768457524,50
3,20,d2,logspline,0.8200000000000001,0.5591549054875085,0.5580319257316502,0.10470492835440098,0.38137351157081023,0.4828638048777909,0.6145422675548374,0.7272601335040076,50
3,20,d2,logspline,0.8300000000000001,0.5452174760690591,0.5434235079984133,0.10352889314502062,0.36748084612737464,0.46895990462369375,0.602725035704099,0.7088944323854436,50
3,20,d2,logspline,0.8400000000000001,0.527719138531429,0.5290033211793022,0.10237916763006256,0.3536083171899397,0.45504869463007114,0.5908588806557445,0.6931623631295866,50
3,20,d2,logspline,0.85,0.5149498482457402,0.5147799663160041,0.10123900886081418,0.33897753750021087,0.4408300721313775,0.5788955295350169,0.6774270766094361,50
3,20,d2,logspline,0.86,0.503378011959843,0.5007615051153006,0.10009365708235243,0.32775385198121865,0.4303617648875579,0.566849303535032,0.6617051602581895,50
3,20,d2,logspline,0.87,0.49189456543925714,0.48695548673912337,0.09893034306142133,0.3168744118547431,0.41778808874382267,0.5547342043840003,0.6460128184961857,50
3,20,d2,logspline,0.88,0.4805051258734933,0.47336896850363036,0.0977382601207273,0.30632668450592987,0.40574079648634875,0.5403934054325716,0.630365878052882,50
3,20,d2,logspline,0.89,0.4651963092771464,0.4600084942016276,0.0965084371261994,0.29562898575746255,0.3932658644114209,0.5267926804121252,0.6147797927102869,50
3,20,d2,logspline,0.9,0.4499072548993535,0.4468800603036525,0.0952335866140029,0.2852643623873522,0.37941689005357554,0.5139725687865715,0.5992696474991572,50
3,20,d2,logspline,0.91,0.43500799958893976,0.43398911748298397,0.09390809560950898,0.27522276227025544,0.36795606073678144,0.5015116316129047,0.5838501623765782,50
3,20,d2,logspline,0.92,0.4205071515252631,0.42134043991976144,0.0925282899227807,0.26549395804666076,0.3571185864369848,0.4890512497325704,0.5685356954112029,50
3,20,d2,logspline,0.93,0.40641265908776336,0.4089376595168774,0.09109284241683696,0.25606806794223047,0.3459730423580195,0.4768502372973384,0.5533402455003159,50
3,20,d2,logspline,0.94,0.39297393069950215,0.3967829108857598,0.08960305543329386,0.246935527314009,0.3345740628520092,0.4652592505572828,0.5382774546410642,50
3,20,d2,logspline,0.95,0.380753298139502,0.3848769212622964,0.08806265921233507,0.2380870635655014,0.32333972361883845,0.45295045334115724,0.5233606097765862,50
3,20,d2,logspline,0.96,0.3698541296581528,0.3732192100236374,0.08647739718774,0.22951367399065348,0.31233306818091894,0.4413192714302834,0.5086026442363801,50
3,20,d2,logspline,0.97,0.36080796169968254,0.36180812335256624,0.08485457042676241,0.22120660616751636,0.30198467914354576,0.42644356405841466,0.4940161387890589,50
3,20,d2,logspline,0.98,0.34975077238427227,0.35064057026131473,0.08320266810507253,0.21315734057386182,0.29254327784150186,0.4125985417619582,0.47996276097697177,50
3,20,d2,logspline,0.99,0.34073549753181387,0.33971225123558135,0.08153092410134251,0.20535757514069214,0.28335764942732933,0.39962433095382327,0.46703992804933525,50
3,20,d2,logspline,1,0.33191615915279304,0.329018014515643,0.07984860667804178,0.1977992114968574,0.27409035083158684,0.38596066543405183,0.45290333436377106,50
3,20,d3,ecdf,0.01,Inf,Inf,NA,Inf,Inf,Inf,Inf,0
3,20,d3,ecdf,0.02,Inf,Inf,NA,Inf,Inf,Inf,Inf,0
3,20,d3,ecdf,0.03,Inf,Inf,NA,Inf,Inf,Inf,Inf,0
3,20,d3,ecdf,0.04,Inf,Inf,NA,Inf,Inf,Inf,Inf,0
3,20,d3,ecdf,0.05,Inf,Inf,NA,Inf,Inf,Inf,Inf,0
3,20,d3,ecdf,0.06,Inf,Inf,NA,Inf,Inf,Inf,Inf,0
3,20,d3,ecdf,0.06999999999999999,Inf,Inf,NA,Inf,Inf,Inf,Inf,0
3,20,d3,ecdf,0.08,Inf,Inf,NA,Inf,Inf,Inf,Inf,0
3,20,d3,ecdf,0.09,Inf,Inf,NA,Inf,Inf,Inf,Inf,1
3,20,d3,ecdf,0.1,Inf,Inf,NA,Inf,Inf,Inf,Inf,1
3,20,d3,ecdf,0.11,Inf,Inf,NA,Inf,Inf,Inf,Inf,2
3,20,d3,ecdf,0.12,Inf,Inf,NA,Inf,Inf,Inf,Inf,2
3,20,d3,ecdf,0.13,Inf,Inf,NA,Inf,Inf,Inf,Inf,2
3,20,d3,ecdf,0.14,Inf,Inf,NA,Inf,Inf,Inf,Inf,2
3,20,d3,ecdf,0.15000000000000002,Inf,Inf,NA,Inf,Inf,Inf,Inf,3
3,20,d3,ecdf,0.16,Inf,Inf,NA,Inf,Inf,Inf,Inf,3
3,20,d3,ecdf,0.17,Inf,Inf,NA,-0.5512332570312466,Inf,Inf,Inf,6
3,20,d3,ecdf,0.18000000000000002,Inf,Inf,NA,-0.706692494958773,Inf,Inf,Inf,7
3,20,d3,ecdf,0.19,Inf,Inf,NA,-0.49344512036395194,Inf,Inf,Inf,7
3,20,d3,ecdf,0.2,Inf,Inf,NA,-0.29145236922349815,Inf,Inf,Inf,8
3,20,d3,ecdf,0.21,Inf,Inf,NA,-0.4115466034638959,Inf,Inf,Inf,8
3,20,d3,ecdf,0.22,Inf,Inf,NA,-0.45196852902287843,Inf,Inf,Inf,10
3,20,d3,ecdf,0.23,Inf,Inf,NA,-0.27781443093787633,Inf,Inf,Inf,11
3,20,d3,ecdf,0.24,Inf,Inf,NA,-0.1113849229811836,Inf,Inf,Inf,11
3,20,d3,ecdf,0.25,Inf,Inf,NA,0.04793891400336367,Inf,Inf,Inf,13
3,20,d3,ecdf,0.26,Inf,Inf,NA,0.20070326984786552,1.1168562598673013,Inf,Inf,16
3,20,d3,ecdf,0.27,Inf,Inf,NA,0.34739259405227474,1.2635455840717102,Inf,Inf,18
3,20,d3,ecdf,0.28,Inf,Inf,NA,0.30597928655230744,1.404591575220417,Inf,Inf,19
3,20,d3,ecdf,0.29000000000000004,Inf,Inf,NA,0.44176830345607937,1.02052020670423,Inf,Inf,25
3,20,d3,ecdf,0.3,1.6712598079311531,Inf,NA,0.41442237941456406,0.978112627371208,Inf,Inf,28
3,20,d3,ecdf,0.31,1.797542354662523,Inf,NA,0.5407049261459339,1.1043951741025777,Inf,Inf,30
3,20,d3,ecdf,0.32,1.919511650596955,Inf,NA,0.4104883362542489,1.2263644700370095,Inf,Inf,36
3,20,d3,ecdf,0.33,2.0374250614529723,Inf,NA,0.5284017471102662,1.344277880893027,2.0374250614529723,Inf,41
3,20,d3,ecdf,0.34,1.4583698341963842,Inf,NA,0.6424937004136235,1.154271003115261,2.1515170147563296,Inf,42
3,20,d3,ecdf,0.35000000000000003,1.568854481980826,Inf,NA,0.6525637501066707,1.1633893738726615,2.2620016625407713,Inf,44
3,20,d3,ecdf,0.36000000000000004,1.6759279881981122,Inf,NA,0.6593604000872823,1.2704628800899478,2.369075168758058,Inf,44
3,20,d3,ecdf,0.37,1.7797705025577664,Inf,NA,0.6811582138896565,1.086623321997821,2.4729176831177115,Inf,45
3,20,d3,ecdf,0.38,1.8805478709899544,Inf,NA,0.7819355823218449,1.1874006904300094,2.4004082564099134,Inf,47
3,20,d3,ecdf,0.39,1.5729480156862707,Inf,NA,0.7950179612213335,1.28526594323449,1.9784131237944351,2.6715603043543807,48
3,20,d3,ecdf,0.4,1.6680426671500914,Inf,NA,0.890112612685154,1.1572170433841007,2.073507775258256,2.7666549558182014,49
3,20,d3,ecdf,0.41,1.472815782123482,Inf,NA,0.7796686015635366,1.249672230809272,1.7604978545752628,2.8591101432433725,49
3,20,d3,ecdf,0.42,1.3396097161767802,Inf,NA,0.8048254173200335,1.1572881593828257,1.8504353399427709,2.6371313973589032,49
3,20,d3,ecdf,0.43,1.42714276984638,Inf,NA,0.7339955892864346,1.2448212130524254,1.6502863211605898,2.343433501720535,49
3,20,d3,ecdf,0.44,1.3300553957748114,Inf,NA,0.6760633348601995,1.175904715947553,1.512376952568766,2.0232025763347568,49
3,20,d3,ecdf,0.45,1.2589385729043086,1.3492151670214194,0.4716535944210532,0.6759185829511767,1.125407180279786,1.5954108095255215,1.9767795006882098,50
3,20,d3,ecdf,0.46,1.2730985550680978,1.2927014343922876,0.39522760235022203,0.7208250429741361,1.0885498230994533,1.4940149312076176,1.799065441224387,50
3,20,d3,ecdf,0.47,1.167453623645298,1.2773264985463872,0.39086426438981203,0.6876747920484355,1.0620931079874718,1.418768051926204,1.8779692417702316,50
3,20,d3,ecdf,0.48,1.2444164931332775,1.2387289156329084,0.33959814146917383,0.6980946827416226,0.9784872649289039,1.4957309214141834,1.8322031580353964,50
3,20,d3,ecdf,0.49,1.2141539512410506,1.214932348116644,0.32123899948001117,0.7108067799962761,1.031832394447096,1.4372975025552606,1.7249795750070414,50
3,20,d3,ecdf,0.5,1.1051369936891526,1.1485878615900227,0.2966769515258987,0.6996718855809883,0.9509863138618944,1.287458550483107,1.5840443677408043,50
3,20,d3,ecdf,0.51,1.0966728757733442,1.1374298224466375,0.26110052865080646,0.7415135036400644,0.9708202500044085,1.2637269604365102,1.5821806915550447,50
3,20,d3,ecdf,0.52,1.0924810159214482,1.1155817231925076,0.2437708636664215,0.7870993663702663,0.9134811569345993,1.3118902284909286,1.5343137682004873,50
3,20,d3,ecdf,0.53,1.09180177060092,1.0913813768323528,0.2425306405355814,0.729743525380516,0.9094802138069652,1.2349026142415933,1.4543772977971379,50
3,20,d3,ecdf,0.54,1.0637187941167332,1.0540583615188306,0.22496597848873787,0.7077178234052445,0.8708875537107408,1.2275624976494732,1.3817131774767315,50
3,20,d3,ecdf,0.55,1.0415238346156896,1.0365362943772791,0.22471422960861082,0.7130197676436536,0.8873731547884312,1.159306870272073,1.3335976475811424,50
3,20,d3,ecdf,0.56,0.9999978577579968,1.0154388613462344,0.23245371119008562,0.6442253952405854,0.8602359153828384,1.1625167872557718,1.325626009527601,50
3,20,d3,ecdf,0.5700000000000001,0.967129237145962,0.9897208278158922,0.22699254648018868,0.6241844860191316,0.839295865636077,1.1137327113378377,1.2855829682644966,50
3,20,d3,ecdf,0.5800000000000001,0.9003902570312138,0.9604805252261862,0.2332081501324019,0.6366057668329734,0.7870615717242104,1.1113362673030653,1.3466773596596333,50
3,20,d3,ecdf,0.59,0.920960310648982,0.932840457494427,0.22105218702638488,0.6661301574716589,0.7450696441853177,1.0880143953121482,1.3201222183862709,50
3,20,d3,ecdf,0.6,0.8702895877236503,0.9125740743379076,0.2018230228235112,0.6266675050658999,0.7718495149103978,1.1020912017809747,1.2418531441561331,50
3,20,d3,ecdf,0.61,0.8450296857051597,0.8874329347983841,0.20033738383140176,0.6313295932179497,0.7467900620764955,1.036794701326114,1.229434794588471,50
3,20,d3,ecdf,0.62,0.824651391043548,0.8529072120459885,0.18266484508906655,0.6004005238007344,0.7134257559333237,0.9170247111745632,1.114486769872532,50
3,20,d3,ecdf,0.63,0.8224643800165297,0.8276709189263347,0.1752650997905952,0.5754040171354636,0.6985844049159247,0.9325545010062247,1.110146452468311,50
3,20,d3,ecdf,0.64,0.7709602439157808,0.8035373976948919,0.1774658458976094,0.5680193999190906,0.6813974436676306,0.8974489172986293,1.1318462982334225,50
3,20,d3,ecdf,0.65,0.7399189083890485,0.7805765366106476,0.18185934199697296,0.5320411964861547,0.6839723867058654,0.8950288087801955,1.1346070605802818,50
3,20,d3,ecdf,0.66,0.7356954774799281,0.7600665154053777,0.16769600068463286,0.5292504158292033,0.6325112412446973,0.8754574198550866,1.0455986051239237,50
3,20,d3,ecdf,0.67,0.7438379161046133,0.7421864122723961,0.16652901977956316,0.51022316548013,0.6307279137012679,0.8538388113189417,1.0071897389847697,50
3,20,d3,ecdf,0.68,0.713504916218064,0.7164559077009088,0.16435556199118584,0.4973382488450385,0.5788794604963108,0.7935476238916002,0.9786822994112472,50
3,20,d3,ecdf,0.6900000000000001,0.6881418082254108,0.7063992885714444,0.16418489177951448,0.4859564541028194,0.5784239881235828,0.7965198367083692,0.9784888102110877,50
3,20,d3,ecdf,0.7000000000000001,0.6753588952542176,0.6789512720360373,0.1586556605616566,0.4986200212768123,0.5716451562917023,0.7677285670868041,0.9135066753405745,50
3,20,d3,ecdf,0.7100000000000001,0.6650584256755958,0.6611983140031885,0.1601280115829203,0.48342016381830677,0.5455132750258131,0.7477501415207091,0.9511212498483442,50
3,20,d3,ecdf,0.72,0.63468987333351,0.6387557522878335,0.1541775306862893,0.4653385578365287,0.5301312999938261,0.7392585841183605,0.8488480920684487,50
3,20,d3,ecdf,0.73,0.6226704306964099,0.6213563334343468,0.15073018142426828,0.4449892534589575,0.5111377205913807,0.7059223383449045,0.8067977166863294,50
3,20,d3,ecdf,0.74,0.5998271205684489,0.6069846814608361,0.15275085873988203,0.4110330492688769,0.5009812859318165,0.6915911416247847,0.8004978160306001,50
3,20,d3,ecdf,0.75,0.5803879382748814,0.5912468587818639,0.14998197099778687,0.39483421511591565,0.4900908403584009,0.6796863372519296,0.7840186100953525,50
3,20,d3,ecdf,0.76,0.56965359697268,0.574150625922534,0.14728754699436933,0.36544328790179187,0.4759044128261848,0.6603334519597042,0.770315978381457,50
3,20,d3,ecdf,0.77,0.5608758386135744,0.5615903524631936,0.1466686490164547,0.34674612709685226,0.4790932050346415,0.6559727127324579,0.7350591853115872,50
3,20,d3,ecdf,0.78,0.5484593074770224,0.5481160203111846,0.14265193294217912,0.3290814685145452,0.4708320775314203,0.6384239923713546,0.7631955449150162,50
3,20,d3,ecdf,0.79,0.5282247536214368,0.5308886664855325,0.13572630197345228,0.32277145161995324,0.46184968467656423,0.6126608991738071,0.7532268705669528,50
3,20,d3,ecdf,0.8,0.5061236107665803,0.5181737708909938,0.13243854408025574,0.30591027975743035,0.4479310370800119,0.5902800745212515,0.7502119089529454,50
3,20,d3,ecdf,0.81,0.4912563839426505,0.5027748431271676,0.12888169118137535,0.28949046270471934,0.42985825237239556,0.5850384104261128,0.6955933537243075,50
3,20,d3,ecdf,0.8200000000000001,0.48678225570216505,0.4894372131480591,0.12449304287227293,0.28957604762010924,0.4180596097293357,0.5605596723366186,0.6976536507080897,50
3,20,d3,ecdf,0.8300000000000001,0.48338634044144235,0.4770798048439518,0.12333712887422385,0.26072188529420504,0.4042679580785614,0.5540938007887467,0.6783208998854262,50
3,20,d3,ecdf,0.8400000000000001,0.46562008932404775,0.463236906547007,0.12367228084656942,0.2570233769854247,0.38879265461654816,0.5488291666210678,0.65527526267321,50
3,20,d3,ecdf,0.85,0.4392697846123224,0.44884540219662444,0.1134742671023208,0.24939574021378313,0.3853948552038564,0.5288819433020097,0.6227431614113057,50
3,20,d3,ecdf,0.86,0.42955655601523357,0.43918533343499416,0.11277309171639006,0.23887500762261632,0.3683278755918056,0.5243543641047269,0.6081740501410626,50
3,20,d3,ecdf,0.87,0.4310456085436053,0.421033932150176,0.10529909326317957,0.23862707439656905,0.3640294521418216,0.49230216927925996,0.5789812322405059,50
3,20,d3,ecdf,0.88,0.4171706557686438,0.40843016405231425,0.10221856822422173,0.22572233667868646,0.3458775813493149,0.47377842821295235,0.5791186791461684,50
3,20,d3,ecdf,0.89,0.40494591402068153,0.39781456355758055,0.10041672322763281,0.22889889699631907,0.33118164309621567,0.4557643890820477,0.571911206051646,50
3,20,d3,ecdf,0.9,0.39130365366034453,0.3848784269221877,0.09723300672238644,0.22003407043832982,0.3288253286748839,0.43973499585777,0.5425889961331103,50
3,20,d3,ecdf,0.91,0.38469826856774303,0.37357856941795037,0.09575187474896132,0.2153120996113908,0.3078747839593408,0.41973964853688023,0.5268471699353491,50
3,20,d3,ecdf,0.92,0.371116172785812,0.36160989682648975,0.09114025741044338,0.20360484758213743,0.3110993942732756,0.4086402414975272,0.5061386059824049,50
3,20,d3,ecdf,0.93,0.35900435044907375,0.35049015431737757,0.09052624277007117,0.19519613145232628,0.3074306461272752,0.4014284869600643,0.5054774274495695,50
3,20,d3,ecdf,0.94,0.3481699781842428,0.339380951054557,0.0856356821471263,0.203611725499023,0.2883885102112959,0.3825597358816557,0.4884912451476554,50
3,20,d3,ecdf,0.95,0.33157678653773476,0.3314562407953231,0.08054930713271546,0.20536262830551333,0.2821575368614095,0.381182493560679,0.4679080179007387,50
3,20,d3,ecdf,0.96,0.3232491255168578,0.319727252847937,0.0794296413934946,0.19351097216212365,0.2735066851200796,0.3755908112333593,0.46116208574633155,50
3,20,d3,ecdf,0.97,0.3073428435409002,0.3074597951563099,0.07805564173474241,0.17777169745132693,0.25471881229076904,0.3584060317381603,0.4362781990189992,50
3,20,d3,ecdf,0.98,0.29089255531691915,0.29661087912361833,0.07762293511200272,0.17988002622774624,0.240562653258366,0.34069537780073716,0.41674537186004273,50
3,20,d3,ecdf,0.99,0.2915959068329675,0.2845864194142969,0.07755703448658094,0.1811951927060318,0.2194708542352944,0.3358609804353922,0.41279724892573866,50
3,20,d3,ecdf,1,0.2811508275923348,0.2709864171746289,0.07934363286962108,0.16303675871485135,0.20637132112635367,0.32371044201113075,0.39698577795300055,50
3,20,d3,logspline,0.01,-8.364319039894966,-8.097582836886833,1.0536686537617133,-9.225353831791622,-8.937444309551017,-7.391442712598131,-5.8213185006815404,50
3,20,d3,logspline,0.02,-6.320837588938103,-6.058340414853317,1.0429976125614564,-7.175279745241161,-6.890486467389693,-5.361877327331276,-3.805854596951221,50
3,20,d3,logspline,0.03,-5.140978176338397,-4.882854342118779,1.032025836816658,-5.988691709662281,-5.707075688603639,-4.196304713154353,-2.6548861406471325,50
3,20,d3,logspline,0.04,-4.315043093239408,-4.061426233055371,1.02075538118205,-5.155892297168975,-4.877514433024697,-3.385025838084661,-1.8587107719272498,50
3,20,d3,logspline,0.05,-3.6832979599920366,-3.4343207678179426,1.009188903327673,-4.517147520292973,-4.242068556404466,-2.768304479842273,-1.2575876552358336,50
3,20,d3,logspline,0.06,-3.174592124784348,-2.9303860981134306,0.9973296507177364,-4.001307229444086,-3.7295877082870086,-2.274987634101814,-0.7803579321908694,50
3,20,d3,logspline,0.06999999999999999,-2.750970929369773,-2.5116661219071883,0.9851814436232201,-3.5704173771468337,-3.3021175967719065,-1.8671177924170648,-0.3890570553787511,50
3,20,d3,logspline,0.08,-2.3897780679613216,-2.1555028529907725,0.9727486547489714,-3.2018223751296304,-2.9370023462413273,-1.522035315759245,-0.06101722792701997,50
3,20,d3,logspline,0.09,-2.0770914052463314,-1.8472798312250738,0.9600361855039002,-2.880908480783672,-2.6196278943960283,-1.225121849856178,0.2183891061928216,50
3,20,d3,logspline,0.1,-1.8032100540861034,-1.5770154346544771,0.9470494329953251,-2.5976969273227235,-2.340015295539045,-0.9663936490911946,0.45915585573630874,50
3,20,d3,logspline,0.11,-1.56007482096248,-1.337588570188083,0.9337942543232698,-2.3450694299575434,-2.091046401582979,-0.7387272802384234,0.6684174898040429,50
3,20,d3,logspline,0.12,-1.3424283649768876,-1.1237396856036643,0.920276931783158,-2.1177692684866924,-1.8674648594669268,-0.5368606445052383,0.8514479225322742,50
3,20,d3,logspline,0.13,-1.1462773073463999,-0.9314730333164822,0.9065041375468607,-1.911803610270392,-1.6652783592633429,-0.3567952519339999,1.0122581423068233,50
3,20,d3,logspline,0.14,-0.9685166382495134,-0.757681097055771,0.8924829088429344,-1.7240679559816534,-1.4813830376920478,-0.195420652642871,1.1539716824928163,50
3,20,d3,logspline,0.15000000000000002,-0.8066840212934726,-0.5998989155831425,0.8782206224697455,-1.5521004654230315,-1.3133177790820092,-0.05026876670299203,1.279070193291064,50
3,20,d3,logspline,0.16,-0.6587935069258161,-0.45613786265189815,0.8637249680215102,-1.3939157328562035,-1.1590979755871078,0.08065232578761847,1.3895595544757517,50
3,20,d3,logspline,0.17,-0.5232194594092205,-0.32476990288012786,0.8490039188239129,-1.247889044307879,-1.0170997750721846,0.19897410626223852,1.4870855020407792,50
3,20,d3,logspline,0.18000000000000002,-0.3986137981239073,-0.20444498245853876,0.8340656988344372,-1.1126737685289914,-0.8859774660960495,0.30605020169018277,1.573016120633322,50
3,20,d3,logspline,0.19,-0.28384583981392153,-0.09403077613689355,0.8189187367188472,-0.9871411135545038,-0.7646032306346834,0.4030166006194073,1.6485019722834053,50
3,20,d3,logspline,0.2,-0.17795759915971152,0.007432080907418717,0.8035716343483676,-0.8703353546378103,-0.6499966228300835,0.4908363964917918,1.7145207574285202,50
3,20,d3,logspline,0.21,-0.08013000665014643,0.10076381097069442,0.7880331509502742,-0.7614399980097286,-0.5425992481175592,0.5703335944806094,1.771911045092133,50
3,20,d3,logspline,0.22,0.00832648126149001,0.1866714376332584,0.772312190420331,-0.6597518212799711,-0.44244338050798737,0.6422190386569331,1.8213981294802235,50
3,20,d3,logspline,0.23,0.0918495464454287,0.265768962757049,0.7564177852646302,-0.5646605996866103,-0.35051448797707857,0.7082880409048016,1.8636141176554935,50
3,20,d3,logspline,0.24,0.17138781069167822,0.3385932469810685,0.7403590794565297,-0.4756330538542548,-0.26624918370171785,0.7694900853353935,1.8991137251288097,50
3,20,d3,logspline,0.25,0.24339436052443775,0.4056166333684312,0.7241453255211437,-0.3922002121775757,-0.18929781113843985,0.8247479149254934,1.9283868336622658,50
3,20,d3,logspline,0.26,0.3098718383034096,0.46725709175743335,0.7077858840847788,-0.31394729015135225,-0.11857376073751016,0.8760126144442713,1.9518685757489695,50
3,20,d3,logspline,0.27,0.3714051579885396,0.5238864796536681,0.6912902337924914,-0.24050548097786595,-0.05275794304669851,0.9303324653489098,1.9699475559950548,50
3,20,d3,logspline,0.28,0.42832657646698546,0.5758374683941611,0.6746681702117681,-0.1715452402557959,0.009566749592513978,0.9830384684882861,1.9829733980419642,50
3,20,d3,logspline,0.29000000000000004,0.48093458537778394,0.6234093049288303,0.6579300570872566,-0.10677075018309783,0.06816183287231137,1.0346889355778623,1.9912633639286939,50
3,20,d3,logspline,0.3,0.52949850895733,0.6668724669769456,0.6410868566417901,-0.045915323367011054,0.12274601155783796,1.0822525837232242,1.9951068539722097,50
3,20,d3,logspline,0.31,0.5742623455027913,0.7064726541287347,0.6241502700369804,0.011262438595716708,0.17470275321025505,1.1259696809710846,1.9947706129454448,50
3,20,d3,logspline,0.32,0.6154479966332207,0.7424343562702815,0.6071333810048706,0.06498187552617031,0.22488874139249243,1.1660582677780704,1.9905082573451383,50
3,20,d3,logspline,0.33,0.6532579974666795,0.7749639650417087,0.5900512944684999,0.11544300085162912,0.27173416185916155,1.1838175579469479,1.9825647202218961,50
3,20,d3,logspline,0.34,0.6906189778510545,0.8042522216436532,0.5729210709796486,0.16282882480044514,0.3154181411352175,1.1996597460480842,1.9718103505564266,50
3,20,d3,logspline,0.35000000000000003,0.7250786631630284,0.8304762267330367,0.5557615597887325,0.20730733972719878,0.3561049163635134,1.2190454429405138,1.9597947222533012,50
3,20,d3,logspline,0.36000000000000004,0.756699294734376,0.8538010652621546,0.5385932197986608,0.24903322467013256,0.39394552848133874,1.2354789928288263,1.944789750258212,50
3,20,d3,logspline,0.37,0.785626803409835,0.8743811529789005,0.5214379209885863,0.2881493152947854,0.4290792756209074,1.2491161007725384,1.9147422747662917,50
3,20,d3,logspline,0.38,0.8119970528444107,0.8923614989915006,0.5043190311912208,0.3247878767654318,0.46101796321498406,1.2601023416828885,1.8806085332688154,50
3,20,d3,logspline,0.39,0.8359368955237658,0.9078790410126131,0.4872620211768041,0.35907171026328677,0.4885728873194011,1.2721450348348722,1.8441858115665803,50
3,20,d3,logspline,0.4,0.857565093617949,0.9210637312627946,0.4702945990811477,0.38874619620180867,0.5126883344239386,1.2834801355768608,1.8057150097248904,50
3,20,d3,logspline,0.41,0.8769931245602236,0.9320395774195174,0.453446698859476,0.4139969463124996,0.5356618886359497,1.292480221966824,1.7654342711162492,50
3,20,d3,logspline,0.42,0.8943258879251076,0.9409254125067907,0.43675025079380925,0.4372409140022261,0.5591260132017889,1.299247070096082,1.7235785992268273,50
3,20,d3,logspline,0.43,0.9096623274805474,0.9478353383161663,0.4202387931750076,0.4585756474188428,0.5830338567852578,1.2922571151735847,1.6803794967255394,50
3,20,d3,logspline,0.44,0.9190729306480792,0.952879091263258,0.40394708338169844,0.4780930020932488,0.5999158460690427,1.2831734452739303,1.6360646276296427,50
3,20,d3,logspline,0.45,0.9264695885901505,0.9561623636863059,0.38791071692996204,0.4958796485460177,0.6161478039004429,1.272394505467426,1.5937228606538074,50
3,20,d3,logspline,0.46,0.9321832867961464,0.9577871925786308,0.37216586684059166,0.5120175229965633,0.6316714629067492,1.260029845006923,1.5555133988455334,50
3,20,d3,logspline,0.47,0.9362982976260382,0.9578524116891971,0.35674913486832777,0.5265842285720648,0.6455170342716903,1.2461847956057475,1.5163079947550244,50
3,20,d3,logspline,0.48,0.9388949925512252,0.9564538559146396,0.3416971921822479,0.5391250646780777,0.6577581266352686,1.2390554836442558,1.4798803833668632,50
3,20,d3,logspline,0.49,0.9400501485254282,0.95368449363325,0.3270463413010267,0.5496362440242298,0.6684649232434651,1.2307785838562775,1.4639454270732002,50
3,20,d3,logspline,0.5,0.934892254571831,0.9496345754635377,0.312832012371754,0.5587957985815835,0.6784924653947151,1.2211554407909997,1.4312705401827233,50
3,20,d3,logspline,0.51,0.9212635769491263,0.9443916668973628,0.2990882466802075,0.5666682190283764,0.6872026264881834,1.2102660192285781,1.398823290122035,50
3,20,d3,logspline,0.52,0.9067210957320524,0.9380404057637506,0.2858472190285948,0.573315113335473,0.6945789061165918,1.1981874539681105,1.375157448428541,50
3,20,d3,logspline,0.53,0.8972914655556008,0.9306623648086826,0.27313876794819036,0.578795415106474,0.7006792657979691,1.1653057421462099,1.3547759409895719,50
3,20,d3,logspline,0.54,0.890337066308049,0.9223355069402289,0.2609894572120419,0.5831655717989979,0.7051606950073468,1.1254737783244522,1.3334947098128969,50
3,20,d3,logspline,0.55,0.8815786655412078,0.9131332494854328,0.24942137480907806,0.586479715078978,0.7080200547258083,1.0869602036698842,1.3114161356675962,50
3,20,d3,logspline,0.56,0.8657546787108745,0.9031242136454073,0.23845192055278586,0.5879202250295126,0.7091565211438378,1.0592414993168202,1.2886378799877902,50
3,20,d3,logspline,0.5700000000000001,0.8534608947553407,0.8923731273222149,0.2280948269505187,0.5853868009260628,0.7089339185353134,1.045134717841766,1.2652512633521313,50
3,20,d3,logspline,0.5800000000000001,0.8440213356884041,0.8809417011454289,0.2183608248280588,0.5816027243612276,0.7108851861734742,1.0081307089788996,1.2413416692453472,50
3,20,d3,logspline,0.59,0.8391856394233719,0.8688889622043591,0.20925747735267447,0.5771225240529105,0.7109182644692539,0.9761581369259613,1.2169890271696446,50
3,20,d3,logspline,0.6,0.8334664132706529,0.856271501725415,0.20078870435488083,0.5723334452872935,0.706155244963196,0.9682316063114089,1.1922682551374797,50
3,20,d3,logspline,0.61,0.8245289516977365,0.8431437150234905,0.19295414045079654,0.5715709666255426,0.7031242273738433,0.9405731589428579,1.1672496631540115,50
3,20,d3,logspline,0.62,0.8132655843753589,0.8295581788893213,0.1857486054578478,0.5701809348783167,0.6991069191419581,0.9114333449632629,1.141999319746604,50
3,20,d3,logspline,0.63,0.7956752431239285,0.8155658726256675,0.17916136591908985,0.5682026032465217,0.6943037452810996,0.8850212153415201,1.119938129096019,50
3,20,d3,logspline,0.64,0.779138098342309,0.8012162273604828,0.1731752837611754,0.5656735145801397,0.6886692967372582,0.871144802242136,1.0984605874305038,50
3,20,d3,logspline,0.65,0.7692624908284588,0.7865569059289977,0.16776620467424797,0.5563137904676111,0.6776720919491644,0.8618923133032963,1.0767268027232657,50
3,20,d3,logspline,0.66,0.7531834155369695,0.7716327616491503,0.1629029923808482,0.5460256689524181,0.6704541394770392,0.8534141028798983,1.0547800405872314,50
3,20,d3,logspline,0.67,0.7286382197151366,0.7564855015793073,0.15854855156622244,0.5356300172200793,0.6594525999059218,0.8464600021503709,1.032660931560722,50
3,20,d3,logspline,0.68,0.7099346856665572,0.7411539708014554,0.15466121691913454,0.5234217633610506,0.6446374615068028,0.8331654600167376,1.0104076826313757,50
3,20,d3,logspline,0.6900000000000001,0.7005988254450557,0.7256744348432339,0.1511961487510243,0.5222425838909841,0.6359293487853481,0.8195845057513552,0.9880562679940841,50
3,20,d3,logspline,0.7000000000000001,0.6888115936982804,0.7100807944950077,0.14810660018600003,0.5211131351976591,0.6189202486727793,0.8042313585097665,0.9656406010527032,50
3,20,d3,logspline,0.7100000000000001,0.6694929363431303,0.6944047298963169,0.1453450489992127,0.519476208084573,0.5917054520584537,0.7840975593444822,0.944918369745444,50
3,20,d3,logspline,0.72,0.6541249532287078,0.6786758238035066,0.14286433205494622,0.5114989025947374,0.5705765109160148,0.7671032764135148,0.9239046321578235,50
3,20,d3,logspline,0.73,0.6447141129178334,0.6629217091910755,0.140618702894552,0.49460379579407476,0.5485585605828142,0.7499381897056361,0.8994357337877362,50
3,20,d3,logspline,0.74,0.6376607061321296,0.647168362019049,0.13856507753779299,0.47171015934358573,0.5272559285681178,0.7262024614170315,0.8751704761877279,50
3,20,d3,logspline,0.75,0.6301990025808275,0.6314403123110456,0.1366638075949789,0.44540893612718685,0.5143780296603708,0.7051716243203453,0.8511418993799489,50
3,20,d3,logspline,0.76,0.6172868242801299,0.6157608049502238,0.13487891944433028,0.4203753403216205,0.5042043448993407,0.6934734088152872,0.8273785825887602,50
3,20,d3,logspline,0.77,0.6021889497437343,0.6001519925131954,0.13317815909435163,0.3966157608482145,0.49950236308444845,0.6773694931256623,0.8041233483704022,50
3,20,d3,logspline,0.78,0.5901331731960844,0.5846349678132902,0.13153291413348167,0.37413417126212845,0.49450115009461204,0.6590952232222269,0.7820336751760772,50
3,20,d3,logspline,0.79,0.5800287903750285,0.5692297928747644,0.12991793389251668,0.35293214648109106,0.48922037671054663,0.6379226343993002,0.7601772695297695,50
3,20,d3,logspline,0.8,0.5669546341193935,0.5539551378553694,0.12831089531894524,0.3327780242118758,0.4836788354931577,0.6183269321203745,0.7438436612202253,50
3,20,d3,logspline,0.81,0.5486164498179513,0.5388276599389432,0.1266924528051347,0.31571851467808904,0.4765844848897528,0.6056965651029067,0.7286542356673088,50
3,20,d3,logspline,0.8200000000000001,0.5275363255486707,0.5238620490257276,0.12504659745528435,0.3016324038135129,0.46235697790039854,0.5948068524682112,0.7132605222093571,50
3,20,d3,logspline,0.8300000000000001,0.5086278231199113,0.5090711444042194,0.12336085477171489,0.2878502058473472,0.4449147806739323,0.5841655543497697,0.6976877325848676,50
3,20,d3,logspline,0.8400000000000001,0.4944157957980077,0.49446625119052545,0.12162633003476328,0.2745760507352883,0.4295113272842497,0.5737374524998059,0.6821483639477977,50
3,20,d3,logspline,0.85,0.48289152120228257,0.4800573766171352,0.11983835702058508,0.2617989613169138,0.4172283772566793,0.5611224467170425,0.6667794106638032,50
3,20,d3,logspline,0.86,0.4713255456410266,0.4658532186082643,0.11799650290647151,0.24950774301759412,0.4031540850399371,0.5478653876882098,0.6512814458737646,50
3,20,d3,logspline,0.87,0.4597352200153286,0.45186132256179123,0.11610382110978164,0.23769101857572666,0.38931774399936014,0.5364173148822728,0.6356770598534149,50
3,20,d3,logspline,0.88,0.44813716985771884,0.4380882275821519,0.11416609046015555,0.22633725762769752,0.3738400931614222,0.522874809690139,0.6179046193935048,50
3,20,d3,logspline,0.89,0.4378673370814635,0.4245395405257656,0.11219103040928956,0.21543480155505995,0.3583358308911002,0.5044155777880526,0.59994117247591106,50
3,20,d3,logspline,0.9,0.42633646190363916,0.41121963804150746,0.11018696812406793,0.20532303825870413,0.3431876684211459,0.4878193587158023,0.5822062705908526,50
3,20,d3,logspline,0.91,0.41436948016815234,0.398131466723566,0.10816200830183084,0.1974399878754633,0.3284075200718709,0.4753178090435167,0.5647104629461821,50
3,20,d3,logspline,0.92,0.40271323555220406,0.38527669264025693,0.1061240328898868,0.19007186985278376,0.3128974428254766,0.46025425697245104,0.5474637723286501,50
3,20,d3,logspline,0.93,0.3925139385844376,0.3726558724998721,0.10408069641006275,0.18257610362364288,0.2971966637472511,0.4429251741944443,0.530475714204432,50
3,20,d3,logspline,0.94,0.38178393280290124,0.360268591566556,0.1020393890775288,0.17540798526804047,0.2819429759166202,0.42608532737817884,0.513755314160706,50
3,20,d3,logspline,0.95,0.371241790860299,0.3481137926693702,0.1000067852637128,0.16848892298764068,0.26715258134635284,0.40972368351601635,0.4973111238225586,50
3,20,d3,logspline,0.96,0.35812589358381847,0.3361907810077761,0.097987308764968,0.16176167335717995,0.2528405817373899,0.3950632101559236,0.4799727486714681,50
3,20,d3,logspline,0.97,0.34454431231324056,0.324499569585429,0.09598291551832114,0.1561379796264402,0.2428700506126237,0.38301493531118475,0.46289729292073956,50
3,20,d3,logspline,0.98,0.33125834747319555,0.31304078889828235,0.09399358192084586,0.1491843380639427,0.2345089266629492,0.3720410024964244,0.446487816989787,50
3,20,d3,logspline,0.99,0.31826798860983085,0.30181524760600137,0.09201838573584606,0.14235990588912087,0.22637365279615526,0.361938213058591,0.4307032767890331,50
3,20,d3,logspline,1,0.30632364318838645,0.2908236616525127,0.09005659280697484,0.1358603869984678,0.21845437614612023,0.35190317295257023,0.41713658485845717,50
3,50,d0,ecdf,0.01,Inf,Inf,NA,Inf,Inf,Inf,Inf,0
3,50,d0,ecdf,0.02,Inf,Inf,NA,Inf,Inf,Inf,Inf,0
3,50,d0,ecdf,0.03,Inf,Inf,NA,Inf,Inf,Inf,Inf,0
3,50,d0,ecdf,0.04,Inf,Inf,NA,Inf,Inf,Inf,Inf,0
3,50,d0,ecdf,0.05,Inf,Inf,NA,Inf,Inf,Inf,Inf,0
3,50,d0,ecdf,0.06,Inf,Inf,NA,Inf,Inf,Inf,Inf,0
3,50,d0,ecdf,0.06999999999999999,Inf,Inf,NA,Inf,Inf,Inf,Inf,0
3,50,d0,ecdf,0.08,Inf,Inf,NA,Inf,Inf,Inf,Inf,0
3,50,d0,ecdf,0.09,Inf,Inf,NA,Inf,Inf,Inf,Inf,0
3,50,d0,ecdf,0.1,Inf,Inf,NA,Inf,Inf,Inf,Inf,0
3,50,d0,ecdf,0.11,Inf,Inf,NA,Inf,Inf,Inf,Inf,0
3,50,d0,ecdf,0.12,Inf,Inf,NA,Inf,Inf,Inf,Inf,0
3,50,d0,ecdf,0.13,Inf,Inf,NA,Inf,Inf,Inf,Inf,0
3,50,d0,ecdf,0.14,Inf,Inf,NA,Inf,Inf,Inf,Inf,0
3,50,d0,ecdf,0.15000000000000002,Inf,Inf,NA,Inf,Inf,Inf,Inf,0
3,50,d0,ecdf,0.16,Inf,Inf,NA,Inf,Inf,Inf,Inf,0
3,50,d0,ecdf,0.17,Inf,Inf,NA,Inf,Inf,Inf,Inf,0
3,50,d0,ecdf,0.18000000000000002,Inf,Inf,NA,Inf,Inf,Inf,Inf,0
3,50,d0,ecdf,0.19,Inf,Inf,NA,Inf,Inf,Inf,Inf,0
3,50,d0,ecdf,0.2,Inf,Inf,NA,Inf,Inf,Inf,Inf,0
3,50,d0,ecdf,0.21,Inf,Inf,NA,Inf,Inf,Inf,Inf,0
3,50,d0,ecdf,0.22,Inf,Inf,NA,Inf,Inf,Inf,Inf,0
3,50,d0,ecdf,0.23,Inf,Inf,NA,Inf,Inf,Inf,Inf,0
3,50,d0,ecdf,0.24,Inf,Inf,NA,Inf,Inf,Inf,Inf,0
3,50,d0,ecdf,0.25,Inf,Inf,NA,Inf,Inf,Inf,Inf,0
3,50,d0,ecdf,0.26,Inf,Inf,NA,Inf,Inf,Inf,Inf,0
3,50,d0,ecdf,0.27,Inf,Inf,NA,Inf,Inf,Inf,Inf,0
3,50,d0,ecdf,0.28,Inf,Inf,NA,Inf,Inf,Inf,Inf,0
3,50,d0,ecdf,0.29000000000000004,Inf,Inf,NA,Inf,Inf,Inf,Inf,0
3,50,d0,ecdf,0.3,Inf,Inf,NA,Inf,Inf,Inf,Inf,0
3,50,d0,ecdf,0.31,Inf,Inf,NA,Inf,Inf,Inf,Inf,0
3,50,d0,ecdf,0.32,Inf,Inf,NA,Inf,Inf,Inf,Inf,0
3,50,d0,ecdf,0.33,Inf,Inf,NA,Inf,Inf,Inf,Inf,0
3,50,d0,ecdf,0.34,Inf,Inf,NA,Inf,Inf,Inf,Inf,0
3,50,d0,ecdf,0.35000000000000003,Inf,Inf,NA,Inf,Inf,Inf,Inf,1
3,50,d0,ecdf,0.36000000000000004,Inf,Inf,NA,Inf,Inf,Inf,Inf,1
3,50,d0,ecdf,0.37,Inf,Inf,NA,Inf,Inf,Inf,Inf,1
3,50,d0,ecdf,0.38,Inf,Inf,NA,Inf,Inf,Inf,Inf,2
3,50,d0,ecdf,0.39,Inf,Inf,NA,Inf,Inf,Inf,Inf,2
3,50,d0,ecdf,0.4,Inf,Inf,NA,5.793763165883572,Inf,Inf,Inf,4
3,50,d0,ecdf,0.41,Inf,Inf,NA,5.818254129860109,Inf,Inf,Inf,6
3,50,d0,ecdf,0.42,Inf,Inf,NA,5.842145109376669,Inf,Inf,Inf,6
3,50,d0,ecdf,0.43,Inf,Inf,NA,5.865464115312672,Inf,Inf,Inf,6
3,50,d0,ecdf,0.44,Inf,Inf,NA,5.888237226782606,Inf,Inf,Inf,7
3,50,d0,ecdf,0.45,Inf,Inf,NA,5.91048876482437,Inf,Inf,Inf,9
3,50,d0,ecdf,0.46,Inf,Inf,NA,5.932241446996054,Inf,Inf,Inf,10
3,50,d0,ecdf,0.47,Inf,Inf,NA,5.953516525345332,Inf,Inf,Inf,12
3,50,d0,ecdf,0.48,Inf,Inf,NA,5.974333909852314,Inf,Inf,Inf,12
3,50,d0,ecdf,0.49,Inf,Inf,NA,5.994712279143454,5.994712279143454,Inf,Inf,14
3,50,d0,ecdf,0.5,Inf,Inf,NA,6.014669180019794,6.014669180019794,Inf,Inf,17
3,50,d0,ecdf,0.51,Inf,Inf,NA,6.03422111712887,6.03422111712887,Inf,Inf,18
3,50,d0,ecdf,0.52,Inf,Inf,NA,5.360236453368893,6.0533836339288385,Inf,Inf,20
3,50,d0,ecdf,0.53,Inf,Inf,NA,5.379024205380302,6.072171385940248,Inf,Inf,24
3,50,d0,ecdf,0.54,6.0905982071505544,Inf,NA,5.397451026590609,6.0905982071505544,Inf,Inf,28
3,50,d0,ecdf,0.55,6.108677170325384,Inf,NA,5.1925241803059485,6.108677170325384,Inf,Inf,31
3,50,d0,ecdf,0.56,6.12642064188539,Inf,NA,5.210267651865953,5.433273461325444,Inf,Inf,33
3,50,d0,ecdf,0.5700000000000001,6.143840331925921,Inf,NA,4.887002903409332,5.450693151365976,Inf,Inf,35
3,50,d0,ecdf,0.5800000000000001,5.814373749606477,Inf,NA,4.781380958147045,5.467800159326504,6.16094733988645,Inf,40
3,50,d0,ecdf,0.59,5.484605015756043,Inf,NA,4.568452025736606,5.079139907647878,6.177752196315988,Inf,45
3,50,d0,ecdf,0.6,5.501117720568328,Inf,NA,4.484550132457498,4.879891058121328,6.020978105988287,Inf,46
3,50,d0,ecdf,0.61,5.1118826700267705,Inf,NA,4.3339526155618335,4.82420059757499,5.517347778134935,Inf,47
3,50,d0,ecdf,0.62,5.127839121416703,Inf,NA,4.349909066951765,4.840157048964922,5.533304229524868,Inf,47
3,50,d0,ecdf,0.63,4.855848501604672,Inf,NA,4.2921582536480285,4.632704950290463,5.143530574056453,6.242142862724563,49
3,50,d0,ecdf,0.64,4.871283156602501,Inf,NA,4.178135976042555,4.511398437692825,5.158965229054282,6.257577517722392,49
3,50,d0,ecdf,0.65,4.663325282640062,4.795801466438044,0.5360247059296597,4.0755386177379425,4.481003725846107,4.886468833954272,5.960846963822185,50
3,50,d0,ecdf,0.66,4.587108666113724,4.683204476687401,0.5057167888835478,3.985122263950755,4.380334877846303,4.901412995824911,5.5945601763848565,50
3,50,d0,ecdf,0.67,4.510657659970983,4.587412713486186,0.542649646759877,3.904521856400667,4.256358435675333,4.692979216764938,5.609269948639093,50
3,50,d0,ecdf,0.68,4.370989172281752,4.477616819988658,0.526963709417271,3.8319926715490658,4.2374577796572295,4.661881019704476,5.218287032668956,50
3,50,d0,ecdf,0.6900000000000001,4.25171890329502,4.374034325590615,0.484586085649167,3.766211087513319,4.054915480895267,4.5394009757468,5.103091223703443,50
3,50,d0,ecdf,0.7000000000000001,4.265765189314944,4.288677732955709,0.46488274352118913,3.7394979888486963,4.0426216380007345,4.399296581939466,4.95891236987489,50
3,50,d0,ecdf,0.7100000000000001,4.056459052485681,4.186165659802988,0.46100437258621024,3.646544549920981,3.9611488726813566,4.379751148268283,4.872335186268442,50
3,50,d0,ecdf,0.72,3.9747831317344273,4.08291736084013,0.4561793913063116,3.5667461402939775,3.8877717547447976,4.175453827196579,4.7632404920986975,50
3,50,d0,ecdf,0.73,3.9012083382868297,3.9857905095924697,0.4680402503573389,3.552901644018614,3.747057658459571,4.083529895080784,4.594355518846775,50
3,50,d0,ecdf,0.74,3.8344097952416543,3.8787037895907304,0.3526990379374268,3.4267088616235974,3.62677043046341,4.00146387990482,4.4534490036478775,50
3,50,d0,ecdf,0.75,3.7733586140722055,3.7793405821278165,0.2826429939763046,3.3642630712410946,3.594358755085357,3.927509293899464,4.279972035962256,50
3,50,d0,ecdf,0.76,3.6527014839308336,3.6750854351855313,0.2508283818117806,3.334247752812299,3.5349184482744502,3.786232876555356,4.122705113176569,50
3,50,d0,ecdf,0.77,3.6047732515817454,3.599796872953631,0.2542104782000517,3.2790845917784743,3.4422543220839708,3.729936394535751,4.092511921731969,50
3,50,d0,ecdf,0.78,3.5601378298144803,3.532666774384131,0.23787322487979087,3.2316337628424447,3.3594671343523292,3.6627647100167557,3.9295837194695533,50
3,50,d0,ecdf,0.79,3.467131213761241,3.4550982913370816,0.24295650244663936,3.130658977140028,3.2848096569672864,3.629650143259016,3.86456554238452,50
3,50,d0,ecdf,0.8,3.384009983918219,3.371552233162335,0.24114220676458012,3.0410652327913885,3.1886506532679175,3.5177901345132065,3.7670022361743247,50
3,50,d0,ecdf,0.81,3.288615598768578,3.29445112359276,0.22771977439343055,2.990572864910171,3.1285574263429945,3.479150611780302,3.653867082320435,50
3,50,d0,ecdf,0.8200000000000001,3.22198459490661,3.226400560112933,0.22400685415945323,2.9154323584634056,3.073161548140117,3.396795902918491,3.5545123177530753,50
3,50,d0,ecdf,0.8300000000000001,3.160918581756095,3.174682386579756,0.2311113818831987,2.8587960745887546,3.0141611903704537,3.3751745359077843,3.514936478282943,50
3,50,d0,ecdf,0.8400000000000001,3.072374807726609,3.1034851742333873,0.22240276301051107,2.793580543386315,2.9181681922718496,3.3033605365008447,3.4311939080107297,50
3,50,d0,ecdf,0.85,3.0371500078829583,3.046089670801916,0.22745907292000467,2.749467935431177,2.8960714096230524,3.2014530591742343,3.422611822834247,50
3,50,d0,ecdf,0.86,2.9614167606665505,2.9913896844772454,0.22379156336110995,2.6718681143922893,2.856056245008724,3.1691644812172663,3.3485119712406,50
3,50,d0,ecdf,0.87,2.892512312989984,2.93270450418478,0.21144963951122162,2.6624208512255993,2.7776317047575434,3.1064566653891506,3.280994273505867,50
3,50,d0,ecdf,0.88,2.829405829831032,2.8808965421996233,0.2074499741635061,2.6158317295329727,2.7604129583440806,3.0117273866249867,3.291995762500637,50
3,50,d0,ecdf,0.89,2.7712806704135664,2.8121923423046153,0.20174900095948253,2.5606997969249417,2.691277683873943,2.9143815140542397,3.1767457785217306,50
3,50,d0,ecdf,0.9,2.728005683081496,2.7607972433686685,0.20179390676719758,2.5018986304107416,2.6374362708090433,2.8936273821289413,3.1404058706637636,50
3,50,d0,ecdf,0.91,2.68726572877771,2.7125390076911673,0.20380286243964468,2.4474924114818477,2.591955548973386,2.8150991002875956,3.0893473393220203,50
3,50,d0,ecdf,0.92,2.639480188141019,2.65621296561657,0.18941683232765355,2.3877550846541022,2.5322346577874217,2.7757541538988053,2.9721859419667553,50
3,50,d0,ecdf,0.93,2.5772353608220033,2.6037567235931682,0.18337731845746932,2.326406515383094,2.4809980704078654,2.7283124133521612,2.871874369344832,50
3,50,d0,ecdf,0.94,2.511368974807814,2.5542819486805226,0.17217047092619386,2.2996397591306845,2.4559858295213783,2.6791293808355885,2.838824407365463,50
3,50,d0,ecdf,0.95,2.4973609949045006,2.5023826796432784,0.16763957647799552,2.2505486016905345,2.370872321521652,2.6107191362860336,2.814264931152831,50
3,50,d0,ecdf,0.96,2.430995250862462,2.4594094193392797,0.15597390972142813,2.2305300554058327,2.346437862834399,2.5815845575732292,2.7099391846785474,50
3,50,d0,ecdf,0.97,2.383827449873393,2.409214994918987,0.1488113245680624,2.2060498127147388,2.2973598641545596,2.5015140256085746,2.671413062403972,50
3,50,d0,ecdf,0.98,2.326374992962838,2.3534462028368544,0.1443694985857218,2.1316985126490544,2.251339807019924,2.421685172767163,2.6290376301663008,50
3,50,d0,ecdf,0.99,2.2916171459189805,2.310546823863931,0.13454050198188366,2.1145194011950363,2.2139469219375565,2.375789947387971,2.5314568573643035,50
3,50,d0,ecdf,1,2.2467718318160452,2.269777260924928,0.12548570834884673,2.088775553452346,2.200786718574222,2.3423918152437007,2.509925713732607,50
3,50,d0,logspline,0.01,8.385070106382514,8.611194223764242,1.520883687820503,6.484207088278873,7.605984759870433,9.483884985301724,10.732309265283906,50
3,50,d0,logspline,0.02,8.339677143175118,8.564563893974826,1.509460345275806,6.451966232863718,7.567346551493786,9.430681729301957,10.672475592113027,50
3,50,d0,logspline,0.03,8.293623129414879,8.51719985690878,1.497661558161512,6.419385008398896,7.528224259682315,9.376577555715755,10.611513435606543,50
3,50,d0,logspline,0.04,8.246909355123439,8.469104149695436,1.4854901828942662,6.386463752540998,7.488618576027083,9.321574887475965,10.549426575542238,50
3,50,d0,logspline,0.05,8.199537619579857,8.420279604142449,1.472950067400459,6.353202937104231,7.448530466084441,9.265677099139943,10.486220269793561,50
3,50,d0,logspline,0.06,8.151510224636066,8.370729827051598,1.4600460103686363,6.319603167159913,7.407961166724508,9.208888499581935,10.421901221084058,50
3,50,d0,logspline,0.06999999999999999,8.102829966216557,8.3204591755865,1.4467837106297008,6.285665179885264,7.3669121827497825,9.151214310079176,10.356477535041645,50
3,50,d0,logspline,0.08,8.053500124071181,8.269472728161006,1.4331697079956116,6.251389843166217,7.325385282804347,9.092660638036817,10.2899586701252,50
3,50,d0,logspline,0.09,8.003524449863066,8.217776251381913,1.419211317053111,6.216778153960149,7.283382494598069,9.033234446640948,10.222355380094925,50
3,50,d0,logspline,0.1,7.9529071536859455,8.165376163625183,1.4049165555110517,6.181831236425218,7.240906099474254,8.972943520768425,10.153679649781552,50
3,50,d0,logspline,0.11,7.90165288911599,8.112279495850762,1.3902940687381302,6.146550339824081,7.197958626352522,8.911796429514826,10.08394462497646,50
3,50,d0,logspline,0.12,7.849766736912844,8.058493850268118,1.3753530521060269,6.110936836210452,7.154542845082083,8.849802485728734,10.013164537313923,50
3,50,d0,logspline,0.13,7.797254187492451,8.004027357454275,1.3601031726780017,6.074992217907929,7.110661759243387,8.789313709339194,9.941354625048145,50
3,50,d0,logspline,0.14,7.744121122300813,7.948888632500991,1.3445544916639447,6.038718094791064,7.066318598438626,8.72950668908588,9.86853105064123,50
3,50,d0,logspline,0.15000000000000002,7.6903737942226655,7.893086730730257,1.3287173889102082,6.002116191379468,7.021516810113733,8.66895932799317,9.79471081607483,50
3,50,d0,logspline,0.16,7.636018807162297,7.8366311034705864,1.3126024905171028,5.965188343756252,6.976260050956235,8.607681370776968,9.71991167677891,50
3,50,d0,logspline,0.17,7.581063094935498,7.779531554333616,1.2962206004893115,5.927936496322637,6.9305521779146,8.54568300571319,9.644152055037345,50
3,50,d0,logspline,0.18000000000000002,7.525513899611781,7.721798196373894,1.2795826371342138,5.890362698401028,6.884315960939571,8.48103782458839,9.567450953683814,50
3,50,d0,logspline,0.19,7.469378749444733,7.663441410457086,1.2626995747384342,5.852469100699169,6.837213455183944,8.41227478576689,9.4898278708447,50
3,50,d0,logspline,0.2,7.412665436525722,7.604471805105056,1.2455823908803945,5.814257951648306,6.7896651181256935,8.342743201429489,9.41130271642032,50
3,50,d0,logspline,0.21,7.355418213152144,7.5449001780321145,1.2282420195810435,5.7757315936285165,6.741675693514198,8.272457562203225,9.331895730924243,50
3,50,d0,logspline,0.22,7.299411372024201,7.484737479536356,1.2106893103594623,5.738285918715572,6.693250080066169,8.201432629277598,9.251627407224616,50
3,50,d0,logspline,0.23,7.24287509085012,7.423994777864198,1.1929349931463216,5.701370597655933,6.644393320569501,8.12968338525888,9.170518415653223,50
3,50,d0,logspline,0.24,7.185817250968279,7.362683226625546,1.1749896489166176,5.664173830588846,6.595110590945503,8.057224986619742,9.088589532869666,50
3,50,d0,logspline,0.25,7.128245881885329,7.300814034301441,1.156863685833106,5.626697853683835,6.545407189315625,7.984072717977145,9.005861574790597,50
3,50,d0,logspline,0.26,7.070169142191681,7.238398435855748,1.1385673206420306,5.588944967549326,6.495288525116642,7.910241948396186,8.922355333819526,50
3,50,d0,logspline,0.27,7.011595300871534,7.175447666436956,1.1201105650313365,5.550917533986896,6.444760108305989,7.835748089882625,8.8380915205419,50
3,50,d0,logspline,0.28,6.9525327190786115,7.111972937135261,1.1015032166463463,5.512617972719233,6.393827538696442,7.754385760573509,8.753090709984166,50
3,50,d0,logspline,0.29000000000000004,6.89298983244144,7.047985412743341,1.0827548544568342,5.474048758100791,6.3424964954566985,7.671485992279076,8.667373292475268,50
3,50,d0,logspline,0.3,6.8329751339545055,6.983496191456104,1.0638748381803322,5.4352124158199375,6.290772726811565,7.587911986246109,8.580959429094435,50
3,50,d0,logspline,0.31,6.772497157504141,6.918516286434715,1.0448723114874845,5.396111519601125,6.238662039972705,7.503682297141241,8.493869011641099,50
3,50,d0,logspline,0.32,6.711221698068448,6.85305660915303,1.0257562087446026,5.3567486879152835,6.186170291327855,7.418815227378755,8.406121627021035,50
3,50,d0,logspline,0.33,6.647392629992046,6.787127954439616,1.006535265084931,5.317126580706374,6.133303376913565,7.333328796943655,8.317736525907346,50
3,50,d0,logspline,0.34,6.583107085044766,6.720740987125575,0.9872180296424038,5.277247896141647,6.0800672231935184,7.248370057708535,8.228732595505722,50
3,50,d0,logspline,0.35000000000000003,6.518374419692471,6.653906230297115,0.9678128816639997,5.23711536739283,6.024700443287041,7.172212672408744,8.139128336229902,50
3,50,d0,logspline,0.36000000000000004,6.453203941579078,6.586634058139961,0.9483280437733587,5.196731759455021,5.966929505746739,7.100299280255344,8.048941842075381,50
3,50,d0,logspline,0.37,6.387604896414651,6.518934693482852,0.9287715918746923,5.156099866009749,5.908780056368844,7.027916825337089,7.958190784466356,50
3,50,d0,logspline,0.38,6.32158645580331,6.4508182006550525,0.9091514787958296,5.1152225063381795,5.850259103986335,6.950508584869342,7.866892399342614,50
3,50,d0,logspline,0.39,6.255157706002575,6.382294481057907,0.8894755589576112,5.074102522290085,5.791373626525273,6.8657793045979325,7.77506347724861,50
3,50,d0,logspline,0.4,6.188327637600409,6.313373277559365,0.8697516038055482,5.032742775313709,5.732130562711745,6.7859930145234895,7.6827203561862305,50
3,50,d0,logspline,0.41,6.121105136091543,6.244064175606931,0.8499873318983283,4.9911461435513065,5.67253680431331,6.709723057865107,7.589878916994926,50
3,50,d0,logspline,0.42,6.054516128516295,6.174376635794375,0.8301904455784738,4.949080936264549,5.611952784003783,6.625828260533545,7.496554581027743,50
3,50,d0,logspline,0.43,5.9879262452996675,6.1043200266282325,0.8103686755444051,4.906665957422126,5.550317157972142,6.539293218998669,7.402762309898678,50
3,50,d0,logspline,0.44,5.920976079872284,6.033903619570906,0.7905298320320423,4.864020592730133,5.488344091477969,6.453505049202032,7.308516607085417,50
3,50,d0,logspline,0.45,5.853673700564995,5.9631366011385145,0.77068185116043475,4.8211478277322755,5.426040520533652,6.367299109301234,7.213831521181513,50
3,50,d0,logspline,0.46,5.786027048366611,5.892028108876365,0.7508328163522711,4.778050825016638,5.363413294881803,6.280687363860658,7.118720650602958,50
3,50,d0,logspline,0.47,5.71804393222968,5.820587266885596,0.7309909752216254,4.734733202346968,5.300469173166164,6.195322068586604,7.023197149565769,50
3,50,d0,logspline,0.48,5.649732025019726,5.748823257518792,0.711164794439891,4.69119904913377,5.237214818600982,6.111519151489222,6.927273735163206,50
3,50,d0,logspline,0.49,5.582734638011022,5.676745501506564,0.6913630632535441,4.6474528886788935,5.173656795120049,6.028383661312484,6.830962695383528,50
3,50,d0,logspline,0.5,5.520528239096313,5.6043637244534965,0.6715949954173388,4.603499643861468,5.109801590697231,5.951827143677461,6.734275897921309,50
3,50,d0,logspline,0.51,5.458037407287801,5.5316880191972,0.6518702846315138,4.559344605867246,5.045655995150593,5.874945359519913,6.637224799647512,50
3,50,d0,logspline,0.52,5.395268106057745,5.458729028157642,0.6321992187174005,4.514993405540451,4.981227525592317,5.797748487074183,6.539820456615142,50
3,50,d0,logspline,0.53,5.332226197706943,5.385498088185073,0.6125928863583742,4.470451987008114,4.921583806420827,5.723216587042263,6.442073534488712,50
3,50,d0,logspline,0.54,5.268917441583631,5.312007526416492,0.5930634845704743,4.425726584853763,4.862762032627013,5.640179043069244,6.331946829825402,50
3,50,d0,logspline,0.55,5.206260014991182,5.238270952532736,0.5736245456143274,4.3808237966793415,4.803701631088995,5.556759198914261,6.213878312193458,50
3,50,d0,logspline,0.56,5.1469765959087095,5.1643036220135246,0.5542913355608493,4.335750815705721,4.744411676286032,5.4730445221695,6.0986669835785055,50
3,50,d0,logspline,0.5700000000000001,5.07441017526219,5.090122723675551,0.5350812641772372,4.288504467140152,4.684901740409494,5.39116392962957,5.983159487666869,50
3,50,d0,logspline,0.5800000000000001,4.995117995766053,5.015747394228207,0.5160141322110894,4.238172485175943,4.6298201562582015,5.314208749184386,5.867379904740186,50
3,50,d0,logspline,0.59,4.9236667571677195,4.9411991861981654,0.49711282367613746,4.187753927271813,4.575600780239754,5.236993491231513,5.751359512275544,50
3,50,d0,logspline,0.6,4.8585608667778715,4.866503621181212,0.47840506578528064,4.137266942770938,4.521247440328979,5.159530970869864,5.635157243926628,50
3,50,d0,logspline,0.61,4.7892259164170685,4.791691459706398,0.4599238912496305,4.086730142933224,4.46677726408764,5.073085411276948,5.521677864629422,50
3,50,d0,logspline,0.62,4.707737806680939,4.716798755662018,0.44170702934767897,4.036162550909416,4.408676096879595,4.976968783991557,5.430883044590688,50
3,50,d0,logspline,0.63,4.6265444594571,4.641866453902636,0.4237964240192558,3.985583554142474,4.347803416177809,4.8807802109452005,5.33999623266128,50
3,50,d0,logspline,0.64,4.5463976816834695,4.566940093009269,0.40623820325193577,3.9350128590414375,4.288075339030595,4.78825134976978,5.249058591908493,50
3,50,d0,logspline,0.65,4.477058331204494,4.492070946284422,0.38908674698566875,3.884017150173887,4.241061565394762,4.704485990383867,5.158115489602694,50
3,50,d0,logspline,0.66,4.40779857931903,4.417316366041181,0.3724054876439144,3.8328864953098707,4.190971967889169,4.624420849712561,5.067216294153308,50
3,50,d0,logspline,0.67,4.33865998620062,4.342738850097134,0.3562631691273083,3.7818455919438168,4.109674483414514,4.547785883060972,4.976413875787516,50
3,50,d0,logspline,0.68,4.269685276473503,4.2684050766879515,0.34072972097566184,3.730916606803057,4.042750664781929,4.4568653110283725,4.8857641480878,50
3,50,d0,logspline,0.6900000000000001,4.200918154738533,4.194384943078836,0.325872068409185,3.680121827554781,3.9836051830587254,4.372864821753522,4.795325646739403,50
3,50,d0,logspline,0.7000000000000001,4.128795004764566,4.120750140312586,0.31175048045154347,3.629483624869338,3.9247924352785653,4.311060282680422,4.70515914173992,50
3,50,d0,logspline,0.7100000000000001,4.054529132437935,4.047572877769409,0.2984152698584049,3.5790244161110882,3.8662080704602975,4.226856355576418,4.615327279813191,50
3,50,d0,logspline,0.72,3.974014131160864,3.974925408395228,0.285903215030694,3.5287665190782946,3.8078873885881346,4.146828232940075,4.525894254150028,50
3,50,d0,logspline,0.73,3.8844407179784373,3.9028795469280264,0.27423474465648234,3.4787313359873666,3.746313668118678,4.077836860233139,4.423148010610303,50
3,50,d0,logspline,0.74,3.8173979074188056,3.8315057106074324,0.263412211701562,3.428938846530299,3.683868756308896,3.997018961630571,4.316566622226738,50
3,50,d0,logspline,0.75,3.743111630177407,3.7608702261179907,0.25342001752606363,3.366929362911401,3.612080694932052,3.9175300004643914,4.2141155285772305,50
3,50,d0,logspline,0.76,3.6801354963928166,3.691033877941054,0.24422678191990863,3.3032378682832846,3.5491639795192857,3.838818759732263,4.128585112576914,50
3,50,d0,logspline,0.77,3.61754202594044,3.6220515599724403,0.2357871111970593,3.23831791585868,3.4742807701395413,3.7609438062640996,4.043854984981042,50
3,50,d0,logspline,0.78,3.548001038595279,3.553969202882318,0.22804180001269886,3.176277924731935,3.4143463698679364,3.688241421751266,3.95999352796317,50
3,50,d0,logspline,0.79,3.4732092323494284,3.486823343266613,0.22092356834029658,3.1227662318126415,3.3525775123249453,3.6179604842223267,3.8770686487519943,50
3,50,d0,logspline,0.8,3.400557162747644,3.4206428238002324,0.21436371941710822,3.0724579423355145,3.293140900205991,3.5523143809025095,3.7951476103431183,50
3,50,d0,logspline,0.81,3.331396262310366,3.355449777368129,0.20829683201796026,3.0287420903321323,3.2286048800614564,3.493529994954878,3.7142968703621326,50
3,50,d0,logspline,0.8200000000000001,3.2634648477826698,3.2912604435227713,0.20266380163115472,2.9852208177222566,3.162477611066208,3.4203514063892313,3.633550210121771,50
3,50,d0,logspline,0.8300000000000001,3.2026452895249085,3.2280864198383625,0.19741257282454228,2.9416779398675357,3.1078687025715874,3.351003217905293,3.549687189775831,50
3,50,d0,logspline,0.8400000000000001,3.1384792452590604,3.1659362495644245,0.19249696923342513,2.8956117359809848,3.0527950237799484,3.2892744756350103,3.4675594738410833,50
3,50,d0,logspline,0.85,3.076566400540857,3.1048162379285413,0.18787566221186905,2.849935939449092,2.9886037069513147,3.2267990780735536,3.392176236523749,50
3,50,d0,logspline,0.86,3.0227632914601816,3.0447314296576318,0.18351176525091348,2.804659975256806,2.9241530595391407,3.1616940654624366,3.324263301159454,50
3,50,d0,logspline,0.87,2.961755519962167,2.985685934383723,0.17937281048259499,2.7558373662613205,2.861188502441841,3.098232114171635,3.2649034885976724,50
3,50,d0,logspline,0.88,2.901921468667487,2.927682566155742,0.1754301201497989,2.7063868643052986,2.81211476279247,3.040054508121001,3.2050118331447544,50
3,50,d0,logspline,0.89,2.8442999634453345,2.8707226406134723,0.17165814402373283,2.6512098170767167,2.763493420783569,2.9853235641609817,3.1427634702047005,50
3,50,d0,logspline,0.9,2.7920326517286673,2.814806003182024,0.16803424525256502,2.5912598369298685,2.7066330838206305,2.9311944972017745,3.0843091103844884,50
3,50,d0,logspline,0.91,2.740592779963272,2.7599311472609847,0.16453864064299953,2.5317264037390004,2.6509307592492286,2.8782978293163226,3.031490229455239,50
3,50,d0,logspline,0.92,2.689980814824123,2.706095341102714,0.1611543404218762,2.4742843265884744,2.6036799306780574,2.827494278255678,2.968660409801054,50
3,50,d0,logspline,0.93,2.6401960791366204,2.6532947286323445,0.15786702419689344,2.4189090357321916,2.553766332547604,2.7773243421685727,2.9052722574645844,50
3,50,d0,logspline,0.94,2.5900316172730733,2.6015243352983366,0.15466476500636694,2.365564563729257,2.502056934727359,2.7270638072001407,2.842674182790299,50
3,50,d0,logspline,0.95,2.5374808787955234,2.5507781230022064,0.15153782335242919,2.314205549160825,2.4513687870814755,2.6676013145623116,2.7809042933969153,50
3,50,d0,logspline,0.96,2.4861304014496195,2.501049082721164,0.14847847703358463,2.2647789692031655,2.4002803027508732,2.609625692807076,2.7215168635160096,50
3,50,d0,logspline,0.97,2.4383976296797707,2.4523292601006763,0.1454807749708653,2.2172256287920953,2.352890300460785,2.556042990305018,2.6682111159596356,50
3,50,d0,logspline,0.98,2.3934393506530567,2.404609841601629,0.14254035046539185,2.1714814336286654,2.3099441524566497,2.506949354218901,2.6166493288819277,50
3,50,d0,logspline,0.99,2.3492663912636633,2.3578812654028054,0.13965425236076082,2.127478472657539,2.264656139009233,2.463578115745608,2.565616221485471,50
3,50,d0,logspline,1,2.305045742339342,2.312133319588868,0.13682075855854212,2.0851459334302063,2.2212257606553356,2.422528570412846,2.515387450039274,50
3,50,d1,ecdf,0.01,Inf,Inf,NA,Inf,Inf,Inf,Inf,0
3,50,d1,ecdf,0.02,Inf,Inf,NA,Inf,Inf,Inf,Inf,0
3,50,d1,ecdf,0.03,Inf,Inf,NA,Inf,Inf,Inf,Inf,0
3,50,d1,ecdf,0.04,Inf,Inf,NA,Inf,Inf,Inf,Inf,0
3,50,d1,ecdf,0.05,Inf,Inf,NA,Inf,Inf,Inf,Inf,0
3,50,d1,ecdf,0.06,Inf,Inf,NA,Inf,Inf,Inf,Inf,0
3,50,d1,ecdf,0.06999999999999999,Inf,Inf,NA,Inf,Inf,Inf,Inf,0
3,50,d1,ecdf,0.08,Inf,Inf,NA,Inf,Inf,Inf,Inf,0
3,50,d1,ecdf,0.09,Inf,Inf,NA,Inf,Inf,Inf,Inf,0
3,50,d1,ecdf,0.1,Inf,Inf,NA,Inf,Inf,Inf,Inf,0
3,50,d1,ecdf,0.11,Inf,Inf,NA,Inf,Inf,Inf,Inf,0
3,50,d1,ecdf,0.12,Inf,Inf,NA,Inf,Inf,Inf,Inf,0
3,50,d1,ecdf,0.13,Inf,Inf,NA,Inf,Inf,Inf,Inf,0
3,50,d1,ecdf,0.14,Inf,Inf,NA,Inf,Inf,Inf,Inf,0
3,50,d1,ecdf,0.15000000000000002,Inf,Inf,NA,Inf,Inf,Inf,Inf,0
3,50,d1,ecdf,0.16,Inf,Inf,NA,Inf,Inf,Inf,Inf,0
3,50,d1,ecdf,0.17,Inf,Inf,NA,Inf,Inf,Inf,Inf,0
3,50,d1,ecdf,0.18000000000000002,Inf,Inf,NA,Inf,Inf,Inf,Inf,0
3,50,d1,ecdf,0.19,Inf,Inf,NA,Inf,Inf,Inf,Inf,0
3,50,d1,ecdf,0.2,Inf,Inf,NA,Inf,Inf,Inf,Inf,0
3,50,d1,ecdf,0.21,Inf,Inf,NA,Inf,Inf,Inf,Inf,0
3,50,d1,ecdf,0.22,Inf,Inf,NA,Inf,Inf,Inf,Inf,0
3,50,d1,ecdf,0.23,Inf,Inf,NA,Inf,Inf,Inf,Inf,0
3,50,d1,ecdf,0.24,Inf,Inf,NA,Inf,Inf,Inf,Inf,0
3,50,d1,ecdf,0.25,Inf,Inf,NA,Inf,Inf,Inf,Inf,0
3,50,d1,ecdf,0.26,Inf,Inf,NA,Inf,Inf,Inf,Inf,0
3,50,d1,ecdf,0.27,Inf,Inf,NA,Inf,Inf,Inf,Inf,0
3,50,d1,ecdf,0.28,Inf,Inf,NA,Inf,Inf,Inf,Inf,0
3,50,d1,ecdf,0.29000000000000004,Inf,Inf,NA,Inf,Inf,Inf,Inf,0
3,50,d1,ecdf,0.3,Inf,Inf,NA,Inf,Inf,Inf,Inf,0
3,50,d1,ecdf,0.31,Inf,Inf,NA,Inf,Inf,Inf,Inf,0
3,50,d1,ecdf,0.32,Inf,Inf,NA,Inf,Inf,Inf,Inf,0
3,50,d1,ecdf,0.33,Inf,Inf,NA,Inf,Inf,Inf,Inf,0
3,50,d1,ecdf,0.34,Inf,Inf,NA,Inf,Inf,Inf,Inf,0
3,50,d1,ecdf,0.35000000000000003,Inf,Inf,NA,Inf,Inf,Inf,Inf,0
3,50,d1,ecdf,0.36000000000000004,Inf,Inf,NA,Inf,Inf,Inf,Inf,0
3,50,d1,ecdf,0.37,Inf,Inf,NA,Inf,Inf,Inf,Inf,0
3,50,d1,ecdf,0.38,Inf,Inf,NA,Inf,Inf,Inf,Inf,0
3,50,d1,ecdf,0.39,Inf,Inf,NA,Inf,Inf,Inf,Inf,0
3,50,d1,ecdf,0.4,Inf,Inf,NA,Inf,Inf,Inf,Inf,0
3,50,d1,ecdf,0.41,Inf,Inf,NA,Inf,Inf,Inf,Inf,2
3,50,d1,ecdf,0.42,Inf,Inf,NA,Inf,Inf,Inf,Inf,3
3,50,d1,ecdf,0.43,Inf,Inf,NA,4.68184038514609,Inf,Inf,Inf,4
3,50,d1,ecdf,0.44,Inf,Inf,NA,4.7266258981486144,Inf,Inf,Inf,4
3,50,d1,ecdf,0.45,Inf,Inf,NA,4.770351705872335,Inf,Inf,Inf,4
3,50,d1,ecdf,0.46,Inf,Inf,NA,4.813063305147283,Inf,Inf,Inf,6
3,50,d1,ecdf,0.47,Inf,Inf,NA,4.854803262989384,Inf,Inf,Inf,7
3,50,d1,ecdf,0.48,Inf,Inf,NA,4.895611463474767,Inf,Inf,Inf,9
3,50,d1,ecdf,0.49,Inf,Inf,NA,4.935525329155989,Inf,Inf,Inf,11
3,50,d1,ecdf,0.5,Inf,Inf,NA,4.974580020106754,4.974580020106754,Inf,Inf,14
3,50,d1,ecdf,0.51,Inf,Inf,NA,5.012808613253766,5.012808613253766,Inf,Inf,17
3,50,d1,ecdf,0.52,Inf,Inf,NA,5.050242264292865,5.050242264292865,Inf,Inf,22
3,50,d1,ecdf,0.53,Inf,Inf,NA,4.39376317362032,5.086910354180265,Inf,Inf,25
3,50,d1,ecdf,0.54,Inf,Inf,NA,4.429693441369188,5.122840621929133,Inf,Inf,25
3,50,d1,ecdf,0.55,5.15805928521947,Inf,NA,4.2419062952000335,5.15805928521947,Inf,Inf,26
3,50,d1,ecdf,0.56,5.192591150139045,Inf,NA,4.093978861470935,4.672730764719086,Inf,Inf,30
3,50,d1,ecdf,0.5700000000000001,5.226459711209801,Inf,NA,4.127847422541691,4.533312530649855,Inf,Inf,36
3,50,d1,ecdf,0.5800000000000001,5.259687242713593,Inf,NA,4.161074954045484,4.566540062153647,5.259687242713593,Inf,38
3,50,d1,ecdf,0.59,4.599147701649865,Inf,NA,3.906000521089919,4.599147701649865,5.292294882209809,Inf,40
3,50,d1,ecdf,0.6,4.631155526472396,Inf,NA,3.938008345912451,4.225690418364232,5.324302707032341,Inf,45
3,50,d1,ecdf,0.61,4.662582623902346,Inf,NA,3.9694354433424017,4.257117515794182,5.355729804462292,Inf,45
3,50,d1,ecdf,0.62,4.287982047525399,Inf,NA,4.000299975073618,4.287982047525399,4.693447155633564,Inf,46
3,50,d1,ecdf,0.63,4.318301308970799,Inf,NA,3.8074756852048086,4.102539754631963,4.723766417078964,Inf,47
3,50,d1,ecdf,0.64,4.348091783897029,Inf,NA,3.736989303894363,4.060409711445248,4.652190614978153,Inf,47
3,50,d1,ecdf,0.65,4.233528158596204,Inf,NA,3.5300713344348904,3.8665435710561034,4.377369194822094,Inf,47
3,50,d1,ecdf,0.66,4.118466477112352,Inf,NA,3.558850689176929,3.895322925798142,4.406148549564133,5.192844606980264,48
3,50,d1,ecdf,0.67,3.9236185605226424,Inf,NA,3.3358318956205233,3.741297003728687,4.434444184288633,4.839909292396797,49
3,50,d1,ecdf,0.68,3.951444179599395,Inf,NA,3.2582969990394495,3.51482339850979,4.174587730913605,4.685275612824875,49
3,50,d1,ecdf,0.6900000000000001,3.796491335754693,3.7649622072119615,0.3969160954786062,3.1903555321843773,3.508809263302912,3.978812892548647,4.489638516314638,50
3,50,d1,ecdf,0.7000000000000001,3.669265011706562,3.695582928292861,0.41016752077532365,3.1694236306192085,3.417950583425656,3.9601568591292864,4.516562872093766,50
3,50,d1,ecdf,0.7100000000000001,3.5622256379391044,3.602923573718117,0.3934786938670403,3.1127370406104946,3.3390820866248947,3.849907710390885,4.255372818499049,50
3,50,d1,ecdf,0.72,3.4705138053811058,3.536818289290606,0.3996184835747972,3.0286810531020665,3.2698431099189547,3.721828233662012,4.18102942350604,50
3,50,d1,ecdf,0.73,3.4434949845507976,3.4519363851726697,0.3022835426639494,3.0543424901006713,3.2084931699279298,3.6139582780360944,3.901640350487875,50
3,50,d1,ecdf,0.74,3.416077001477791,3.374142614327366,0.3018808694326616,3.010611893369626,3.1537127370103,3.5214375171356176,3.7727519454165233,50
3,50,d1,ecdf,0.75,3.2586287392286626,3.3200144014291118,0.29267811859409987,2.9376031247778425,3.104478059401404,3.440950296022617,3.7976252399613495,50
3,50,d1,ecdf,0.76,3.2030801284822785,3.24406248024026,0.2765218008961633,2.823590506777375,3.059979284841605,3.370134213145445,3.688587944263979,50
3,50,d1,ecdf,0.77,3.084103588229072,3.1848341972286347,0.2993691761825165,2.747631351607859,3.019565067091501,3.3072471395432816,3.712712247651446,50
3,50,d1,ecdf,0.78,3.0433286220735716,3.1121050298043853,0.28125431039193605,2.724874890955037,2.925545586417188,3.250967986851816,3.618692766977133,50
3,50,d1,ecdf,0.79,3.0061155113483284,3.0393160172520974,0.26977007224607813,2.620453030536344,2.9084066815556735,3.1151440240179418,3.536743762410499,50
3,50,d1,ecdf,0.8,2.9449913351386114,2.97245221976575,0.2565680557539191,2.5665598376655847,2.817874265946491,3.0898079814301327,3.464501430871543,50
3,50,d1,ecdf,0.81,2.8650016071890363,2.905120309255955,0.23216172611665445,2.552924452652539,2.7496347468985936,3.03762601531154,3.3201796053662065,50
3,50,d1,ecdf,0.8200000000000001,2.8164909610048947,2.8462259411387176,0.21677768267531833,2.5753289041880065,2.6988630881250737,2.9502711115998825,3.237429292578824,50
3,50,d1,ecdf,0.8300000000000001,2.7515637313770354,2.7954969496408615,0.2206517303849731,2.5081796916912182,2.633780695720652,2.885095124001558,3.1925250261108635,50
3,50,d1,ecdf,0.8400000000000001,2.7325128188024084,2.7330612984641545,0.2067293234730004,2.452309198871843,2.584092813684135,2.895236202038463,3.0610168857744444,50
3,50,d1,ecdf,0.85,2.640649136646016,2.6773893024292987,0.2105915949908518,2.361935734176996,2.538866442336074,2.8373594308920707,2.9551657993909846,50
3,50,d1,ecdf,0.86,2.560032112995802,2.620192904831109,0.1962836558204129,2.3564331577545623,2.475122033652207,2.7751434926127474,2.882973570965757,50
3,50,d1,ecdf,0.87,2.5337704406390333,2.567117591724442,0.17833739839261056,2.3374057322511312,2.4313732343160273,2.682687662596934,2.8368383424241914,50
3,50,d1,ecdf,0.88,2.4801304496438292,2.512403887967065,0.1662313188945277,2.274278395439681,2.404559413177398,2.6342811294710877,2.76039882551948,50
3,50,d1,ecdf,0.89,2.4315323860373272,2.448408608337301,0.1588395207227732,2.225205120885456,2.366904968108696,2.5518136199687316,2.6884885922361583,50
3,50,d1,ecdf,0.9,2.3995952461463324,2.3935072191605498,0.14751902033517622,2.1637927908399774,2.2916261623498624,2.5134250155370355,2.641828591782977,50
3,50,d1,ecdf,0.91,2.346143465910548,2.3426821956148216,0.13785191160846277,2.1323155725627156,2.2508072824941956,2.4320166867693667,2.585636938015176,50
3,50,d1,ecdf,0.92,2.2649299477844784,2.295790845116324,0.1391538558913895,2.097834186235593,2.203054544066391,2.401505482790229,2.531558611038427,50
3,50,d1,ecdf,0.93,2.2024931563558052,2.2470045839578163,0.14088400651455113,2.072300124406438,2.1640268755280094,2.3056773925910363,2.5264696010523973,50
3,50,d1,ecdf,0.94,2.183015314248396,2.206313215563506,0.1390323889719697,2.026172842755426,2.1102559599659676,2.303159626090459,2.453316098020914,50
3,50,d1,ecdf,0.95,2.111604871450072,2.158152717606125,0.12530569687521378,2.0046374960420383,2.0777033197743906,2.23536772780789,2.400502483101814,50
3,50,d1,ecdf,0.96,2.0962010526882082,2.112816161700723,0.12566033007417055,1.9472932152083375,2.016158345014672,2.196974283678985,2.3522264260717805,50
3,50,d1,ecdf,0.97,2.0499220596831074,2.069686623281229,0.12249169165465063,1.91086259326371,1.9892974378666728,2.161405939530262,2.3103230523174925,50
3,50,d1,ecdf,0.98,2.0147308798999584,2.025872846757973,0.1179009428476517,1.8379720215104065,1.9398199315681872,2.099696657138403,2.23176222889901,50
3,50,d1,ecdf,0.99,1.9890401935887785,1.9786168792250893,0.12324106804908345,1.8073020025849504,1.887918926444524,2.066423615205781,2.211311252704236,50
3,50,d1,ecdf,1,1.9314662468569015,1.9318657916871764,0.1176617066827608,1.767417902082124,1.8433589793466347,2.010158186345884,2.1440084885776205,50
3,50,d1,logspline,0.01,2.8678545082857747,3.243686120220849,2.2664787512428215,1.188193302142475,2.0034964290103487,3.907653404066065,5.678636751632817,50
3,50,d1,logspline,0.02,3.521614092840659,3.894717879606513,2.250199420380915,1.854194800440604,2.6635204100381222,4.5532432488001096,6.310428184227829,50
3,50,d1,logspline,0.03,3.8871675766151434,4.257401994188448,2.233238535491689,2.232247581450237,3.0354807465894,4.910405505852913,6.653328552458264,50
3,50,d1,logspline,0.04,4.134414738351456,4.5016401751272745,2.2156057509456755,2.4922508581370417,3.2892768579257847,5.149040759369798,6.877241114737764,50
3,50,d1,logspline,0.05,4.316601128370147,4.680680610153729,2.1973142040057088,2.6874493913247246,3.4781537929291275,5.3223956813219555,7.035416255430366,50
3,50,d1,logspline,0.06,4.457444600043251,4.818244431910504,2.178380170590168,2.8415600237378955,3.6258287633929616,5.454189557139414,7.151577979541081,50
3,50,d1,logspline,0.06999999999999999,4.5695978849319,4.926988218272563,2.1588226582146666,2.9672342584143534,3.7449537214754414,5.557076853443673,7.23838644155995,50
3,50,d1,logspline,0.08,4.660614469584947,5.014469786508302,2.1386629581860173,3.072024139461929,3.843081239293841,5.63861308595179,7.303403767168277,50
3,50,d1,logspline,0.09,4.735367458575579,5.0855669697584895,2.117924179261024,3.160801119711036,3.925083375217805,5.7036864424162514,7.351512853215365,50
3,50,d1,logspline,0.1,4.797185134825535,5.143613090520031,2.096630783395776,3.2368916262828553,3.994287237888225,5.755808775741411,7.38605285794527,50
3,50,d1,logspline,0.11,4.848442393424505,5.190988310489459,2.074808141305276,3.302668500247223,4.053066424143673,5.797168647710444,7.409410558686743,50
3,50,d1,logspline,0.12,4.890893736085442,5.229452546420339,2.0524821218208364,3.359883997474217,4.103174017967112,5.829523568708604,7.423353265204897,50
3,50,d1,logspline,0.13,4.925872514848119,5.260344642426623,2.0296787249665393,3.4098690392519755,4.145941839034925,5.854210124486857,7.429227978413112,50
3,50,d1,logspline,0.14,4.954416123500028,5.2847074983399995,2.0064237647027627,3.453658411097595,4.182405639305227,5.872269152490194,7.4280864940058855,50
3,50,d1,logspline,0.15000000000000002,4.977840321078904,5.303369907343722,1.9827426037240772,3.4920726624134764,4.2133870003086855,5.8845276179585015,7.420767204784434,50
3,50,d1,logspline,0.16,4.9975761888055725,5.317001915674121,1.9586599397506577,3.5256612866549757,4.23954874388357,5.891654002712139,7.407950415490346,50
3,50,d1,logspline,0.17,5.012937019975805,5.326153361251895,1.9341996405042516,3.55490894613845,4.261433513560597,5.894196863998664,7.390196828373208,50
3,50,d1,logspline,0.18000000000000002,5.024374355299237,5.331281374159734,1.9093846230083567,3.5804298869684477,4.279491310133307,5.892612347105889,7.3679749839799875,50
3,50,d1,logspline,0.19,5.032267233993373,5.3327704279747135,1.8842367719305222,3.6026003135974456,4.2926882470151115,5.887284241704508,7.3416812478348765,50
3,50,d1,logspline,0.2,5.036937110919731,5.330947239434376,1.8587768912884735,3.621738738632788,4.301711344874176,5.878538880429478,7.311654642139413,50
3,50,d1,logspline,0.21,5.038659128014356,5.326092027579551,1.8330246838526911,3.6381172619805615,4.307845631052047,5.866656391878094,7.278188035202091,50
3,50,d1,logspline,0.22,5.037670758919001,5.318447150412219,1.8069987528798372,3.6519702232809217,4.311327392151914,5.851879327051547,7.2415367080637125,50
3,50,d1,logspline,0.23,5.03417852823717,5.308223819696053,1.7807166213007433,3.6635009290219793,4.312361938377717,5.834419360775845,7.201925000202694,50
3,50,d1,logspline,0.24,5.028363297615396,5.295607385393215,1.7541947640782751,3.67288694649671,4.311128892989256,5.814462560404933,7.1595515268822565,50
3,50,d1,logspline,0.25,5.020712428394642,5.280761540525125,1.727448650078892,3.6802843159658005,4.307786399946632,5.792173573295835,7.114593319803913,50
3,50,d1,logspline,0.26,5.0110667750734414,5.263831700772459,1.7004927904200946,3.6858309358222225,4.305025196227184,5.767698987966609,7.067209146073212,50
3,50,d1,logspline,0.27,4.999528746148812,5.244947745840365,1.6733407908334408,3.689649308175529,4.302176962455806,5.74117005645764,7.017542193021274,50
3,50,d1,logspline,0.28,4.986211101253326,5.224226261940384,1.6460054061013139,3.69184878452002,4.2976411253360585,5.712704917650333,6.965722258594203,50
3,50,d1,logspline,0.29000000000000004,4.971215338023395,5.201772390474356,1.6184985950769246,3.692527416816074,4.291516952395231,5.682410426949797,6.911867552618243,50
3,50,d1,logspline,0.3,4.954633221868674,5.177681363049096,1.5908315751798234,3.691773494299664,4.283893965605819,5.650383672711268,6.856086189173088,50
3,50,d1,logspline,0.31,4.936548063512154,5.152039784550866,1.5630148755766027,3.6896668278880003,4.274853223639649,5.616713241330741,6.798477431806111,50
3,50,d1,logspline,0.32,4.917035792431308,5.1249267122885405,1.535058388514561,3.6862798302912356,4.264468399858215,5.581480279150468,6.739132739517945,50
3,50,d1,logspline,0.33,4.8961658639598,5.096414568875207,1.5069714184820837,3.681678429571387,4.25280669378632,5.544759388949936,6.678136651044962,50
3,50,d1,logspline,0.34,4.8740020299164355,5.066569918649802,1.4787627290312573,3.6759228459989997,4.2399296059250045,5.506619390891636,6.6155675370449245,50
3,50,d1,logspline,0.35000000000000003,4.850602996566167,5.03545413139735,1.450440587223253,3.6690682559982104,4.225893599699544,5.46712397172122,6.551498243710822,50
3,50,d1,logspline,0.36000000000000004,4.8260229890226185,5.003123952445163,1.4220128057524348,3.6611653622777336,4.210750669644722,5.426332241319225,6.488957641615757,50
3,50,d1,logspline,0.37,4.800312237535602,4.969631994556668,1.3934867828772335,3.6522608855811907,4.194625963668537,5.384299212029209,6.428508754133228,50
3,50,d1,logspline,0.38,4.773517398223127,4.93502716416807,1.3648695403401356,3.6423979906083694,4.177520780508024,5.3410762132976,6.366781960735993,50
3,50,d1,logspline,0.39,4.7456819185228305,4.899355032233545,1.3361677595005141,3.6316166563761887,4.159443237505876,5.296510736664018,6.303830877037685,50
3,50,d1,logspline,0.4,4.716846355815621,4.862658158126113,1.3073878159364694,3.6199539994679393,4.140431722117505,5.250201787665835,6.23970582500745,50
3,50,d1,logspline,0.41,4.687048656212131,4.824976373623307,1.2785358127475217,3.607444557158841,4.120522038642383,5.202834028257759,6.174454114234334,50
3,50,d1,logspline,0.42,4.656324399312038,4.786347038858901,1.249617610518992,3.594120536227072,4.099747655498911,5.154447456034162,6.108120290840547,50
3,50,d1,logspline,0.43,4.622836725814653,4.7468052964926155,1.2206388534646793,3.5800120323025313,4.078139923107733,5.105079781208698,6.040746358690118,50
3,50,d1,logspline,0.44,4.590721002403102,4.706384295075034,1.1916049928504149,3.5651472238246944,4.055728266456185,5.054766615534739,5.972371976768394,50
3,50,d1,logspline,0.45,4.5584179811577945,4.665115379564947,1.1625213045467526,3.549552544040491,4.032540355775792,5.003541640185118,5.903034635978242,50
3,50,d1,logspline,0.46,4.525316965002803,4.623028252791849,1.1333929131560498,3.5332528339452347,4.008602258236502,4.95143675544197,5.832769818082276,50
3,50,d1,logspline,0.47,4.491444301319637,4.580151126714085,1.1042248274135427,3.516271478632653,3.9839385731239982,4.8984822146095475,5.7616111390950735,50
3,50,d1,logspline,0.48,4.454673791363454,4.536510898447241,1.0750219812413466,3.498630529156617,3.9585725526026856,4.844706744199126,5.689590479077674,50
3,50,d1,logspline,0.49,4.416423476570967,4.4921332832075676,1.0457892625864673,3.4803508117036692,3.9320606829154356,4.790137652131796,5.616738099994855,50
3,50,d1,logspline,0.5,4.377462488897592,4.447042946457091,1.0165315260807835,3.461452025621048,3.904285043692018,4.734800925451021,5.5430827530526745,50
3,50,d1,logspline,0.51,4.337813473134849,4.401263673216783,0.98725362185852,3.4419528316307173,3.875866435882515,4.678721318823931,5.468651776730736,50
3,50,d1,logspline,0.52,4.297499453411274,4.354818593797986,0.9579604822556501,3.4218709313790137,3.8468250060252696,4.621922494070546,5.393471186553449,50
3,50,d1,logspline,0.53,4.253442872695765,4.307730486470846,0.9286572538014636,3.401223139318233,3.817180273310335,4.564427641501172,5.31756575750136,50
3,50,d1,logspline,0.54,4.204815374630783,4.260022052706549,0.899349362568299,3.380025447785984,3.7857824150381303,4.506259978241846,5.240959099842916,50
3,50,d1,logspline,0.55,4.155571816866235,4.211716025152474,0.8700425548492003,3.357488145016761,3.7560990187841266,4.447442751517924,5.163673729064735,50
3,50,d1,logspline,0.56,4.110174692024441,4.1628351901126726,0.8407429493276821,3.332016380782555,3.72586191695646,4.387999204416728,5.085731130491776,50
3,50,d1,logspline,0.5700000000000001,4.066387524045133,4.113402524827407,0.8114571245108944,3.3060320954207114,3.694937467618503,4.329828833203065,5.007151819114813,50
3,50,d1,logspline,0.5800000000000001,4.022045742986856,4.063441461623501,0.7821922153112545,3.2795523942789275,3.6617075242444166,4.271581614046226,4.927955612208731,50
3,50,d1,logspline,0.59,3.97716785279046,4.012976287605074,0.7529561748151614,3.252594606800194,3.6266367159727073,4.212761897202821,4.848165566238123,50
3,50,d1,logspline,0.6,3.9318245448436313,3.962032431785842,0.7237581206159023,3.225176270748091,3.591065994029509,4.153395451464877,4.767813034710603,50
3,50,d1,logspline,0.61,3.8852649828740935,3.910636685684488,0.6946088527146577,3.19731511688409,3.5535856509358688,4.093512786424106,4.686937405323846,50
3,50,d1,logspline,0.62,3.838216505389483,3.8588176097106364,0.6655217840674805,3.1690290540364154,3.515437229465647,4.03314868297902,4.605585075464514,50
3,50,d1,logspline,0.63,3.7907024962116944,3.8066054541186287,0.6365131494058395,3.1403361544577093,3.4768718773133687,3.980854975955927,4.523808525422006,50
3,50,d1,logspline,0.64,3.7427478079900407,3.7540320182192195,0.6076020929288776,3.11125463939725,3.4379170189962522,3.9232458955838627,4.441665475565638,50
3,50,d1,logspline,0.65,3.693366812269004,3.7011305373048997,0.5788108756213233,3.0818028648362708,3.398601233384985,3.8661560088994795,4.359218117064579,50
3,50,d1,logspline,0.66,3.6417061951829472,3.6479355118654095,0.5501652066019348,3.0519993073529488,3.3579429520514976,3.8086742880155833,4.2765324082740355,50
3,50,d1,logspline,0.67,3.589750562418156,3.5944826950406745,0.5216948310926168,3.0218625500978273,3.317008356837841,3.7577062671837567,4.193677585403778,50
3,50,d1,logspline,0.68,3.537539607952554,3.5408092166942278,0.49343446731163176,2.99141126887129,3.2758381960471197,3.7016793545696935,4.110727629758903,50
3,50,d1,logspline,0.6900000000000001,3.481523113902199,3.486953642727737,0.465425605235494,2.960664218302961,3.23446499299129,3.6457690769452875,4.027762899064111,50
3,50,d1,logspline,0.7000000000000001,3.4270437617505145,3.432958533928582,0.4377312557445446,2.929640218138894,3.192921674689131,3.591506274276857,3.944869480542291,50
3,50,d1,logspline,0.7100000000000001,3.377948184676331,3.3788739569714985,0.4104541538596829,2.8966801658952503,3.1512415054977354,3.536994039497801,3.8636222907901736,50
3,50,d1,logspline,0.72,3.3215817660147313,3.3247564674880254,0.3837313217829909,2.8616813431945727,3.1094580232182234,3.4822803286719943,3.783243048943093,50
3,50,d1,logspline,0.73,3.2576911507933612,3.27066747831529,0.3577251182529977,2.826532948622381,3.067604977587508,3.427415608523751,3.703112056802574,50
3,50,d1,logspline,0.74,3.203670832786165,3.2166718499646194,0.3326148151173192,2.7912555459879886,3.025819781952496,3.371039321401535,3.6233235144002887,50
3,50,d1,logspline,0.75,3.1498866507039667,3.16283663193192,0.30858829514184327,2.7558695794173604,2.985347488117399,3.3118971322477884,3.5439742132309937,50
3,50,d1,logspline,0.76,3.088086173670269,3.1092298164809486,0.28583349449868534,2.720395364492105,2.9448488477327706,3.256830690544108,3.4651629366046564,50
3,50,d1,logspline,0.77,3.0272381164865507,3.055919030389042,0.2645291129030561,2.684853079507719,2.904350947293885,3.201939253270689,3.398016167516887,50
3,50,d1,logspline,0.78,2.971752716808712,3.002970239959473,0.24483425219857696,2.6492627568504314,2.865104418730776,3.1432154456168324,3.3391379594045922,50
3,50,d1,logspline,0.79,2.921463340346306,2.95044671786907,0.2268770057351206,2.6136442744900563,2.8285822970693193,3.0866407190396217,3.280227082533416,50
3,50,d1,logspline,0.8,2.8738052356640282,2.8984081724410933,0.2107422870254732,2.5778834911646724,2.7820340613155925,3.0332233457110287,3.2213332867870292,50
3,50,d1,logspline,0.81,2.8299424983793893,2.8469100377526235,0.1964605049566618,2.54153673570772,2.741428541090304,2.9827634047278146,3.163355059111905,50
3,50,d1,logspline,0.8200000000000001,2.779806707527209,2.7960029847466186,0.18399966825329808,2.5052566398612948,2.699961573828148,2.9255769605080064,3.107151154704306,50
3,50,d1,logspline,0.8300000000000001,2.7294386136336923,2.7457289056121295,0.1732577521868764,2.469062149002587,2.6492206413061745,2.8717664292965264,3.0245991965358616,50
3,50,d1,logspline,0.8400000000000001,2.681870099789082,2.6961111721221642,0.16406294685074235,2.432971085968221,2.608091337943736,2.8189413179935636,2.9533800083344963,50
3,50,d1,logspline,0.85,2.6425397480470725,2.6471567772516393,0.15621103149895899,2.3970002311282865,2.5668178739097884,2.7669034608572787,2.8800233891543074,50
3,50,d1,logspline,0.86,2.595805916061124,2.5988620987333184,0.14950030909067138,2.3611653976405633,2.5250384399455044,2.711278929202601,2.809064025463562,50
3,50,d1,logspline,0.87,2.54445895373371,2.5512167625796924,0.14375070508327573,2.3215533272955184,2.4847042490990248,2.6502796901745858,2.75025119429934,50
3,50,d1,logspline,0.88,2.493937897915039,2.5042078595853265,0.1388117727237952,2.2764302572047184,2.4364777820174166,2.590875010625143,2.703151019683249,50
3,50,d1,logspline,0.89,2.4410975341221137,2.457825944017492,0.13456173604448995,2.2321280562658634,2.3854747022388576,2.538616127351684,2.6601104516734253,50
3,50,d1,logspline,0.9,2.3880660147564186,2.4120655392124606,0.1308999536997948,2.18755663282521,2.3447956433388613,2.499884670053575,2.6173531752783585,50
3,50,d1,logspline,0.91,2.348228078511453,2.3669238822768657,0.12774104230115366,2.1435313027296288,2.3016507977975866,2.462893030626278,2.5749167341387116,50
3,50,d1,logspline,0.92,2.3049091648897537,2.3224002062304776,0.125011597800756,2.106871613717257,2.2540840153025243,2.4143541457911453,2.532589930148861,50
3,50,d1,logspline,0.93,2.2623021975707562,2.27849526472086,0.12264808601644378,2.0763674946143755,2.214793154728789,2.367695280771569,2.4903899954920528,50
3,50,d1,logspline,0.94,2.2250507174182594,2.2352109132621667,0.1205952033567333,2.039817310674479,2.173116611254704,2.320329747091354,2.447955538298087,50
3,50,d1,logspline,0.95,2.184806698317275,2.1925497975741712,0.118804606345157,2.0050985744127243,2.124470386394047,2.2733105724689926,2.399221801949593,50
3,50,d1,logspline,0.96,2.141256574591852,2.1505151442114085,0.11723385882074518,1.9766359987994393,2.0764130515149954,2.229102438356628,2.3506723763970987,50
3,50,d1,logspline,0.97,2.0996508796257976,2.1091107291150393,0.11584559926697247,1.9478696277736778,2.028567744624384,2.1898671654267714,2.303110804587697,50
3,50,d1,logspline,0.98,2.0664458037603577,2.068340716690658,0.11460686998236004,1.9141695121172753,1.9907299862399435,2.152881972131498,2.2557679497571677,50
3,50,d1,logspline,0.99,2.033267179722588,2.028209345734085,0.11348849838628393,1.877171572643884,1.9544626536312082,2.1075943704934748,2.2105189161566923,50
3,50,d1,logspline,1,1.9923098384550657,1.9887207489627068,0.11246442745563062,1.8373353598771902,1.9147110308511976,2.062220207628855,2.1717560820700124,50
3,50,d2,ecdf,0.01,Inf,Inf,NA,Inf,Inf,Inf,Inf,0
3,50,d2,ecdf,0.02,Inf,Inf,NA,Inf,Inf,Inf,Inf,0
3,50,d2,ecdf,0.03,Inf,Inf,NA,Inf,Inf,Inf,Inf,0
3,50,d2,ecdf,0.04,Inf,Inf,NA,Inf,Inf,Inf,Inf,0
3,50,d2,ecdf,0.05,Inf,Inf,NA,Inf,Inf,Inf,Inf,0
3,50,d2,ecdf,0.06,Inf,Inf,NA,Inf,Inf,Inf,Inf,0
3,50,d2,ecdf,0.06999999999999999,Inf,Inf,NA,Inf,Inf,Inf,Inf,0
3,50,d2,ecdf,0.08,Inf,Inf,NA,Inf,Inf,Inf,Inf,0
3,50,d2,ecdf,0.09,Inf,Inf,NA,Inf,Inf,Inf,Inf,0
3,50,d2,ecdf,0.1,Inf,Inf,NA,Inf,Inf,Inf,Inf,0
3,50,d2,ecdf,0.11,Inf,Inf,NA,Inf,Inf,Inf,Inf,0
3,50,d2,ecdf,0.12,Inf,Inf,NA,Inf,Inf,Inf,Inf,0
3,50,d2,ecdf,0.13,Inf,Inf,NA,Inf,Inf,Inf,Inf,0
3,50,d2,ecdf,0.14,Inf,Inf,NA,Inf,Inf,Inf,Inf,0
3,50,d2,ecdf,0.15000000000000002,Inf,Inf,NA,Inf,Inf,Inf,Inf,0
3,50,d2,ecdf,0.16,Inf,Inf,NA,Inf,Inf,Inf,Inf,0
3,50,d2,ecdf,0.17,Inf,Inf,NA,Inf,Inf,Inf,Inf,0
3,50,d2,ecdf,0.18000000000000002,Inf,Inf,NA,Inf,Inf,Inf,Inf,0
3,50,d2,ecdf,0.19,Inf,Inf,NA,Inf,Inf,Inf,Inf,0
3,50,d2,ecdf,0.2,Inf,Inf,NA,Inf,Inf,Inf,Inf,0
3,50,d2,ecdf,0.21,Inf,Inf,NA,Inf,Inf,Inf,Inf,0
3,50,d2,ecdf,0.22,Inf,Inf,NA,Inf,Inf,Inf,Inf,0
3,50,d2,ecdf,0.23,Inf,Inf,NA,Inf,Inf,Inf,Inf,0
3,50,d2,ecdf,0.24,Inf,Inf,NA,Inf,Inf,Inf,Inf,0
3,50,d2,ecdf,0.25,Inf,Inf,NA,Inf,Inf,Inf,Inf,0
3,50,d2,ecdf,0.26,Inf,Inf,NA,Inf,Inf,Inf,Inf,0
3,50,d2,ecdf,0.27,Inf,Inf,NA,Inf,Inf,Inf,Inf,0
3,50,d2,ecdf,0.28,Inf,Inf,NA,Inf,Inf,Inf,Inf,0
3,50,d2,ecdf,0.29000000000000004,Inf,Inf,NA,Inf,Inf,Inf,Inf,0
3,50,d2,ecdf,0.3,Inf,Inf,NA,Inf,Inf,Inf,Inf,0
3,50,d2,ecdf,0.31,Inf,Inf,NA,Inf,Inf,Inf,Inf,0
3,50,d2,ecdf,0.32,Inf,Inf,NA,Inf,Inf,Inf,Inf,0
3,50,d2,ecdf,0.33,Inf,Inf,NA,Inf,Inf,Inf,Inf,0
3,50,d2,ecdf,0.34,Inf,Inf,NA,Inf,Inf,Inf,Inf,0
3,50,d2,ecdf,0.35000000000000003,Inf,Inf,NA,Inf,Inf,Inf,Inf,0
3,50,d2,ecdf,0.36000000000000004,Inf,Inf,NA,Inf,Inf,Inf,Inf,0
3,50,d2,ecdf,0.37,Inf,Inf,NA,Inf,Inf,Inf,Inf,0
3,50,d2,ecdf,0.38,Inf,Inf,NA,Inf,Inf,Inf,Inf,0
3,50,d2,ecdf,0.39,Inf,Inf,NA,Inf,Inf,Inf,Inf,2
3,50,d2,ecdf,0.4,Inf,Inf,NA,Inf,Inf,Inf,Inf,2
3,50,d2,ecdf,0.41,Inf,Inf,NA,Inf,Inf,Inf,Inf,2
3,50,d2,ecdf,0.42,Inf,Inf,NA,Inf,Inf,Inf,Inf,2
3,50,d2,ecdf,0.43,Inf,Inf,NA,Inf,Inf,Inf,Inf,2
3,50,d2,ecdf,0.44,Inf,Inf,NA,Inf,Inf,Inf,Inf,2
3,50,d2,ecdf,0.45,Inf,Inf,NA,Inf,Inf,Inf,Inf,3
3,50,d2,ecdf,0.46,Inf,Inf,NA,Inf,Inf,Inf,Inf,3
3,50,d2,ecdf,0.47,Inf,Inf,NA,Inf,Inf,Inf,Inf,3
3,50,d2,ecdf,0.48,Inf,Inf,NA,4.0343784746851075,Inf,Inf,Inf,4
3,50,d2,ecdf,0.49,Inf,Inf,NA,4.092803262702953,Inf,Inf,Inf,5
3,50,d2,ecdf,0.5,Inf,Inf,NA,4.149914001853197,Inf,Inf,Inf,6
3,50,d2,ecdf,0.51,Inf,Inf,NA,4.205760564722644,Inf,Inf,Inf,6
3,50,d2,ecdf,0.52,Inf,Inf,NA,4.260389945344544,Inf,Inf,Inf,7
3,50,d2,ecdf,0.53,Inf,Inf,NA,4.313846478837002,Inf,Inf,Inf,7
3,50,d2,ecdf,0.54,Inf,Inf,NA,4.366172040498873,Inf,Inf,Inf,10
3,50,d2,ecdf,0.55,Inf,Inf,NA,3.7242590460651894,Inf,Inf,Inf,11
3,50,d2,ecdf,0.56,Inf,Inf,NA,3.774439338458458,4.467586519018402,Inf,Inf,14
3,50,d2,ecdf,0.5700000000000001,Inf,Inf,NA,3.823601254368368,4.516748434928313,Inf,Inf,17
3,50,d2,ecdf,0.5800000000000001,Inf,Inf,NA,3.8717784833796696,4.564925663939615,Inf,Inf,20
3,50,d2,ecdf,0.59,Inf,Inf,NA,3.513537904479725,4.612150193147834,Inf,Inf,23
3,50,d2,ecdf,0.6,4.658452421803814,Inf,NA,3.5598401331357037,3.965305241243868,Inf,Inf,26
3,50,d2,ecdf,0.61,4.703861266471738,Inf,NA,3.317566905351847,4.0107140859117925,Inf,Inf,30
3,50,d2,ecdf,0.62,4.7484042576263485,Inf,NA,3.362109896506458,4.055257077066404,Inf,Inf,32
3,50,d2,ecdf,0.63,4.792107628511353,Inf,NA,3.4058132673914625,3.6934953398432433,Inf,Inf,36
3,50,d2,ecdf,0.64,4.141849216430456,Inf,NA,3.448702035870511,3.736384108322292,4.834996396990402,Inf,39
3,50,d2,ecdf,0.65,4.183947260482704,Inf,NA,3.368071126699943,3.778482152374539,4.877094441042649,Inf,43
3,50,d2,ecdf,0.66,4.225277387925256,Inf,NA,3.3089866560511,3.53213020736531,4.9184245684852,Inf,44
3,50,d2,ecdf,0.67,4.2658614008835265,Inf,NA,3.3495706690093714,3.572714220323581,4.2658614008835265,4.959008581443472,48
3,50,d2,ecdf,0.68,3.900255047368319,Inf,NA,3.2891525673656536,3.4452153114308812,4.305720155476484,4.9988673360364295,49
3,50,d2,ecdf,0.6900000000000001,3.939408509027872,Inf,NA,3.2462613284679267,3.428582885261881,4.344873617136036,5.038020797695982,49
3,50,d2,ecdf,0.7000000000000001,3.690193731377655,Inf,NA,3.1305779434422325,3.3303090124679797,4.28197463491056,5.076488092497546,49
3,50,d2,ecdf,0.7100000000000001,3.7279931937214936,3.7243946097617053,0.5242741461676439,3.1683774057860705,3.322528085613329,4.015675266173274,4.421140374281439,50
3,50,d2,ecdf,0.72,3.541998859356955,3.651541232768078,0.5196489021008085,3.0072145605002083,3.205526622735742,4.052824483122945,4.45828959123111,50
3,50,d2,ecdf,0.73,3.487353933514682,3.5862531429841336,0.5427548192509399,2.9327797633977357,3.242042475290446,3.801658263225869,4.494805443785815,50
3,50,d2,ecdf,0.74,3.3550165167552843,3.477373044425671,0.4967909958097384,2.9212662329029224,3.0560725074748447,3.8375569647770775,4.530704145337023,50
3,50,d2,ecdf,0.75,3.179706916416409,3.3862629632723227,0.4590710209970009,2.8612531852978744,3.061923880760025,3.8170682091478016,4.160536169428135,50
3,50,d2,ecdf,0.76,3.2144174626602537,3.307253658181997,0.39219964658863204,2.8959637315417193,2.991273911346044,3.502099535112035,4.065789783068678,50
3,50,d2,ecdf,0.77,3.13077280372261,3.2191822098301444,0.36385204243969654,2.8430907312708293,2.930102108260459,3.382087232003516,3.941703019938939,50
3,50,d2,ecdf,0.78,3.011337284083466,3.08825619893138,0.3228941260191917,2.7225201373644152,2.8766708171916737,3.2821359252998383,3.7521395545455736,50
3,50,d2,ecdf,0.79,2.909705980730895,2.9824423087397656,0.3117168585331869,2.588680366280075,2.755555300903637,3.197388053182676,3.6028531612908403,50
3,50,d2,ecdf,0.8,2.788058425829186,2.901573275365699,0.2903900710607834,2.53674399754828,2.7190655543422344,3.0292204826460742,3.4812056063891315,50
3,50,d2,ecdf,0.81,2.7855454995792943,2.836257952290841,0.301556690410061,2.4633669913840377,2.625885920881813,2.974192615150028,3.5131891158827155,50
3,50,d2,ecdf,0.8200000000000001,2.7179864219348144,2.7424244664620727,0.27404526000488216,2.446052706451173,2.5461361650081553,2.8515178145593367,3.2459383347923536,50
3,50,d2,ecdf,0.8300000000000001,2.5771159823607275,2.6445222579338723,0.24656214395310777,2.386060745598018,2.4770325238037447,2.7489662392873866,3.084504569083464,50
3,50,d2,ecdf,0.8400000000000001,2.5563176149419236,2.588119737525411,0.2340674479155875,2.333174063627714,2.416555672566765,2.7188365444396987,2.843999687393705,50
3,50,d2,ecdf,0.85,2.491028265093848,2.5113456437326023,0.226630403288476,2.2862338524478347,2.333779358719002,2.6248084156888356,2.8449781828380463,50
3,50,d2,ecdf,0.86,2.433574053932688,2.4483553958178494,0.24003557702361017,2.210430502618478,2.3157910182763044,2.520585430922318,2.8117580822234567,50
3,50,d2,ecdf,0.87,2.382634936974937,2.383461477474276,0.18986496045319537,2.1416520301976534,2.2734356450099455,2.4218556501282187,2.7503597171002547,50
3,50,d2,ecdf,0.88,2.3020954214206757,2.3266962163567007,0.1976666048757326,2.0561353412523884,2.2036553486074233,2.3735543854028207,2.7249522722407096,50
3,50,d2,ecdf,0.89,2.247755107242733,2.2782202793609314,0.19053073286374234,2.020130220364164,2.1495154836140693,2.3654121507099655,2.679928813454934,50
3,50,d2,ecdf,0.9,2.228909289843035,2.238520454242516,0.1880350868695043,1.9856493576611172,2.09449775335367,2.367766667556826,2.576849380771751,50
3,50,d2,ecdf,0.91,2.1692817457767344,2.1880342272063085,0.18324826608260175,1.946138194462524,2.07025068211498,2.279371866766429,2.4992923908533857,50
3,50,d2,ecdf,0.92,2.1035561972024572,2.1341130998087583,0.1759567995686224,1.8972351284548532,2.0421071290408803,2.2244286858348348,2.4675744414430256,50
3,50,d2,ecdf,0.93,2.0451532504414813,2.074063272495658,0.1683409095099073,1.8430906057987464,1.9777119696459489,2.1622733348078427,2.362266403560942,50
3,50,d2,ecdf,0.94,2.014886672101367,2.025085436664991,0.1694790581844889,1.7705199505573812,1.9255662866323084,2.137486007969545,2.296875934119261,50
3,50,d2,ecdf,0.95,1.9665200306212576,1.9826593249251894,0.17506286400014695,1.7152056023403512,1.8787913641633212,2.074150694813623,2.290315372607457,50
3,50,d2,ecdf,0.96,1.9325223917126857,1.9403948805389282,0.17166573748658637,1.679073490903147,1.8233230997476937,2.0283551562845963,2.211986292427662,50
3,50,d2,ecdf,0.97,1.8746218632889475,1.900400089325706,0.1716310676429284,1.6170877877542789,1.8186805599307916,1.996800337145651,2.1401069321213004,50
3,50,d2,ecdf,0.98,1.822645332026424,1.8551394038098943,0.16293625643505075,1.5955962110513604,1.7746361128400636,1.9445351496354613,2.1196484767751653,50
3,50,d2,ecdf,0.99,1.791225461660166,1.8134981644595756,0.16330800671535017,1.573646080282165,1.727403833545849,1.897417627741401,2.098239002438737,50
3,50,d2,ecdf,1,1.7550473356374385,1.7680429658123058,0.1573807939277591,1.5380958681052013,1.677789347319952,1.834782624890554,2.0327189814272875,50
3,50,d2,logspline,0.01,-0.7449937854842998,-0.3339949608369219,2.514662707389204,-3.1074917032497944,-2.0475853529930848,0.14077150473767802,5.369954804083558,50
3,50,d2,logspline,0.02,0.5961149009474525,1.0039683039190885,2.497182588868406,-1.7515501880551994,-0.6964666010804627,1.4760064915314595,6.671126340713688,50
3,50,d2,logspline,0.03,1.3611381027692457,1.765670811852195,2.4790539262423024,-0.9713427171831608,0.07881752147041525,2.2349811669961968,7.394643913909363,50
3,50,d2,logspline,0.04,1.8898751709964239,2.2909139733504573,2.4602827126885267,-0.4270709324053603,0.6180655851508775,2.757495651546705,7.880320414554662,50
3,50,d2,logspline,0.05,2.2888169165649446,2.68619143473966,2.440877157344602,-0.012245406825820364,1.0277673131177565,3.1500418264871612,8.234665351788223,50
3,50,d2,logspline,0.06,2.605398672648601,2.9989420949361496,2.4208475550160826,0.3205674232378444,1.35535664841155,3.460056389638315,8.505137666557317,50
3,50,d2,logspline,0.06999999999999999,2.864925444152952,3.2544751990317686,2.4002061271277806,0.5966704151220664,1.6261369096753635,3.7128459963717115,8.717070573431153,50
3,50,d2,logspline,0.08,3.0825036603985563,3.467902026678089,2.378966839526664,0.8311674813843353,1.8552125513322015,3.9235190021662696,8.885602954994086,50
3,50,d2,logspline,0.09,3.267878900170799,3.6489735464698265,2.357145203208315,1.0338013251724856,2.0523268973316746,4.101823175985429,9.020516687323166,50
3,50,d2,logspline,0.1,3.427707011261827,3.804351460535795,2.3347580641593746,1.2112245714364593,2.2241332705159755,4.254416806737681,9.12850732862068,50
3,50,d2,logspline,0.11,3.5667369769484,3.938790993823805,2.3118233883146995,1.3681826463313422,2.3753778699647023,4.386051555415349,9.213075044991752,50
3,50,d2,logspline,0.12,3.688476903717979,4.055806804307684,2.288360047170575,1.5081797790202671,2.509565770539057,4.500238427385621,9.276840395530108,50
3,50,d2,logspline,0.13,3.7955925074995047,4.158071393094763,2.2643876089379815,1.633877503022876,2.629359421784015,4.599646242260148,9.324656135522854,50
3,50,d2,logspline,0.14,3.8901574953698863,4.247665412885522,2.239926139331899,1.7473450539637772,2.7368290430567277,4.686351998489019,9.358650425443926,50
3,50,d2,logspline,0.15000000000000002,3.973817348162444,4.326241381424815,2.2149960152408767,1.8502231690263673,2.8336164202010634,4.762004638282303,9.380524286567793,50
3,50,d2,logspline,0.16,4.047900129562662,4.395134426467613,2.1896177536648493,1.9438349135736994,2.921045729245199,4.827935838620816,9.391661929105505,50
3,50,d2,logspline,0.17,4.1134936362046695,4.455439377442234,2.1638118574965683,2.029258358255822,3.0002007015261754,4.885237143042481,9.393207456526468,50
3,50,d2,logspline,0.18000000000000002,4.1715004559414455,4.508065771405031,2.1375986789879007,2.107251080217923,3.071979697305479,4.934815001544509,9.386119517529114,50
3,50,d2,logspline,0.19,4.222678113982903,4.5537779531804015,2.1109983011090554,2.17870702758631,3.1371358674621983,4.9774308984548234,9.371211088117139,50
3,50,d2,logspline,0.2,4.267668903695195,4.5932248664903845,2.0840304364872515,2.2442626864754764,3.196306999952421,5.01373116521556,9.349178981945268,50
3,50,d2,logspline,0.21,4.307022426201758,4.6269625600701785,2.056714343202779,2.3044616905064856,3.2500380750742197,5.044269502357162,9.320626113222879,50
3,50,d2,logspline,0.22,4.341212876635761,4.655471446353512,2.0290687564191687,2.359772126023776,3.2987985672914935,5.069524248638122,9.286078549139429,50
3,50,d2,logspline,0.23,4.370652479925134,4.679169715252989,2.001111834619671,2.4108301274515176,3.3429958964067836,5.089911800343302,9.245998752968774,50
3,50,d2,logspline,0.24,4.395702060539526,4.69842388704614,1.9728611191012717,2.458193367388608,3.3829860124275344,5.105797165267603,9.200795999910046,50
3,50,d2,logspline,0.25,4.41582472888587,4.713557206729402,1.9443335053256154,2.5017474442159173,3.4190818168666453,5.1175023542871365,9.150834665644192,50
3,50,d2,logspline,0.26,4.430808945870304,4.724856389041786,1.915545224729368,2.541767332512908,3.4515599300832367,5.125313120263157,9.096440894135489,50
3,50,d2,logspline,0.27,4.442229708237334,4.732577088594241,1.88651183564145,2.578497187122421,3.4806661795132703,5.129484419246193,9.037908016276564,50
3,50,d2,logspline,0.28,4.450312465530175,4.736948374034849,1.8572482220296322,2.6121548352172606,3.5066200881311476,5.130244873417588,8.97550099540955,50
3,50,d2,logspline,0.29000000000000004,4.4552600530611635,4.738176416521574,1.8277685988942347,2.6429354792136923,3.5296185738128356,5.127800446514301,8.90946010712389,50
3,50,d2,logspline,0.3,4.457255748381964,4.73644755276333,1.7980865232340744,2.671014771160766,3.5498390202416497,5.122337492433115,8.840004010814422,50
3,50,d2,logspline,0.31,4.456465823906084,4.73193084601813,1.7682149096229016,2.6965513823401883,3.567441843102659,5.114025300796378,8.7673323337563,50
3,50,d2,logspline,0.32,4.453041691939305,4.7247802409456,1.7381660495486193,2.71968916429539,3.582572647794691,5.103018235726427,8.691627861142594,50
3,50,d2,logspline,0.33,4.447121717626219,4.715136387499704,1.7079516337789915,2.7405589767709038,3.595364054150412,5.089457543321052,8.613058405022652,50
3,50,d2,logspline,0.34,4.4388327595300865,4.7031281932920725,1.6775827771240692,2.759280242261707,3.605937247872533,5.0734728875249155,8.531778409539607,50
3,50,d2,logspline,0.35000000000000003,4.42829148543498,4.688874151762451,1.6470700450656264,2.7759622747526222,3.614403306273644,5.055183661957955,8.447930337990638,50
3,50,d2,logspline,0.36000000000000004,4.41560550156439,4.672483484130623,1.6164234818168866,2.7907054208413324,3.620210786757348,5.034700115862379,8.361645878087243,50
3,50,d2,logspline,0.37,4.400874326075023,4.654057125799256,1.585652639461496,2.8036020441105585,3.6238967597081104,5.012124324990731,8.27304699469509,50
3,50,d2,logspline,0.38,4.384190231913877,4.633688582134548,1.5547666078994025,2.814737377851059,3.6257527990641787,4.987551032483869,8.182246853785784,50
3,50,d2,logspline,0.39,4.3656389795551425,4.611464675386834,1.5237740448655006,2.8241902666716094,3.6258597093086626,4.961068380214083,8.089350636967803,50
3,50,d2,logspline,0.4,4.345300456487626,4.587466217078789,1.492683198969853,2.83203381389161,3.624292536517297,4.932758547421361,7.994456262506173,50
3,50,d2,logspline,0.41,4.323249237397771,4.561768603564947,1.4615019314449649,2.8383359486909594,3.621121133042722,4.902698310544463,7.897655025984477,50
3,50,d2,logspline,0.42,4.299555076631636,4.53444231906143,1.4302377473022416,2.8431599246339943,3.6164106537417413,4.870959535786568,7.799032171551733,50
3,50,d2,logspline,0.43,4.274283342602132,4.505553377327544,1.398897827946696,2.846564759270577,3.610221993448015,4.837609614038676,7.698667402912589,50
3,50,d2,logspline,0.44,4.249495742750147,4.475163713333869,1.3674890640988389,2.8486056229555716,3.602612173830111,4.802711846220327,7.596635341770744,50
3,50,d2,logspline,0.45,4.2250279176219925,4.4433315319854305,1.3360180891237932,2.849334183747101,3.5936346864930906,4.763833592609326,7.493005940252597,50
3,50,d2,logspline,0.46,4.2039043302285,4.4101116345019005,1.3044913098264899,2.848798914188232,3.583339798125519,4.723110318355795,7.387844852866407,50
3,50,d2,logspline,0.47,4.1814616319017315,4.375555731955934,1.2729149335170775,2.8470453649027623,3.5717748226190427,4.6809996777713145,7.281213772749755,50
3,50,d2,logspline,0.48,4.157746542482572,4.339712699250993,1.2412950022049634,2.8441164092088957,3.5589843643604038,4.637552233603469,7.173170736291299,50
3,50,d2,logspline,0.49,4.132803225043002,4.3026287956033995,1.2096374285925033,2.840052462347722,3.545010536288235,4.592815814690567,7.063770399655986,50
3,50,d2,logspline,0.5,4.106673481690557,4.26434788109363,1.1779480250558134,2.8348916784144986,3.529893155797794,4.546836037058074,6.953064290275394,50
3,50,d2,logspline,0.51,4.079396930086526,4.224911664925955,1.1462325486581928,2.828670127652525,3.513669921148118,4.499658399545263,6.841101035970142,50
3,50,d2,logspline,0.52,4.051011162953326,4.184359917610258,1.1144967499628768,2.821421956407626,3.4963765706640864,4.4513294328156,6.727926574036651,50
3,50,d2,logspline,0.53,4.015517911707725,4.142730633931459,1.0827464229089288,2.8131795317346358,3.475220862719233,4.401896580247159,6.613584342345181,50
3,50,d2,logspline,0.54,3.978844167872029,4.100060202819541,1.0509874612673618,2.8039735723865027,3.4484157052185846,4.351408035781956,6.498115454251755,50
3,50,d2,logspline,0.55,3.941146681708173,4.056383550525773,1.0192259212821029,2.7938332728833117,3.4203053112257824,4.299912597966213,6.381558858916396,50
3,50,d2,logspline,0.56,3.902457134838033,4.01173435182677,0.9874680951671979,2.7817482428258096,3.391226183716653,4.247459537980109,6.263951488438678,50
3,50,d2,logspline,0.5700000000000001,3.862251494858514,3.966145233763245,0.9557205789457317,2.768105736041842,3.361207269359489,4.1940984799199486,6.145328393064065,50
3,50,d2,logspline,0.5800000000000001,3.819711932862807,3.9196480432554313,0.9239903653107191,2.753601900657788,3.330276205533642,4.139879291946434,6.025722865577578,50
3,50,d2,logspline,0.59,3.7756800619545405,3.8722742695881367,0.8922850380985106,2.7382614033013652,3.298459404501852,4.084851987176284,5.90516655588159,50
3,50,d2,logspline,0.6,3.729057491885242,3.824055341356815,0.8606128839206992,2.7221086943671287,3.2657823080291144,4.029066633391353,5.7836895766496355,50
3,50,d2,logspline,0.61,3.6776714811849027,3.775022813679928,0.8289830123005897,2.7051681040974715,3.23227078480645,3.9725732707855337,5.661320600855877,50
3,50,d2,logspline,0.62,3.6255325981215094,3.7252087294437826,0.7974056840860597,2.6874641437762987,3.197952895005738,3.915421837509659,5.538086951898499,50
3,50,d2,logspline,0.63,3.572694494421408,3.674645969032173,0.7658925875443118,2.668813589657324,3.169225559321349,3.857662395432354,5.414014686963428,50
3,50,d2,logspline,0.64,3.519213139794707,3.6233686348388483,0.7344572890873907,2.6518834351791485,3.1364470163776756,3.799346676710359,5.289128674210957,50
3,50,d2,logspline,0.65,3.4707149571352875,3.5714126454633943,0.7031162535867882,2.635006813301316,3.104826516827786,3.7405287902227533,5.163452664311235,50
3,50,d2,logspline,0.66,3.42751901593664,3.5188164225120255,0.6718900469477266,2.6173900104211216,3.08120067839798,3.6840123703809637,5.037009356804094,50
3,50,d2,logspline,0.67,3.3837411169045692,3.46562132683978,0.6408044232222032,2.5991445890104163,3.05436608164093,3.627209939732567,4.909821515735297,50
3,50,d2,logspline,0.68,3.3394258035441364,3.4118737929193212,0.60989602045621,2.5802957362255015,3.0218680793700106,3.5722310420287764,4.781932953977247,50
3,50,d2,logspline,0.6900000000000001,3.2935446900341727,3.357628019609196,0.5792189674382198,2.5608687033903434,2.978555037289922,3.5292774002408076,4.651285640835992,50
3,50,d2,logspline,0.7000000000000001,3.242317465183376,3.3029453861578957,0.5488433678534467,2.5408887919074576,2.941551986044673,3.4806359448794613,4.497466383164177,50
3,50,d2,logspline,0.7100000000000001,3.1907711539255246,3.247893183688793,0.5188522432858833,2.520381338811504,2.9022716250834732,3.4113506145768477,4.344394798135683,50
3,50,d2,logspline,0.72,3.1391114602288357,3.192543677870569,0.4893394264252011,2.499371701999246,2.8628216157393713,3.3561532261081055,4.191951494533085,50
3,50,d2,logspline,0.73,3.0863665569019267,3.13697398025223,0.46040993377049555,2.4778852451777382,2.823236324557526,3.3043093012447646,4.042677581083007,50
3,50,d2,logspline,0.74,3.033472841532752,3.0812653921613693,0.43217865249790216,2.455947322577888,2.783549592601334,3.2534399771200566,3.921679644096029,50
3,50,d2,logspline,0.75,2.9832729361067107,3.025502374763988,0.4047676769579482,2.433583263483279,2.74379473707838,3.2024493482236567,3.801691043391594,50
3,50,d2,logspline,0.76,2.93950648103345,2.9697716171448993,0.378303680264183,2.410818356624951,2.7096240381204773,3.1513919206708256,3.6830142289662575,50
3,50,d2,logspline,0.77,2.887575930638855,2.914161201700781,0.3529152328038022,2.3873994163556977,2.6759917190885902,3.1003221063248327,3.569212149509849,50
3,50,d2,logspline,0.78,2.832150009440515,2.858759852238267,0.3287299115703289,2.362987193340154,2.6408821984055395,3.049294126461781,3.457358304980687,50
3,50,d2,logspline,0.79,2.7778939451394864,2.803656201837957,0.3058709681922966,2.338267137291041,2.605576681844671,2.994756685244729,3.3475785271411183,50
3,50,d2,logspline,0.8,2.7234078103134127,2.7489379622376555,0.28445318438840816,2.3132648981162527,2.5574955356468485,2.91474725229403,3.240153234084497,50
3,50,d2,logspline,0.81,2.6740218483654297,2.6946907986583204,0.2645781831577792,2.288005636959822,2.5237183716185996,2.8479170701259346,3.137801539787093,50
3,50,d2,logspline,0.8200000000000001,2.6328721857468738,2.6409965301657494,0.2463284582869662,2.262513476723923,2.485448198303071,2.781243241954306,3.0688564371332534,50
3,50,d2,logspline,0.8300000000000001,2.5874100573912013,2.5879287315491952,0.22976114246512128,2.236811459799664,2.433717293144962,2.7239513090489935,3.0008740234730773,50
3,50,d2,logspline,0.8400000000000001,2.541598842255561,2.53554896864746,0.2149061447109261,2.210921608952008,2.387835247322588,2.6661196342277402,2.933916340522132,50
3,50,d2,logspline,0.85,2.4931545298500577,2.4839077454105345,0.201766917735897,2.1848649851911093,2.3375697212564224,2.607227243532268,2.871259992122254,50
3,50,d2,logspline,0.86,2.4444192426774567,2.4330458685809857,0.1903197029077339,2.158661742493226,2.278060176897313,2.540081557897648,2.7847143363250773,50
3,50,d2,logspline,0.87,2.3914027342002058,2.3829958052367464,0.1805132282654035,2.132331179423841,2.2224771724767733,2.4978531984506844,2.699985890261151,50
3,50,d2,logspline,0.88,2.340658265872317,2.333782412743307,0.17226861490280077,2.098682525176494,2.1809561815487957,2.4457664931915035,2.6182424538591063,50
3,50,d2,logspline,0.89,2.28723060150622,2.2854239903871085,0.16548011223376705,2.0512113504423066,2.139902804817681,2.4002659512734703,2.5394844351452157,50
3,50,d2,logspline,0.9,2.238681784705342,2.23793337845982,0.16001770059409695,1.9942847619190436,2.099333018299959,2.3496424439401933,2.474287426395062,50
3,50,d2,logspline,0.91,2.2024941074797226,2.1913188072444134,0.15573189471870186,1.9439530093169837,2.0610181286511446,2.313334899921364,2.39647660399758,50
3,50,d2,logspline,0.92,2.1610600945469636,2.1455840221265854,0.1524584291584484,1.9060597977123663,2.02463125741596,2.2748970329532954,2.335787404435036,50
3,50,d2,logspline,0.93,2.1158424278933365,2.1007285928909982,0.1500241928746356,1.8702547571696675,1.9795590521940982,2.2289001405495092,2.293889048318478,50
3,50,d2,logspline,0.94,2.0708428268585184,2.056748751125324,0.14825823961775894,1.8307182085478817,1.9447358349891766,2.1727386735264584,2.253853170764064,50
3,50,d2,logspline,0.95,2.027590227965681,2.0136380430952046,0.1470011881222056,1.7881323099641209,1.9032029623340394,2.1267084504114138,2.213965027158507,50
3,50,d2,logspline,0.96,1.9845607626000725,1.9713878371921294,0.14611122665232804,1.742262700281578,1.856253584113171,2.0679670257809146,2.1742536521380584,50
3,50,d2,logspline,0.97,1.9365618400247262,1.9299877436653157,0.14546692250965254,1.697897089509757,1.8152343416928223,2.0137961251210035,2.134746790662046,50
3,50,d2,logspline,0.98,1.88952913029828,1.8894258896526348,0.14496776120609398,1.6550139967876318,1.77209039792788,1.9758107182875095,2.0954703213347887,50
3,50,d2,logspline,0.99,1.8490816498342835,1.8496890265985857,0.14453330945241208,1.6135877766392883,1.7285964451053821,1.9352838224096423,2.0564483585874074,50
3,50,d2,logspline,1,1.8085932174848978,1.8107627806460682,0.14410115436983648,1.5742142846359628,1.6940944859551637,1.8942310443784944,2.0177442367164504,50
3,50,d3,ecdf,0.01,Inf,Inf,NA,Inf,Inf,Inf,Inf,0
3,50,d3,ecdf,0.02,Inf,Inf,NA,Inf,Inf,Inf,Inf,0
3,50,d3,ecdf,0.03,Inf,Inf,NA,Inf,Inf,Inf,Inf,0
3,50,d3,ecdf,0.04,Inf,Inf,NA,Inf,Inf,Inf,Inf,0
3,50,d3,ecdf,0.05,Inf,Inf,NA,Inf,Inf,Inf,Inf,0
3,50,d3,ecdf,0.06,Inf,Inf,NA,Inf,Inf,Inf,Inf,0
3,50,d3,ecdf,0.06999999999999999,Inf,Inf,NA,Inf,Inf,Inf,Inf,0
3,50,d3,ecdf,0.08,Inf,Inf,NA,Inf,Inf,Inf,Inf,0
3,50,d3,ecdf,0.09,Inf,Inf,NA,Inf,Inf,Inf,Inf,0
3,50,d3,ecdf,0.1,Inf,Inf,NA,Inf,Inf,Inf,Inf,0
3,50,d3,ecdf,0.11,Inf,Inf,NA,Inf,Inf,Inf,Inf,0
3,50,d3,ecdf,0.12,Inf,Inf,NA,Inf,Inf,Inf,Inf,0
3,50,d3,ecdf,0.13,Inf,Inf,NA,Inf,Inf,Inf,Inf,0
3,50,d3,ecdf,0.14,Inf,Inf,NA,Inf,Inf,Inf,Inf,0
3,50,d3,ecdf,0.15000000000000002,Inf,Inf,NA,Inf,Inf,Inf,Inf,0
3,50,d3,ecdf,0.16,Inf,Inf,NA,Inf,Inf,Inf,Inf,0
3,50,d3,ecdf,0.17,Inf,Inf,NA,Inf,Inf,Inf,Inf,0
3,50,d3,ecdf,0.18000000000000002,Inf,Inf,NA,Inf,Inf,Inf,Inf,0
3,50,d3,ecdf,0.19,Inf,Inf,NA,Inf,Inf,Inf,Inf,0
3,50,d3,ecdf,0.2,Inf,Inf,NA,Inf,Inf,Inf,Inf,0
3,50,d3,ecdf,0.21,Inf,Inf,NA,Inf,Inf,Inf,Inf,0
3,50,d3,ecdf,0.22,Inf,Inf,NA,Inf,Inf,Inf,Inf,0
3,50,d3,ecdf,0.23,Inf,Inf,NA,Inf,Inf,Inf,Inf,0
3,50,d3,ecdf,0.24,Inf,Inf,NA,Inf,Inf,Inf,Inf,0
3,50,d3,ecdf,0.25,Inf,Inf,NA,Inf,Inf,Inf,Inf,0
3,50,d3,ecdf,0.26,Inf,Inf,NA,Inf,Inf,Inf,Inf,0
3,50,d3,ecdf,0.27,Inf,Inf,NA,Inf,Inf,Inf,Inf,0
3,50,d3,ecdf,0.28,Inf,Inf,NA,Inf,Inf,Inf,Inf,0
3,50,d3,ecdf,0.29000000000000004,Inf,Inf,NA,Inf,Inf,Inf,Inf,0
3,50,d3,ecdf,0.3,Inf,Inf,NA,Inf,Inf,Inf,Inf,0
3,50,d3,ecdf,0.31,Inf,Inf,NA,Inf,Inf,Inf,Inf,0
3,50,d3,ecdf,0.32,Inf,Inf,NA,Inf,Inf,Inf,Inf,0
3,50,d3,ecdf,0.33,Inf,Inf,NA,Inf,Inf,Inf,Inf,0
3,50,d3,ecdf,0.34,Inf,Inf,NA,Inf,Inf,Inf,Inf,0
3,50,d3,ecdf,0.35000000000000003,Inf,Inf,NA,Inf,Inf,Inf,Inf,0
3,50,d3,ecdf,0.36000000000000004,Inf,Inf,NA,Inf,Inf,Inf,Inf,0
3,50,d3,ecdf,0.37,Inf,Inf,NA,Inf,Inf,Inf,Inf,0
3,50,d3,ecdf,0.38,Inf,Inf,NA,Inf,Inf,Inf,Inf,0
3,50,d3,ecdf,0.39,Inf,Inf,NA,Inf,Inf,Inf,Inf,0
3,50,d3,ecdf,0.4,Inf,Inf,NA,Inf,Inf,Inf,Inf,0
3,50,d3,ecdf,0.41,Inf,Inf,NA,Inf,Inf,Inf,Inf,0
3,50,d3,ecdf,0.42,Inf,Inf,NA,Inf,Inf,Inf,Inf,0
3,50,d3,ecdf,0.43,Inf,Inf,NA,Inf,Inf,Inf,Inf,0
3,50,d3,ecdf,0.44,Inf,Inf,NA,Inf,Inf,Inf,Inf,0
3,50,d3,ecdf,0.45,Inf,Inf,NA,Inf,Inf,Inf,Inf,3
3,50,d3,ecdf,0.46,Inf,Inf,NA,Inf,Inf,Inf,Inf,3
3,50,d3,ecdf,0.47,Inf,Inf,NA,3.3646782009815177,Inf,Inf,Inf,5
3,50,d3,ecdf,0.48,Inf,Inf,NA,3.4416410704694966,Inf,Inf,Inf,6
3,50,d3,ecdf,0.49,Inf,Inf,NA,3.5167390442350963,Inf,Inf,Inf,9
3,50,d3,ecdf,0.5,Inf,Inf,NA,3.590043643477153,Inf,Inf,Inf,12
3,50,d3,ecdf,0.51,Inf,Inf,NA,3.6616222332348807,Inf,Inf,Inf,12
3,50,d3,ecdf,0.52,Inf,Inf,NA,3.350307396228737,Inf,Inf,Inf,12
3,50,d3,ecdf,0.53,Inf,Inf,NA,3.4186210223951603,Inf,Inf,Inf,13
3,50,d3,ecdf,0.54,Inf,Inf,NA,3.485388877956762,3.866619827264732,Inf,Inf,16
3,50,d3,ecdf,0.55,Inf,Inf,NA,3.2387484119519088,3.931895592511854,Inf,Inf,18
3,50,d3,ecdf,0.56,Inf,Inf,NA,3.3025829507520426,3.995730131311988,Inf,Inf,18
3,50,d3,ecdf,0.5700000000000001,Inf,Inf,NA,3.142018700484842,4.0581716905042775,Inf,Inf,24
3,50,d3,ecdf,0.5800000000000001,4.119266081899415,Inf,NA,3.203113091879979,4.119266081899415,Inf,Inf,26
3,50,d3,ecdf,0.59,4.179056848670464,Inf,NA,3.262903858651028,3.485909668110519,Inf,Inf,29
3,50,d3,ecdf,0.6,4.237585417710124,Inf,NA,2.980747989193535,3.544438237150179,Inf,Inf,31
3,50,d3,ecdf,0.61,4.294891239347596,Inf,NA,3.038053810831007,3.601744058787651,Inf,Inf,33
3,50,d3,ecdf,0.62,4.35101191565971,Inf,NA,3.0941744871431203,3.657864735099764,Inf,Inf,36
3,50,d3,ecdf,0.63,3.7128361379126944,Inf,NA,3.019688957352749,3.7128361379126944,4.405983318472639,Inf,38
3,50,d3,ecdf,0.64,3.766692517469772,Inf,NA,3.0735453369098265,3.766692517469772,4.459839698029717,Inf,41
3,50,d3,ecdf,0.65,3.819466602635015,Inf,NA,3.0035904688522543,3.819466602635015,4.51261378319496,Inf,42
3,50,d3,ecdf,0.66,3.871189693409078,Inf,NA,2.9548989615349224,3.4657245853009133,4.564336873969023,Inf,44
3,50,d3,ecdf,0.67,3.7191591923984766,Inf,NA,2.8232794577844493,3.2287445658926135,4.615038927012504,Inf,46
3,50,d3,ecdf,0.68,3.5661363461313815,Inf,NA,2.6453962198006904,3.2784542736796007,3.971601454239546,Inf,46
3,50,d3,ecdf,0.6900000000000001,3.4710401740665597,Inf,NA,2.5692712876697135,3.1040555865264596,4.020346318400615,Inf,47
3,50,d3,ecdf,0.7000000000000001,3.3750055371982373,Inf,NA,2.617077687027281,3.151861985884027,3.662687609650018,4.44938366706615,48
3,50,d3,ecdf,0.7100000000000001,3.310327015290133,Inf,NA,2.553020291119105,3.0164336828390734,3.637660345286074,4.115045971507183,49
3,50,d3,ecdf,0.72,3.244759666075516,Inf,NA,2.5990247175615924,2.9082874294543033,3.467903217389726,4.161050397949672,49
3,50,d3,ecdf,0.73,3.1075770804844103,Inf,NA,2.544330857826041,2.819895008032629,3.457256300764022,4.023730070503845,49
3,50,d3,ecdf,0.74,2.9977223933668196,3.1136137453057544,0.4974586489340141,2.5457372696237623,2.7758537240000094,3.3341946299880325,4.068026063213512,50
3,50,d3,ecdf,0.75,2.907665643859299,2.950389601706833,0.3961240597386139,2.5022005357511343,2.684522092545089,3.156810046354265,3.7590379642677227,50
3,50,d3,ecdf,0.76,2.8325567270905063,2.901264165153792,0.4057294931184736,2.464831946965189,2.631886031628355,3.0838711553714124,3.7012974850639186,50
3,50,d3,ecdf,0.77,2.8217701271380946,2.8153574766540626,0.38113032862675167,2.4326176326879683,2.5267362817600745,2.9922334206233914,3.3108245433895798,50
3,50,d3,ecdf,0.78,2.714912226146488,2.753422621335487,0.3915105544042081,2.2795941548886423,2.547858141483322,2.9155829216086393,3.1668973498895454,50
3,50,d3,ecdf,0.79,2.668290917117708,2.6994509820301706,0.3343923371903033,2.2588101235388685,2.462395583675236,2.8506124739116623,3.073756025225872,50
3,50,d3,ecdf,0.8,2.627913807981725,2.6317053964393913,0.2964264419000036,2.2202128743636687,2.4202744432034806,2.794967892644891,2.995638588107042,50
3,50,d3,ecdf,0.81,2.5927643427062645,2.579788243863619,0.29681696981599814,2.1872992345981004,2.3986083282653072,2.746915022533523,3.034597094985304,50
3,50,d3,ecdf,0.8200000000000001,2.4975011514091716,2.5252196639584548,0.2906085109101675,2.092036043301007,2.3256508944825125,2.705140516187416,2.967504780654907,50
3,50,d3,ecdf,0.8300000000000001,2.474470647838895,2.4635173853627865,0.2653040723030224,2.0088280691890823,2.2753590952140463,2.651378444408115,2.870633599451407,50
3,50,d3,ecdf,0.8400000000000001,2.4001807330513687,2.423410415115211,0.27215286202421124,1.9434223305556535,2.300097274494386,2.636569511115599,2.9075693197741046,50
3,50,d3,ecdf,0.85,2.336389769498204,2.364634998776914,0.2623174698762285,1.9151763044219003,2.21349828047838,2.5476988631654107,2.8266377515113597,50
3,50,d3,ecdf,0.86,2.3033078256150374,2.3082773772238716,0.24670483873081078,1.903649469059965,2.158479622237288,2.420843886704779,2.746472038474383,50
3,50,d3,ecdf,0.87,2.2327499625060048,2.2500874358943834,0.24372784646041742,1.8510467718544574,2.093102787340549,2.39547334574206,2.6184124433179896,50
3,50,d3,ecdf,0.88,2.1902379919845463,2.184379267911055,0.22597858372720706,1.8202773863493367,2.052087653503729,2.3080210276409296,2.571372850521086,50
3,50,d3,ecdf,0.89,2.118739332745175,2.1221401958655917,0.19893900894578898,1.7693253225483556,1.9935761897911692,2.252405094390137,2.4754142766839076,50
3,50,d3,ecdf,0.9,2.056716728762886,2.0698866571780985,0.1873777035702802,1.7899686633468068,1.969705351773256,2.1774530723239716,2.4177300743002164,50
3,50,d3,ecdf,0.91,2.0024311892829436,2.0187477443858177,0.174317912135887,1.7671992392734077,1.9223884816094072,2.0894425662725737,2.349424981951876,50
3,50,d3,ecdf,0.92,1.9545647482093016,1.978981873842853,0.17992323171594612,1.7563994175700817,1.8569262786453855,2.0845189855044737,2.285921884163744,50
3,50,d3,ecdf,0.93,1.912095279808718,1.934919080254292,0.1835436206728848,1.688044672276777,1.8211235016029912,2.038846985447862,2.2338120961595846,50
3,50,d3,ecdf,0.94,1.8632251592999851,1.8973256270979442,0.18336874136052447,1.6443335132745496,1.7890568043190658,2.043290942703307,2.2012939532299267,50
3,50,d3,ecdf,0.95,1.8402731291703032,1.855143900063852,0.18027302322575306,1.5828568016848612,1.7319251755096317,1.9979020733738864,2.1434491839537673,50
3,50,d3,ecdf,0.96,1.809741193530885,1.8165243283952324,0.17630610438414915,1.574156440300758,1.6683029906893163,1.912925429766116,2.1337176382274765,50
3,50,d3,ecdf,0.97,1.7915276911223472,1.7789462700269691,0.17652851621769441,1.5436286263228047,1.6480964163533989,1.8897591616425906,2.0711745414009415,50
3,50,d3,ecdf,0.98,1.7312906647188266,1.7327733670289167,0.1610874925096808,1.4962157987407263,1.6297696686832503,1.8253159451397363,1.9864101725203263,50
3,50,d3,ecdf,0.99,1.685787697384408,1.689388983508584,0.16042314670613406,1.4333148521773547,1.5948159191786813,1.785871155941391,1.9280109073724305,50
3,50,d3,ecdf,1,1.652407311347685,1.6537562331694697,0.15384774204337404,1.402752634485143,1.5598845810815098,1.7753607072538362,1.8972845244204113,50
3,50,d3,logspline,0.01,-5.588070470727725,-5.350095838770356,1.623053693215196,-7.091858539957372,-6.434363338569475,-4.735112457061847,-2.288631474901857,50
3,50,d3,logspline,0.02,-3.5507255927818253,-3.3143829243988483,1.6121213456075896,-5.044247618544375,-4.391308488930792,-2.702210140606825,-0.27538328297191333,50
3,50,d3,logspline,0.03,-2.377152097898918,-2.1425188603127157,1.6008380679528555,-3.8601703536762964,-3.2118859581856634,-1.5332017918056404,0.873294979588198,50
3,50,d3,logspline,0.04,-1.5576518441723728,-1.3248048417004894,1.589206286694168,-3.0299292323277376,-2.386398008394692,-0.7183888081591508,1.6671060679886822,50
3,50,d3,logspline,0.05,-0.9324898482150197,-0.701504967824864,1.577229291965856,-2.393790148140205,-1.7551102193575168,-0.09803556492687945,2.265791367787527,50
3,50,d3,logspline,0.06,-0.43051468629604156,-0.20146665356538943,1.564911203921975,-1.8806027991855927,-1.2468718874059534,0.39901018030414676,2.7405104385171963,50
3,50,d3,logspline,0.06999999999999999,-0.013770763257222639,0.21326708871561104,1.552256930903702,-1.452412952589897,-0.8237282913399284,0.8107050143530551,3.1292286754484513,50
3,50,d3,logspline,0.08,0.3403993247498693,0.5653552712390542,1.53927212045979,-1.08656480209156,-0.4630230515722389,1.159707500484911,3.4546148646528807,50
3,50,d3,logspline,0.09,0.6466113873990434,0.8694155108373935,1.525963104366016,-0.7684443648803501,-0.15014152881781231,1.460634769503694,3.7312976864537832,50
3,50,d3,logspline,0.1,0.9148463303022436,1.1354307004149515,1.5123368388751668,-0.48807278465658754,0.12489587074447779,1.7234692030651484,3.969272301920719,50
3,50,d3,logspline,0.11,1.1522244666733639,1.3705233007925526,1.4984008414682137,-0.23833201238789514,0.36753867575196314,1.9553327378507253,4.1756745526428585,50
3,50,d3,logspline,0.12,1.3640045119109239,1.5799543146850257,1.4841631253720395,-0.0139658034508508,0.5838514816094968,2.1614858520438975,4.355779836878989,50
3,50,d3,logspline,0.13,1.5541813268772713,1.7677210089602495,1.4696321330637303,0.18901803456065866,0.7786445156196296,2.3459252999642635,4.513600729617559,50
3,50,d3,logspline,0.14,1.7258615052183623,1.9369324808750348,1.4548166699020493,0.3737232386416024,0.9550231361190707,2.511759690284279,4.65226244363114,50
3,50,d3,logspline,0.15000000000000002,1.881509062747348,2.0900553266344164,1.4397258389202936,0.5426107897541775,1.1154500492770736,2.661455165934779,4.774248391236419,50
3,50,d3,logspline,0.16,2.023111667151528,2.2290798508230014,1.4243689776888782,0.6976651529704025,1.2619115438183628,2.797001624042465,4.8815662866210445,50
3,50,d3,logspline,0.17,2.152296379673418,2.3556357886097805,1.4087555980181405,0.8405100299608461,1.3960332378774432,2.920028447633428,4.975863761876001,50
3,50,d3,logspline,0.18000000000000002,2.2704122594066996,2.471074891577066,1.3928953291290136,0.9724909744009174,1.5191626885887692,3.0318870998253655,5.058510848725576,50
3,50,d3,logspline,0.19,2.37859059963119,2.5765311467662038,1.3767978647774903,1.0947356396495866,1.6324296338010507,3.133711350012188,5.1306600965771025,50
3,50,d3,logspline,0.2,2.477789691263003,2.672965524144239,1.3604729146832957,1.208198553708276,1.7367907609566162,3.2264620271933815,5.193291223000264,50
3,50,d3,logspline,0.21,2.5688286495208983,2.7611997886821205,1.3439301604878264,1.3136949574938583,1.8330635392026584,3.310960836621231,5.247244833600545,50
3,50,d3,logspline,0.22,2.6524133604786626,2.841942433768429,1.3271792163540217,1.4119267630305583,1.9219521713713907,3.387916296503178,5.2932482686495845,50
3,50,d3,logspline,0.23,2.7291566517267434,2.915808840204178,1.3102295942230762,1.5035027357213888,2.004067770021129,3.4579438990444915,5.331935681221591,50
3,50,d3,logspline,0.24,2.7995941636952395,2.98333713732523,1.2930906736606436,1.588954377191654,2.07994423406101,3.5215819724396815,5.3638638237543335,50
3,50,d3,logspline,0.25,2.8641969757824004,3.0450008203672656,1.2757716761583262,1.668748562792414,2.1500508800762317,3.57930429800695,5.389524597396269,50
3,50,d3,logspline,0.26,2.9233817517273577,3.1012188884631753,1.2582816437042796,1.7432976981501056,2.214802592767449,3.6315302469483126,5.409355128659595,50
3,50,d3,logspline,0.27,2.977518966528514,3.152364065509807,1.240629421398552,1.8129679570152102,2.2745680567829827,3.6786329990743094,5.423745935639779,50
3,50,d3,logspline,0.28,3.0269396339429155,3.1987695228629183,1.2228236438630427,1.8780860194009152,2.3296764889588495,3.720946262559798,5.433047602689352,50
3,50,d3,logspline,0.29000000000000004,3.0719408505930446,3.2407344198016768,1.2048727251811502,1.9389446259982335,2.380423186975235,3.760079102858727,5.437576279333843,50
3,50,d3,logspline,0.3,3.1127903976599915,3.2785285026508446,1.1867848520968156,1.9958071898109555,2.4270741353929575,3.7959603218687987,5.437618244094825,50
3,50,d3,logspline,0.31,3.1497305857961226,3.3123959480998844,1.16856798020514,2.0489116506124923,2.469869854690195,3.8278872407062012,5.433433718478716,50
3,50,d3,logspline,0.32,3.1829814876116798,3.3425585949785632,1.1502298328757545,2.0984737165524154,2.509028637643458,3.856081667121985,5.425260075065116,50
3,50,d3,logspline,0.33,3.21274367097908,3.369218677638854,1.131777902664297,2.1446896061342704,2.5447492862884586,3.880745878778969,5.413314552484534,50
3,50,d3,logspline,0.34,3.2392005227220135,3.392561150418613,1.113219454985647,2.1877383801138377,2.5772134390221684,3.9000634178632976,5.397796566377458,50
3,50,d3,logspline,0.35000000000000003,3.2625202340730097,3.4127556744825513,1.094561533844016,2.2277839346877686,2.606587559226086,3.9147754816730074,5.3788896872324425,50
3,50,d3,logspline,0.36000000000000004,3.2838928177646327,3.4299583242564755,1.0758109694388678,2.264976713262594,2.6330246427088104,3.926445790378952,5.356763341915275,50
3,50,d3,logspline,0.37,3.3037735490311615,3.4443130596799083,1.056974387491368,2.2994551831020216,2.656665690272117,3.9352197121740318,5.331574284711591,50
3,50,d3,logspline,0.38,3.3209627148868544,3.4559530018582616,1.0380582201632185,2.3313471145046365,2.677640983057119,3.9412317945261677,5.303467875068359,50
3,50,d3,logspline,0.39,3.3352973350442063,3.46500154284968,1.0190687184681013,2.3607706933157884,2.696071191476957,3.9446068684047417,5.272579192385798,50
3,50,d3,logspline,0.4,3.346423281198633,3.4715733148636567,1.0000119661054279,2.3878354921166487,2.712068343080168,3.9454610121794764,5.239034012769187,50
3,50,d3,logspline,0.41,3.3551917774388675,3.475775039769844,0.9808938946767308,2.412643321051861,2.7257366703057397,3.9439023961179487,5.203686369364764,50
3,50,d3,logspline,0.42,3.3612752159808004,3.4777062762818938,0.9617203002770396,2.4352889757205203,2.7371733555527418,3.9400320248675404,5.1676685927260255,50
3,50,d3,logspline,0.43,3.3622035438500744,3.4774600793136448,0.9424968614872702,2.453749458319537,2.74646918811547,3.93394439243382,5.129330258207929,50
3,50,d3,logspline,0.44,3.3610335978634334,3.4751235836655225,0.9232291588295468,2.4687152293867025,2.7537091451911944,3.9257280618223573,5.088767069758509,50
3,50,d3,logspline,0.45,3.360333003060294,3.4707785223829104,0.9039226957489018,2.4817468686758275,2.7589729072451465,3.9154661795878054,5.046068887715348,50
3,50,d3,logspline,0.46,3.3595961933754435,3.4645016978986694,0.8845829173982017,2.4929176866322367,2.7623353164329596,3.903236933949396,5.001320204556235,50
3,50,d3,logspline,0.47,3.3570100755503582,3.4563654342204204,0.8652152160364226,2.50229659763857,2.763866785468883,3.8891139638203014,4.954600571841665,50
3,50,d3,logspline,0.48,3.352641807594299,3.4464379666273106,0.8458249425076256,2.509948486538603,2.7642466449799734,3.873166725007873,4.90598498443909,50
3,50,d3,logspline,0.49,3.346554785974104,3.434783786293447,0.8264174159431179,2.5157547371139195,2.7694201241858827,3.8554608189316544,4.855544227230334,50
3,50,d3,logspline,0.5,3.3388089400735224,3.4214639817722863,0.8069979326326042,2.5192884064120062,2.772981420538343,3.836058288443359,4.803345188760945,50
3,50,d3,logspline,0.51,3.3294609974679794,3.406536567191978,0.7875717977428947,2.5212649013982085,2.7749861314202593,3.815017884691615,4.749451145667529,50
3,50,d3,logspline,0.52,3.3170546014456184,3.390056813349448,0.7681444118432044,2.5217360968517406,2.775487509183119,3.7923953084328623,4.693922021194735,50
3,50,d3,logspline,0.53,3.3016258380869172,3.3720774978824237,0.748721344627027,2.5207511805536083,2.7745366367485675,3.771177788565228,4.636814620670648,50
3,50,d3,logspline,0.54,3.284739084898344,3.352649086211218,0.7293083734950284,2.517643041588442,2.772182586465197,3.75014222596312,4.578182846433889,50
3,50,d3,logspline,0.55,3.266441284307664,3.331819944700669,0.7099114948034714,2.5111994758190015,2.7673600479786504,3.727685452302346,4.518077894386262,50
3,50,d3,logspline,0.56,3.2467780814929177,3.309636635308401,0.6905370387320747,2.5034252556259053,2.760954978703518,3.70385235854347,4.456548434072342,50
3,50,d3,logspline,0.5700000000000001,3.2257939966827096,3.2861441704041985,0.6711918508114857,2.494363475317551,2.753279019513315,3.678685735621511,4.393640773953963,50
3,50,d3,logspline,0.5800000000000001,3.203922092979294,3.261386205449297,0.6518833172156704,2.4840570094475005,2.744374740595091,3.652226682490583,4.329399013347269,50
3,50,d3,logspline,0.59,3.181433994295329,3.2354053620542116,0.6326194217825076,2.4725495906163633,2.7342836875758194,3.624515405409015,4.2638651823173,50
3,50,d3,logspline,0.6,3.1577664629139663,3.208243650069607,0.6134091868557466,2.459885886344348,2.7230467433295598,3.595591441693232,4.197079460936798,50
3,50,d3,logspline,0.61,3.1329650345204594,3.1799428294706904,0.5942630205001959,2.4461114112128537,2.710704180833764,3.5649194888370417,4.12908191127606,50
3,50,d3,logspline,0.62,3.1070750987884406,3.150544559426303,0.5751928514717921,2.431272442979007,2.6972956890635476,3.5304811722455964,4.059914676936306,50
3,50,d3,logspline,0.63,3.0801418739444033,3.120090512012251,0.556212131303105,2.4154159418112053,2.682860395986443,3.4959984840802987,3.9896219837509364,50
3,50,d3,logspline,0.64,3.052210382448795,3.08862253871204,0.5373358248083681,2.3985894719693417,2.667436888832479,3.4604428367883133,3.92286078358742,50
3,50,d3,logspline,0.65,3.023325427700881,3.056182919862549,0.5185806256186476,2.3808411254582946,2.6510632318321363,3.4238533534859887,3.859778042404159,50
3,50,d3,logspline,0.66,2.9935315717118556,3.0228149892586047,0.49996656112017646,2.3631759482372736,2.633776981624132,3.386269993163143,3.7956558264216795,50
3,50,d3,logspline,0.67,2.9628731137162037,2.988563822793491,0.4815185593065143,2.3507802806663554,2.615615200537874,3.3477334295535055,3.731484058156575,50
3,50,d3,logspline,0.68,2.9313940697077623,2.953476503332354,0.4632663039602217,2.3375765648876348,2.5966144679533363,3.308284939428541,3.6690364718489015,50
3,50,d3,logspline,0.6900000000000001,2.8991381528963043,2.917602057360287,0.4452435142691912,2.3204928943908394,2.576810889935143,3.264584407203964,3.6057053084451844,50
3,50,d3,logspline,0.7000000000000001,2.866148755084604,2.880991192656244,0.42748718861948926,2.301916459499595,2.556240107328867,3.220921188934367,3.536478379412833,50
3,50,d3,logspline,0.7100000000000001,2.8324689289661444,2.8436960559043634,0.4100368763956133,2.2826405532262037,2.5349373024966706,3.1738640495091985,3.45282714602047,50
3,50,d3,logspline,0.72,2.7979191762480835,2.8057700333298636,0.3929339964078904,2.261087884178674,2.5129372048570655,3.1249022986890638,3.3780939275941706,50
3,50,d3,logspline,0.73,2.7587394289198905,2.767267601542237,0.3762212438761878,2.2387587958953987,2.490274095380328,3.075407096689826,3.3038855722232414,50
3,50,d3,logspline,0.74,2.719208558629462,2.728244119276287,0.35994188149042533,2.2150432214773765,2.466981810177369,3.025437094769515,3.2297787452865308,50
3,50,d3,logspline,0.75,2.679378257225138,2.6887556204429934,0.34413895040235076,2.1876495662887976,2.4430937433059183,2.9699382893279376,3.1558990272979264,50
3,50,d3,logspline,0.76,2.6392995899283633,2.648858702321581,0.3288545228789549,2.15988357161263,2.4186428489041787,2.915276971702623,3.0829723343516573,50
3,50,d3,logspline,0.77,2.595802022129387,2.608610357660404,0.3141289357932214,2.131798089391669,2.3936616427486355,2.8596806486128377,3.0262856373929568,50
3,50,d3,logspline,0.78,2.5508210517849816,2.568067715318111,0.29999991965304595,2.1034455700707357,2.3681822033198636,2.7954858099940436,2.973078009755288,50
3,50,d3,logspline,0.79,2.5058682968115447,2.5272876395651642,0.2865017207898656,2.074876150020752,2.3422361724479326,2.7330073917142776,2.925366069998476,50
3,50,d3,logspline,0.8,2.467365580327244,2.486326201474909,0.27366412041743127,2.0461360837485723,2.3154886022819916,2.692226407198403,2.8771278203066437,50
3,50,d3,logspline,0.81,2.4307899803229525,2.4452379820454433,0.26151119354203617,2.0172678950942915,2.287836413772273,2.653975982573286,2.8206146208425658,50
3,50,d3,logspline,0.8200000000000001,2.3964805000470406,2.4040756082962123,0.2500601994352,1.9883106627669136,2.2587871852492345,2.605050680166781,2.7734612054671564,50
3,50,d3,logspline,0.8300000000000001,2.365153066236174,2.362889809597973,0.2393208246318247,1.959446784562171,2.2228508391281827,2.546804210000282,2.72378875523842,50
3,50,d3,logspline,0.8400000000000001,2.3283322230314445,2.3217295018218183,0.2292944371054699,1.9332714046027148,2.1886488458921964,2.4976119493468154,2.6739580237839937,50
3,50,d3,logspline,0.85,2.276923562541382,2.280641793701316,0.2199735352470002,1.9070497717225328,2.1558403578264684,2.4453859578272366,2.6241115737988387,50
3,50,d3,logspline,0.86,2.229879943546637,2.2396720059211694,0.21134141778901847,1.880806769270825,2.1204808123702605,2.3935503315421505,2.574533138820204,50
3,50,d3,logspline,0.87,2.186473726263042,2.1988636803086967,0.20337207109311298,1.85355290813377,2.084192894864132,2.341775061587519,2.524940291986008,50
3,50,d3,logspline,0.88,2.128235104920016,2.1582582486368906,0.1960301516643063,1.8255913911102923,2.0479817321541067,2.2911075900548945,2.47672818465797,50
3,50,d3,logspline,0.89,2.0901315884969867,2.117894283752078,0.18927181238724008,1.7977030638669516,2.008280726523734,2.24077924333957,2.430201850853738,50
3,50,d3,logspline,0.9,2.0551312903562686,2.077806390990173,0.18304701368823653,1.7759401109663309,1.9664833262431347,2.1908417341036457,2.383758443337057,50
3,50,d3,logspline,0.91,2.024169443188163,2.038025107930671,0.17730253147836572,1.754621398016163,1.9351986816435232,2.1413448784934292,2.3354254496319395,50
3,50,d3,logspline,0.92,1.9889837213230157,1.9985774789580313,0.17198472294788217,1.733178639955634,1.8913201556499972,2.096837147889206,2.2864088087424728,50
3,50,d3,logspline,0.93,1.9486326244446217,1.9594875954207747,0.16704171823089337,1.7116296432811315,1.8554992877909973,2.0615855907395018,2.2365320274144755,50
3,50,d3,logspline,0.94,1.9029376646620744,1.9207770304291707,0.16242505109194585,1.6820604608738456,1.8199955916905806,2.028928027308518,2.1865338964715058,50
3,50,d3,logspline,0.95,1.8679334581055693,1.8824650846299813,0.15809083336836843,1.6476561284975095,1.7848307786481712,1.9868940584744146,2.1392258030154214,50
3,50,d3,logspline,0.96,1.838818383306152,1.8445689184381444,0.1540006593191324,1.6004791203871644,1.7490688315523055,1.944797032521679,2.095696173043275,50
3,50,d3,logspline,0.97,1.8096795670007624,1.8071035756500073,0.15012243096156277,1.5517453608904264,1.712632227038587,1.9077531464194202,2.052340654549738,50
3,50,d3,logspline,0.98,1.7805368368610115,1.7700828053025455,0.14643149314105405,1.5108247184808241,1.6735012086172723,1.8707934562806177,2.0091925981609053,50
3,50,d3,logspline,0.99,1.7493897694225526,1.7335206805419663,0.14291183224786366,1.475604182300263,1.6269641694264259,1.8290778158320027,1.9666260998750813,50
3,50,d3,logspline,1,1.7094450883065186,1.6974321285889595,0.13955465033981196,1.440818073402864,1.5930369465685812,1.7877189545679977,1.9245467640872544,50
3,100,d0,ecdf,0.01,Inf,Inf,NA,Inf,Inf,Inf,Inf,0
3,100,d0,ecdf,0.02,Inf,Inf,NA,Inf,Inf,Inf,Inf,0
3,100,d0,ecdf,0.03,Inf,Inf,NA,Inf,Inf,Inf,Inf,0
3,100,d0,ecdf,0.04,Inf,Inf,NA,Inf,Inf,Inf,Inf,0
3,100,d0,ecdf,0.05,Inf,Inf,NA,Inf,Inf,Inf,Inf,0
3,100,d0,ecdf,0.06,Inf,Inf,NA,Inf,Inf,Inf,Inf,0
3,100,d0,ecdf,0.06999999999999999,Inf,Inf,NA,Inf,Inf,Inf,Inf,0
3,100,d0,ecdf,0.08,Inf,Inf,NA,Inf,Inf,Inf,Inf,0
3,100,d0,ecdf,0.09,Inf,Inf,NA,Inf,Inf,Inf,Inf,0
3,100,d0,ecdf,0.1,Inf,Inf,NA,Inf,Inf,Inf,Inf,0
3,100,d0,ecdf,0.11,Inf,Inf,NA,Inf,Inf,Inf,Inf,0
3,100,d0,ecdf,0.12,Inf,Inf,NA,Inf,Inf,Inf,Inf,0
3,100,d0,ecdf,0.13,Inf,Inf,NA,Inf,Inf,Inf,Inf,0
3,100,d0,ecdf,0.14,Inf,Inf,NA,Inf,Inf,Inf,Inf,0
3,100,d0,ecdf,0.15000000000000002,Inf,Inf,NA,Inf,Inf,Inf,Inf,0
3,100,d0,ecdf,0.16,Inf,Inf,NA,Inf,Inf,Inf,Inf,0
3,100,d0,ecdf,0.17,Inf,Inf,NA,Inf,Inf,Inf,Inf,0
3,100,d0,ecdf,0.18000000000000002,Inf,Inf,NA,Inf,Inf,Inf,Inf,0
3,100,d0,ecdf,0.19,Inf,Inf,NA,Inf,Inf,Inf,Inf,0
3,100,d0,ecdf,0.2,Inf,Inf,NA,Inf,Inf,Inf,Inf,0
3,100,d0,ecdf,0.21,Inf,Inf,NA,Inf,Inf,Inf,Inf,0
3,100,d0,ecdf,0.22,Inf,Inf,NA,Inf,Inf,Inf,Inf,0
3,100,d0,ecdf,0.23,Inf,Inf,NA,Inf,Inf,Inf,Inf,0
3,100,d0,ecdf,0.24,Inf,Inf,NA,Inf,Inf,Inf,Inf,0
3,100,d0,ecdf,0.25,Inf,Inf,NA,Inf,Inf,Inf,Inf,0
3,100,d0,ecdf,0.26,Inf,Inf,NA,Inf,Inf,Inf,Inf,0
3,100,d0,ecdf,0.27,Inf,Inf,NA,Inf,Inf,Inf,Inf,0
3,100,d0,ecdf,0.28,Inf,Inf,NA,Inf,Inf,Inf,Inf,0
3,100,d0,ecdf,0.29000000000000004,Inf,Inf,NA,Inf,Inf,Inf,Inf,0
3,100,d0,ecdf,0.3,Inf,Inf,NA,Inf,Inf,Inf,Inf,0
3,100,d0,ecdf,0.31,Inf,Inf,NA,Inf,Inf,Inf,Inf,0
3,100,d0,ecdf,0.32,Inf,Inf,NA,Inf,Inf,Inf,Inf,0
3,100,d0,ecdf,0.33,Inf,Inf,NA,Inf,Inf,Inf,Inf,0
3,100,d0,ecdf,0.34,Inf,Inf,NA,Inf,Inf,Inf,Inf,0
3,100,d0,ecdf,0.35000000000000003,Inf,Inf,NA,Inf,Inf,Inf,Inf,0
3,100,d0,ecdf,0.36000000000000004,Inf,Inf,NA,Inf,Inf,Inf,Inf,0
3,100,d0,ecdf,0.37,Inf,Inf,NA,Inf,Inf,Inf,Inf,0
3,100,d0,ecdf,0.38,Inf,Inf,NA,Inf,Inf,Inf,Inf,0
3,100,d0,ecdf,0.39,Inf,Inf,NA,Inf,Inf,Inf,Inf,0
3,100,d0,ecdf,0.4,Inf,Inf,NA,Inf,Inf,Inf,Inf,0
3,100,d0,ecdf,0.41,Inf,Inf,NA,Inf,Inf,Inf,Inf,0
3,100,d0,ecdf,0.42,Inf,Inf,NA,Inf,Inf,Inf,Inf,0
3,100,d0,ecdf,0.43,Inf,Inf,NA,Inf,Inf,Inf,Inf,0
3,100,d0,ecdf,0.44,Inf,Inf,NA,Inf,Inf,Inf,Inf,0
3,100,d0,ecdf,0.45,Inf,Inf,NA,Inf,Inf,Inf,Inf,0
3,100,d0,ecdf,0.46,Inf,Inf,NA,Inf,Inf,Inf,Inf,2
3,100,d0,ecdf,0.47,Inf,Inf,NA,Inf,Inf,Inf,Inf,2
3,100,d0,ecdf,0.48,Inf,Inf,NA,Inf,Inf,Inf,Inf,2
3,100,d0,ecdf,0.49,Inf,Inf,NA,Inf,Inf,Inf,Inf,3
3,100,d0,ecdf,0.5,Inf,Inf,NA,6.014669180019794,Inf,Inf,Inf,5
3,100,d0,ecdf,0.51,Inf,Inf,NA,6.03422111712887,Inf,Inf,Inf,5
3,100,d0,ecdf,0.52,Inf,Inf,NA,6.0533836339288385,Inf,Inf,Inf,7
3,100,d0,ecdf,0.53,Inf,Inf,NA,6.072171385940248,Inf,Inf,Inf,8
3,100,d0,ecdf,0.54,Inf,Inf,NA,6.0905982071505544,Inf,Inf,Inf,10
3,100,d0,ecdf,0.55,Inf,Inf,NA,6.108677170325384,Inf,Inf,Inf,13
3,100,d0,ecdf,0.56,Inf,Inf,NA,6.12642064188539,6.12642064188539,Inf,Inf,14
3,100,d0,ecdf,0.5700000000000001,Inf,Inf,NA,6.143840331925921,6.143840331925921,Inf,Inf,16
3,100,d0,ecdf,0.5800000000000001,Inf,Inf,NA,5.467800159326504,6.16094733988645,Inf,Inf,17
3,100,d0,ecdf,0.59,Inf,Inf,NA,5.261599206296552,6.177752196315988,Inf,Inf,22
3,100,d0,ecdf,0.6,Inf,Inf,NA,5.095652612460164,6.194264901128274,Inf,Inf,25
3,100,d0,ecdf,0.61,6.2104949586948806,Inf,NA,5.1118826700267705,5.690634573274922,Inf,Inf,28
3,100,d0,ecdf,0.62,6.226451410084813,Inf,NA,5.127839121416703,5.533304229524868,Inf,Inf,32
3,100,d0,ecdf,0.63,6.242142862724563,Inf,NA,5.143530574056453,5.548995682164618,Inf,Inf,35
3,100,d0,ecdf,0.64,5.911003927442419,Inf,NA,5.000740089205802,5.564430337162446,6.257577517722392,Inf,38
3,100,d0,ecdf,0.65,5.579616014514217,Inf,NA,5.015925766557573,5.1741509064060525,6.2727631950741625,Inf,44
3,100,d0,ecdf,0.66,5.5945601763848565,Inf,NA,4.678269444510701,4.973333513937856,6.287707356944802,Inf,47
3,100,d0,ecdf,0.67,5.203804840530928,Inf,NA,4.692979216764938,4.9161227680791475,5.609269948639093,6.302417129199038,49
3,100,d0,ecdf,0.68,5.074445996443066,Inf,NA,4.52513985210901,4.707461408902965,5.62375214077712,6.316899321337066,49
3,100,d0,ecdf,0.6900000000000001,4.944866083854965,5.024223041076599,0.5664724212279946,4.385250295919542,4.584981364945289,5.232548156306746,6.331160444974856,50
3,100,d0,ecdf,0.7000000000000001,4.735768818560679,4.843123226249363,0.49192519868911677,4.200984519703933,4.553447261766725,4.95891236987489,5.652059550434834,50
3,100,d0,ecdf,0.7100000000000001,4.567284676251672,4.7089750785092015,0.48555273805231375,4.161819568143508,4.413133996424413,4.972749784359837,5.6658969649197815,50
3,100,d0,ecdf,0.72,4.580918935304743,4.602539222226723,0.47259007668575276,4.070093311538752,4.293236862852962,4.7632404920986975,5.497071925324178,50
3,100,d0,ecdf,0.73,4.440204839019517,4.463502385787099,0.4365705430284273,3.857184849066385,4.188890410738611,4.594355518846775,5.28750269940672,50
3,100,d0,ecdf,0.74,4.319917611023355,4.342495632610871,0.4352179494747262,3.760301823087932,4.025291424855902,4.4534490036478775,5.0130647915833,50
3,100,d0,ecdf,0.75,4.215191366351245,4.239904930222179,0.3963217896155497,3.6688695559595903,3.9492621381468718,4.466505794632151,5.026121582567574,50
3,100,d0,ecdf,0.76,4.122705113176569,4.148034291637591,0.39253423069475296,3.6193579419317947,3.8603408487090785,4.316402905576683,5.038995845050724,50
3,100,d0,ecdf,0.77,3.9965856343447763,4.0253828544067085,0.3921414702053392,3.4935476164715213,3.7989292660227023,4.2407620183017425,4.828548683203861,50
3,100,d0,ecdf,0.78,3.885560230249109,3.908082620424932,0.37512542665627024,3.3594671343523292,3.677920865470864,4.052614314912275,4.65875011848259,50
3,100,d0,ecdf,0.79,3.754813286213022,3.807965479265785,0.356785808572373,3.3473725645429573,3.5184245081487915,4.043215370269454,4.456864211578883,50
3,100,d0,ecdf,0.8,3.7024637150367536,3.7370028658424297,0.3273946287551914,3.3161504334170475,3.530613458110094,3.910103079814998,4.342608529551326,50
3,100,d0,ecdf,0.81,3.596708668480486,3.6311660320320125,0.3138878175231783,3.191243560372322,3.442557988653228,3.8307748788896547,4.141605752470658,50
3,100,d0,ecdf,0.8200000000000001,3.5032190233655247,3.5210065323844537,0.29344932342080554,3.093304520800824,3.331537370176269,3.7263625746797344,3.9006533519888036,50
3,100,d0,ecdf,0.8300000000000001,3.3751745359077843,3.442778840979817,0.303475202202726,2.9843082272207724,3.2525722138154523,3.6202969939407694,3.912370806906222,50
3,100,d0,ecdf,0.8400000000000001,3.3033605365008447,3.3518411780194888,0.2598851643289827,2.9513943175479493,3.1900318511938415,3.5143065467726964,3.749647639129264,50
3,100,d0,ecdf,0.85,3.256690867336533,3.300601104824188,0.2561570943522017,2.9227396567052137,3.132460187687282,3.477505127717292,3.674722939065245,50
3,100,d0,ecdf,0.86,3.1776398691361867,3.2157074719513306,0.2413994023804681,2.856056245008724,3.02603841529392,3.3885960809587483,3.5492034255686695,50
3,100,d0,ecdf,0.87,3.1062124054771942,3.126830753792908,0.23087366968703277,2.7822296084024836,3.0007258976302165,3.2979774210981483,3.4650315057613144,50
3,100,d0,ecdf,0.88,3.0117273866249867,3.0450012947663465,0.21315425856724965,2.738434051625305,2.9294892883880146,3.199779618127926,3.3890216177664545,50
3,100,d0,ecdf,0.89,2.9536911239985812,2.974004709574944,0.21700675601514138,2.655028709742841,2.822625668842872,3.14395595569874,3.3414180143967083,50
3,100,d0,ecdf,0.9,2.899800535276534,2.9068607711237644,0.1978697676366572,2.6081074026816644,2.760038592901376,3.062319464774309,3.20612846114994,50
3,100,d0,ecdf,0.91,2.826593859399945,2.8379487421143197,0.187120296776718,2.5723106035422427,2.697471227407774,2.9552087028786556,3.1653015297207103,50
3,100,d0,ecdf,0.92,2.7703776025935642,2.764164978188258,0.1786038229094244,2.4738375289075067,2.630223137124579,2.890175647094068,3.0417471455687144,50
3,100,d0,ecdf,0.93,2.7182110596934015,2.699417858499786,0.16811616893758566,2.4154400920718215,2.581506337903088,2.813470221692468,2.9708575828549346,50
3,100,d0,ecdf,0.94,2.6413890528527415,2.6356916522207294,0.1676470027062542,2.3461206532281755,2.523631560731507,2.754017266708441,2.930381969637412,50
3,100,d0,ecdf,0.95,2.5715054940699638,2.5757479596428103,0.16585868442051635,2.302572736147658,2.4699844980343872,2.689252002714606,2.8461933022443455,50
3,100,d0,ecdf,0.96,2.5153684003202565,2.5147313958675097,0.15234303827324333,2.285675867133776,2.4129583696538077,2.638665144430428,2.7384799506104227,50
3,100,d0,ecdf,0.97,2.4408894037921396,2.456892602357495,0.14748484304523632,2.223071358419081,2.369937667819855,2.5660525467461457,2.671413062403972,50
3,100,d0,ecdf,0.98,2.3935142958004665,2.4076862716583647,0.145300301989552,2.186628844948652,2.3007325623495003,2.5231085991829545,2.6448287240813726,50
3,100,d0,ecdf,0.99,2.3360496187384565,2.3559339261869723,0.14129701315117285,2.1413731384246733,2.2520322895105056,2.4603473354160337,2.611719535034036,50
3,100,d0,ecdf,1,2.2949739336339228,2.3047301984709296,0.13806767660640884,2.1044556096357896,2.212086273828155,2.3989636471579705,2.5410249050785243,50
3,100,d0,logspline,0.01,9.377287285455857,9.69731121978424,2.382240864886797,6.704018719510872,8.357565445136931,10.384411964132703,15.171240982901992,50
3,100,d0,logspline,0.02,9.327156564176697,9.644606213372104,2.364639970234355,6.672369488261971,8.315222403352312,10.328434531386161,15.078802896181541,50
3,100,d0,logspline,0.03,9.276224421700269,9.590934016707601,2.346342796934439,6.64039173337803,8.271664456136143,10.271464950588346,14.983759972134148,50
3,100,d0,logspline,0.04,9.224492759200487,9.53629889573955,2.3273566801778744,6.608085769753368,8.227243674211838,10.21350614053711,14.886132569354828,50
3,100,d0,logspline,0.05,9.171964226240647,9.480706748117864,2.307691628201228,6.575452037422459,8.182224257229366,10.15456216459328,14.785948764068197,50
3,100,d0,logspline,0.06,9.118642208838043,9.424165031614667,2.2873601510231127,6.542491100746332,8.13660811008688,10.094638208064701,14.683243941141164,50
3,100,d0,logspline,0.06999999999999999,9.064530814322481,9.366682676292946,2.2663770519733086,6.509203647372313,8.090397547832685,10.033740549606502,14.578060291199083,50
3,100,d0,logspline,0.08,9.008401352561421,9.308269983196436,2.2447591897328563,6.4755904869712175,8.043595287922306,9.971876526982104,14.470446229285878,50
3,100,d0,logspline,0.09,8.951026019540807,9.248938512581569,2.2225252192148255,6.441652549757142,7.996204441204405,9.909054497590985,14.36045575215347,50
3,100,d0,logspline,0.1,8.892836899902619,9.188700964796576,2.1996953197444338,6.407390884795829,7.948228501700905,9.845283794222759,14.248147752075923,50
3,100,d0,logspline,0.11,8.833841527451938,9.127571056846305,2.176290918685059,6.372806658108338,7.899671335254317,9.78057467654132,14.13358530508448,50
3,100,d0,logspline,0.12,8.774048099642737,9.065563397486484,2.1523344179758133,6.337901150577492,7.850537167122193,9.71493827883753,14.016834950787764,50
3,100,d0,logspline,0.13,8.713465442114163,9.002693363396881,2.1278489300885663,6.302675755665401,7.800830568604495,9.648386554613566,13.8979659795928,50
3,100,d0,logspline,0.14,8.652102971324567,8.938976978621053,2.102858028777031,6.267131976950832,7.750556442794692,9.580932218576809,13.777049741318624,50
3,100,d0,logspline,0.15000000000000002,8.589970655614525,8.874430799062287,2.077385518774048,6.231271425495915,7.70136255795591,9.512588686625888,13.65415898704641,50
3,100,d0,logspline,0.16,8.527078975032353,8.809071803419355,2.0514552273806457,6.195095817052198,7.651823751156018,9.4433700144071,13.529367253728786,50
3,100,d0,logspline,0.17,8.463438880252887,8.74291729155473,2.0250908197503423,6.158606969116406,7.6017647330028915,9.373290835006296,13.402748298722033,50
3,100,d0,logspline,0.18000000000000002,8.399061750913834,8.675984790929585,1.998315638654167,6.121806797846837,7.551190897715388,9.302366296320088,13.274375589125079,50
3,100,d0,logspline,0.19,8.333959353683134,8.608291971425617,1.9711525686467941,6.084697314851532,7.500107868488411,9.230611998622468,13.144321848699391,50
3,100,d0,logspline,0.2,8.268143800356821,8.539856568609624,1.9436239238560762,6.0472806238596375,7.448521482753479,9.158043932808928,13.012658663269384,50
3,100,d0,logspline,0.21,8.201627506269705,8.470696315284357,1.91575135808707,6.009558917287627,7.396437777236404,9.084678419761632,12.879456143903417,50
3,100,d0,logspline,0.22,8.134423149281673,8.400828881006689,1.8875557955572646,5.9715344727121495,7.343862972888257,9.010532051236908,12.744782645868,50
3,100,d0,logspline,0.23,8.066543629580687,8.33027181913709,1.8590573803448753,5.933209649261306,7.290803459763529,8.935621632631538,12.608704540331715,50
3,100,d0,logspline,0.24,7.998002030520681,8.259042520907144,1.8302754425158396,5.895262728460789,7.2372657819163475,8.859964127937973,12.471286035053732,50
3,100,d0,logspline,0.25,7.928811580688254,8.187158175947806,1.8012284788752198,5.857796232469042,7.183256622382324,8.78357660715189,12.332589039800137,50
3,100,d0,logspline,0.26,7.858985617367596,8.114635738703946,1.7719341463434086,5.8200527909157085,7.128782788309732,8.706476196349,12.192673071956506,50
3,100,d0,logspline,0.27,7.788537551548288,8.041491900164111,1.742409266066852,5.782034782758268,7.073394992320814,8.628680030602883,12.051595197712885,50
3,100,d0,logspline,0.28,7.7183875548048375,7.967743064353183,1.7126698365197184,5.743744644801556,7.017398684977759,8.550205209872148,11.909410004252383,50
3,100,d0,logspline,0.29000000000000004,7.649717128689351,7.8934053290648025,1.6827310540225813,5.705184868352795,6.960952580990555,8.471068757944366,11.766169598543424,50
3,100,d0,logspline,0.3,7.580491116961969,7.818494470346305,1.652607339285202,5.666357995870422,6.9040640577804595,8.390628504696402,11.621923628587938,50
3,100,d0,logspline,0.31,7.510721635105318,7.743025930288482,1.622312368764203,5.627266617615449,6.846740544845638,8.300298266085344,11.47671932328679,50
3,100,d0,logspline,0.32,7.4404207566332285,7.66701480771328,1.5918591098064256,5.587548739534109,6.788989510403859,8.212728746564162,11.330601547427168,50
3,100,d0,logspline,0.33,7.369600491212056,7.590475851392952,1.5612598587208582,5.547394588001422,6.730818448542164,8.127723207984896,11.183612868655702,50
3,100,d0,logspline,0.34,7.298272764349351,7.513423455472931,1.5305262810836806,5.506979255015201,6.670848997599964,8.042119649240497,11.035793633661713,50
3,100,d0,logspline,0.35000000000000003,7.22644939864745,7.435871656807117,1.4996694537310733,5.466305595372564,6.609673567304348,7.955935262660505,10.887182051145857,50
3,100,d0,logspline,0.36000000000000004,7.154142096607682,7.3578341339477475,1.468699908032966,5.425376495452424,6.550252785818356,7.869186893487866,10.730125758310407,50
3,100,d0,logspline,0.37,7.081362424960383,7.279324207562556,1.437627674168635,5.3841948698844195,6.490017199884632,7.78189102364891,10.568224916097812,50
3,100,d0,logspline,0.38,7.008121800486666,7.2003548420792844,1.4064623262435203,5.342763658277102,6.428450993905235,7.694063758402933,10.40562544852901,50
3,100,d0,logspline,0.39,6.934431477289858,7.12093864838208,1.3752130281977724,5.301085822011242,6.366500942241876,7.605720815675874,10.2423592221391,50
3,100,d0,logspline,0.4,6.860302535467737,7.0410878874058955,1.34388858056332,5.260041730088658,6.303858047215063,7.517045864865836,10.078456234891869,50
3,100,d0,logspline,0.41,6.785745871131059,6.960814474494042,1.3124974682305237,5.219377337916127,6.241919723020016,7.432576483691037,9.91394473023473,50
3,100,d0,logspline,0.42,6.71077218770937,6.880129984400767,1.2810479094909781,5.178485198114155,6.178679911954783,7.347651588009395,9.748851305963107,50
3,100,d0,logspline,0.43,6.635391988481519,6.799045656835281,1.2495479067335626,5.137368047336025,6.115016157664794,7.262284148348022,9.5832010176847,50
3,100,d0,logspline,0.44,6.559615570265806,6.717572402456433,1.2180052992907544,5.096028632044913,6.051261621593047,7.176486800200787,9.417017476791784,50
3,100,d0,logspline,0.45,6.483453018202962,6.635720809238364,1.1864278190667297,5.053285057961174,5.987168566471292,7.0902718422708775,9.25032294294326,50
3,100,d0,logspline,0.46,6.4069142015642395,6.553501149357502,1.1548231496000108,5.008611089027131,5.92274423148194,7.003651236037067,9.083138411131035,50
3,100,d0,logspline,0.47,6.330008770516734,6.470923402632279,1.1231989839122898,4.963706889557367,5.85799575087539,6.916636606516773,8.91548369346128,50
3,100,d0,logspline,0.48,6.252746153778391,6.387997327292543,1.0915630832617795,4.918575703534658,5.792811161614654,6.827719272561416,8.747377495822521,50
3,100,d0,logspline,0.49,6.1751355570961675,6.304732493487853,1.059923355538738,4.873220766425449,5.725729841069496,6.737344588116181,8.578837489642368,50
3,100,d0,logspline,0.5,6.097185962482153,6.221138317566597,1.0282879582913376,4.82764530277028,5.658339549703633,6.646604222740371,8.409880378954666,50
3,100,d0,logspline,0.51,6.018906128144302,6.137224231648182,0.9966654371149132,4.781852523887246,5.590647263286245,6.5555088380883655,8.240521963011503,50
3,100,d0,logspline,0.52,5.940304589050481,6.052999824445952,0.9650648354299179,4.735845625688466,5.522659823253744,6.4640687519603395,8.070777194680419,50
3,100,d0,logspline,0.53,5.861389658066987,5.96847489986757,0.933495785278614,4.689627786609147,5.454383935088415,6.372293945359262,7.900660234868775,50
3,100,d0,logspline,0.54,5.782169427615148,5.883659637249638,0.901968660413111,4.64320216564848,5.385826167122019,6.280194069980731,7.730184503214632,50
3,100,d0,logspline,0.55,5.700899473569139,5.798564731372672,0.8704947608782838,4.59657190052133,5.316992949735703,6.187778456054212,7.559362735794183,50
3,100,d0,logspline,0.56,5.611903640079926,5.71320155932855,0.8390866327304269,4.549740105919333,5.247708386970832,6.098895649612908,7.38820900367439,50
3,100,d0,logspline,0.5700000000000001,5.526773806009725,5.627582547912024,0.8077589153547549,4.502709871879782,5.176337729051438,6.010557362806442,7.216746460323076,50
3,100,d0,logspline,0.5800000000000001,5.450851145902201,5.54172122763567,0.7765287429796223,4.45548427313617,5.104706221459779,5.9219340812879615,7.045009366617061,50
3,100,d0,logspline,0.59,5.374667571891793,5.455632123804582,0.7454158847476714,4.408066574063598,5.032819972002204,5.833033569958411,6.873041374041675,50
3,100,d0,logspline,0.6,5.298229456484462,5.369330815963474,0.7144429639013549,4.360460515169715,4.960684939504307,5.742992157805983,6.7008939589819025,50
3,100,d0,logspline,0.61,5.221025742033406,5.282834445372862,0.6836358392169871,4.312670347712659,4.888306935289661,5.64915708059339,6.528625069904679,50
3,100,d0,logspline,0.62,5.140984446857457,5.196162170218284,0.6530243557835168,4.264701065636739,4.815691624874393,5.555072023297808,6.35629795529772,50
3,100,d0,logspline,0.63,5.053918478812633,5.10933600089256,0.6226447282315836,4.216324771708296,4.7428445298540485,5.460754001661377,6.185922413987685,50
3,100,d0,logspline,0.64,4.967011757022157,5.0223821446360155,0.5925427353537555,4.167665006160082,4.6697712759235745,5.366228020759896,6.017782634995574,50
3,100,d0,logspline,0.65,4.8877086178275295,4.935334193832246,0.5627789302256022,4.118847437707276,4.59648076400236,5.26586606273235,5.849983693188789,50
3,100,d0,logspline,0.66,4.810271027154501,4.84823403237272,0.5334289420425291,4.069880894605015,4.522988458514935,5.164443939673588,5.682776988142868,50
3,100,d0,logspline,0.67,4.736845491787031,4.761132876009572,0.5045856170103937,4.020774928571086,4.449316183425239,5.063323837913494,5.516478476216527,50
3,100,d0,logspline,0.68,4.665468040655048,4.674093110657018,0.47636338955601853,3.9715397628557074,4.375491785810692,4.962579789160689,5.351454092449479,50
3,100,d0,logspline,0.6900000000000001,4.593958567579884,4.587187239977595,0.44889412286565916,3.922186243332714,4.303325897101479,4.863225729341552,5.228882264435638,50
3,100,d0,logspline,0.7000000000000001,4.517302820033669,4.500496190966148,0.4223211934249008,3.872725792330753,4.229799993589007,4.76625125659476,5.108394865045458,50
3,100,d0,logspline,0.7100000000000001,4.42847507613878,4.414107865697815,0.39679347989190783,3.8231703649640902,4.154886077973689,4.670685985567831,4.988821232809007,50
3,100,d0,logspline,0.72,4.339779038646061,4.328115613596924,0.3724589944494063,3.7735324077568073,4.069402013744186,4.564893617675731,4.870273662198272,50
3,100,d0,logspline,0.73,4.253609302961805,4.242616767958655,0.34945802386156083,3.719750617604014,3.9964449196149965,4.467184549176989,4.754513314900725,50
3,100,d0,logspline,0.74,4.1700928409056255,4.157711315050638,0.3279157526167561,3.6654571217929686,3.9228743764568526,4.371254849266088,4.642754726864782,50
3,100,d0,logspline,0.75,4.070541927828801,4.073499844682062,0.3079347220774837,3.6111959462116836,3.8473683141402506,4.281005605624265,4.532152699784185,50
3,100,d0,logspline,0.76,3.9909748315595124,3.990079506470342,0.28958950506578424,3.556998264542517,3.7817381271010317,4.179426137458761,4.428407699832196,50
3,100,d0,logspline,0.77,3.912029833669914,3.907542483128245,0.2729245853597419,3.5028963037922374,3.714495681756605,4.090841563073272,4.338638484332244,50
3,100,d0,logspline,0.78,3.843022713908039,3.825976210019438,0.25795257876079813,3.4484422296343515,3.633857475509777,4.01609020378881,4.216129608794001,50
3,100,d0,logspline,0.79,3.7667177928686995,3.7454628650686477,0.2446512298155598,3.394042191347199,3.563477425151955,3.9413404654377495,4.098587801167926,50
3,100,d0,logspline,0.8,3.6947872852489247,3.666074399713497,0.23295743801150404,3.33680777696822,3.4919209345415054,3.8451444273935342,4.000537774478515,50
3,100,d0,logspline,0.81,3.6067062979142506,3.5878703506430196,0.22277156026012676,3.254597412035064,3.4213674925074438,3.754904466973255,3.9150163068776025,50
3,100,d0,logspline,0.8200000000000001,3.5270115890680147,3.510898757789694,0.2139678703667203,3.1929543398332236,3.356113936947003,3.6614899389789666,3.814507157056514,50
3,100,d0,logspline,0.8300000000000001,3.4429248492679676,3.4351983442002836,0.20640395531386058,3.1301578551104656,3.291450762942235,3.573185191553423,3.7302503568774092,50
3,100,d0,logspline,0.8400000000000001,3.3764495713746463,3.360799772281958,0.19992757045649517,3.067051295140091,3.222339326917517,3.4977583042977343,3.658223515442537,50
3,100,d0,logspline,0.85,3.292015002890661,3.287724700861763,0.1943820626041969,3.002535853715334,3.156316193243489,3.421883531099346,3.5816229315880808,50
3,100,d0,logspline,0.86,3.206989195669064,3.2159858745015715,0.18961332101113101,2.9354156851038313,3.0774838621591525,3.3384885197118415,3.500744270867518,50
3,100,d0,logspline,0.87,3.1418294310627743,3.145589674771763,0.18547638046896833,2.8698772165743875,3.0031811219485722,3.2671395259788203,3.4209510210004757,50
3,100,d0,logspline,0.88,3.078768493792289,3.0765388468153527,0.18183998646985805,2.8059094046957154,2.944769425074621,3.2050253655446186,3.3422825112296044,50
3,100,d0,logspline,0.89,3.016400993487183,3.008833018942463,0.1785883803046172,2.743496889717813,2.890387008777213,3.1379637932503064,3.2647736181015135,50
3,100,d0,logspline,0.9,2.9478513368473394,2.9424690164615157,0.17562188219308306,2.6820200955924127,2.8224523901808465,3.0733345704030186,3.1907556395147734,50
3,100,d0,logspline,0.91,2.880578656152939,2.8774410716414227,0.1728566334116612,2.6207631323644787,2.7515941213459616,3.007716892637891,3.1200393476602137,50
3,100,d0,logspline,0.92,2.8142216570913927,2.8137410091425044,0.17022373452761863,2.5612392179291774,2.690003444702823,2.9431048058641816,3.0507384997954956,50
3,100,d0,logspline,0.93,2.7540084238650726,2.7513584985826145,0.1676680007244897,2.5034082639046695,2.634241072079293,2.8799285316454473,2.9870239135401166,50
3,100,d0,logspline,0.94,2.694751591157713,2.690281331636475,0.16514652447639594,2.4434889870861087,2.5788848504037265,2.8206128757643203,2.931404607646053,50
3,100,d0,logspline,0.95,2.636747160623306,2.63049566940126,0.162627139436466,2.3855583556610296,2.519966237336494,2.7636082695105744,2.874326580306011,50
3,100,d0,logspline,0.96,2.583111045919613,2.5719863041068223,0.16008691116046606,2.3341080425088063,2.4582641054309207,2.7074224971225167,2.807089244068643,50
3,100,d0,logspline,0.97,2.5274308496198152,2.514736890657404,0.15751068869125698,2.285800848003551,2.4014966988441806,2.6469305924508446,2.741579809304973,50
3,100,d0,logspline,0.98,2.465395900765551,2.4587301394682153,0.15488975292543283,2.2286185310736553,2.345970220526787,2.587031018617931,2.677288753613624,50
3,100,d0,logspline,0.99,2.4089020821845253,2.4039479555756746,0.15222058162592994,2.173656763113808,2.2904458999774016,2.5268639168652824,2.614239908905061,50
3,100,d0,logspline,1,2.355668405987723,2.3503716456133676,0.149503676061871,2.1213743648646983,2.2347038035151234,2.4671383516921974,2.552454704398353,50
3,100,d1,ecdf,0.01,Inf,Inf,NA,Inf,Inf,Inf,Inf,0
3,100,d1,ecdf,0.02,Inf,Inf,NA,Inf,Inf,Inf,Inf,0
3,100,d1,ecdf,0.03,Inf,Inf,NA,Inf,Inf,Inf,Inf,0
3,100,d1,ecdf,0.04,Inf,Inf,NA,Inf,Inf,Inf,Inf,0
3,100,d1,ecdf,0.05,Inf,Inf,NA,Inf,Inf,Inf,Inf,0
3,100,d1,ecdf,0.06,Inf,Inf,NA,Inf,Inf,Inf,Inf,0
3,100,d1,ecdf,0.06999999999999999,Inf,Inf,NA,Inf,Inf,Inf,Inf,0
3,100,d1,ecdf,0.08,Inf,Inf,NA,Inf,Inf,Inf,Inf,0
3,100,d1,ecdf,0.09,Inf,Inf,NA,Inf,Inf,Inf,Inf,0
3,100,d1,ecdf,0.1,Inf,Inf,NA,Inf,Inf,Inf,Inf,0
3,100,d1,ecdf,0.11,Inf,Inf,NA,Inf,Inf,Inf,Inf,0
3,100,d1,ecdf,0.12,Inf,Inf,NA,Inf,Inf,Inf,Inf,0
3,100,d1,ecdf,0.13,Inf,Inf,NA,Inf,Inf,Inf,Inf,0
3,100,d1,ecdf,0.14,Inf,Inf,NA,Inf,Inf,Inf,Inf,0
3,100,d1,ecdf,0.15000000000000002,Inf,Inf,NA,Inf,Inf,Inf,Inf,0
3,100,d1,ecdf,0.16,Inf,Inf,NA,Inf,Inf,Inf,Inf,0
3,100,d1,ecdf,0.17,Inf,Inf,NA,Inf,Inf,Inf,Inf,0
3,100,d1,ecdf,0.18000000000000002,Inf,Inf,NA,Inf,Inf,Inf,Inf,0
3,100,d1,ecdf,0.19,Inf,Inf,NA,Inf,Inf,Inf,Inf,0
3,100,d1,ecdf,0.2,Inf,Inf,NA,Inf,Inf,Inf,Inf,0
3,100,d1,ecdf,0.21,Inf,Inf,NA,Inf,Inf,Inf,Inf,0
3,100,d1,ecdf,0.22,Inf,Inf,NA,Inf,Inf,Inf,Inf,0
3,100,d1,ecdf,0.23,Inf,Inf,NA,Inf,Inf,Inf,Inf,0
3,100,d1,ecdf,0.24,Inf,Inf,NA,Inf,Inf,Inf,Inf,0
3,100,d1,ecdf,0.25,Inf,Inf,NA,Inf,Inf,Inf,Inf,0
3,100,d1,ecdf,0.26,Inf,Inf,NA,Inf,Inf,Inf,Inf,0
3,100,d1,ecdf,0.27,Inf,Inf,NA,Inf,Inf,Inf,Inf,0
3,100,d1,ecdf,0.28,Inf,Inf,NA,Inf,Inf,Inf,Inf,0
3,100,d1,ecdf,0.29000000000000004,Inf,Inf,NA,Inf,Inf,Inf,Inf,0
3,100,d1,ecdf,0.3,Inf,Inf,NA,Inf,Inf,Inf,Inf,0
3,100,d1,ecdf,0.31,Inf,Inf,NA,Inf,Inf,Inf,Inf,0
3,100,d1,ecdf,0.32,Inf,Inf,NA,Inf,Inf,Inf,Inf,0
3,100,d1,ecdf,0.33,Inf,Inf,NA,Inf,Inf,Inf,Inf,0
3,100,d1,ecdf,0.34,Inf,Inf,NA,Inf,Inf,Inf,Inf,0
3,100,d1,ecdf,0.35000000000000003,Inf,Inf,NA,Inf,Inf,Inf,Inf,0
3,100,d1,ecdf,0.36000000000000004,Inf,Inf,NA,Inf,Inf,Inf,Inf,0
3,100,d1,ecdf,0.37,Inf,Inf,NA,Inf,Inf,Inf,Inf,0
3,100,d1,ecdf,0.38,Inf,Inf,NA,Inf,Inf,Inf,Inf,0
3,100,d1,ecdf,0.39,Inf,Inf,NA,Inf,Inf,Inf,Inf,0
3,100,d1,ecdf,0.4,Inf,Inf,NA,Inf,Inf,Inf,Inf,0
3,100,d1,ecdf,0.41,Inf,Inf,NA,Inf,Inf,Inf,Inf,0
3,100,d1,ecdf,0.42,Inf,Inf,NA,Inf,Inf,Inf,Inf,0
3,100,d1,ecdf,0.43,Inf,Inf,NA,Inf,Inf,Inf,Inf,0
3,100,d1,ecdf,0.44,Inf,Inf,NA,Inf,Inf,Inf,Inf,1
3,100,d1,ecdf,0.45,Inf,Inf,NA,Inf,Inf,Inf,Inf,1
3,100,d1,ecdf,0.46,Inf,Inf,NA,Inf,Inf,Inf,Inf,2
3,100,d1,ecdf,0.47,Inf,Inf,NA,Inf,Inf,Inf,Inf,3
3,100,d1,ecdf,0.48,Inf,Inf,NA,Inf,Inf,Inf,Inf,3
3,100,d1,ecdf,0.49,Inf,Inf,NA,4.935525329155989,Inf,Inf,Inf,4
3,100,d1,ecdf,0.5,Inf,Inf,NA,4.974580020106754,Inf,Inf,Inf,5
3,100,d1,ecdf,0.51,Inf,Inf,NA,5.012808613253766,Inf,Inf,Inf,5
3,100,d1,ecdf,0.52,Inf,Inf,NA,5.050242264292865,Inf,Inf,Inf,5
3,100,d1,ecdf,0.53,Inf,Inf,NA,5.086910354180265,Inf,Inf,Inf,5
3,100,d1,ecdf,0.54,Inf,Inf,NA,5.122840621929133,Inf,Inf,Inf,7
3,100,d1,ecdf,0.55,Inf,Inf,NA,5.15805928521947,Inf,Inf,Inf,9
3,100,d1,ecdf,0.56,Inf,Inf,NA,5.192591150139045,Inf,Inf,Inf,13
3,100,d1,ecdf,0.5700000000000001,Inf,Inf,NA,5.226459711209801,5.226459711209801,Inf,Inf,15
3,100,d1,ecdf,0.5800000000000001,Inf,Inf,NA,4.878456293405623,5.259687242713593,Inf,Inf,19
3,100,d1,ecdf,0.59,Inf,Inf,NA,4.599147701649865,5.292294882209809,Inf,Inf,24
3,100,d1,ecdf,0.6,5.324302707032341,Inf,NA,4.631155526472396,5.324302707032341,Inf,Inf,27
3,100,d1,ecdf,0.61,5.355729804462292,Inf,NA,4.662582623902346,5.355729804462292,Inf,Inf,29
3,100,d1,ecdf,0.62,5.386594336193509,Inf,NA,4.693447155633564,5.386594336193509,Inf,Inf,31
3,100,d1,ecdf,0.63,5.416913597638909,Inf,NA,4.723766417078964,4.723766417078964,Inf,Inf,34
3,100,d1,ecdf,0.64,5.446704072565138,Inf,NA,4.348091783897029,4.753556892005194,Inf,Inf,36
3,100,d1,ecdf,0.65,5.129407893210232,Inf,NA,4.0896871223703135,4.782834302930259,Inf,Inf,37
3,100,d1,ecdf,0.66,4.8116136576722965,Inf,NA,3.9957375238895363,4.406148549564133,5.504760838232242,Inf,40
3,100,d1,ecdf,0.67,4.839909292396797,Inf,NA,3.9236185605226424,4.434444184288633,5.533056472956742,Inf,40
3,100,d1,ecdf,0.68,4.665002357419468,Inf,NA,3.76912262280544,4.174587730913605,5.560882092033495,Inf,44
3,100,d1,ecdf,0.6900000000000001,4.489638516314638,Inf,NA,3.7117084618497005,4.201956443862858,4.895103624422803,Inf,46
3,100,d1,ecdf,0.7000000000000001,4.516562872093766,Inf,NA,3.5958227457630745,4.005737248327775,4.92202798020193,Inf,46
3,100,d1,ecdf,0.7100000000000001,4.255372818499049,Inf,NA,3.5622256379391044,3.849907710390885,4.54305489095083,5.64166717961894,48
3,100,d1,ecdf,0.72,4.058300470283225,Inf,NA,3.4705138053811058,3.760365903618826,4.569126094049215,5.355822151465349,49
3,100,d1,ecdf,0.73,4.08396190728183,Inf,NA,3.3383941278295053,3.647341126192225,4.307105458596039,5.3814835884639525,49
3,100,d1,ecdf,0.74,3.8498272853301527,3.9674890333918853,0.6096058515739948,3.111026491461021,3.639220552792001,4.109224182037736,5.224286564571184,50
3,100,d1,ecdf,0.75,3.7976252399613495,3.8721474531516424,0.5946567746427419,3.064384380927092,3.4672904249370737,4.134097476582562,4.867928909808042,50
3,100,d1,ecdf,0.76,3.7553536405762404,3.764615674692903,0.511321773938826,3.0888784778542444,3.46544439294977,3.97627001671576,4.669417197275705,50
3,100,d1,ecdf,0.77,3.5949292119950624,3.642730278369702,0.49622065053165587,2.927503317663094,3.3942585165329113,3.846243640275969,4.405859428211391,50
3,100,d1,ecdf,0.78,3.513332251319307,3.567180917253996,0.45675681805989915,2.8958086147185362,3.3310106945253524,3.736475802633517,4.429622983193462,50
3,100,d1,ecdf,0.79,3.441433582606174,3.462393620209631,0.4062716933458798,2.8910088138965753,3.200271525789286,3.6421042780683255,4.352619896193259,50
3,100,d1,ecdf,0.8,3.223339374054655,3.376676023990859,0.3932316149865439,2.8666644301159225,3.105942611714526,3.559811610675868,4.252958791235813,50
3,100,d1,ecdf,0.81,3.177078761725533,3.287742293237942,0.3696285397800882,2.84060652510432,3.051915618771527,3.487233690029373,4.024001687677422,50
3,100,d1,ecdf,0.8200000000000001,3.1349446921234296,3.2011832546441696,0.3544733474756619,2.7686347036605987,2.9630944351967705,3.4026160876568268,3.9616232653078978,50
3,100,d1,ecdf,0.8300000000000001,3.096404217668765,3.1080770917949607,0.3140974242696285,2.71074173685678,2.885095124001558,3.2215673606227706,3.627032468730935,50
3,100,d1,ecdf,0.8400000000000001,3.006949664504168,3.0201010322010697,0.2915091225368362,2.619184133495405,2.8158944277414593,3.178799921430828,3.5534933708722383,50
3,100,d1,ecdf,0.85,2.952726291182513,2.929549409593936,0.2804412160858559,2.5192356662666864,2.714757108799738,3.0284146676547796,3.418579191110953,50
3,100,d1,ecdf,0.86,2.8585251015517987,2.865515716117954,0.26315509817430216,2.4810926262821433,2.661814807305744,2.998287043926957,3.3646745803811084,50
3,100,d1,ecdf,0.87,2.756795634750655,2.7790681018573937,0.24719204539428702,2.403974260127913,2.647596342785663,2.8793979568429875,3.242303450532356,50
3,100,d1,ecdf,0.88,2.703274000958039,2.706484170942009,0.23457899923360745,2.3956065450720367,2.5546010389120966,2.847219182155234,3.1522136312774256,50
3,100,d1,ecdf,0.89,2.621797217737486,2.641851287155911,0.22734565487734484,2.3271286042399018,2.500436360733219,2.759947556218304,3.0882634605817945,50
3,100,d1,ecdf,0.9,2.5643817532268027,2.5742351554994296,0.21798344552163684,2.2471743997790283,2.464897883623899,2.674618414605968,2.9403215803389737,50
3,100,d1,ecdf,0.91,2.4983599073488456,2.518897274833128,0.22154445617382146,2.1926465457637505,2.388179419342298,2.5990707714325327,2.8991546050169523,50
3,100,d1,ecdf,0.92,2.4261980953806006,2.45552530480694,0.21645147502123654,2.1244129365182234,2.3084150597242172,2.5887170248783753,2.819240683490208,50
3,100,d1,ecdf,0.93,2.3616239142742197,2.401369397636634,0.21201026145476562,2.081702062754053,2.2737576817769387,2.4902387577529304,2.7517672608396007,50
3,100,d1,ecdf,0.94,2.324665831311423,2.3483532281509505,0.20593788579156316,2.049871549505251,2.2020635092190903,2.43973516109621,2.7193200233153716,50
3,100,d1,ecdf,0.95,2.280435873828473,2.2887508446237415,0.20385930698605295,1.9823931399700656,2.1647146967640203,2.38785824807823,2.6755403205300112,50
3,100,d1,ecdf,0.96,2.210907634852111,2.2285994802415487,0.18016931255608598,1.9485253047143951,2.100402832267304,2.34039801320025,2.541270486302456,50
3,100,d1,ecdf,0.97,2.1570580038522946,2.1664244715791154,0.17056437137191915,1.9096869270405836,2.0656704166512467,2.2769795103184536,2.4145027239910917,50
3,100,d1,ecdf,0.98,2.1159571780101833,2.1186646565183858,0.16362505063000726,1.88181118437537,2.0221384227925285,2.2287550845765014,2.379037819205941,50
3,100,d1,ecdf,0.99,2.070240483238478,2.0651720619343186,0.15976470693429795,1.8312417575770727,1.9541683119857245,2.167090309228396,2.337407523773133,50
3,100,d1,ecdf,1,2.0137043450938736,2.0151516213072957,0.14525609454606606,1.7900056857856566,1.905490760453641,2.1310651167615307,2.238793264739826,50
3,100,d1,logspline,0.01,4.347521554800281,5.032642017151864,2.5151412258015156,2.4870667782013274,3.4572951766723574,5.827555312113228,10.256693112962187,50
3,100,d1,logspline,0.02,4.993920327646068,5.672682172882408,2.4970004625302993,3.1440861067527703,4.108293560860207,6.460560110693984,10.853635717852683,50
3,100,d1,logspline,0.03,5.351915047011987,6.024032441623442,2.478133446093507,3.5129765856775146,4.471015354632369,6.804719283856944,11.160070150827718,50
3,100,d1,logspline,0.04,5.591406198626061,6.256596365607353,2.45854794431053,3.763637782793535,4.715360561144803,7.029935762964386,11.345918836290814,50
3,100,d1,logspline,0.05,5.765640317497324,6.423624686870138,2.4382545121277945,3.9493149542816193,4.894575043468139,7.18945947925161,11.464458513695103,50
3,100,d1,logspline,0.06,5.898336514359478,6.548841804806759,2.417266318293933,4.093725577302015,5.0323770546469895,7.307013863144443,11.539446275686384,50
3,100,d1,logspline,0.06999999999999999,6.002149044429455,6.644908260683925,2.395598934111747,4.2095219265872625,5.141419811041302,7.395258378890838,11.583581538191492,50
3,100,d1,logspline,0.08,6.084633176541187,6.719386510030794,2.3732700918494394,4.304256952996704,5.22925736696217,7.461754353101215,11.604471220009804,50
3,100,d1,logspline,0.09,6.1506640473071155,6.7771596706777295,2.3502994210264974,4.382803148596471,5.3007634751978046,7.5113837824746446,11.607047838027647,50
3,100,d1,logspline,0.1,6.203572211443527,6.821566960785363,2.3267081709598822,4.44848810929936,5.359267144500886,7.547484832545385,11.59470425153536,50
3,100,d1,logspline,0.11,6.245735064563073,6.854995006305027,2.302518927699663,4.503685971255161,5.407144070268931,7.572443204508798,11.56988425412155,50
3,100,d1,logspline,0.12,6.278909825679026,6.879210708049115,2.2777553328652043,4.549556541730338,5.446149625584618,7.588025058166226,11.534414721448863,50
3,100,d1,logspline,0.13,6.304432768143676,6.895560359717891,2.25244181099796,4.58732530053501,5.477618101256358,7.59557618052774,11.48970402280688,50
3,100,d1,logspline,0.14,6.323344397604934,6.905094717707357,2.2266033109674925,4.618707587020737,5.503433229545551,7.596147099477371,11.436866411729902,50
3,100,d1,logspline,0.15000000000000002,6.336471329795964,6.908650777328605,2.2002650657950213,4.644526007476096,5.524528810185446,7.590574896123594,11.376803162352035,50
3,100,d1,logspline,0.16,6.344481681053933,6.906907069713822,2.173452374075377,4.66544446748345,5.54064644923043,7.579538529511591,11.310257275228114,50
3,100,d1,logspline,0.17,6.347923628928628,6.900422137725313,2.146190405051252,4.682006750041199,5.552331296555598,7.563597331797121,11.237851417787931,50
3,100,d1,logspline,0.18000000000000002,6.346591084287946,6.889661975122057,2.118504028373424,4.694664047762002,5.560035968604881,7.543218458258576,11.160114888041715,50
3,100,d1,logspline,0.19,6.341371609984597,6.875020019151642,2.090417668699997,4.703795038962867,5.563551033916796,7.518796882720602,11.077503193794804,50
3,100,d1,logspline,0.2,6.332736510912222,6.856831994990039,2.0619551845636206,4.709720806014271,5.563438725475291,7.490670237440702,10.990412545893822,50
3,100,d1,logspline,0.21,6.32096586555222,6.835387123885166,2.033139770371404,4.712716107990799,5.560312132846493,7.459107644439403,10.899190775792679,50
3,100,d1,logspline,0.22,6.306302174171455,6.810936713528695,2.00399387999096,4.713018026522459,5.554410268926102,7.420361946992026,10.804145693064726,50
3,100,d1,logspline,0.23,6.288957060441109,6.783700831560533,1.9745391701034047,4.710832686264045,5.545941227266008,7.378630966248533,10.705551579866881,50
3,100,d1,logspline,0.24,6.2691165403299225,6.753873553793275,1.944796461351708,4.70634054217644,5.535087463347633,7.334114819004017,10.603654309351151,50
3,100,d1,logspline,0.25,6.246945209760616,6.721627137885834,1.914785715260065,4.699700585011453,5.522009994168203,7.286991994166858,10.503611654649799,50
3,100,d1,logspline,0.26,6.2225896059394135,6.687115376602662,1.8845260249264426,4.691053719823421,5.50685177099154,7.237422667208001,10.40549204733654,50
3,100,d1,logspline,0.27,6.196180929878516,6.650476317416233,1.854035617576894,4.680525504951905,5.489740412733593,7.185551381323001,10.306988588609002,50
3,100,d1,logspline,0.28,6.167837269865039,6.6118344874740576,1.8233318671995742,4.66822839116449,5.470790439694875,7.1315092349736116,10.206149301654431,50
3,100,d1,logspline,0.29000000000000004,6.137665431282583,6.57130272864753,1.7924313156339977,4.65426356631245,5.450105113013185,7.075415681063429,10.10298181046669,50
3,100,d1,logspline,0.3,6.105762453164993,6.528983722405316,1.761349700665114,4.638722485836098,5.427777960191248,7.0173800179208285,9.997619592345982,50
3,100,d1,logspline,0.31,6.070563759305035,6.484971265851897,1.7301019898529297,4.62168815100802,5.403894048602567,6.957502633758989,9.890185449172725,50
3,100,d1,logspline,0.32,6.03359861528663,6.439351346561234,1.6987024190097044,4.603236183042517,5.37853105511635,6.895876052478448,9.78079262715532,50
3,100,d1,logspline,0.33,5.995132286977201,6.3922030535145264,1.6671645344134027,4.583435730829226,5.351760169609297,6.83258581827234,9.669545781848722,50
3,100,d1,logspline,0.34,5.955234233752854,6.343599353606587,1.6355012380149505,4.562350242156333,5.323646862236997,6.76771124857607,9.556541815832997,50
3,100,d1,logspline,0.35000000000000003,5.913968763791187,6.293607757169718,1.60372483505626,4.540038122227287,5.294251538273824,6.701326078824044,9.441870610666962,50
3,100,d1,logspline,0.36000000000000004,5.871395589854653,6.242290891311605,1.5718470836655545,4.516553298579895,5.263630099632884,6.633499017770642,9.32561567031415,50
3,100,d1,logspline,0.37,5.827570308000741,6.189706996237275,1.5398792461365747,4.491945707850964,5.231777565296182,6.564294228463108,9.207854689833919,50
3,100,d1,logspline,0.38,5.782544811745834,6.135910356877215,1.507832141730082,4.4662617169460255,5.197462608543267,6.493771747071994,9.088660060489499,50
3,100,d1,logspline,0.39,5.7363676519195845,6.080951679891353,1.4757162009613916,4.439544488889307,5.162058047307893,6.421987849506805,8.9680993203618,50
3,100,d1,logspline,0.4,5.6890843506201865,6.024878424325328,1.4435415214587806,4.411834301807264,5.125606378989759,6.348995373932855,8.84623555793577,50
3,100,d1,logspline,0.41,5.640737676215132,5.967735092758713,1.4113179255972417,4.383168828036956,5.088147446746623,6.274844005856636,8.723158368298623,50
3,100,d1,logspline,0.42,5.591367885148724,5.909563488626755,1.3790550202333247,4.353583379170266,5.049718682469543,6.19958053128239,8.599893999663674,50
3,100,d1,logspline,0.43,5.541012935357299,5.850402944458391,1.3467622589933792,4.3231111218866864,5.010355320850561,6.123249062501779,8.475493115768828,50
3,100,d1,logspline,0.44,5.489708675309453,5.790290525008146,1.3144490077035158,4.291783268645219,4.970090588600597,6.045891240315065,8.350004229611525,50
3,100,d1,logspline,0.45,5.437489012046185,5.729261208632616,1.2821246136999294,4.259629246664357,4.928955872232786,5.970129421209473,8.22347291102697,50
3,100,d1,logspline,0.46,5.384386061066781,5.667348051739853,1.2497984805757072,4.226676848090158,4.886980867296864,5.895518955408698,8.095942007121355,50
3,100,d1,logspline,0.47,5.330430280468558,5.604582377093305,1.2174801613814756,4.192952363814395,4.844193711511696,5.820008089426926,7.967451843331283,50
3,100,d1,logspline,0.48,5.275650591385119,5.5409939972578535,1.1851794667612359,4.158480703040491,4.800621103878356,5.743629337350106,7.838040407116141,50
3,100,d1,logspline,0.49,5.220074486997918,5.4766113845190585,1.1529065632684132,4.12328550039064,4.75489519909644,5.67748227989352,7.707743516036441,50
3,100,d1,logspline,0.5,5.163728282517304,5.4114617740699735,1.1206720716671954,4.087389212092386,4.708069244668758,5.617961406258846,7.576594971757206,50
3,100,d1,logspline,0.51,5.10663788813021,5.345571289422707,1.0884871663915026,4.050813202568181,4.66052467626116,5.557694487908603,7.444626701334082,50
3,100,d1,logspline,0.52,5.048829153885883,5.2789650702359445,1.0563636872930213,4.013577822569989,4.612283702427185,5.4967055331249375,7.311868886984642,50
3,100,d1,logspline,0.53,4.990327852266805,5.211667340273129,1.0243142867349297,3.975702479847283,4.563367519835267,5.437350190485633,7.178350085414236,50
3,100,d1,logspline,0.54,4.931159652496847,5.143701462759718,0.9923526075782751,3.9372057032059655,4.5137963782067185,5.37244040457107,7.044097337650383,50
3,100,d1,logspline,0.55,4.871350097628867,5.075090077127988,0.960493527448067,3.898105200704157,4.4635896395400305,5.291244498524858,6.916926496090247,50
3,100,d1,logspline,0.56,4.810924584019661,5.005855317445682,0.9287534359220474,3.858417912635373,4.41276583225515,5.209576956932148,6.793359492916746,50
3,100,d1,logspline,0.5700000000000001,4.7499083428862265,4.936019116406938,0.897150519148519,3.8181600598676444,4.361342700810186,5.127493340389752,6.669132783643816,50
3,100,d1,logspline,0.5800000000000001,4.688326423702822,4.865603652915262,0.8657050538899872,3.778734373290906,4.305532185907885,5.04504983676801,6.544268116977024,50
3,100,d1,logspline,0.59,4.62620367924761,4.794631788254257,0.8344396820955675,3.7412377804655654,4.252966782097991,4.962303098193965,6.3964340977586005,50
3,100,d1,logspline,0.6,4.563564752144744,4.723127768282673,0.8033803233032357,3.7032276380915246,4.205932261731354,4.879774953244411,6.252670571416555,50
3,100,d1,logspline,0.61,4.500410650356769,4.651119055809121,0.7725586765567016,3.664719460732518,4.159267968626652,4.799351591784368,6.11613304545954,50
3,100,d1,logspline,0.62,4.434244090086612,4.578636922571954,0.742012588576461,3.6257294214434115,4.112109792897101,4.71911480413179,5.979037601416111,50
3,100,d1,logspline,0.63,4.367586484936242,4.5057161055653,0.7117851397132084,3.5862742919261885,4.0644771963845265,4.638706909602341,5.8414015917185225,50
3,100,d1,logspline,0.64,4.290184716706333,4.4323951750377475,0.681925309173604,3.5463713865150774,4.0151878790268665,4.558175045488556,5.703262869149632,50
3,100,d1,logspline,0.65,4.208619797894143,4.358717715397061,0.6524897912609211,3.5060385094236786,3.964585380499972,4.484913244823581,5.564719085492964,50
3,100,d1,logspline,0.66,4.133852713981726,4.284732061278024,0.6235412952580436,3.465293904811711,3.9135725219482325,4.4188293684302185,5.426038103924393,50
3,100,d1,logspline,0.67,4.062682680876568,4.210490633201571,0.5951463816121182,3.423782161933477,3.8612532742222765,4.354652029340233,5.2960117877249075,50
3,100,d1,logspline,0.68,3.991314923071467,4.136049979462698,0.5673744211070152,3.381457990660177,3.803228659713464,4.290047233442426,5.166056244770464,50
3,100,d1,logspline,0.6900000000000001,3.919809805157962,4.061470752104963,0.5402963193932151,3.338790041766937,3.7469042099096885,4.225038975709427,5.066013066769352,50
3,100,d1,logspline,0.7000000000000001,3.855624242077904,3.986817789538547,0.5139836434512348,3.295800169819927,3.696005175106883,4.159653518780153,4.9658266957254416,50
3,100,d1,logspline,0.7100000000000001,3.7933301689586565,3.9121599820607753,0.48850760421913847,3.252510570350707,3.6310859776865976,4.089926005157116,4.865210473135662,50
3,100,d1,logspline,0.72,3.7321670804219718,3.8375709041078454,0.4639410279031126,3.2089437301686985,3.5569513735484066,3.9939731289695835,4.764176014515694,50
3,100,d1,logspline,0.73,3.6746532916685926,3.763129988208023,0.440360827482595,3.1651223798051293,3.4986723671510958,3.87245769119055,4.662742927625011,50
3,100,d1,logspline,0.74,3.6130970525242145,3.6889220308519253,0.4178446799752392,3.1210694479975505,3.4437176273005603,3.7970956082417953,4.560950489099271,50
3,100,d1,logspline,0.75,3.552547648251097,3.6150359647816392,0.39646619588333154,3.0768080181358974,3.3885020264255545,3.7270271384350426,4.4691907023502795,50
3,100,d1,logspline,0.76,3.4796152531162354,3.541563342844347,0.37629033735611556,3.032361286598112,3.333063894727896,3.6474138417914026,4.362492134755509,50
3,100,d1,logspline,0.77,3.4146170993372973,3.4685971279377257,0.3573682576815368,2.9861285829320554,3.272911533186762,3.5754665800228658,4.251026214630324,50
3,100,d1,logspline,0.78,3.3498261562671283,3.3962306201940082,0.33973215732883433,2.9314004706532644,3.2119747904044367,3.4818569835534925,4.140228441944498,50
3,100,d1,logspline,0.79,3.2826496349239025,3.324556278552138,0.3233907550491188,2.8771363844052367,3.12889661975691,3.4092369937564366,4.030280352519521,50
3,100,d1,logspline,0.8,3.2151946818111155,3.253662331133933,0.3083275501701924,2.8233736681495074,3.066239351817189,3.337152346497376,3.908200328768987,50
3,100,d1,logspline,0.81,3.148619335395022,3.18362823424644,0.2945029870522272,2.770146407064635,3.0067441522086664,3.2666860715956108,3.79500437297025,50
3,100,d1,logspline,0.8200000000000001,3.0819404614955674,3.1145230833488746,0.281856433890266,2.717485782403079,2.9373921491222927,3.1980178566367092,3.707389804909475,50
3,100,d1,logspline,0.8300000000000001,3.022788899367705,3.046402886982857,0.27031077470785586,2.6597957164489596,2.8716952748705116,3.122731892610952,3.6058436032132803,50
3,100,d1,logspline,0.8400000000000001,2.964280503886462,2.979311639386582,0.2597778231527954,2.5968465523524555,2.8207239220054667,3.0668900350099504,3.506208467271348,50
3,100,d1,logspline,0.85,2.90768062416313,2.9132833046915443,0.25016121651994616,2.5354286665878734,2.7680318958362085,3.0111164178169676,3.4082899313523063,50
3,100,d1,logspline,0.86,2.839067755688327,2.8483446252966473,0.24135701498331302,2.478705005766762,2.7150851761817867,2.9543864740732473,3.3122456234440945,50
3,100,d1,logspline,0.87,2.7803681222746333,2.784513832879064,0.23325367115168683,2.421425147789333,2.6608693637352703,2.8939344976410974,3.2182153561424007,50
3,100,d1,logspline,0.88,2.7224943968610016,2.721798434702275,0.225736726075478,2.375828341395162,2.6072503663960087,2.8240642351939993,3.126307842098976,50
3,100,d1,logspline,0.89,2.6657450304401404,2.6601973747664105,0.2186982703562034,2.329904106891434,2.552753139659952,2.7566265415011406,3.0366044471802627,50
3,100,d1,logspline,0.9,2.613113927765429,2.5997033745113214,0.21204304143428668,2.28071103448998,2.4852685400281387,2.6939719934747175,2.9604616269870174,50
3,100,d1,logspline,0.91,2.5607508346344314,2.540305787090199,0.20568982572884642,2.225274386441763,2.430487325560505,2.6386521091043926,2.8892837107942073,50
3,100,d1,logspline,0.92,2.493125983948408,2.4819923893122815,0.199571327544578,2.1720183517129446,2.37097150118886,2.5730824847727183,2.8190644926859036,50
3,100,d1,logspline,0.93,2.432858612837401,2.4247498822393565,0.19363403103844418,2.1208711128778917,2.3102002139308713,2.5155473257507994,2.749863324902579,50
3,100,d1,logspline,0.94,2.3768520084780658,2.3685643720160727,0.1878372737230938,2.0716544755120476,2.2566328715674766,2.4625936721966424,2.681736169315077,50
3,100,d1,logspline,0.95,2.3224251210699967,2.3134228713933918,0.18215150059118115,2.0242156739763772,2.2048983554394783,2.4071126425161418,2.614735772371872,50
3,100,d1,logspline,0.96,2.2671805029336616,2.259314114966014,0.17655581366898052,1.978422564114124,2.15402091529199,2.349168754766465,2.548911817673228,50
3,100,d1,logspline,0.97,2.213549906294105,2.20622842892066,0.17103556418657734,1.9341598978557515,2.100064837329623,2.298687948431921,2.4843109795122067,50
3,100,d1,logspline,0.98,2.1608796488510644,2.1541571085628735,0.16558085210608864,1.8913264009682207,2.047354476433909,2.253392776041412,2.420974802122653,50
3,100,d1,logspline,0.99,2.110914210154863,2.1030916227856933,0.1601853833289443,1.8498324554044951,1.9959211225481457,2.207558484662639,2.358935974292021,50
3,100,d1,logspline,1,2.0594492356265084,2.0530232866010105,0.15484600712948773,1.809598242608351,1.9457857109978076,2.156439441118201,2.2982186093356143,50
3,100,d2,ecdf,0.01,Inf,Inf,NA,Inf,Inf,Inf,Inf,0
3,100,d2,ecdf,0.02,Inf,Inf,NA,Inf,Inf,Inf,Inf,0
3,100,d2,ecdf,0.03,Inf,Inf,NA,Inf,Inf,Inf,Inf,0
3,100,d2,ecdf,0.04,Inf,Inf,NA,Inf,Inf,Inf,Inf,0
3,100,d2,ecdf,0.05,Inf,Inf,NA,Inf,Inf,Inf,Inf,0
3,100,d2,ecdf,0.06,Inf,Inf,NA,Inf,Inf,Inf,Inf,0
3,100,d2,ecdf,0.06999999999999999,Inf,Inf,NA,Inf,Inf,Inf,Inf,0
3,100,d2,ecdf,0.08,Inf,Inf,NA,Inf,Inf,Inf,Inf,0
3,100,d2,ecdf,0.09,Inf,Inf,NA,Inf,Inf,Inf,Inf,0
3,100,d2,ecdf,0.1,Inf,Inf,NA,Inf,Inf,Inf,Inf,0
3,100,d2,ecdf,0.11,Inf,Inf,NA,Inf,Inf,Inf,Inf,0
3,100,d2,ecdf,0.12,Inf,Inf,NA,Inf,Inf,Inf,Inf,0
3,100,d2,ecdf,0.13,Inf,Inf,NA,Inf,Inf,Inf,Inf,0
3,100,d2,ecdf,0.14,Inf,Inf,NA,Inf,Inf,Inf,Inf,0
3,100,d2,ecdf,0.15000000000000002,Inf,Inf,NA,Inf,Inf,Inf,Inf,0
3,100,d2,ecdf,0.16,Inf,Inf,NA,Inf,Inf,Inf,Inf,0
3,100,d2,ecdf,0.17,Inf,Inf,NA,Inf,Inf,Inf,Inf,0
3,100,d2,ecdf,0.18000000000000002,Inf,Inf,NA,Inf,Inf,Inf,Inf,0
3,100,d2,ecdf,0.19,Inf,Inf,NA,Inf,Inf,Inf,Inf,0
3,100,d2,ecdf,0.2,Inf,Inf,NA,Inf,Inf,Inf,Inf,0
3,100,d2,ecdf,0.21,Inf,Inf,NA,Inf,Inf,Inf,Inf,0
3,100,d2,ecdf,0.22,Inf,Inf,NA,Inf,Inf,Inf,Inf,0
3,100,d2,ecdf,0.23,Inf,Inf,NA,Inf,Inf,Inf,Inf,0
3,100,d2,ecdf,0.24,Inf,Inf,NA,Inf,Inf,Inf,Inf,0
3,100,d2,ecdf,0.25,Inf,Inf,NA,Inf,Inf,Inf,Inf,0
3,100,d2,ecdf,0.26,Inf,Inf,NA,Inf,Inf,Inf,Inf,0
3,100,d2,ecdf,0.27,Inf,Inf,NA,Inf,Inf,Inf,Inf,0
3,100,d2,ecdf,0.28,Inf,Inf,NA,Inf,Inf,Inf,Inf,0
3,100,d2,ecdf,0.29000000000000004,Inf,Inf,NA,Inf,Inf,Inf,Inf,0
3,100,d2,ecdf,0.3,Inf,Inf,NA,Inf,Inf,Inf,Inf,0
3,100,d2,ecdf,0.31,Inf,Inf,NA,Inf,Inf,Inf,Inf,0
3,100,d2,ecdf,0.32,Inf,Inf,NA,Inf,Inf,Inf,Inf,0
3,100,d2,ecdf,0.33,Inf,Inf,NA,Inf,Inf,Inf,Inf,0
3,100,d2,ecdf,0.34,Inf,Inf,NA,Inf,Inf,Inf,Inf,0
3,100,d2,ecdf,0.35000000000000003,Inf,Inf,NA,Inf,Inf,Inf,Inf,0
3,100,d2,ecdf,0.36000000000000004,Inf,Inf,NA,Inf,Inf,Inf,Inf,0
3,100,d2,ecdf,0.37,Inf,Inf,NA,Inf,Inf,Inf,Inf,0
3,100,d2,ecdf,0.38,Inf,Inf,NA,Inf,Inf,Inf,Inf,0
3,100,d2,ecdf,0.39,Inf,Inf,NA,Inf,Inf,Inf,Inf,0
3,100,d2,ecdf,0.4,Inf,Inf,NA,Inf,Inf,Inf,Inf,0
3,100,d2,ecdf,0.41,Inf,Inf,NA,Inf,Inf,Inf,Inf,0
3,100,d2,ecdf,0.42,Inf,Inf,NA,Inf,Inf,Inf,Inf,0
3,100,d2,ecdf,0.43,Inf,Inf,NA,Inf,Inf,Inf,Inf,0
3,100,d2,ecdf,0.44,Inf,Inf,NA,Inf,Inf,Inf,Inf,0
3,100,d2,ecdf,0.45,Inf,Inf,NA,Inf,Inf,Inf,Inf,0
3,100,d2,ecdf,0.46,Inf,Inf,NA,Inf,Inf,Inf,Inf,0
3,100,d2,ecdf,0.47,Inf,Inf,NA,Inf,Inf,Inf,Inf,0
3,100,d2,ecdf,0.48,Inf,Inf,NA,Inf,Inf,Inf,Inf,0
3,100,d2,ecdf,0.49,Inf,Inf,NA,Inf,Inf,Inf,Inf,0
3,100,d2,ecdf,0.5,Inf,Inf,NA,Inf,Inf,Inf,Inf,0
3,100,d2,ecdf,0.51,Inf,Inf,NA,Inf,Inf,Inf,Inf,0
3,100,d2,ecdf,0.52,Inf,Inf,NA,Inf,Inf,Inf,Inf,1
3,100,d2,ecdf,0.53,Inf,Inf,NA,Inf,Inf,Inf,Inf,2
3,100,d2,ecdf,0.54,Inf,Inf,NA,Inf,Inf,Inf,Inf,2
3,100,d2,ecdf,0.55,Inf,Inf,NA,Inf,Inf,Inf,Inf,3
3,100,d2,ecdf,0.56,Inf,Inf,NA,4.467586519018402,Inf,Inf,Inf,4
3,100,d2,ecdf,0.5700000000000001,Inf,Inf,NA,4.516748434928313,Inf,Inf,Inf,6
3,100,d2,ecdf,0.5800000000000001,Inf,Inf,NA,4.564925663939615,Inf,Inf,Inf,8
3,100,d2,ecdf,0.59,Inf,Inf,NA,4.612150193147834,Inf,Inf,Inf,11
3,100,d2,ecdf,0.6,Inf,Inf,NA,4.277221472495844,4.658452421803814,Inf,Inf,14
3,100,d2,ecdf,0.61,Inf,Inf,NA,4.0107140859117925,4.703861266471738,Inf,Inf,17
3,100,d2,ecdf,0.62,Inf,Inf,NA,4.055257077066404,4.7484042576263485,Inf,Inf,20
3,100,d2,ecdf,0.63,Inf,Inf,NA,3.8759546384919172,4.792107628511353,Inf,Inf,22
3,100,d2,ecdf,0.64,Inf,Inf,NA,3.736384108322292,4.834996396990402,Inf,Inf,25
3,100,d2,ecdf,0.65,4.877094441042649,Inf,NA,3.778482152374539,4.183947260482704,Inf,Inf,27
3,100,d2,ecdf,0.66,4.9184245684852,Inf,NA,3.819812279817091,4.225277387925256,Inf,Inf,32
3,100,d2,ecdf,0.67,4.959008581443472,Inf,NA,3.7021711529268826,4.2658614008835265,Inf,Inf,37
3,100,d2,ecdf,0.68,4.652293745756457,Inf,NA,3.7420299075198393,4.0016213243953604,4.9988673360364295,Inf,39
3,100,d2,ecdf,0.6900000000000001,4.344873617136036,Inf,NA,3.6517264365760913,3.939408509027872,5.038020797695982,Inf,44
3,100,d2,ecdf,0.7000000000000001,4.383340911937601,Inf,NA,3.4670501800634455,3.762114249490601,5.076488092497546,Inf,47
3,100,d2,ecdf,0.7100000000000001,4.015675266173274,Inf,NA,3.3197899122656165,3.7279931937214936,4.941000759701398,5.114287554841384,49
3,100,d2,ecdf,0.72,4.052824483122945,Inf,NA,3.1320843567922547,3.5977847471855076,4.45828959123111,5.151436771791055,49
3,100,d2,ecdf,0.73,3.801658263225869,Inf,NA,3.0437304130549125,3.578514711911659,4.494805443785815,5.187952624345759,49
3,100,d2,ecdf,0.74,3.8375569647770775,3.900859253018469,0.5939771930720554,3.0266267485607488,3.614413413462868,4.125239037228859,5.223851325896968,50
3,100,d2,ecdf,0.75,3.649710545662144,3.7787367330902177,0.5759379284191886,2.9041427662098203,3.4673889888681897,4.160536169428135,4.9472322268442674,50
3,100,d2,ecdf,0.76,3.5932603135090124,3.6859901689741204,0.5577650547156712,2.848107474197423,3.386486525241591,3.907564643220199,4.600711823780144,50
3,100,d2,ecdf,0.77,3.5362379118307743,3.519532112127069,0.47320664045803484,2.838222361695718,3.2485558393789935,3.718559468624729,4.452390901850209,50
3,100,d2,ecdf,0.78,3.3489016216120993,3.440023847910132,0.465933277307421,2.7966281095181373,3.085332502900085,3.706559165347085,4.262965178311564,50
3,100,d2,ecdf,0.79,3.197388053182676,3.2785418175119783,0.3646943354328049,2.7889038883728112,2.996717357720525,3.5643154913340256,3.785174718084795,50
3,100,d2,ecdf,0.8,3.124530662450399,3.1858747457518453,0.3402147085623624,2.788058425829186,2.8821770749012923,3.3476742137646087,3.6353562862163895,50
3,100,d2,ecdf,0.81,3.0612039921396583,3.0890826585076097,0.3034559718054043,2.6865105426982474,2.838568928361201,3.2618746876018094,3.597971989787707,50
3,100,d2,ecdf,0.8200000000000001,2.925625786713059,2.9890099824450753,0.2825205520065595,2.600203386278431,2.7825249430723855,3.1879900511805497,3.4845758684382466,50
3,100,d2,ecdf,0.8300000000000001,2.8824976319119093,2.8982301636798224,0.253921649504038,2.498988097679989,2.7489662392873866,3.0366483117391674,3.3243303841909486,50
3,100,d2,ecdf,0.8400000000000001,2.7794611662561337,2.8245118205901765,0.24219173931105176,2.507527450772492,2.66167813059975,2.987100531034378,3.249464795501869,50
3,100,d2,ecdf,0.85,2.7488573743959472,2.751958019631128,0.23777917304019672,2.423168714592676,2.5991617684950605,2.8740205173499533,3.14502032600846,50
3,100,d2,ecdf,0.86,2.6671889051141933,2.6651520071821837,0.22898887983135316,2.3535313462591514,2.4872466089941927,2.778414540224418,3.046678526819097,50
3,100,d2,ecdf,0.87,2.596209037272996,2.581395188897314,0.21739523639825364,2.270580885503392,2.3924401152632573,2.696292495829979,2.868142752756638,50
3,100,d2,ecdf,0.88,2.491337421059204,2.5097274545214736,0.1876064167331992,2.2501594671923497,2.3735543854028207,2.624868813683727,2.810456621122957,50
3,100,d2,ecdf,0.89,2.4395201228636876,2.4485022314382983,0.18268004463140228,2.1846899696863646,2.3303208308986956,2.56212244495602,2.7531776817187295,50
3,100,d2,ecdf,0.9,2.3581210213230412,2.385268897545844,0.17217728394312676,2.1700687898201014,2.291429646824369,2.4673203132880333,2.6808944135860924,50
3,100,d2,ecdf,0.91,2.318813479747698,2.322569714392463,0.16873952553354488,2.0639212301189076,2.2046995069617434,2.4118233441048225,2.5563769563507837,50
3,100,d2,ecdf,0.92,2.253416222708087,2.264933977399444,0.15669701219048132,2.0529510272514573,2.1688588346800244,2.3457895428391025,2.5046970617104853,50
3,100,d2,ecdf,0.93,2.222834427678934,2.2041857990709355,0.15050490372092726,1.9876024776693977,2.098954452578329,2.2799928415188826,2.458357762044768,50
3,100,d2,ecdf,0.94,2.143659161117138,2.161302033615776,0.14814866846138894,1.938885507337043,2.071338499537512,2.22162070258685,2.416585813298573,50
3,100,d2,ecdf,0.95,2.0971402130383217,2.1055283839816967,0.14489237448812764,1.888048415179762,2.0516778389615644,2.1884492306061656,2.335354542255083,50
3,100,d2,ecdf,0.96,2.0336185085840546,2.0507970009291907,0.14312032470586697,1.840714842459563,1.976793781695347,2.1460964920107446,2.2461799505677273,50
3,100,d2,ecdf,0.97,1.976997709849471,1.9896912462744094,0.1288326926930759,1.797949478400486,1.924512329262561,2.080181946084702,2.1605650004558417,50
3,100,d2,ecdf,0.98,1.9261860109672648,1.930436901847861,0.12198215933674418,1.74386445417331,1.860255360633841,2.0016935634754094,2.0623181852918444,50
3,100,d2,ecdf,0.99,1.8803231943821008,1.881064242034103,0.11483800244140545,1.6852769099567602,1.8307262532427289,1.94602282667968,2.05694912188431,50
3,100,d2,ecdf,1,1.82297135716445,1.8311758774601452,0.11156489329358481,1.6765292295623748,1.7771618211331557,1.8833775528142183,2.003151067116531,50
3,100,d2,logspline,0.01,-0.15436818488224233,-0.012603219460062575,1.7109216224008201,-1.9307115519491047,-1.3746984777100986,0.8084218981792577,2.302109993281186,50
3,100,d2,logspline,0.02,1.184616815434892,1.324656531466475,1.6998113774017383,-0.5806447953969325,-0.02983706567554443,2.14029244604738,3.6247540743758124,50
3,100,d2,logspline,0.03,1.9474553355053636,2.085684046154629,1.6883176693581676,0.19356436066499214,0.7390400672720411,2.89579365017367,4.370697359535502,50
3,100,d2,logspline,0.04,2.4739469746926437,2.6102797614953825,1.6764433858722223,0.7317145393618012,1.2717319105709266,3.4147262035884003,4.879742717908989,50
3,100,d2,logspline,0.05,2.8705828895994783,3.0049359912042717,1.6641924753290016,1.1402955372978785,1.674728771535133,3.80358278324829,5.258385844305504,50
3,100,d2,logspline,0.06,3.1847988543921675,3.317089971230061,1.6515698993404944,1.4667413915369276,1.9954653402265692,4.109801099760388,5.554068280844293,50
3,100,d2,logspline,0.06999999999999999,3.441900407770895,3.5720489882484032,1.6385815739975584,1.7363555350175348,2.2592458421899755,4.358689030974657,5.792102515342788,50
3,100,d2,logspline,0.08,3.6558676831996166,3.784922107760035,1.625234301547405,1.9642425563635164,2.481175795031408,4.565356355666894,5.987603673296599,50
3,100,d2,logspline,0.09,3.8367424458800263,3.96545787154145,1.6115356942999517,2.16014593320242,2.6709997379796278,4.739552456735133,6.1503271736073986,50
3,100,d2,logspline,0.1,3.99196671165884,4.120315387184924,1.597494092670082,2.3307191610447444,2.835372356512454,4.887389579855661,6.286939771275758,50
3,100,d2,logspline,0.11,4.126291127669414,4.254247162800292,1.583118479285779,2.480708630086406,2.979041354443912,5.013497091934962,6.402202340679061,50
3,100,d2,logspline,0.12,4.243225602325437,4.370765061814422,1.5684183910408742,2.6136196241581997,3.10786664099295,5.122032231967067,6.49963577497875,50
3,100,d2,logspline,0.13,4.34543778154055,4.472538755724434,1.5534038308560607,2.7321148189845226,3.2225318796840123,5.215666785815201,6.581919380172303,50
3,100,d2,logspline,0.14,4.435003419955604,4.5616460723346055,1.5380851807459297,2.8382646766233064,3.3247854315731242,5.2964808812662545,6.651141162018613,50
3,100,d2,logspline,0.15000000000000002,4.513570152706709,4.63973674540919,1.5224731175873254,2.9337112414111592,3.416270301551296,5.3661267332135605,6.708961512493361,50
3,100,d2,logspline,0.16,4.58246829342607,4.708143191770689,1.5065785327595902,3.0197789628947223,3.498311952463111,5.425939414726328,6.756723922538978,50
3,100,d2,logspline,0.17,4.6427879730937605,4.7679576307342275,1.4904124565936379,3.097551860156491,3.5719954659452764,5.477013968909356,6.795532036730238,50
3,100,d2,logspline,0.18000000000000002,4.695434187015055,4.82008711335971,1.4739859883358477,3.1679285946035565,3.638220611630851,5.5202604290978305,6.826304618047384,50
3,100,d2,logspline,0.19,4.741166929714279,4.865293641456763,1.4573102321139193,3.231662630810248,3.6977420043327207,5.556597957234814,6.849815603367556,50
3,100,d2,logspline,0.2,4.780631014629799,4.904223973312385,1.440396239192121,3.289299454470842,3.7511989459216264,5.587763312321943,6.866723847272805,50
3,100,d2,logspline,0.21,4.814378602835071,4.93743214039883,1.4232549566274815,3.3414313835119174,3.799137975964424,5.6156594825278905,6.877595579002223,50
3,100,d2,logspline,0.22,4.844611758963159,4.965396712974927,1.4058971822889559,3.388572053402262,3.8420301689014105,5.6385778852003625,6.88292161096458,50
3,100,d2,logspline,0.23,4.871539514615931,4.988534217478843,1.3883335260791696,3.4311292763065504,3.8802845805775394,5.656598948001806,6.883130702139674,50
3,100,d2,logspline,0.24,4.894045949754089,5.007209690118485,1.3705743771023131,3.4694594034553883,3.914258828495666,5.670088918087523,6.878600061128461,50
3,100,d2,logspline,0.25,4.9124499710277805,5.021745069422536,1.3526298764503044,3.5038757454444642,3.9442675085550762,5.677430691334585,6.869663691891246,50
3,100,d2,logspline,0.26,4.9270342437354415,5.032425937346315,1.3345098952299903,3.53465533858121,3.9705889579022893,5.679760064070405,6.85661909196817,50
3,100,d2,logspline,0.27,4.93805066284833,5.039506983742476,1.3162240174240452,3.562044432132825,3.993470738763363,5.678393897481758,6.839732678118764,50
3,100,d2,logspline,0.28,4.945724825009741,5.043216473475025,1.2977815271643023,3.5862629758206346,4.0131341226168065,5.673563505151782,6.819244218717201,50
3,100,d2,logspline,0.29000000000000004,4.9502597122372265,5.043759926766467,1.279191399995578,3.6075083182349843,4.029777785394039,5.66547748466834,6.795370483488584,50
3,100,d2,logspline,0.3,4.9518387480162875,5.041323173324245,1.260462297717839,3.6253683865081614,4.043580874363183,5.654324759988006,6.76830827107199,50
3,100,d2,logspline,0.31,4.950628349568778,5.036074903886974,1.2416025664123347,3.639641721858011,4.054705570455103,5.6402771216286975,6.738236937941739,50
3,100,d2,logspline,0.32,4.946780072552543,5.028168815306431,1.2226202372808912,3.65141249250365,4.0632992422719045,5.623491360909256,6.705320524652721,50
3,100,d2,logspline,0.33,4.9404324237011,5.017745424537906,1.203523029955164,3.6608141716821994,4.069496267277874,5.604111073692607,6.669709554598713,50
3,100,d2,logspline,0.34,4.931712401121073,5.004933611126308,1.1843183579627274,3.6679687962124325,4.073419579888741,5.583017055857222,6.631542564661007,50
3,100,d2,logspline,0.35000000000000003,4.9207368098364705,4.989851935654044,1.1650133360683457,3.672988290711171,4.075181994052965,5.5596448378121215,6.590947414983899,50
3,100,d2,logspline,0.36000000000000004,4.907613390774011,4.972609772229685,1.1456147892406832,3.6759756043939267,4.0748873385296704,5.534048523111497,6.548042415713286,50
3,100,d2,logspline,0.37,4.892441794047994,4.953308285769328,1.1261292630264625,3.677025691332975,4.07263143573733,5.506331925052823,6.50293730120009,50
3,100,d2,logspline,0.38,4.875314421632439,4.932041279060482,1.106563035145252,3.6760977133239967,4.0685029492811164,5.476591451372155,6.4557340764054905,50
3,100,d2,logspline,0.39,4.856317159936443,4.9088959300354675,1.0869221281484125,3.6733300231399664,4.062584120699023,5.444916835607474,6.406527755683982,50
3,100,d2,logspline,0.4,4.835530019152825,4.883953436044068,1.0672123230151636,3.66886863768372,4.054951412324241,5.411391776150284,6.3554070104883245,50
3,100,d2,logspline,0.41,4.813027693324258,4.857289578997944,1.0474391735873196,3.6627840385615333,4.045676070238267,5.376094496843997,6.3024547396315755,50
3,100,d2,logspline,0.42,4.7888800527093895,4.828975222905635,1.0276080217721082,3.6551420014864693,4.034824618929594,5.339098240627207,6.247748573398451,50
3,100,d2,logspline,0.43,4.763152578114173,4.79907675340765,1.0077240134698973,3.646004033045663,4.022459297357298,5.300471705804856,6.191361320901278,50
3,100,d2,logspline,0.44,4.73312572819436,4.767656467363935,0.9877921152109623,3.635427756913339,4.0086384445556025,5.259907152386326,6.133361368532444,50
3,100,d2,logspline,0.45,4.700544394229787,4.734772919269841,0.9678171315130341,3.6234672563669363,3.993416841633124,5.213785974413115,6.073813036103576,50
3,100,d2,logspline,0.46,4.666543784226397,4.700481230225784,0.9478037229998061,3.610173378907053,3.9768460159636208,5.166205476322601,6.01277689622572,50
3,100,d2,logspline,0.47,4.631176058901599,4.664833364316518,0.9277564253504965,3.595594007907074,3.9589745124899447,5.117220481812286,5.950310061630754,50
3,100,d2,logspline,0.48,4.594490494211815,4.627878376533863,0.9076796691826319,3.5797743054907105,3.9398481363351,5.066882778789881,5.886466444426985,50
3,100,d2,logspline,0.49,4.556533700806963,4.589662635774419,0.8875778010054027,3.562756930228125,3.919510170306612,5.017014540686704,5.821296990694282,50
3,100,d2,logspline,0.5,4.51734982183709,4.5502300259395,0.8674551054202289,3.544582232731842,3.8980015703708712,4.966241952196727,5.754849893333764,50
3,100,d2,logspline,0.51,4.4769807117119065,4.509622127740678,0.8473158287898953,3.5252884318049307,3.8753611417453246,4.9142595956737285,5.687170785676571,50
3,100,d2,logspline,0.52,4.4354660980541905,4.467878383456814,0.827164204649288,3.5049117734317607,3.851625697894243,4.861108885304655,5.618302918011363,50
3,100,d2,logspline,0.53,4.392843728783774,4.425036251904785,0.8070044835984226,3.483486674594709,3.8268302044068525,4.80902853535197,5.548287318899369,50
3,100,d2,logspline,0.54,4.347991609925504,4.381131402650447,0.7868409824625996,3.461045853639112,3.801007909475625,4.755985169994386,5.477162942899829,50
3,100,d2,logspline,0.55,4.30089198249043,4.336197898283347,0.7666781158800369,3.4376204486860655,3.7741904624699067,4.701888867725089,5.404966806119832,50
3,100,d2,logspline,0.56,4.2550621436562714,4.2902683163569435,0.7465204134594731,3.413240125402095,3.746408021909598,4.648434226369803,5.331734110824794,50
3,100,d2,logspline,0.5700000000000001,4.212751594160056,4.243373928070827,0.7263725012348777,3.387933175271136,3.715755663464334,4.594858227612034,5.257498360193816,50
3,100,d2,logspline,0.5800000000000001,4.169504055219198,4.195544875401103,0.7062390710133304,3.3617266053735237,3.6841752736652666,4.540328416654244,5.182291464174066,50
3,100,d2,logspline,0.59,4.125347367555344,4.146810353781819,0.6861248984301833,3.3346462205551863,3.651707732017832,4.4848737640010565,5.106143837276323,50
3,100,d2,logspline,0.6,4.080308149110801,4.097198787520058,0.666034899341184,3.3067166987651544,3.6183783749226244,4.428522091113107,5.0290844930062715,50
3,100,d2,logspline,0.61,4.0344118673937235,4.046738026973892,0.6459742372374343,3.277961660248346,3.584211454091262,4.371300954774758,4.951141938210192,50
3,100,d2,logspline,0.62,3.987682906313985,3.9954556891062007,0.625948590302423,3.248403731201322,3.549230200851116,4.313238111687078,4.874249750211995,50
3,100,d2,logspline,0.63,3.940144628031998,3.943379618374553,0.6059643980830071,3.218064602429674,3.5134568854769963,4.254361467208296,4.797916352843288,50
3,100,d2,logspline,0.64,3.891819430284065,3.8905382572575227,0.5860294179845847,3.1869650834854015,3.475983588217549,4.194699008985113,4.720775938156775,50
3,100,d2,logspline,0.65,3.842728799596612,3.8369612311694605,0.5661542884592706,3.1551251527098367,3.436786166666828,4.134278758875749,4.642852175217024,50
3,100,d2,logspline,0.66,3.792893360756849,3.782679668012631,0.5463527393391738,3.122564003561463,3.3968631223321855,4.073129581966304,4.5641709310351555,50
3,100,d2,logspline,0.67,3.741914183999302,3.7277263519507358,0.5266411384812397,3.0893001595164975,3.356236408990173,4.010637819634181,4.484761107972038,50
3,100,d2,logspline,0.68,3.685518237281761,3.672136068247837,0.5070381413562406,3.0533376581630294,3.314927606204623,3.9459074304255366,4.404654278769066,50
3,100,d2,logspline,0.6900000000000001,3.638426021965758,3.615945990936221,0.487564448640357,3.016462142463893,3.27295792641189,3.8810481511323545,4.323884342739311,50
3,100,d2,logspline,0.7000000000000001,3.5907627624382,3.559196118241396,0.46824279685383263,2.9781040095190265,3.230348221579157,3.8161565764137313,4.242488664657291,50
3,100,d2,logspline,0.7100000000000001,3.5425537633199893,3.5019298109414105,0.44909816938320885,2.938846506244709,3.1871189970805225,3.74891351550287,4.160512783941565,50
3,100,d2,logspline,0.72,3.485571221948056,3.444194057887022,0.4301578841734235,2.8991157059058876,3.143256760738452,3.6742231154376777,4.07801138771716,50
3,100,d2,logspline,0.73,3.420739415553139,3.386039656856062,0.41145233929102765,2.8589491381892342,3.0939322044646764,3.60046688339013,3.9950472046634262,50
3,100,d2,logspline,0.74,3.3556511596787733,3.327520902573036,0.3930149314658967,2.8183861073077816,3.0373724230970756,3.5278166110290927,3.9116899663338796,50
3,100,d2,logspline,0.75,3.2903843702122106,3.2686951151604844,0.37488152013931486,2.7774675121837586,2.980645663917034,3.4654538695860246,3.8280154643006776,50
3,100,d2,logspline,0.76,3.225019557489568,3.2096222237440934,0.3570899258325983,2.7362356751337638,2.9244238317469704,3.4061340083733866,3.74410469172619,50
3,100,d2,logspline,0.77,3.159639315504223,3.1503643632216525,0.3396794493278765,2.6947341781348775,2.8795036252564636,3.346648106575725,3.6600430603710965,50
3,100,d2,logspline,0.78,3.094327843870341,3.09098549071125,0.3226903955157979,2.653007705961021,2.8342691383101224,3.2884431632946987,3.5759196857367366,50
3,100,d2,logspline,0.79,3.034689781612296,3.0315510296653665,0.3061635904324952,2.6111018956409655,2.790669804306357,3.2274183937358334,3.491826734204092,50
3,100,d2,logspline,0.8,2.980602827724117,2.9721275386389894,0.290139879129385,2.569063179465088,2.749192404450884,3.165464342673298,3.407858826821647,50
3,100,d2,logspline,0.81,2.9250557621903495,2.912782338249806,0.27465962060585675,2.5269381770040154,2.7056169751868113,3.0977939449972567,3.3196931807411767,50
3,100,d2,logspline,0.8200000000000001,2.867772436211866,2.853582754884032,0.25976213211752486,2.484772588375886,2.6605730173211435,3.0329362418238928,3.219057909176523,50
3,100,d2,logspline,0.8300000000000001,2.8107640799467584,2.794595151663015,0.245485119024851,2.4426109822964923,2.6125769537646053,2.9712284821521076,3.1281089441807968,50
3,100,d2,logspline,0.8400000000000001,2.7495612621500687,2.7358841364435924,0.23186417410667456,2.4004968429991833,2.5660784472987688,2.908741508502066,3.054497721066718,50
3,100,d2,logspline,0.85,2.6855888219594206,2.6775119488445593,0.21893202974894796,2.3584726110746974,2.5223772695063977,2.841752468963071,2.981244968981967,50
3,100,d2,logspline,0.86,2.6224132672134153,2.619537175589356,0.2067171363576991,2.316579717145631,2.467744295424197,2.764561907229646,2.9084206360948217,50
3,100,d2,logspline,0.87,2.5600890398796894,2.5620135979241248,0.19524274124256544,2.2729227380451578,2.4187378589625532,2.6843434020830506,2.836545034171076,50
3,100,d2,logspline,0.88,2.4995928652493857,2.5049903205595685,0.18452737083181403,2.224432166414208,2.3697255459988096,2.6247736908474675,2.7656492426877697,50
3,100,d2,logspline,0.89,2.4381713171340764,2.4485121809880828,0.17458525117065815,2.1759643111833182,2.319527181585153,2.5637859936450735,2.695328812113885,50
3,100,d2,logspline,0.9,2.378648132805253,2.392620591112714,0.16542620987241433,2.12801629812406,2.271792143299433,2.5051470213816005,2.6256492679762773,50
3,100,d2,logspline,0.91,2.3212082298376355,2.3373544025582427,0.15705428238046815,2.085194483217575,2.22831555068821,2.447562149447489,2.556675325293712,50
3,100,d2,logspline,0.92,2.273926777881544,2.2827501741622056,0.14946651620966842,2.0477690438962726,2.185944151785234,2.3907890500914037,2.4957240295632896,50
3,100,d2,logspline,0.93,2.2263853585184377,2.228842681895792,0.14265255282421868,2.0105904081850996,2.1434709160132956,2.329834143372719,2.435914108022324,50
3,100,d2,logspline,0.94,2.169937120328312,2.175664956477556,0.13659401903330648,1.9715165277156401,2.1015335107271493,2.278078708336617,2.3764939441908455,50
3,100,d2,logspline,0.95,2.115893384094794,2.123247431102343,0.13126386712805016,1.9298067690680436,2.0588202920194814,2.216747268335312,2.3182441201894557,50
3,100,d2,logspline,0.96,2.066162430078301,2.0716178919666084,0.12662634662644415,1.887009376647548,2.01133169867578,2.1566866838825076,2.2616541334907585,50
3,100,d2,logspline,0.97,2.013779078915781,2.0208015948971108,0.12263739858962672,1.8377262983385725,1.9595640498384923,2.0997103226630704,2.2077475643131392,50
3,100,d2,logspline,0.98,1.958841980544002,1.9708209007394042,0.11924534430080982,1.7942785846204437,1.9026986987885248,2.0480181682217475,2.154258940580225,50
3,100,d2,logspline,0.99,1.9152281269192142,1.9216952416431565,0.11639228963064052,1.7391093136862446,1.8509940061118162,2.0001327857065387,2.1012251275605838,50
3,100,d2,logspline,1,1.868366221303004,1.8734414170005187,0.11401607179889954,1.6906979876728019,1.8004981404257405,1.950874626740057,2.0413384809531028,50
3,100,d3,ecdf,0.01,Inf,Inf,NA,Inf,Inf,Inf,Inf,0
3,100,d3,ecdf,0.02,Inf,Inf,NA,Inf,Inf,Inf,Inf,0
3,100,d3,ecdf,0.03,Inf,Inf,NA,Inf,Inf,Inf,Inf,0
3,100,d3,ecdf,0.04,Inf,Inf,NA,Inf,Inf,Inf,Inf,0
3,100,d3,ecdf,0.05,Inf,Inf,NA,Inf,Inf,Inf,Inf,0
3,100,d3,ecdf,0.06,Inf,Inf,NA,Inf,Inf,Inf,Inf,0
3,100,d3,ecdf,0.06999999999999999,Inf,Inf,NA,Inf,Inf,Inf,Inf,0
3,100,d3,ecdf,0.08,Inf,Inf,NA,Inf,Inf,Inf,Inf,0
3,100,d3,ecdf,0.09,Inf,Inf,NA,Inf,Inf,Inf,Inf,0
3,100,d3,ecdf,0.1,Inf,Inf,NA,Inf,Inf,Inf,Inf,0
3,100,d3,ecdf,0.11,Inf,Inf,NA,Inf,Inf,Inf,Inf,0
3,100,d3,ecdf,0.12,Inf,Inf,NA,Inf,Inf,Inf,Inf,0
3,100,d3,ecdf,0.13,Inf,Inf,NA,Inf,Inf,Inf,Inf,0
3,100,d3,ecdf,0.14,Inf,Inf,NA,Inf,Inf,Inf,Inf,0
3,100,d3,ecdf,0.15000000000000002,Inf,Inf,NA,Inf,Inf,Inf,Inf,0
3,100,d3,ecdf,0.16,Inf,Inf,NA,Inf,Inf,Inf,Inf,0
3,100,d3,ecdf,0.17,Inf,Inf,NA,Inf,Inf,Inf,Inf,0
3,100,d3,ecdf,0.18000000000000002,Inf,Inf,NA,Inf,Inf,Inf,Inf,0
3,100,d3,ecdf,0.19,Inf,Inf,NA,Inf,Inf,Inf,Inf,0
3,100,d3,ecdf,0.2,Inf,Inf,NA,Inf,Inf,Inf,Inf,0
3,100,d3,ecdf,0.21,Inf,Inf,NA,Inf,Inf,Inf,Inf,0
3,100,d3,ecdf,0.22,Inf,Inf,NA,Inf,Inf,Inf,Inf,0
3,100,d3,ecdf,0.23,Inf,Inf,NA,Inf,Inf,Inf,Inf,0
3,100,d3,ecdf,0.24,Inf,Inf,NA,Inf,Inf,Inf,Inf,0
3,100,d3,ecdf,0.25,Inf,Inf,NA,Inf,Inf,Inf,Inf,0
3,100,d3,ecdf,0.26,Inf,Inf,NA,Inf,Inf,Inf,Inf,0
3,100,d3,ecdf,0.27,Inf,Inf,NA,Inf,Inf,Inf,Inf,0
3,100,d3,ecdf,0.28,Inf,Inf,NA,Inf,Inf,Inf,Inf,0
3,100,d3,ecdf,0.29000000000000004,Inf,Inf,NA,Inf,Inf,Inf,Inf,0
3,100,d3,ecdf,0.3,Inf,Inf,NA,Inf,Inf,Inf,Inf,0
3,100,d3,ecdf,0.31,Inf,Inf,NA,Inf,Inf,Inf,Inf,0
3,100,d3,ecdf,0.32,Inf,Inf,NA,Inf,Inf,Inf,Inf,0
3,100,d3,ecdf,0.33,Inf,Inf,NA,Inf,Inf,Inf,Inf,0
3,100,d3,ecdf,0.34,Inf,Inf,NA,Inf,Inf,Inf,Inf,0
3,100,d3,ecdf,0.35000000000000003,Inf,Inf,NA,Inf,Inf,Inf,Inf,0
3,100,d3,ecdf,0.36000000000000004,Inf,Inf,NA,Inf,Inf,Inf,Inf,0
3,100,d3,ecdf,0.37,Inf,Inf,NA,Inf,Inf,Inf,Inf,0
3,100,d3,ecdf,0.38,Inf,Inf,NA,Inf,Inf,Inf,Inf,0
3,100,d3,ecdf,0.39,Inf,Inf,NA,Inf,Inf,Inf,Inf,0
3,100,d3,ecdf,0.4,Inf,Inf,NA,Inf,Inf,Inf,Inf,0
3,100,d3,ecdf,0.41,Inf,Inf,NA,Inf,Inf,Inf,Inf,0
3,100,d3,ecdf,0.42,Inf,Inf,NA,Inf,Inf,Inf,Inf,0
3,100,d3,ecdf,0.43,Inf,Inf,NA,Inf,Inf,Inf,Inf,0
3,100,d3,ecdf,0.44,Inf,Inf,NA,Inf,Inf,Inf,Inf,0
3,100,d3,ecdf,0.45,Inf,Inf,NA,Inf,Inf,Inf,Inf,0
3,100,d3,ecdf,0.46,Inf,Inf,NA,Inf,Inf,Inf,Inf,0
3,100,d3,ecdf,0.47,Inf,Inf,NA,Inf,Inf,Inf,Inf,0
3,100,d3,ecdf,0.48,Inf,Inf,NA,Inf,Inf,Inf,Inf,1
3,100,d3,ecdf,0.49,Inf,Inf,NA,Inf,Inf,Inf,Inf,1
3,100,d3,ecdf,0.5,Inf,Inf,NA,Inf,Inf,Inf,Inf,1
3,100,d3,ecdf,0.51,Inf,Inf,NA,Inf,Inf,Inf,Inf,1
3,100,d3,ecdf,0.52,Inf,Inf,NA,Inf,Inf,Inf,Inf,1
3,100,d3,ecdf,0.53,Inf,Inf,NA,Inf,Inf,Inf,Inf,1
3,100,d3,ecdf,0.54,Inf,Inf,NA,Inf,Inf,Inf,Inf,2
3,100,d3,ecdf,0.55,Inf,Inf,NA,3.931895592511854,Inf,Inf,Inf,4
3,100,d3,ecdf,0.56,Inf,Inf,NA,3.995730131311988,Inf,Inf,Inf,5
3,100,d3,ecdf,0.5700000000000001,Inf,Inf,NA,4.0581716905042775,Inf,Inf,Inf,6
3,100,d3,ecdf,0.5800000000000001,Inf,Inf,NA,4.119266081899415,Inf,Inf,Inf,7
3,100,d3,ecdf,0.59,Inf,Inf,NA,3.7978258993624943,Inf,Inf,Inf,8
3,100,d3,ecdf,0.6,Inf,Inf,NA,3.8563544684021545,Inf,Inf,Inf,8
3,100,d3,ecdf,0.61,Inf,Inf,NA,3.9136602900396262,Inf,Inf,Inf,9
3,100,d3,ecdf,0.62,Inf,Inf,NA,3.657864735099764,Inf,Inf,Inf,12
3,100,d3,ecdf,0.63,Inf,Inf,NA,3.7128361379126944,4.405983318472639,Inf,Inf,16
3,100,d3,ecdf,0.64,Inf,Inf,NA,3.766692517469772,4.459839698029717,Inf,Inf,18
3,100,d3,ecdf,0.65,Inf,Inf,NA,3.819466602635015,4.51261378319496,Inf,Inf,18
3,100,d3,ecdf,0.66,Inf,Inf,NA,3.4657245853009133,4.564336873969023,Inf,Inf,18
3,100,d3,ecdf,0.67,4.615038927012504,Inf,NA,3.2287445658926135,4.095178541592546,Inf,Inf,26
3,100,d3,ecdf,0.68,4.6647486347994915,Inf,NA,3.155725320456785,3.971601454239546,Inf,Inf,30
3,100,d3,ecdf,0.6900000000000001,4.71349349896056,Inf,NA,3.1040555865264596,4.020346318400615,Inf,Inf,34
3,100,d3,ecdf,0.7000000000000001,4.761299898318128,Inf,NA,3.051585129647352,4.068152717758182,4.761299898318128,Inf,41
3,100,d3,ecdf,0.7100000000000001,4.115045971507183,Inf,NA,3.098478383396353,3.709580863399019,4.808193152067129,Inf,44
3,100,d3,ecdf,0.72,4.161050397949672,Inf,NA,3.062438109281562,3.755585289841507,4.854197578509617,Inf,46
3,100,d3,ecdf,0.73,3.8007242610443552,Inf,NA,3.1075770804844103,3.5130421885925744,4.206189369152519,Inf,46
3,100,d3,ecdf,0.74,3.845020253754023,Inf,NA,2.9936479333455983,3.3341946299880325,4.250485361862188,4.943632542422133,48
3,100,d3,ecdf,0.75,3.600812824419244,3.6225262818270387,0.5301606736926927,2.967754770540334,3.1953477163110797,3.888494896871025,4.6751909542871575,50
3,100,d3,ecdf,0.76,3.4203433919926254,3.4862729041917953,0.4914942302086054,2.885559093135879,3.238021835198671,3.643486943306835,4.33663412386678,50
3,100,d3,ecdf,0.77,3.279915493075172,3.40003313175459,0.5133483943721977,2.816502101355203,3.1257648132479137,3.4622370498691266,4.378527781743282,50
3,100,d3,ecdf,0.78,3.1668973498895454,3.304023977021678,0.4861921827182812,2.714912226146488,3.0333659572650227,3.5033695865107584,4.4196603183849135,50
3,100,d3,ecdf,0.79,3.1405217215381334,3.2187217241201393,0.44172791563849007,2.668290917117708,2.9559729895694886,3.3614380976776532,4.277591087697088,50
3,100,d3,ecdf,0.8,3.113421623763426,3.1433281305596403,0.4227493902142168,2.587154423297178,2.8902780724492163,3.362566026258392,4.094250876775152,50
3,100,d3,ecdf,0.81,2.9292365793274775,3.0050269856024765,0.3921817732984799,2.488275284593649,2.6868829917783708,3.2525286751100793,3.6223837598874224,50
3,100,d3,ecdf,0.8200000000000001,2.8721946008505825,2.911069307164044,0.36613591119420136,2.4641576094101323,2.631032544033694,3.072865296312733,3.578607260657572,50
3,100,d3,ecdf,0.8300000000000001,2.822777342107111,2.7894435855521027,0.30052284173346,2.3119517183411205,2.53509526965533,3.0050988989010654,3.2282424502152756,50
3,100,d3,ecdf,0.8400000000000001,2.7426163686794114,2.727019612926911,0.29473565638023835,2.300097274494386,2.511406368161593,2.9467244394194383,3.1473951348815894,50
3,100,d3,ecdf,0.85,2.6405927455506313,2.6517092466391223,0.2809619522791735,2.2220102033621396,2.436473228055186,2.8960055574336265,3.078327114227581,50
3,100,d3,ecdf,0.86,2.5833628162025537,2.595733638124164,0.28436903141112563,2.1377224418467224,2.372053722535347,2.7775188306435115,3.0186808874603996,50
3,100,d3,ecdf,0.87,2.507186808207765,2.523522483444593,0.2655912805113045,2.1357867170758955,2.316131571445056,2.727440955987603,2.930699919133114,50
3,100,d3,ecdf,0.88,2.4415524202654524,2.4460603728252575,0.2442597256057925,2.08487747632672,2.2671990331206744,2.6528615139326592,2.7780246568866653,50
3,100,d3,ecdf,0.89,2.3631626912687835,2.3783397731380616,0.23088865768460445,2.0859495099221843,2.224099848403002,2.5242044408533397,2.7473479921675494,50
3,100,d3,ecdf,0.9,2.276257588216461,2.2923219488439224,0.2157136527129286,2.0109206203329157,2.152026908567211,2.4177300743002164,2.6628525323332015,50
3,100,d3,ecdf,0.91,2.2186542977525794,2.2323735030563125,0.2041612665600803,1.9873617534794805,2.0894425662725737,2.3976907987610443,2.6415111485726133,50
3,100,d3,ecdf,0.92,2.1216188328724677,2.1702990815134275,0.19775463540238378,1.9292469402250116,2.0140582252417523,2.3131976172919004,2.5070806478237566,50
3,100,d3,ecdf,0.93,2.0662459596359763,2.1078374679544765,0.19121382800185455,1.8431024083217664,1.96088544397815,2.240370060724183,2.4308890732238857,50
3,100,d3,ecdf,0.94,2.043290942703307,2.0492066659269397,0.16892974466891938,1.809676091521801,1.91967698673613,2.154516577813531,2.3328814983394164,50
3,100,d3,ecdf,0.95,2.022594685964258,1.9862927563494963,0.16418195072442585,1.760230421496767,1.8613265383681357,2.0673941087509933,2.277486935593048,50
3,100,d3,ecdf,0.96,1.912925429766116,1.929768541657394,0.15005038516088468,1.724323462996267,1.7951776291380588,2.021970371656138,2.186218764765797,50
3,100,d3,ecdf,0.97,1.869244019411159,1.8854406337453333,0.1435621649759972,1.710722660634126,1.7503186068210657,1.9758630966195756,2.1482470473493485,50
3,100,d3,ecdf,0.98,1.8299889783927743,1.8340798887964402,0.13703006172082277,1.6731465068998046,1.7059363297227954,1.9239250592363213,2.0927819345114873,50
3,100,d3,ecdf,0.99,1.7947209444910912,1.7919821483959089,0.1423055156038231,1.609414718599834,1.658411200514295,1.858630510223819,2.073459666691927,50
3,100,d3,ecdf,1,1.7299655456935594,1.7424081080286373,0.1369261206662813,1.5591573809595816,1.6266431259966798,1.7966569201922316,2.021395106456424,50
3,100,d3,logspline,0.01,-4.050841954863869,-3.9907403210422894,1.760296002577909,-6.3131126402377635,-4.948301127868167,-3.380370371206472,-1.0920632454211312,50
3,100,d3,logspline,0.02,-2.022626870634606,-1.9624276606407893,1.7491303004938688,-4.269822095751825,-2.9140126932774497,-1.3564121032512544,0.9176932790506163,50
3,100,d3,logspline,0.03,-0.8584466491219404,-0.7981811640424511,1.7375678102529686,-3.090157563220766,-1.7435785165842086,-0.19662775778608974,2.0627225994878033,50
3,100,d3,logspline,0.04,-0.04860205468354811,0.011699043873134472,1.7256117187467754,-2.264421325717161,-0.9273001563984027,0.6086826446026756,2.852729109472302,50
3,100,d3,logspline,0.05,0.5666434181145263,0.6269503486056809,1.7132663811777877,-1.632878992323806,-0.30544221222286116,1.2192566426661087,3.4474564548335995,50
3,100,d3,logspline,0.06,1.058443134308607,1.118727221221333,1.7005372655457092,-1.1243798967946756,0.19314727226933706,1.706248916483898,3.9180670449568105,50
3,100,d3,logspline,0.06999999999999999,1.4647550381665886,1.5249889199735536,1.6874308841841124,-0.700969363322835,0.6064245376038033,2.1076189972406016,4.302529674551122,50
3,100,d3,logspline,0.08,1.8082392767270647,1.868397092986419,1.673954714324858,-0.33999106548283264,0.9570477425054648,2.4460288790222378,4.623517032112019,50
3,100,d3,logspline,0.09,2.103514781099186,2.1635723364490715,1.6601171098856662,-0.026830424684837345,1.2596335572562913,2.736099586652738,4.895662151377669,50
3,100,d3,logspline,0.1,2.3605659388074205,2.420500842236515,1.6459272067902142,0.24849208492931935,1.5241638495521534,2.98781783304395,5.1289649417353385,50
3,100,d3,logspline,0.11,2.5865168859515384,2.6463086643641205,1.6313948241427425,0.4930952536822331,1.7577599914729625,3.20831029503587,5.330566329152598,50
3,100,d3,logspline,0.12,2.786630480761253,2.8462606664732637,1.6165303634999226,0.7122361369737901,1.965681848978028,3.402842569524987,5.505747072061443,50
3,100,d3,logspline,0.13,2.9649060245456873,3.024358216925776,1.6013447083256225,0.9099078050423679,2.1519255197512006,3.575416876106904,5.658525321004705,50
3,100,d3,logspline,0.14,3.124454825611404,3.1837147276008833,1.5858491254966407,1.0892149371695685,2.3195989147887093,3.7291476020360723,5.792032020312452,50
3,100,d3,logspline,0.15000000000000002,3.2677458644054616,3.3268012951011046,1.5700551704679466,1.2526195183010986,2.4708816061535264,3.86650694798681,5.908756412578693,50
3,100,d3,logspline,0.16,3.3967719983762183,3.4556128832323183,1.5539745974228636,1.40210707629126,2.6070671991323904,3.989491113330561,6.010712086712081,50
3,100,d3,logspline,0.17,3.5131656784322662,3.5717840189303454,1.537619275443642,1.539302431368958,2.7307441501295138,4.099735993022884,6.099552543449837,50
3,100,d3,logspline,0.18000000000000002,3.618281527863303,3.676671352710061,1.5210011114553106,1.6655523084129658,2.84326362648691,4.198599737164568,6.1766536309096365,50
3,100,d3,logspline,0.19,3.7132565533606154,3.7714138534111976,1.5041319804317288,1.7819855814078402,2.9457590941702154,4.287222943059982,6.243173621216853,50
3,100,d3,logspline,0.2,3.799054883414921,3.8569775325857734,1.4870236631155418,1.8895580451048675,3.039191072458683,4.366573375218385,6.300097824572245,50
3,100,d3,logspline,0.21,3.876501570379956,3.934189234821547,1.4696877912982496,1.98908624993852,3.1243809519263284,4.437479749735522,6.348272277832171,50
3,100,d3,logspline,0.22,3.946308513043322,4.003762550796743,1.452135800535237,2.081273456819598,3.202036932442051,4.50065764002573,6.388429564939827,50
3,100,d3,logspline,0.23,4.009094604082242,4.066317957354575,1.4343788900334655,2.166729815981798,3.2727741854654555,4.557247092732706,6.4212088738193565,50
3,100,d3,logspline,0.24,4.065401579092697,4.122398661163214,1.4164279893450666,2.245988246389884,3.33713071723935,4.60861886313034,6.447171766420644,50
3,100,d3,logspline,0.25,4.115706621453873,4.1724832000752405,1.3982937314254724,2.31951706981255,3.395579987066848,4.653931963272793,6.466814715972292,50
3,100,d3,logspline,0.26,4.1604324875655685,4.216995566559152,1.3799864315664896,2.3877301639607182,3.448541045150355,4.69361170455042,6.480579175604628,50
3,100,d3,logspline,0.27,4.1999557148403,4.25631341540937,1.3615160716889585,2.450995196958031,3.4963867523271293,4.728037140852458,6.488859740209254,50
3,100,d3,logspline,0.28,4.234613331547521,4.29077477465257,1.3428922894724429,2.509640362147624,3.539450500764577,4.757893709423724,6.492010820009122,50
3,100,d3,logspline,0.29000000000000004,4.264708384580987,4.32068357554247,1.3241243718069975,2.563959929233909,3.578031751664403,4.783921042007938,6.490352141207378,50
3,100,d3,logspline,0.3,4.290514526156244,4.346314242475717,1.3052212520710058,2.6142188527141883,3.6124006309719823,4.80562440378369,6.484173313966133,50
3,100,d3,logspline,0.31,4.312279845083911,4.367915528308046,1.286191510766411,2.660656623212648,3.6428017687366347,4.823253666738047,6.473737652575505,50
3,100,d3,logspline,0.32,4.330230086971492,4.38571373926686,1.2670433790757207,2.703490506054128,3.6694575264850484,4.8370363093362,6.459285391370817,50
3,100,d3,logspline,0.33,4.344571376582925,4.399915462544487,1.2477847449419064,2.7429182803078236,3.692570725855058,4.847180136108759,6.4410364088399445,50
3,100,d3,logspline,0.34,4.355492531896843,4.410709885980779,1.2284231613109713,2.7791205678577544,3.7123269680562614,4.853875589466856,6.419192548695978,50
3,100,d3,logspline,0.35000000000000003,4.363167041211099,4.418270781063326,1.208965856216305,2.8122628238765808,3.7288966155367516,4.857297725062958,6.393939608529379,50
3,100,d3,logspline,0.36000000000000004,4.368249329631742,4.422758206394165,1.1894197444228864,2.842497045998458,3.7424364931481224,4.857607907920205,6.365449052601816,50
3,100,d3,logspline,0.37,4.369596830981973,4.424319977781791,1.1697914403874226,2.8699632484936237,3.753091355101943,4.85495527554844,6.3338794943874355,50
3,100,d3,logspline,0.38,4.367674302872112,4.423092942474514,1.1500872723270383,2.8947907391006478,3.7609951553591277,4.849478005608691,6.299377985862414,50
3,100,d3,logspline,0.39,4.363072514249561,4.419204088206752,1.1303132972240477,2.917099229323062,3.7657660487009488,4.841304418831211,6.262081143739771,50
3,100,d3,logspline,0.4,4.355909846895312,4.412771512273804,1.1104753166275139,2.936999803535456,3.767196281077115,4.830553942425061,6.222116137432234,50
3,100,d3,logspline,0.41,4.346296683161071,4.403905271474122,1.0905788931438576,2.9540758819460127,3.766216078777525,4.8173379548310375,6.179601559191575,50
3,100,d3,logspline,0.42,4.334336148641587,4.39270813022699,1.0706293675388452,2.9682847409251147,3.7629262882084293,4.801760529130192,6.134648193383143,50
3,100,d3,logspline,0.43,4.320124767756421,4.3792762213085945,1.0506318764021956,2.9803683200368347,3.7574212533020477,4.783919089548087,6.08735969902946,50
3,100,d3,logspline,0.44,4.303753044364875,4.363699631312774,1.0305913703540852,2.9904109803412755,3.749789394992618,4.763904993152238,6.037833217458196,50
3,100,d3,logspline,0.45,4.285305977615893,4.34606292102741,1.0105126328004927,2.998491800992782,3.7401137255733383,4.741804046919847,5.986159915010406,50
3,100,d3,logspline,0.46,4.264863521651817,4.326445589339942,0.9904002992720193,3.0046850380460506,3.728472306597382,4.7176969687715715,5.93242546922076,50
3,100,d3,logspline,0.47,4.242500996475032,4.304922487980486,0.9702588774091913,3.0090605336366947,3.714938657674187,4.691659799858895,5.876710505607172,50
3,100,d3,logspline,0.48,4.218289456198248,4.281564193326845,0.9500927676866516,3.0116840818371964,3.6995821224216003,4.663764274306147,5.819090991150885,50
3,100,d3,logspline,0.49,4.192296019991238,4.256437341806147,0.9299062827767072,3.01261775657838,3.682468196924012,4.634078151701916,5.759638589668739,50
3,100,d3,logspline,0.5,4.164584170276514,4.229604940457144,0.909703652784311,3.011920206262808,3.6679867124661776,4.602665516876087,5.698420983544327,50
3,100,d3,logspline,0.51,4.13505024021595,4.201126645415711,0.8894890367062022,3.009646919053839,3.6538667411658703,4.569587050861235,5.635502165667927,50
3,100,d3,logspline,0.52,4.103957653698787,4.171059007333807,0.869266548571444,3.0058504622811926,3.6381837135298447,4.5349002763997355,5.570942704915447,50
3,100,d3,logspline,0.53,4.072622611310729,4.139455693608772,0.849040286003235,3.0005806989437067,3.620989414411338,4.498659780903362,5.5047999880572265,50
3,100,d3,logspline,0.54,4.039794699049785,4.106367690453668,0.8288143606655257,2.9938849838986688,3.600888788290555,4.4609174193863295,5.437128440614504,50
3,100,d3,logspline,0.55,4.005522612036116,4.071843491804444,0.8085929296871317,2.9858083419931756,3.5754580927805617,4.421722499564359,5.367979728863758,50
3,100,d3,logspline,0.56,3.9698527044481224,4.035929334185489,0.7883802101515605,2.976393630107298,3.548645987910649,4.381121951032005,5.297402944917488,50
3,100,d3,logspline,0.5700000000000001,3.9328291426804336,3.9986694461612275,0.7681804922067136,2.96568168483351,3.520498510128336,4.339160480190421,5.225444776577135,50
3,100,d3,logspline,0.5800000000000001,3.8944940457482033,3.960106265886833,0.7479981717719721,2.9537114573057965,3.4910616314335168,4.2961144093003725,5.152149663453402,50
3,100,d3,logspline,0.59,3.8548876142330633,3.9202806218543733,0.7278377599121767,2.9405201365096065,3.464050186132623,4.251888276062926,5.077559940676202,50
3,100,d3,logspline,0.6,3.814048248911958,3.879231866185126,0.7077039301892155,2.926143262246174,3.4386322774900018,4.202796353360629,5.0017159713665755,50
3,100,d3,logspline,0.61,3.7777259453686733,3.836998031544214,0.6876016094627494,2.9106148287879128,3.412039061477989,4.147027833608024,4.924656268912741,50
3,100,d3,logspline,0.62,3.745397671490933,3.7936159315418254,0.6675360438784139,2.8939673801426795,3.384304300086023,4.0901016377098784,4.846417609979001,50
3,100,d3,logspline,0.63,3.710011946404352,3.7491213726997983,0.6475128834953797,2.876232097740964,3.3554603396859646,4.032065861598473,4.767035139077109,50
3,100,d3,logspline,0.64,3.666719177842488,3.7035495961957197,0.6275383314269194,2.8574389175292634,3.3255383810611088,3.9729735884798205,4.6865424654428,50
3,100,d3,logspline,0.65,3.6226870506347835,3.656935581603955,0.6076191529657121,2.837617085600977,3.2945696046993573,3.9128829608743443,4.604971752883939,50
3,100,d3,logspline,0.66,3.581759768723069,3.6093142215993117,0.5877626340561029,2.8167960564389407,3.2625857653125143,3.8518565401679252,4.524810409850856,50
3,100,d3,logspline,0.67,3.53983071070106,3.560720345414166,0.5679766249173679,2.7950057530357584,3.2296191385442112,3.789960717825978,4.444156926556955,50
3,100,d3,logspline,0.68,3.4969271586508826,3.5111888882031295,0.5482697041437158,2.7722765235472235,3.1957024459568686,3.7257681372858547,4.362514678335057,50
3,100,d3,logspline,0.6900000000000001,3.4519234775166447,3.460755963790703,0.5286519088552368,2.7486390916375405,3.159500773754523,3.6622499343372916,4.279917154712915,50
3,100,d3,logspline,0.7000000000000001,3.4014518296504272,3.409460267806102,0.5091368274156458,2.724124510026763,3.1222930260779598,3.598497144897799,4.196412082502745,50
3,100,d3,logspline,0.7100000000000001,3.3502851693021567,3.357344125125962,0.4897431802338381,2.6987641168272285,3.084239697804842,3.53385153620835,4.1120611165425105,50
3,100,d3,logspline,0.72,3.3002365144914965,3.30445422276931,0.4704943022805713,2.6707088120791456,3.042911967726989,3.4683624538578504,4.026938063473727,50
3,100,d3,logspline,0.73,3.2538635878656903,3.2508417462618153,0.45141740167018685,2.640454976359514,3.000152927672329,3.4054434014330126,3.9554151789228023,50
3,100,d3,logspline,0.74,3.2067123719044144,3.196562127261615,0.43254286328531455,2.6094479977271834,2.956708873702092,3.3472467006195044,3.884533079149586,50
3,100,d3,logspline,0.75,3.158822956868165,3.1416746527798582,0.41390356867370043,2.5777308826665726,2.911056071339664,3.2933603320436236,3.8129013164546253,50
3,100,d3,logspline,0.76,3.110237125558407,3.0862424852731225,0.3955351738941471,2.545349141583919,2.8584527003717133,3.2288962203519116,3.7405776704051314,50
3,100,d3,logspline,0.77,3.0549171726387274,3.030332739435319,0.37747635909339045,2.5117061397880702,2.8055039203600454,3.161203640533036,3.6676257989255574,50
3,100,d3,logspline,0.78,2.9938514332981336,2.9740160318503746,0.35976811144027854,2.477142724665611,2.751192797077559,3.093648507239676,3.59411447912499,50
3,100,d3,logspline,0.79,2.9279445392426444,2.9173659084038572,0.3424528697475036,2.442083094016847,2.6941802153213,3.0287734225298597,3.520116914221724,50
3,100,d3,logspline,0.8,2.8623670951084583,2.8604583107955976,0.3255736797495665,2.4065851003181935,2.639405817538597,2.9657632780022345,3.4457100999657735,50
3,100,d3,logspline,0.81,2.797220093385988,2.8033709829481777,0.3091734206475886,2.3707080904101274,2.597583719635278,2.9054289779826257,3.3709742450818823,50
3,100,d3,logspline,0.8200000000000001,2.7326027720514126,2.7461827384884425,0.29329418280315056,2.3345110380183733,2.555307317696947,2.847605452905327,3.278537895274026,50
3,100,d3,logspline,0.8300000000000001,2.6695141591254794,2.6889724522473086,0.2779767107658631,2.2980493114240526,2.505052579228244,2.789878650881283,3.176073945775327,50
3,100,d3,logspline,0.8400000000000001,2.6160927519331545,2.631817963101467,0.2632598076010454,2.2613742628185616,2.457427414125338,2.71995628208989,3.0750390969287684,50
3,100,d3,logspline,0.85,2.5528148016530965,2.574794981488652,0.24917937061866563,2.2245335338326875,2.4084469103849857,2.660475484735685,2.980340223176034,50
3,100,d3,logspline,0.86,2.485216687307773,2.517976157647062,0.2357675922858822,2.190770947433599,2.3679614728893164,2.60736238917012,2.8874842738234996,50
3,100,d3,logspline,0.87,2.4258431134146816,2.461430816981996,0.22305246692163705,2.158654681321183,2.3299294227609586,2.5541112904349856,2.8205549006611754,50
3,100,d3,logspline,0.88,2.3713767886593713,2.4052251453891116,0.21105722537559074,2.1206859656022043,2.289587077165467,2.5007837202980867,2.7601114812723275,50
3,100,d3,logspline,0.89,2.3104907602165303,2.3494223396491756,0.1997997353190925,2.081406865314467,2.248927491226261,2.4477404818929624,2.6997113336806353,50
3,100,d3,logspline,0.9,2.257902969224184,2.294082036520405,0.18929149827680913,2.0420491183502496,2.2062030343503505,2.3951174817800434,2.6394187201186234,50
3,100,d3,logspline,0.91,2.210050941344349,2.239259618515218,0.17953736924817612,2.002644223749934,2.1423609323178585,2.3343639656716073,2.5798936432937243,50
3,100,d3,logspline,0.92,2.159761796927252,2.1850065053985,0.17053629581169685,1.9630212177318231,2.072826743701463,2.2791068176262614,2.5220697382774206,50
3,100,d3,logspline,0.93,2.109571774283773,2.1313706614681123,0.1622817708738355,1.9221224257530705,2.0168490650198185,2.2127190492333346,2.464456460775483,50
3,100,d3,logspline,0.94,2.0579860077901406,2.0783969049615956,0.15476182610083083,1.8751443746059877,1.9716057709415367,2.156596732527114,2.4071124877295444,50
3,100,d3,logspline,0.95,2.012698301286796,2.026126924947717,0.14795860453248652,1.828101711989031,1.926983268200232,2.102946290387489,2.338874549629599,50
3,100,d3,logspline,0.96,1.966372828381766,1.9745994090472743,0.14184782225841047,1.781668982107945,1.8800317667296493,2.051299253891321,2.26971551017102,50
3,100,d3,logspline,0.97,1.919814973532948,1.9238498822186716,0.13639839559607977,1.7290290907578783,1.840370190886719,2.000646004752744,2.201625235846869,50
3,100,d3,logspline,0.98,1.8692073551477066,1.873910680634556,0.13157245509568907,1.6765114769107368,1.8020002406139246,1.9515050175341564,2.1346845350853183,50
3,100,d3,logspline,0.99,1.8224621528951612,1.8248111519603518,0.12732558742758837,1.6250040641045433,1.7537938134036644,1.9031027106060707,2.068972296432677,50
3,100,d3,logspline,1,1.775913551586283,1.7765776687987762,0.12360741937706153,1.588538299267485,1.7118054168516763,1.8554668645939532,2.004565333323296,50
3,200,d0,ecdf,0.01,Inf,Inf,NA,Inf,Inf,Inf,Inf,0
3,200,d0,ecdf,0.02,Inf,Inf,NA,Inf,Inf,Inf,Inf,0
3,200,d0,ecdf,0.03,Inf,Inf,NA,Inf,Inf,Inf,Inf,0
3,200,d0,ecdf,0.04,Inf,Inf,NA,Inf,Inf,Inf,Inf,0
3,200,d0,ecdf,0.05,Inf,Inf,NA,Inf,Inf,Inf,Inf,0
3,200,d0,ecdf,0.06,Inf,Inf,NA,Inf,Inf,Inf,Inf,0
3,200,d0,ecdf,0.06999999999999999,Inf,Inf,NA,Inf,Inf,Inf,Inf,0
3,200,d0,ecdf,0.08,Inf,Inf,NA,Inf,Inf,Inf,Inf,0
3,200,d0,ecdf,0.09,Inf,Inf,NA,Inf,Inf,Inf,Inf,0
3,200,d0,ecdf,0.1,Inf,Inf,NA,Inf,Inf,Inf,Inf,0
3,200,d0,ecdf,0.11,Inf,Inf,NA,Inf,Inf,Inf,Inf,0
3,200,d0,ecdf,0.12,Inf,Inf,NA,Inf,Inf,Inf,Inf,0
3,200,d0,ecdf,0.13,Inf,Inf,NA,Inf,Inf,Inf,Inf,0
3,200,d0,ecdf,0.14,Inf,Inf,NA,Inf,Inf,Inf,Inf,0
3,200,d0,ecdf,0.15000000000000002,Inf,Inf,NA,Inf,Inf,Inf,Inf,0
3,200,d0,ecdf,0.16,Inf,Inf,NA,Inf,Inf,Inf,Inf,0
3,200,d0,ecdf,0.17,Inf,Inf,NA,Inf,Inf,Inf,Inf,0
3,200,d0,ecdf,0.18000000000000002,Inf,Inf,NA,Inf,Inf,Inf,Inf,0
3,200,d0,ecdf,0.19,Inf,Inf,NA,Inf,Inf,Inf,Inf,0
3,200,d0,ecdf,0.2,Inf,Inf,NA,Inf,Inf,Inf,Inf,0
3,200,d0,ecdf,0.21,Inf,Inf,NA,Inf,Inf,Inf,Inf,0
3,200,d0,ecdf,0.22,Inf,Inf,NA,Inf,Inf,Inf,Inf,0
3,200,d0,ecdf,0.23,Inf,Inf,NA,Inf,Inf,Inf,Inf,0
3,200,d0,ecdf,0.24,Inf,Inf,NA,Inf,Inf,Inf,Inf,0
3,200,d0,ecdf,0.25,Inf,Inf,NA,Inf,Inf,Inf,Inf,0
3,200,d0,ecdf,0.26,Inf,Inf,NA,Inf,Inf,Inf,Inf,0
3,200,d0,ecdf,0.27,Inf,Inf,NA,Inf,Inf,Inf,Inf,0
3,200,d0,ecdf,0.28,Inf,Inf,NA,Inf,Inf,Inf,Inf,0
3,200,d0,ecdf,0.29000000000000004,Inf,Inf,NA,Inf,Inf,Inf,Inf,0
3,200,d0,ecdf,0.3,Inf,Inf,NA,Inf,Inf,Inf,Inf,0
3,200,d0,ecdf,0.31,Inf,Inf,NA,Inf,Inf,Inf,Inf,0
3,200,d0,ecdf,0.32,Inf,Inf,NA,Inf,Inf,Inf,Inf,0
3,200,d0,ecdf,0.33,Inf,Inf,NA,Inf,Inf,Inf,Inf,0
3,200,d0,ecdf,0.34,Inf,Inf,NA,Inf,Inf,Inf,Inf,0
3,200,d0,ecdf,0.35000000000000003,Inf,Inf,NA,Inf,Inf,Inf,Inf,0
3,200,d0,ecdf,0.36000000000000004,Inf,Inf,NA,Inf,Inf,Inf,Inf,0
3,200,d0,ecdf,0.37,Inf,Inf,NA,Inf,Inf,Inf,Inf,0
3,200,d0,ecdf,0.38,Inf,Inf,NA,Inf,Inf,Inf,Inf,0
3,200,d0,ecdf,0.39,Inf,Inf,NA,Inf,Inf,Inf,Inf,0
3,200,d0,ecdf,0.4,Inf,Inf,NA,Inf,Inf,Inf,Inf,0
3,200,d0,ecdf,0.41,Inf,Inf,NA,Inf,Inf,Inf,Inf,0
3,200,d0,ecdf,0.42,Inf,Inf,NA,Inf,Inf,Inf,Inf,0
3,200,d0,ecdf,0.43,Inf,Inf,NA,Inf,Inf,Inf,Inf,0
3,200,d0,ecdf,0.44,Inf,Inf,NA,Inf,Inf,Inf,Inf,0
3,200,d0,ecdf,0.45,Inf,Inf,NA,Inf,Inf,Inf,Inf,0
3,200,d0,ecdf,0.46,Inf,Inf,NA,Inf,Inf,Inf,Inf,0
3,200,d0,ecdf,0.47,Inf,Inf,NA,Inf,Inf,Inf,Inf,0
3,200,d0,ecdf,0.48,Inf,Inf,NA,Inf,Inf,Inf,Inf,0
3,200,d0,ecdf,0.49,Inf,Inf,NA,Inf,Inf,Inf,Inf,0
3,200,d0,ecdf,0.5,Inf,Inf,NA,Inf,Inf,Inf,Inf,0
3,200,d0,ecdf,0.51,Inf,Inf,NA,Inf,Inf,Inf,Inf,1
3,200,d0,ecdf,0.52,Inf,Inf,NA,Inf,Inf,Inf,Inf,3
3,200,d0,ecdf,0.53,Inf,Inf,NA,6.072171385940248,Inf,Inf,Inf,5
3,200,d0,ecdf,0.54,Inf,Inf,NA,6.0905982071505544,Inf,Inf,Inf,7
3,200,d0,ecdf,0.55,Inf,Inf,NA,6.108677170325384,Inf,Inf,Inf,9
3,200,d0,ecdf,0.56,Inf,Inf,NA,6.12642064188539,Inf,Inf,Inf,13
3,200,d0,ecdf,0.5700000000000001,Inf,Inf,NA,5.762609382617951,6.143840331925921,Inf,Inf,16
3,200,d0,ecdf,0.5800000000000001,Inf,Inf,NA,5.467800159326504,6.16094733988645,Inf,Inf,20
3,200,d0,ecdf,0.59,Inf,Inf,NA,5.484605015756043,6.177752196315988,Inf,Inf,25
3,200,d0,ecdf,0.6,6.194264901128274,Inf,NA,5.095652612460164,6.194264901128274,Inf,Inf,28
3,200,d0,ecdf,0.61,6.2104949586948806,Inf,NA,5.1118826700267705,6.2104949586948806,Inf,Inf,30
3,200,d0,ecdf,0.62,6.226451410084813,Inf,NA,5.127839121416703,5.533304229524868,Inf,Inf,34
3,200,d0,ecdf,0.63,6.242142862724563,Inf,NA,5.143530574056453,5.548995682164618,6.242142862724563,Inf,38
3,200,d0,ecdf,0.64,5.564430337162446,Inf,NA,4.748554203379685,5.2603315060813225,6.257577517722392,Inf,38
3,200,d0,ecdf,0.65,5.579616014514217,Inf,NA,4.763739880731457,5.1741509064060525,6.2727631950741625,Inf,41
3,200,d0,ecdf,0.66,5.5945601763848565,Inf,NA,4.678269444510701,4.973333513937856,6.287707356944802,Inf,44
3,200,d0,ecdf,0.67,5.203804840530928,Inf,NA,4.592702360528262,4.9161227680791475,5.609269948639093,Inf,46
3,200,d0,ecdf,0.68,5.074445996443066,Inf,NA,4.370989172281752,4.707461408902965,5.62375214077712,6.316899321337066,48
3,200,d0,ecdf,0.6900000000000001,4.944866083854965,Inf,NA,4.186938233684009,4.721722532540755,5.536646987387869,6.331160444974856,49
3,200,d0,ecdf,0.7000000000000001,4.735768818560679,Inf,NA,4.14798215365856,4.553447261766725,5.1746739242137245,6.3452067309947795,49
3,200,d0,ecdf,0.7100000000000001,4.567284676251672,Inf,NA,4.056459052485681,4.413133996424413,4.972749784359837,5.6658969649197815,49
3,200,d0,ecdf,0.72,4.4267682554774845,4.557981877767598,0.4952662532557341,3.9747831317344273,4.293236862852962,4.930598155584354,5.274066115864688,50
3,200,d0,ecdf,0.73,4.373439142707255,4.464829054798753,0.511478001414634,3.9012083382868297,4.188890410738611,4.731096686442241,5.28750269940672,50
3,200,d0,ecdf,0.74,4.202134575366971,4.30160453663701,0.3801640293268595,3.8344097952416543,4.00146387990482,4.569062013518321,5.0130647915833,50
3,200,d0,ecdf,0.75,4.1098308506934185,4.182369478435175,0.3451057341629505,3.7043657425852543,3.927509293899464,4.332974402007628,4.802978031253364,50
3,200,d0,ecdf,0.76,4.0273949333722445,4.09430094117292,0.35285289612660053,3.6527014839308336,3.8603408487090785,4.316402905576683,4.815852293736515,50
3,200,d0,ecdf,0.77,3.9530799458499617,3.977842925993231,0.34749884569120587,3.4935476164715213,3.7471846124074886,4.135401502643916,4.677136176724314,50
3,200,d0,ecdf,0.78,3.8114522580953865,3.8887102860231826,0.3527874730441986,3.4059871499872223,3.677920865470864,4.052614314912275,4.589382312560323,50
3,200,d0,ecdf,0.79,3.754813286213022,3.7866750303954513,0.3335558263382277,3.3273692713860825,3.53194131346636,3.9579461606088477,4.383421945635396,50
3,200,d0,ecdf,0.8,3.641839093220318,3.6905124658294555,0.30929110636848633,3.2745465099424487,3.479320163722544,3.835995107661276,4.342608529551326,50
3,200,d0,ecdf,0.81,3.596708668480486,3.577746719609771,0.2532198863550984,3.191243560372322,3.4076679769270584,3.762895594990048,4.08918515357828,50
3,200,d0,ecdf,0.8200000000000001,3.5032190233655247,3.4860013175685456,0.24826315905062432,3.09775391525736,3.331537370176269,3.6657379528632994,3.934001939457979,50
3,200,d0,ecdf,0.8300000000000001,3.397400417193201,3.403625608335769,0.24478798269228655,3.0449328490372074,3.214831885832605,3.5662297726704937,3.802618550734724,50
3,200,d0,ecdf,0.8400000000000001,3.3033605365008447,3.303930304868688,0.22491819312653683,2.9799326914725954,3.1549405313825716,3.4311939080107297,3.6966452730838912,50
3,200,d0,ecdf,0.85,3.2378207033451094,3.218743201754691,0.21737142539806736,2.8293365385352445,3.0679216665497115,3.355603739001493,3.5661366077086,50
3,200,d0,ecdf,0.86,3.143738317460506,3.135691578576106,0.21719225974498887,2.8036356461163456,2.989587637633247,3.277404079105467,3.506313844656723,50
3,200,d0,ecdf,0.87,3.05956639765315,3.064934231165894,0.21088756440257644,2.759524254482737,2.9251548611637848,3.2150966189916086,3.451462394715172,50
3,200,d0,ecdf,0.88,2.969857022564233,2.984408352559713,0.20920052981038598,2.6734223402203687,2.903513801984754,3.133088243629254,3.3135671547349412,50
3,200,d0,ecdf,0.89,2.9143815140542397,2.9171832099212347,0.2003997376716359,2.6059422612118928,2.8167430444903236,3.0443357513494114,3.245738650008682,50
3,200,d0,ecdf,0.9,2.8510103711071024,2.8452546813549597,0.19868761639568172,2.5427344618877132,2.702014513080528,2.977762076746246,3.1913730408795944,50
3,200,d0,ecdf,0.91,2.803862672361566,2.7756641617294133,0.1845521423105528,2.4706713958125235,2.6528995370887047,2.8857166675015486,3.0893473393220203,50
3,200,d0,ecdf,0.92,2.7385710907852503,2.7132742639923424,0.18208992431799803,2.4269877221255705,2.588925037333661,2.82558246777488,3.0174168959970897,50
3,200,d0,ecdf,0.93,2.6593648953960134,2.6488570408735397,0.18151720800261906,2.3434665924467324,2.5133911727772795,2.786114763668452,2.920141581683184,50
3,200,d0,ecdf,0.94,2.596171620132166,2.5851967959800772,0.16557607452009326,2.305600111168194,2.4953035885800383,2.6936929452284146,2.826180172341879,50
3,200,d0,ecdf,0.95,2.5461511590739327,2.5273030766633706,0.15853411876402188,2.2641295386152382,2.428451256907347,2.628657909687893,2.771595406205719,50
3,200,d0,ecdf,0.96,2.4458103366476025,2.4666258065585582,0.15548431186407197,2.2014188776784973,2.387823078997253,2.5687637325537542,2.7406802573517774,50
3,200,d0,ecdf,0.97,2.419096235644937,2.4170988664171706,0.15118028395627395,2.1707002237714077,2.342908995431936,2.513325293334679,2.671413062403972,50
3,200,d0,ecdf,0.98,2.3526923012802117,2.3594673769495023,0.13681312084832958,2.125878352517259,2.2912984756943553,2.447023009785127,2.5870435201380015,50
3,200,d0,ecdf,0.99,2.310407188125119,2.305459507890516,0.13425050600971422,2.079207505738125,2.240162398513575,2.3893955994437492,2.529633553564945,50
3,200,d0,ecdf,1,2.2586062894630476,2.2560302087536623,0.13507474871713365,2.0250850717814277,2.1924067431256278,2.355421727628192,2.4732901212696157,50
3,200,d0,logspline,0.01,9.843779015986724,10.468715899349455,2.829614539648082,7.215236819592633,8.740289307246888,11.682200064138943,15.583417642642072,50
3,200,d0,logspline,0.02,9.790575240882745,10.410062365264574,2.8089785441463566,7.17991767201028,8.694075562877181,11.617387427010126,15.485613309410247,50
3,200,d0,logspline,0.03,9.73647197689921,10.350210314646656,2.7874259337559826,7.1441915487454235,8.64717731784108,11.551257758932406,15.38491453611095,50
3,200,d0,logspline,0.04,9.681471623942251,10.289166590493059,2.7649694623358867,7.108058938446719,8.59959595655039,11.483816219436832,15.281346259324888,50
3,200,d0,logspline,0.05,9.625577524729323,10.22694060907239,2.7416264595493742,7.071520523628446,8.551271887554929,11.414199865326053,15.174942820091172,50
3,200,d0,logspline,0.06,9.568793947869368,10.163544205906382,2.7174184048129826,7.034577179086575,8.502253714563905,11.340279458068464,15.065747418169117,50
3,200,d0,logspline,0.06999999999999999,9.511126066434208,10.09899145078626,2.692370423610098,6.997229969876299,8.4525578601886,11.26494732222861,14.95381144360389,50
3,200,d0,logspline,0.08,9.452579932256507,10.033298439845515,2.666510732992542,6.959480148861452,8.40218786273357,11.188218955703615,14.839193707747668,50
3,200,d0,logspline,0.09,9.393162446232784,9.966483072885076,2.6398700630464873,6.921329153848157,8.35114776822172,11.110111905403402,14.72195959804679,50
3,200,d0,logspline,0.1,9.332881324947675,9.898564823746899,2.6124810789767436,6.8827786043173065,8.299442115295168,11.030645635024232,14.602180181798467,50
3,200,d0,logspline,0.11,9.271745063967845,9.829564510690913,2.5843778248174596,6.843830297772106,8.247075918489871,10.9498413822707,14.479931283766899,50
3,200,d0,logspline,0.12,9.209762898179928,9.759504072605287,2.5555952052422937,6.80448620571884,8.194054650017197,10.86772200772444,14.355292561167401,50
3,200,d0,logspline,0.13,9.146944759566335,9.688406355625299,2.5261685171282284,6.764748469300443,8.140384220194527,10.784311837584932,14.228346597275278,50
3,200,d0,logspline,0.14,9.083301232826003,9.616294913482685,2.4961330379214006,6.724619394603987,8.08607095667419,10.699636502482377,14.099178032025037,50
3,200,d0,logspline,0.15000000000000002,9.018843509253667,9.543193823752151,2.465523673808912,6.684101447664402,8.031121582625296,10.613722774489595,13.967872744676443,50
3,200,d0,logspline,0.16,8.9535833392917,9.469127521165165,2.434374667412781,6.643197249187758,7.975543194026422,10.526964400402731,13.834517100167186,50
3,200,d0,logspline,0.17,8.887532984163098,9.394120648351139,2.4027193622534817,6.601909569018416,7.919343236228624,10.44001297119536,13.699197267350412,50
3,200,d0,logspline,0.18000000000000002,8.820705166983252,9.318197923744842,2.3705900195443887,6.560241320374935,7.862529479947918,10.351931361502846,13.561998614095128,50
3,200,d0,logspline,0.19,8.753113023732354,9.241384025951714,2.338017681875527,6.518195553880233,7.805109996844463,10.262748101544183,13.423005181330508,50
3,200,d0,logspline,0.2,8.684770054450155,9.163703493564945,2.3050320778954765,6.475775451411706,7.747093134841964,10.172492098327488,13.282299235622032,50
3,200,d0,logspline,0.21,8.6156900749911,9.085180639251686,2.2716615620684806,6.432984319797264,7.688487493335952,10.081192504780647,13.139960897817907,50
3,200,d0,logspline,0.22,8.545887169651166,9.005839476842448,2.2379330838441387,6.389825584383101,7.629301898433064,9.988878596520767,12.996067843705536,50
3,200,d0,logspline,0.23,8.475375644948844,8.925703660143105,2.203872181023313,6.346302782498887,7.5695453783561355,9.89557965689055,12.850695071450527,50
3,200,d0,logspline,0.24,8.402528444009604,8.844796432221548,2.1695029926519105,6.3024195568456385,7.509227139141387,9.801324870707742,12.703914729816642,50
3,200,d0,logspline,0.25,8.325000233452137,8.763140583984777,2.1348482873615096,6.2581796488310735,7.4483565407448475,9.706143227003933,12.555796000733645,50
3,200,d0,logspline,0.26,8.246747718367878,8.680758420944125,2.0999295036592747,6.21358689187654,7.38694307366519,9.610063430874,12.406405029636385,50
3,200,d0,logspline,0.27,8.167788712744615,8.597671737157462,2.0647667992211756,6.1686452047188745,7.32499633618013,9.513113824418543,12.255804897084628,50
3,200,d0,logspline,0.28,8.088140973126993,8.51390179543093,2.029379106746374,6.123358584729608,7.262526012282725,9.415322316640525,12.104055625435578,50
3,200,d0,logspline,0.29000000000000004,8.007822156151503,8.429469312955014,1.9937841943793833,6.077731101272979,7.199541850393487,9.316716322053857,11.951214214730506,50
3,200,d0,logspline,0.3,7.926849779498493,8.344394451637617,1.9579987290986594,6.031766889123096,7.136053642913472,9.21732270767569,11.797334702429984,50
3,200,d0,logspline,0.31,7.845241186255539,8.258696812478874,1.9220383418080667,5.985470141959458,7.072071206673104,9.117167748005443,11.642468242153594,50
3,200,d0,logspline,0.32,7.763013512653224,8.172395433407866,1.8859176931555426,5.9388451059587855,7.0076043643212635,9.016277087540555,11.486663197120524,50
3,200,d0,logspline,0.33,7.68018365910509,8.085508790069913,1.849650539346974,5.891896073499902,6.942662926689429,8.914675710340834,11.329965244524576,50
3,200,d0,logspline,0.34,7.596768264458529,7.998054799115002,1.8132497974287687,5.844627376997041,6.877256676156197,8.812387916128154,11.172417487594453,50
3,200,d0,logspline,0.35000000000000003,7.512783683342336,7.91005082359315,1.7767276096858884,5.79704338287567,6.811395351028816,8.709437302395141,11.014060572576305,50
3,200,d0,logspline,0.36000000000000004,7.4282459664794684,7.821513680111878,1.7400954069488186,5.749148485703572,6.745088630950059,8.605846751993278,10.854932808322342,50
3,200,d0,logspline,0.37,7.343170843820069,7.73245964745474,1.7033639707285166,5.700947102488598,6.678346123331169,8.501638425676322,10.695070286573976,50
3,200,d0,logspline,0.38,7.257573710339584,7.64290447639854,1.6665434942075061,5.652443667153142,6.611177350804704,8.396833759087594,10.534507001387523,50
3,200,d0,logspline,0.39,7.1760831735269335,7.552863400501135,1.629643642212641,5.603642625194161,6.543591739684794,8.291453463697884,10.373274966466795,50
3,200,d0,logspline,0.4,7.0972170055659545,7.46235114766177,1.5926736103847663,5.554548428536176,6.475598609416744,8.185517531223555,10.211404329440683,50
3,200,d0,logspline,0.41,7.016880967209824,7.371381952282444,1.5556421838466135,5.5051655305835645,6.40720716299299,8.079045241080376,10.04892348235856,50
3,200,d0,logspline,0.42,6.935799062452723,7.2799695678820475,1.518557795756889,5.455498381477153,6.338426478308131,7.972055170456966,9.88585916787482,50
3,200,d0,logspline,0.43,6.8542882581923354,7.188127280035416,1.4814285862296839,5.405551423559042,6.26926550042213,7.864565206621423,9.722236580759988,50
3,200,d0,logspline,0.44,6.772360290513579,7.095867919527373,1.4442624621986666,5.355329087048446,6.1997330346977355,7.756592561105052,9.558079464513037,50
3,200,d0,logspline,0.45,6.6900266078114665,7.003203875627462,1.4070671589200416,5.304835785930335,6.129837740775726,7.6481537854375485,9.393410202961459,50
3,200,d0,logspline,0.46,6.607298368808019,6.910147109404808,1.369850303942915,5.253801086749322,6.05958812734964,7.53926478813784,9.228249906825592,50
3,200,d0,logspline,0.47,6.524186441678094,6.816709167014507,1.3326194845377182,5.202207750398155,5.988992547700234,7.429940852693855,9.062618495294942,50
3,200,d0,logspline,0.48,6.440701404183832,6.722901192897444,1.2953823197716323,5.15035380068437,5.9180591959489615,7.320196656292342,8.896534772719232,50
3,200,d0,logspline,0.49,6.356853544721214,6.628733942844572,1.2581465386657904,5.098243654076385,5.846796103989184,7.210046289086238,8.733385252207587,50
3,200,d0,logspline,0.5,6.273271474527762,6.5342177968846595,1.220920066176922,5.045881690902479,5.77521113905368,7.100990784503118,8.576994177829558,50
3,200,d0,logspline,0.51,6.1936884655085045,6.439362772107085,1.1837111189515996,4.9932722564660565,5.703312001877146,6.994407257088161,8.420203403394904,50
3,200,d0,logspline,0.52,6.117639111760018,6.344178544201329,1.1465283028493551,4.940419897543583,5.631106225412875,6.887460799821809,8.263027651727235,50
3,200,d0,logspline,0.53,6.03526114512667,6.248674550669398,1.1093807115479066,4.887329989630471,5.558601174063468,6.780162959037992,8.105480886270549,50
3,200,d0,logspline,0.54,5.951111382066471,6.152860300035018,1.0722780544839707,4.834008858457689,5.4858040435725055,6.671794388166374,7.947576357248199,50
3,200,d0,logspline,0.55,5.86646796900035,6.056745542517058,1.0352307613207161,4.780463703284207,5.41272201210562,6.558070607123742,7.789326644935562,50
3,200,d0,logspline,0.56,5.776959086185526,5.96034042583604,0.9982500501256021,4.726702590092444,5.337586639809616,6.444024712724651,7.630743700193861,50
3,200,d0,logspline,0.5700000000000001,5.687354115699592,5.863655835727458,0.961348095205,4.672734686454989,5.257701244184123,6.340480008393094,7.471838882413145,50
3,200,d0,logspline,0.5800000000000001,5.604858560435773,5.766704429163872,0.9245388495319947,4.618570325424914,5.177337506566102,6.227930596903913,7.312622995011087,50
3,200,d0,logspline,0.59,5.52209300554752,5.669501257395922,0.8878385842967541,4.564220917852309,5.103933449693377,6.113336526361956,7.153106318631172,50
3,200,d0,logspline,0.6,5.439064464454701,5.5720639700433425,0.8512658339439227,4.509698866263246,5.033806986232408,5.998533619951034,6.9932986421797985,50
3,200,d0,logspline,0.61,5.353960602851934,5.474413200779009,0.8148413062511474,4.448900518166355,4.962825215598555,5.8835819269002005,6.833209291836834,50
3,200,d0,logspline,0.62,5.267594889058897,5.376572848388362,0.7785881035288139,4.387641622267111,4.888352151019485,5.768551706575157,6.672847158168489,50
3,200,d0,logspline,0.63,5.181003080811092,5.278570660534556,0.7425327519209908,4.32626900538958,4.811419301826222,5.6535220117020835,6.51222073694421,50
3,200,d0,logspline,0.64,5.093298932747974,5.180441890110084,0.706713071517556,4.2648073983140815,4.721590352956167,5.538579411836574,6.35134123315004,50
3,200,d0,logspline,0.65,4.994115849914071,5.082232496075873,0.6711860403555144,4.203282889175938,4.628044652130608,5.423849269277806,6.190234844692216,50
3,200,d0,logspline,0.66,4.894869837119775,4.983998442716183,0.6360260959571026,4.1417227861294235,4.531002581537466,5.31744535738455,6.028946109406164,50
3,200,d0,logspline,0.67,4.795638948216105,4.885806782124354,0.6013243361560825,4.080155487508952,4.4405529944870565,5.205508124403889,5.867535368180449,50
3,200,d0,logspline,0.68,4.696510590639043,4.787737297282399,0.5671880735649519,4.0186103589664945,4.361795718384623,5.093335002966873,5.706094232633385,50
3,200,d0,logspline,0.6900000000000001,4.606667927037475,4.689883399144792,0.5337415010706994,3.957117617143486,4.291014934455674,4.98190321808279,5.544800421013818,50
3,200,d0,logspline,0.7000000000000001,4.520449812909126,4.592352580946718,0.5011271499634049,3.895654585680838,4.209625043210423,4.862608911955173,5.3861494751469055,50
3,200,d0,logspline,0.7100000000000001,4.434401837912424,4.495266166275092,0.4695030528628108,3.8341712087030904,4.14140323732639,4.727387445546116,5.228900613190574,50
3,200,d0,logspline,0.72,4.348606377471452,4.39875712730126,0.43903612628628286,3.778392980598124,4.073326047128965,4.59968354465837,5.093140802846033,50
3,200,d0,logspline,0.73,4.263150663730743,4.30296733506471,0.4098947413375202,3.7226855072330913,4.005441357086352,4.467443306913379,4.960945355699163,50
3,200,d0,logspline,0.74,4.180395394349533,4.208045513194924,0.38224164470878574,3.6669385628091202,3.937193340731242,4.357667089536665,4.830359015874968,50
3,200,d0,logspline,0.75,4.098986911024883,4.1141447731838925,0.3562257951595778,3.6111548571384384,3.867101398965739,4.275951856732172,4.7017114670483195,50
3,200,d0,logspline,0.76,4.00267085551906,4.021418137563765,0.33197335366436664,3.5555153697064807,3.797484763231801,4.195350327955649,4.574006142549338,50
3,200,d0,logspline,0.77,3.901958811691466,3.930013973470627,0.3095794751739201,3.4859208760772313,3.724621474852396,4.1149437907979305,4.459041179886671,50
3,200,d0,logspline,0.78,3.794790529436093,3.840068672358095,0.2891029455334127,3.430223493109329,3.6464637018420274,4.032079408197357,4.346245591723,50
3,200,d0,logspline,0.79,3.707896258910069,3.7516992468424144,0.27056650932432247,3.374683529495348,3.565365855008448,3.931773466000361,4.212440482206511,50
3,200,d0,logspline,0.8,3.605836836927272,3.6650022658192585,0.2539556527463026,3.319322889130072,3.5004689137711535,3.829122862340226,4.092145042994264,50
3,200,d0,logspline,0.81,3.528939843823072,3.5800534424013684,0.23921717501733983,3.262924756345657,3.4213472159096248,3.7355110084123604,3.985657438195595,50
3,200,d0,logspline,0.8200000000000001,3.4539551803158455,3.4969083794524174,0.22626112586702346,3.197150218673643,3.358178135370987,3.643578469268731,3.8872879185493074,50
3,200,d0,logspline,0.8300000000000001,3.371362714056118,3.415603146205341,0.21496048469220289,3.131131880344843,3.2826001205855926,3.5562021694848553,3.801657548019249,50
3,200,d0,logspline,0.8400000000000001,3.2985168757758023,3.336156761291101,0.20515712878992032,3.062907920278576,3.2125228577562766,3.4630566863015027,3.70208520574477,50
3,200,d0,logspline,0.85,3.215636005295523,3.258570472284374,0.1966693332047364,2.9859756258962027,3.13947591738711,3.370178497453364,3.6130811724925733,50
3,200,d0,logspline,0.86,3.1508414290494486,3.1828292727611722,0.18930524460452158,2.909825401033407,3.0763488796679512,3.2809564197116643,3.5295633705128893,50
3,200,d0,logspline,0.87,3.087034160193471,3.1089071861039486,0.1828777071447822,2.8382262649801264,3.005362152420899,3.1985015133818835,3.4443395595384105,50
3,200,d0,logspline,0.88,3.0184738865767686,3.0367715207217207,0.1772139679997319,2.7708454623417307,2.9298846372053347,3.1222983786000382,3.357786866687806,50
3,200,d0,logspline,0.89,2.9582413775049914,2.9663847904199674,0.17216183754333064,2.7076807592496275,2.86014255070045,3.0524152233871398,3.2730880914422142,50
3,200,d0,logspline,0.9,2.896821572072892,2.8977060537077812,0.16759238153999667,2.6472542187942794,2.795124041337937,2.987515787861069,3.1902603850338878,50
3,200,d0,logspline,0.91,2.8269825792799734,2.830691915062714,0.16339997857613564,2.584638353308566,2.738638486108319,2.933347898151011,3.1093131005417627,50
3,200,d0,logspline,0.92,2.7671336183410653,2.765297898772406,0.15950044864323645,2.519847216624336,2.6706237720026538,2.8675294075576496,3.0302489232315972,50
3,200,d0,logspline,0.93,2.693035632625773,2.701481543687425,0.1558279668017246,2.4572277750224694,2.6084994723976074,2.7933892038077017,2.9530648416301704,50
3,200,d0,logspline,0.94,2.631043894802251,2.63920385539626,0.1523311440323078,2.3966979779912347,2.551289857579918,2.7281259889298504,2.8782643398716967,50
3,200,d0,logspline,0.95,2.5745648606628873,2.5784286308392814,0.14896955815759644,2.338175168344736,2.49571055547607,2.6629644269599453,2.806532189477335,50
3,200,d0,logspline,0.96,2.5162229843409247,2.51912177625638,0.1457115606320002,2.2815765480333186,2.441641321559517,2.599648916368151,2.736453667050055,50
3,200,d0,logspline,0.97,2.458845017513614,2.461250844950406,0.1425326975020296,2.2268195417546774,2.3848510447219367,2.5377808393552623,2.6679163995142767,50
3,200,d0,logspline,0.98,2.4045699797375084,2.404784673093913,0.1394144845063644,2.1738220739600864,2.317542774642411,2.478161819802028,2.6009202627602925,50
3,200,d0,logspline,0.99,2.349595101168042,2.3496931191064,0.13634342872075145,2.1225027715776235,2.2586037051694055,2.42476655725706,2.5393487636903127,50
3,200,d0,logspline,1,2.297652678469576,2.2959468883528507,0.1333102311188747,2.0727811021578333,2.2021609364113823,2.3752620203335013,2.484225998013132,50
3,200,d1,ecdf,0.01,Inf,Inf,NA,Inf,Inf,Inf,Inf,0
3,200,d1,ecdf,0.02,Inf,Inf,NA,Inf,Inf,Inf,Inf,0
3,200,d1,ecdf,0.03,Inf,Inf,NA,Inf,Inf,Inf,Inf,0
3,200,d1,ecdf,0.04,Inf,Inf,NA,Inf,Inf,Inf,Inf,0
3,200,d1,ecdf,0.05,Inf,Inf,NA,Inf,Inf,Inf,Inf,0
3,200,d1,ecdf,0.06,Inf,Inf,NA,Inf,Inf,Inf,Inf,0
3,200,d1,ecdf,0.06999999999999999,Inf,Inf,NA,Inf,Inf,Inf,Inf,0
3,200,d1,ecdf,0.08,Inf,Inf,NA,Inf,Inf,Inf,Inf,0
3,200,d1,ecdf,0.09,Inf,Inf,NA,Inf,Inf,Inf,Inf,0
3,200,d1,ecdf,0.1,Inf,Inf,NA,Inf,Inf,Inf,Inf,0
3,200,d1,ecdf,0.11,Inf,Inf,NA,Inf,Inf,Inf,Inf,0
3,200,d1,ecdf,0.12,Inf,Inf,NA,Inf,Inf,Inf,Inf,0
3,200,d1,ecdf,0.13,Inf,Inf,NA,Inf,Inf,Inf,Inf,0
3,200,d1,ecdf,0.14,Inf,Inf,NA,Inf,Inf,Inf,Inf,0
3,200,d1,ecdf,0.15000000000000002,Inf,Inf,NA,Inf,Inf,Inf,Inf,0
3,200,d1,ecdf,0.16,Inf,Inf,NA,Inf,Inf,Inf,Inf,0
3,200,d1,ecdf,0.17,Inf,Inf,NA,Inf,Inf,Inf,Inf,0
3,200,d1,ecdf,0.18000000000000002,Inf,Inf,NA,Inf,Inf,Inf,Inf,0
3,200,d1,ecdf,0.19,Inf,Inf,NA,Inf,Inf,Inf,Inf,0
3,200,d1,ecdf,0.2,Inf,Inf,NA,Inf,Inf,Inf,Inf,0
3,200,d1,ecdf,0.21,Inf,Inf,NA,Inf,Inf,Inf,Inf,0
3,200,d1,ecdf,0.22,Inf,Inf,NA,Inf,Inf,Inf,Inf,0
3,200,d1,ecdf,0.23,Inf,Inf,NA,Inf,Inf,Inf,Inf,0
3,200,d1,ecdf,0.24,Inf,Inf,NA,Inf,Inf,Inf,Inf,0
3,200,d1,ecdf,0.25,Inf,Inf,NA,Inf,Inf,Inf,Inf,0
3,200,d1,ecdf,0.26,Inf,Inf,NA,Inf,Inf,Inf,Inf,0
3,200,d1,ecdf,0.27,Inf,Inf,NA,Inf,Inf,Inf,Inf,0
3,200,d1,ecdf,0.28,Inf,Inf,NA,Inf,Inf,Inf,Inf,0
3,200,d1,ecdf,0.29000000000000004,Inf,Inf,NA,Inf,Inf,Inf,Inf,0
3,200,d1,ecdf,0.3,Inf,Inf,NA,Inf,Inf,Inf,Inf,0
3,200,d1,ecdf,0.31,Inf,Inf,NA,Inf,Inf,Inf,Inf,0
3,200,d1,ecdf,0.32,Inf,Inf,NA,Inf,Inf,Inf,Inf,0
3,200,d1,ecdf,0.33,Inf,Inf,NA,Inf,Inf,Inf,Inf,0
3,200,d1,ecdf,0.34,Inf,Inf,NA,Inf,Inf,Inf,Inf,0
3,200,d1,ecdf,0.35000000000000003,Inf,Inf,NA,Inf,Inf,Inf,Inf,0
3,200,d1,ecdf,0.36000000000000004,Inf,Inf,NA,Inf,Inf,Inf,Inf,0
3,200,d1,ecdf,0.37,Inf,Inf,NA,Inf,Inf,Inf,Inf,0
3,200,d1,ecdf,0.38,Inf,Inf,NA,Inf,Inf,Inf,Inf,0
3,200,d1,ecdf,0.39,Inf,Inf,NA,Inf,Inf,Inf,Inf,0
3,200,d1,ecdf,0.4,Inf,Inf,NA,Inf,Inf,Inf,Inf,0
3,200,d1,ecdf,0.41,Inf,Inf,NA,Inf,Inf,Inf,Inf,0
3,200,d1,ecdf,0.42,Inf,Inf,NA,Inf,Inf,Inf,Inf,0
3,200,d1,ecdf,0.43,Inf,Inf,NA,Inf,Inf,Inf,Inf,1
3,200,d1,ecdf,0.44,Inf,Inf,NA,Inf,Inf,Inf,Inf,1
3,200,d1,ecdf,0.45,Inf,Inf,NA,Inf,Inf,Inf,Inf,1
3,200,d1,ecdf,0.46,Inf,Inf,NA,Inf,Inf,Inf,Inf,1
3,200,d1,ecdf,0.47,Inf,Inf,NA,Inf,Inf,Inf,Inf,1
3,200,d1,ecdf,0.48,Inf,Inf,NA,Inf,Inf,Inf,Inf,2
3,200,d1,ecdf,0.49,Inf,Inf,NA,Inf,Inf,Inf,Inf,2
3,200,d1,ecdf,0.5,Inf,Inf,NA,Inf,Inf,Inf,Inf,3
3,200,d1,ecdf,0.51,Inf,Inf,NA,5.012808613253766,Inf,Inf,Inf,4
3,200,d1,ecdf,0.52,Inf,Inf,NA,5.050242264292865,Inf,Inf,Inf,4
3,200,d1,ecdf,0.53,Inf,Inf,NA,5.086910354180265,Inf,Inf,Inf,4
3,200,d1,ecdf,0.54,Inf,Inf,NA,5.122840621929133,Inf,Inf,Inf,5
3,200,d1,ecdf,0.55,Inf,Inf,NA,5.15805928521947,Inf,Inf,Inf,7
3,200,d1,ecdf,0.56,Inf,Inf,NA,5.192591150139045,Inf,Inf,Inf,10
3,200,d1,ecdf,0.5700000000000001,Inf,Inf,NA,5.226459711209801,Inf,Inf,Inf,11
3,200,d1,ecdf,0.5800000000000001,Inf,Inf,NA,5.259687242713593,5.259687242713593,Inf,Inf,15
3,200,d1,ecdf,0.59,Inf,Inf,NA,4.599147701649865,5.292294882209809,Inf,Inf,18
3,200,d1,ecdf,0.6,Inf,Inf,NA,4.631155526472396,5.324302707032341,Inf,Inf,22
3,200,d1,ecdf,0.61,5.355729804462292,Inf,NA,4.439576814442855,5.355729804462292,Inf,Inf,27
3,200,d1,ecdf,0.62,5.386594336193509,Inf,NA,4.4704413461740735,5.386594336193509,Inf,Inf,33
3,200,d1,ecdf,0.63,5.416913597638909,Inf,NA,4.318301308970799,5.416913597638909,Inf,Inf,34
3,200,d1,ecdf,0.64,5.446704072565138,Inf,NA,4.348091783897029,4.753556892005194,Inf,Inf,37
3,200,d1,ecdf,0.65,5.475981483490204,Inf,NA,4.0896871223703135,4.782834302930259,5.475981483490204,Inf,41
3,200,d1,ecdf,0.66,4.8116136576722965,Inf,NA,3.9957375238895363,4.406148549564133,5.504760838232242,Inf,42
3,200,d1,ecdf,0.67,4.839909292396797,Inf,NA,4.024033158614037,4.434444184288633,5.533056472956742,Inf,43
3,200,d1,ecdf,0.68,4.665002357419468,Inf,NA,3.951444179599395,4.174587730913605,4.86773491147355,Inf,45
3,200,d1,ecdf,0.6900000000000001,4.489638516314638,Inf,NA,3.796491335754693,4.201956443862858,4.895103624422803,Inf,46
3,200,d1,ecdf,0.7000000000000001,4.516562872093766,Inf,NA,3.669265011706562,4.228880799641985,4.92202798020193,5.615175160761876,48
3,200,d1,ecdf,0.7100000000000001,4.54305489095083,Inf,NA,3.695757030563627,4.03222926718484,4.847153722031954,5.64166717961894,49
3,200,d1,ecdf,0.72,4.2814440215974345,Inf,NA,3.588296841037489,4.058300470283225,4.569126094049215,5.355822151465349,49
3,200,d1,ecdf,0.73,4.08396190728183,Inf,NA,3.6139582780360944,3.7474896706606167,4.307105458596039,5.000252639155985,49
3,200,d1,ecdf,0.74,3.9269026252437818,Inf,NA,3.3636564025854123,3.7727519454165233,4.332367733351946,5.025514913911891,49
3,200,d1,ecdf,0.75,3.951775919788608,3.9944571742497876,0.5072403896983623,3.3456401162182923,3.7976252399613495,4.134097476582562,5.0503882084567175,50
3,200,d1,ecdf,0.76,3.822119336888502,3.8691623943219744,0.4921947163222579,3.1289721563285564,3.6002506675216916,4.113011184311226,4.669417197275705,50
3,200,d1,ecdf,0.77,3.712712247651446,3.71227127299032,0.37160538288725675,3.1151503803982,3.489568696337236,3.9618566501464123,4.305444830119996,50
3,200,d1,ecdf,0.78,3.513332251319307,3.583608105279929,0.3560725584420998,3.0723709565854787,3.418022071514982,3.736475802633517,4.329208385102067,50
3,200,d1,ecdf,0.79,3.441433582606174,3.4714893495613026,0.32364526031212776,2.919220125809728,3.274379497943008,3.6421042780683255,4.047569386176489,50
3,200,d1,ecdf,0.8,3.3774900538819135,3.3705769510053227,0.296023716503917,2.9179577245034736,3.1715947204394417,3.559811610675868,3.9164865546146,50
3,200,d1,ecdf,0.81,3.2460716332124844,3.2804407298382867,0.3164656385472889,2.84060652510432,3.051915618771527,3.487233690029373,3.8261273210460214,50
3,200,d1,ecdf,0.8200000000000001,3.1349446921234296,3.172752546790077,0.2947033487395024,2.729479584015265,2.9630944351967705,3.342584056901674,3.604948321369165,50
3,200,d1,ecdf,0.8300000000000001,3.0678250107487903,3.0785932908507263,0.2717601794806838,2.671521023703499,2.885095124001558,3.2215673606227706,3.5317222889266104,50
3,200,d1,ecdf,0.8400000000000001,2.9556563701166176,2.9949027860460804,0.2535744886004086,2.6355495733722987,2.827007368384168,3.163643765976719,3.353090698739897,50
3,200,d1,ecdf,0.85,2.905071201280351,2.907028726338199,0.23581600013967616,2.5869119634131215,2.724562287088059,3.0284146676547796,3.2648034457190103,50
3,200,d1,ecdf,0.86,2.8159654871330027,2.815850954892022,0.22979014880722853,2.4810926262821433,2.6267234874944743,2.949496879757525,3.1350846871967546,50
3,200,d1,ecdf,0.87,2.700871484682371,2.7274481796688117,0.21016050488573101,2.4163037985125646,2.54915626997241,2.8793979568429875,3.070453193605697,50
3,200,d1,ecdf,0.88,2.668182681146769,2.6578963932703337,0.2072328474780821,2.3836058338850643,2.4801304496438292,2.8067975079767216,3.017790663703008,50
3,200,d1,ecdf,0.89,2.5746626900895286,2.586749233395227,0.20613693705367003,2.3051730303636577,2.444866509578408,2.7235799120474287,2.920290206293483,50
3,200,d1,ecdf,0.9,2.5204677347787094,2.5294981411110586,0.20459763469288544,2.214088819499257,2.386936342154187,2.641828591782977,2.861742747467086,50
3,200,d1,ecdf,0.91,2.471326296713708,2.4610240538693064,0.18885954149126366,2.172663882457968,2.317136078536927,2.5692178082828514,2.752329234848662,50
3,200,d1,ecdf,0.92,2.3774079312111684,2.3859877935535625,0.1755211002442824,2.1244129365182234,2.286436153005442,2.4709975181673363,2.6810903450093906,50
3,200,d1,ecdf,0.93,2.327656299309812,2.3288343713385284,0.15921235491491875,2.081702062754053,2.222295783651985,2.420746722375823,2.60795826446397,50
3,200,d1,ecdf,0.94,2.2614869296898914,2.2715205018701194,0.14703570047240172,2.0665258688207886,2.150561327235096,2.3921071121069555,2.518699635087853,50
3,200,d1,ecdf,0.95,2.2017559684443695,2.2105578052770536,0.1437721531854745,2.011724256677701,2.0987840464305973,2.3166369279869747,2.447631917081606,50
3,200,d1,ecdf,0.96,2.13010260436389,2.1655329546708764,0.13884597370685853,1.9777046983375157,2.063411229865218,2.2587199821859834,2.406355980992048,50
3,200,d1,ecdf,0.97,2.0816707579976876,2.1116307327820794,0.13264466184600557,1.938432832915357,2.0191504010163537,2.215233811811456,2.3192342346007733,50
3,200,d1,ecdf,0.98,2.037176300157069,2.05964642016002,0.12770975750814006,1.888908057035119,1.964151165142179,2.1621144232972505,2.2950054094591685,50
3,200,d1,ecdf,0.99,1.9819478760928,2.0129585759994173,0.12356026974382317,1.8557687324610277,1.927139639597805,2.117493368089024,2.2192760623989662,50
3,200,d1,ecdf,1,1.9448003703979824,1.9644256980526555,0.11910928216344797,1.8131155087831612,1.867750432470794,2.042691881967126,2.1604168390430876,50
3,200,d1,logspline,0.01,4.265627690908135,5.120719838289186,3.012797696429359,2.4977789596946813,3.5217594757296515,5.850395474972371,8.954290514777039,50
3,200,d1,logspline,0.02,4.910648049829893,5.760065411486599,2.991713235131534,3.1535641808950623,4.173680545914001,6.4853862552163974,9.562955155499727,50
3,200,d1,logspline,0.03,5.267223812485881,6.110672044136004,2.9696090343721955,3.5211916869865854,4.5373490921698165,6.831605029248223,9.881725981166971,50
3,200,d1,logspline,0.04,5.505255638164675,6.342445179882518,2.946503404204963,3.7705611224867512,4.78266503760313,7.058954216024831,10.080516304494484,50
3,200,d1,logspline,0.05,5.677990303375124,6.508638090632948,2.922421017000759,3.954917850547208,4.96287413374659,7.220683036505496,10.212590378573605,50
3,200,d1,logspline,0.06,5.809147226826286,6.6329782164338456,2.8973921281601833,4.0979794851655615,5.101694491144601,7.340514019896882,10.305678033843254,50
3,200,d1,logspline,0.06999999999999999,5.9113810363341415,6.728129516963389,2.871451676159449,4.212398467262931,5.211779153362583,7.431105546962989,10.369299978215217,50
3,200,d1,logspline,0.08,5.992247435736976,6.801658105709479,2.8446383198590914,4.305727942616453,5.3006819724263465,7.50001768883322,10.410378983698317,50
3,200,d1,logspline,0.09,6.056622056497677,6.8584508639593285,2.8169934679610824,4.382840626215151,5.3732764702802385,7.5521310263982935,10.433819217368578,50
3,200,d1,logspline,0.1,6.107836005158177,6.901850756637555,2.7885603477693937,4.447064364078796,5.4328913973268,7.590782161921081,10.44298305674216,50
3,200,d1,logspline,0.11,6.1482672829814735,6.934248034969254,2.7593831497860393,4.500773568736233,5.481902164270409,7.618355099699605,10.440282167161246,50
3,200,d1,logspline,0.12,6.179673765060286,6.957413019387612,2.7295062729821313,4.545722215491669,5.522063834421643,7.636614183591443,10.42751012843684,50
3,200,d1,logspline,0.13,6.203392427651039,6.972695155144556,2.6989736843543777,4.583243088078168,5.554710365092012,7.64690328070574,10.406041306480553,50
3,200,d1,logspline,0.14,6.220464522354645,6.981148040799294,2.6678283966812932,4.614372972153571,5.580879796566254,7.650270910437858,10.37695567502919,50
3,200,d1,logspline,0.15000000000000002,6.2317174499969665,6.983611182270063,2.6361120608035935,4.639934549321158,5.601396141367863,7.647552072248136,10.341120346145782,50
3,200,d1,logspline,0.16,6.2378201471430605,6.980765283961638,2.6038646634149423,4.66059180443669,5.616924786613689,7.639423585652929,10.29924462749446,50
3,200,d1,logspline,0.17,6.239321642643333,6.973170732132353,2.5711243180987893,4.676888603427793,5.628011066718281,7.626442600336153,10.251918268011751,50
3,200,d1,logspline,0.18000000000000002,6.23667856793772,6.9612950515553464,2.537927135839999,4.68927622518213,5.635107790039356,7.609074060585996,10.1996386790567,50
3,200,d1,logspline,0.19,6.230275211101118,6.945532922641643,2.5043071610604333,4.698133437322465,5.6385953093170915,7.587710714480442,10.14283072351886,50
3,200,d1,logspline,0.2,6.220438413158032,6.9262210548022995,2.4702963599667505,4.703781414237794,5.638796434310562,7.562687966746615,10.081861373086488,50
3,200,d1,logspline,0.21,6.207448818861761,6.903649425694101,2.435924649300686,4.706495009415052,5.635987698709011,7.534295087839263,10.017050746786333,50
3,200,d1,logspline,0.22,6.191549500980687,6.8780699031154295,2.4012199551656197,4.706511400972531,5.630343474935567,7.50435163878973,9.948680550076055,50
3,200,d1,logspline,0.23,6.172952659641726,6.8497029491318715,2.36620829326287,4.704036811814159,5.621439521765602,7.471596014745617,9.87700061569171,50
3,200,d1,logspline,0.24,6.151844889046044,6.8187428970812105,2.3309138634698447,4.699251796600377,5.610145421539899,7.43615758396959,9.802234037728216,50
3,200,d1,logspline,0.25,6.12839136305751,6.785362151578408,2.2953591531478823,4.692315446928699,5.596622351274407,7.398209048325564,9.724581249222977,50
3,200,d1,logspline,0.26,6.102739194583257,6.749714565315597,2.259565044839478,4.683368769548817,5.5810134231446975,7.357904955885882,9.64422329663158,50
3,200,d1,logspline,0.27,6.075020156273924,6.711938179281387,2.223550925090633,4.67253742505782,5.563446417402153,7.315384397995337,9.561324496978035,50
3,200,d1,logspline,0.28,6.045352902302703,6.672157465441936,2.187334792020421,4.6599339667658555,5.544036015658115,7.270773209857284,9.476034615556287,50
3,200,d1,logspline,0.29000000000000004,6.013844796633354,6.630485176731406,2.1509333599736213,4.645659685085985,5.522885639910868,7.224185780042118,9.38849066764033,50
3,200,d1,logspline,0.3,5.980593428158787,6.587023884296399,2.1143621601553053,4.629806137786028,5.5000889776714885,7.17572654926144,9.298818422618213,50
3,200,d1,logspline,0.31,5.94568787463125,6.541867263578916,2.0776356365821687,4.612456427991354,5.47573125509286,7.1213299556818175,9.207133670537345,50
3,200,d1,logspline,0.32,5.909209763533777,6.495101177131217,2.0407672370167314,4.593686278067566,5.44989030624348,7.065118022571472,9.113543297346768,50
3,200,d1,logspline,0.33,5.871234167661588,6.4468045917378065,2.003769498797891,4.573564937141592,5.422363079739881,7.007273210315778,9.018146204838178,50
3,200,d1,logspline,0.34,5.83183036527954,6.397050359566728,1.9666541296627014,4.552155952126878,5.3921965325695975,6.947872604522267,8.92103410350206,50
3,200,d1,logspline,0.35000000000000003,5.7910624886512405,6.345905887040319,1.9294320837848353,4.529517826056875,5.360732394492933,6.886987834731263,8.82229220057456,50
3,200,d1,logspline,0.36000000000000004,5.748990080032204,6.293433710442356,1.8921136333476443,4.505704582835795,5.328027193208431,6.824685627239329,8.721999800984575,50
3,200,d1,logspline,0.37,5.705668570546421,6.239691993628893,1.8547084360343387,4.480766253849776,5.294133424246662,6.765571269065845,8.62023083537676,50
3,200,d1,logspline,0.38,5.661149694475789,6.184734960338356,1.8172255988629318,4.454749298997882,5.259099968472525,6.70648689280732,8.517054326634097,50
3,200,d1,logspline,0.39,5.615481849201936,6.128613271320821,1.7796737388259527,4.427696972417907,5.222972454645922,6.646184085314102,8.412534804167194,50
3,200,d1,logspline,0.4,5.568710409213667,6.071374354691203,1.742061040819922,4.3996496413599715,5.185793575485862,6.58471247386254,8.30673267353795,50
3,200,d1,logspline,0.41,5.520878001127384,6.0130626964541465,1.7043953133717202,4.370645065198848,5.147535169387993,6.522118735150244,8.199704547638365,50
3,200,d1,logspline,0.42,5.472340558066957,5.953720096972102,1.6666840426919542,4.340718640395552,5.105829891372962,6.458446840475029,8.091503544571738,50
3,200,d1,logspline,0.43,5.426531460216525,5.893385898193348,1.6289344456125454,4.309903616260412,5.063174131163976,6.390621139244594,7.9821795565234,50
3,200,d1,logspline,0.44,5.379791903005956,5.83209718800529,1.5911535209588465,4.27823128558764,5.019601895192678,6.320437356553377,7.871779493215081,50
3,200,d1,logspline,0.45,5.332154748962903,5.769888999607071,1.5533480934912494,4.245731153589777,4.974305339287576,6.249281095515413,7.7603475029755415,50
3,200,d1,logspline,0.46,5.283651114012985,5.7067944863666265,1.5155248610917422,4.212431088031366,4.92550273033257,6.1771883441706645,7.64792517400269,50
3,200,d1,logspline,0.47,5.234310500945892,5.642845064455635,1.4776904505379602,4.178540084874598,4.875862148391178,6.104193208584199,7.534551718017654,50
3,200,d1,logspline,0.48,5.184160919050482,5.578070540248922,1.4398514760906493,4.144623242034234,4.825411662783195,6.030328041993169,7.421646110642511,50
3,200,d1,logspline,0.49,5.133228991677393,5.5124992330520755,1.402014597226654,4.109985667382093,4.774178243091788,5.9556235621776095,7.308662346979849,50
3,200,d1,logspline,0.5,5.081540053233262,5.446158122095511,1.3641865613308881,4.074649721941058,4.728438064465087,5.8801089584603785,7.19483345950265,50
3,200,d1,logspline,0.51,5.029118236896695,5.379072963110176,1.3263742616821672,4.038636702783907,4.682741418665826,5.803811989538171,7.080190579710693,50
3,200,d1,logspline,0.52,4.975986554165775,5.311268390473781,1.288584795418791,4.00180821048704,4.636353927521945,5.72675907317522,6.964763188483415,50
3,200,d1,logspline,0.53,4.922166967194315,5.242768019146227,1.2508255217000888,3.9638732243823904,4.589296490510839,5.6489753686482445,6.848579224715971,50
3,200,d1,logspline,0.54,4.867680454744633,5.173594511294449,1.213104160173446,3.926537499321707,4.541589073128748,5.570484852710731,6.731665185594634,50
3,200,d1,logspline,0.55,4.8125470724744845,5.103769636428975,1.1754289054080926,3.889937563323614,4.493250771387738,5.491310389742829,6.6140462192604215,50
3,200,d1,logspline,0.56,4.756786008181818,5.033314380189735,1.1378085271856593,3.85275896034799,4.443565241666969,5.411473796666899,6.495746210529197,50
3,200,d1,logspline,0.5700000000000001,4.700415632550653,4.962249147560471,1.1002524768177726,3.815017737432216,4.392709306303256,5.330995903135459,6.376787860266603,50
3,200,d1,logspline,0.5800000000000001,4.643453545872482,4.890594141386465,1.0627711424617996,3.7767297844592695,4.339627686048377,5.249896609571214,6.257192758955357,50
3,200,d1,logspline,0.59,4.585916621158373,4.81836986791422,1.025376245230946,3.7379109125549874,4.283838246714685,5.1681953357283685,6.136981454939141,50
3,200,d1,logspline,0.6,4.527821044005936,4.7455979515667455,0.9880812953117935,3.6985768519916142,4.227505625421682,5.085912638889402,6.0174637044965245,50
3,200,d1,logspline,0.61,4.469182349541293,4.672301535820307,0.9509017757284708,3.658743249823882,4.170657077105795,5.003877795836787,5.911241806481678,50
3,200,d1,logspline,0.62,4.410015456718087,4.598505497722335,0.9138551793865899,3.618425667503149,4.113323180201656,4.921599667091299,5.804461789376777,50
3,200,d1,logspline,0.63,4.350334700222595,4.524236993490206,0.8769612673592339,3.577639578458829,4.055065634278424,4.838794806733586,5.697140382964004,50
3,200,d1,logspline,0.64,4.2901538602052955,4.44952646353374,0.8402430769139195,3.5364005258278697,3.9962244007095986,4.754648465512702,5.589293577472696,50
3,200,d1,logspline,0.65,4.229486335511659,4.3744077553275895,0.8037273925732695,3.4947253027262613,3.939719143583253,4.6428928472819955,5.480936664766891,50
3,200,d1,logspline,0.66,4.168346978656115,4.29891800955382,0.7674448977015399,3.4526327323435386,3.886562873519822,4.525956322927664,5.3720842768640615,50
3,200,d1,logspline,0.67,4.106753939867071,4.223097691690298,0.7314305577481386,3.410143563712303,3.8329936353254572,4.409421766806018,5.2627505063101,50
3,200,d1,logspline,0.68,4.044728554893571,4.146990482891192,0.6957244925139139,3.3672803209621573,3.7768402960169762,4.2950696568660405,5.15295319768555,50
3,200,d1,logspline,0.6900000000000001,3.9822954260440997,4.0706432560346775,0.6603735627447178,3.3240671610070134,3.720149515194295,4.199114465143867,5.042724047000567,50
3,200,d1,logspline,0.7000000000000001,3.9194847771882886,3.994106036222191,0.6254330197020542,3.2805297384123264,3.6628101457150217,4.122572783885827,4.932109573855992,50
3,200,d1,logspline,0.7100000000000001,3.8541242949449024,3.917433200311304,0.5909720052020263,3.2366950764715403,3.599263622186891,4.047968032308171,4.821169459592701,50
3,200,d1,logspline,0.72,3.7835735168943323,3.8406917551364295,0.5570983107628573,3.1925914437477614,3.53574013974187,3.978469544736034,4.7099800551376525,50
3,200,d1,logspline,0.73,3.703881283675683,3.763964845614204,0.523962921089763,3.1482482355167627,3.4793458724119857,3.908877026254074,4.598638238379241,50
3,200,d1,logspline,0.74,3.641229916259587,3.687347952647272,0.4917402925721994,3.1036958596885214,3.4305889858655245,3.8166839394566776,4.487259170855937,50
3,200,d1,logspline,0.75,3.5668802421178674,3.610945233120059,0.46060874731258883,3.058965626893139,3.381516488509988,3.730010252021611,4.3759735653118295,50
3,200,d1,logspline,0.76,3.496414368534507,3.534867282369476,0.43073655950860446,3.0140896444985525,3.332142030926005,3.6533368059898716,4.26492520925003,50
3,200,d1,logspline,0.77,3.4324271178411294,3.4592310739714858,0.4022781013866827,2.9667847391020254,3.252680585574664,3.5768682227047432,4.1040280264010836,50
3,200,d1,logspline,0.78,3.3651019237213973,3.3841576984705823,0.37536166294773077,2.9181152225009432,3.1845162490066468,3.500655071230208,3.9471443044480643,50
3,200,d1,logspline,0.79,3.292763151482993,3.3097693554750545,0.3500753610218974,2.869580587857536,3.13087336756019,3.416810120161432,3.851979003422321,50
3,200,d1,logspline,0.8,3.222832120530569,3.2361864572107804,0.3264574900695341,2.821225506774012,3.07710567108113,3.3379981470820947,3.7571949102426823,50
3,200,d1,logspline,0.81,3.147026802968467,3.1635229526092603,0.3044932853069817,2.773092836065155,3.023387561169497,3.2669133624221596,3.6629123888434956,50
3,200,d1,logspline,0.8200000000000001,3.0685849054599323,3.091871994215087,0.2841189252469892,2.7252227323881124,2.9697594356846873,3.1855408639628373,3.5692548342512804,50
3,200,d1,logspline,0.8300000000000001,2.987567109867198,3.0212944370299355,0.2652502021815215,2.670799039118605,2.91587224938373,3.113535573128051,3.4763477622661365,50
3,200,d1,logspline,0.8400000000000001,2.9331329072378782,2.9518281501404418,0.2478178527724406,2.60536495129369,2.858334548991522,3.0432828431676344,3.3850873126136243,50
3,200,d1,logspline,0.85,2.872850607076333,2.883496476500303,0.23178141981530795,2.5419026265272624,2.779570090518988,2.9758473823975002,3.2960365446191373,50
3,200,d1,logspline,0.86,2.8015351582025505,2.816313409555897,0.21712665535561793,2.4976106943148944,2.707032242984266,2.918383381891821,3.205041897310104,50
3,200,d1,logspline,0.87,2.731006812534977,2.7502912045911683,0.20385102021893053,2.453828945294138,2.631512882867222,2.852368472818471,3.117380769478994,50
3,200,d1,logspline,0.88,2.668591549279054,2.6854471178745163,0.19194272875565666,2.408940646695283,2.5568464681729415,2.779255339960021,3.0319960870106915,50
3,200,d1,logspline,0.89,2.611839567498559,2.6218016725423965,0.18136699204208856,2.3635965770309975,2.4989149344329142,2.7153738689884968,2.95009262904428,50
3,200,d1,logspline,0.9,2.5523570570825456,2.559376386482237,0.17205863639344351,2.3084314817305125,2.432426722902475,2.647180928019977,2.8472891494294634,50
3,200,d1,logspline,0.91,2.493971721054173,2.4981896220205857,0.1639169461325427,2.2555756238790288,2.3754689243933482,2.5823066455934427,2.7675358795922187,50
3,200,d1,logspline,0.92,2.4283420412066947,2.4382513333120714,0.15680910040511384,2.2027569087564274,2.3254112060055667,2.5281276855379753,2.6938543221095204,50
3,200,d1,logspline,0.93,2.3759810939926456,2.3795638189949075,0.15058894271182616,2.1521638823321014,2.2761233927773596,2.466250440135501,2.6277628130647663,50
3,200,d1,logspline,0.94,2.32603619355094,2.32212376501607,0.14511320112972897,2.1035662007214566,2.226055062615798,2.401867331035896,2.5633630022314753,50
3,200,d1,logspline,0.95,2.273402979963121,2.2659238650836424,0.14025163150325207,2.0516883638867354,2.1765711464773645,2.346033023326432,2.5004129475947456,50
3,200,d1,logspline,0.96,2.2142107613032724,2.210953980576388,0.13589215436569532,1.9970440281006234,2.1191520012095113,2.291544242055215,2.4403630951689115,50
3,200,d1,logspline,0.97,2.1613434990666693,2.157201799893967,0.13194219817338673,1.9502931456081636,2.0714656974517918,2.236107568156382,2.385195839799731,50
3,200,d1,logspline,0.98,2.109787466612799,2.1046531437144953,0.12832765012146705,1.9063416865626936,2.0296640652148676,2.1807120769864268,2.3306863819197723,50
3,200,d1,logspline,0.99,2.0593348337278945,2.0532922981477095,0.1249904445249996,1.8621908076804918,1.9812916915972303,2.1273471811613973,2.2768612983404646,50
3,200,d1,logspline,1,2.0100518862310492,2.0031032174626673,0.12188488169026729,1.8183883700185626,1.926917178649883,2.075334708372573,2.2198978436285035,50
3,200,d2,ecdf,0.01,Inf,Inf,NA,Inf,Inf,Inf,Inf,0
3,200,d2,ecdf,0.02,Inf,Inf,NA,Inf,Inf,Inf,Inf,0
3,200,d2,ecdf,0.03,Inf,Inf,NA,Inf,Inf,Inf,Inf,0
3,200,d2,ecdf,0.04,Inf,Inf,NA,Inf,Inf,Inf,Inf,0
3,200,d2,ecdf,0.05,Inf,Inf,NA,Inf,Inf,Inf,Inf,0
3,200,d2,ecdf,0.06,Inf,Inf,NA,Inf,Inf,Inf,Inf,0
3,200,d2,ecdf,0.06999999999999999,Inf,Inf,NA,Inf,Inf,Inf,Inf,0
3,200,d2,ecdf,0.08,Inf,Inf,NA,Inf,Inf,Inf,Inf,0
3,200,d2,ecdf,0.09,Inf,Inf,NA,Inf,Inf,Inf,Inf,0
3,200,d2,ecdf,0.1,Inf,Inf,NA,Inf,Inf,Inf,Inf,0
3,200,d2,ecdf,0.11,Inf,Inf,NA,Inf,Inf,Inf,Inf,0
3,200,d2,ecdf,0.12,Inf,Inf,NA,Inf,Inf,Inf,Inf,0
3,200,d2,ecdf,0.13,Inf,Inf,NA,Inf,Inf,Inf,Inf,0
3,200,d2,ecdf,0.14,Inf,Inf,NA,Inf,Inf,Inf,Inf,0
3,200,d2,ecdf,0.15000000000000002,Inf,Inf,NA,Inf,Inf,Inf,Inf,0
3,200,d2,ecdf,0.16,Inf,Inf,NA,Inf,Inf,Inf,Inf,0
3,200,d2,ecdf,0.17,Inf,Inf,NA,Inf,Inf,Inf,Inf,0
3,200,d2,ecdf,0.18000000000000002,Inf,Inf,NA,Inf,Inf,Inf,Inf,0
3,200,d2,ecdf,0.19,Inf,Inf,NA,Inf,Inf,Inf,Inf,0
3,200,d2,ecdf,0.2,Inf,Inf,NA,Inf,Inf,Inf,Inf,0
3,200,d2,ecdf,0.21,Inf,Inf,NA,Inf,Inf,Inf,Inf,0
3,200,d2,ecdf,0.22,Inf,Inf,NA,Inf,Inf,Inf,Inf,0
3,200,d2,ecdf,0.23,Inf,Inf,NA,Inf,Inf,Inf,Inf,0
3,200,d2,ecdf,0.24,Inf,Inf,NA,Inf,Inf,Inf,Inf,0
3,200,d2,ecdf,0.25,Inf,Inf,NA,Inf,Inf,Inf,Inf,0
3,200,d2,ecdf,0.26,Inf,Inf,NA,Inf,Inf,Inf,Inf,0
3,200,d2,ecdf,0.27,Inf,Inf,NA,Inf,Inf,Inf,Inf,0
3,200,d2,ecdf,0.28,Inf,Inf,NA,Inf,Inf,Inf,Inf,0
3,200,d2,ecdf,0.29000000000000004,Inf,Inf,NA,Inf,Inf,Inf,Inf,0
3,200,d2,ecdf,0.3,Inf,Inf,NA,Inf,Inf,Inf,Inf,0
3,200,d2,ecdf,0.31,Inf,Inf,NA,Inf,Inf,Inf,Inf,0
3,200,d2,ecdf,0.32,Inf,Inf,NA,Inf,Inf,Inf,Inf,0
3,200,d2,ecdf,0.33,Inf,Inf,NA,Inf,Inf,Inf,Inf,0
3,200,d2,ecdf,0.34,Inf,Inf,NA,Inf,Inf,Inf,Inf,0
3,200,d2,ecdf,0.35000000000000003,Inf,Inf,NA,Inf,Inf,Inf,Inf,0
3,200,d2,ecdf,0.36000000000000004,Inf,Inf,NA,Inf,Inf,Inf,Inf,0
3,200,d2,ecdf,0.37,Inf,Inf,NA,Inf,Inf,Inf,Inf,0
3,200,d2,ecdf,0.38,Inf,Inf,NA,Inf,Inf,Inf,Inf,0
3,200,d2,ecdf,0.39,Inf,Inf,NA,Inf,Inf,Inf,Inf,0
3,200,d2,ecdf,0.4,Inf,Inf,NA,Inf,Inf,Inf,Inf,0
3,200,d2,ecdf,0.41,Inf,Inf,NA,Inf,Inf,Inf,Inf,0
3,200,d2,ecdf,0.42,Inf,Inf,NA,Inf,Inf,Inf,Inf,0
3,200,d2,ecdf,0.43,Inf,Inf,NA,Inf,Inf,Inf,Inf,0
3,200,d2,ecdf,0.44,Inf,Inf,NA,Inf,Inf,Inf,Inf,0
3,200,d2,ecdf,0.45,Inf,Inf,NA,Inf,Inf,Inf,Inf,0
3,200,d2,ecdf,0.46,Inf,Inf,NA,Inf,Inf,Inf,Inf,0
3,200,d2,ecdf,0.47,Inf,Inf,NA,Inf,Inf,Inf,Inf,1
3,200,d2,ecdf,0.48,Inf,Inf,NA,Inf,Inf,Inf,Inf,1
3,200,d2,ecdf,0.49,Inf,Inf,NA,Inf,Inf,Inf,Inf,1
3,200,d2,ecdf,0.5,Inf,Inf,NA,Inf,Inf,Inf,Inf,1
3,200,d2,ecdf,0.51,Inf,Inf,NA,Inf,Inf,Inf,Inf,1
3,200,d2,ecdf,0.52,Inf,Inf,NA,Inf,Inf,Inf,Inf,1
3,200,d2,ecdf,0.53,Inf,Inf,NA,Inf,Inf,Inf,Inf,2
3,200,d2,ecdf,0.54,Inf,Inf,NA,Inf,Inf,Inf,Inf,3
3,200,d2,ecdf,0.55,Inf,Inf,NA,Inf,Inf,Inf,Inf,3
3,200,d2,ecdf,0.56,Inf,Inf,NA,4.467586519018402,Inf,Inf,Inf,5
3,200,d2,ecdf,0.5700000000000001,Inf,Inf,NA,4.516748434928313,Inf,Inf,Inf,6
3,200,d2,ecdf,0.5800000000000001,Inf,Inf,NA,4.564925663939615,Inf,Inf,Inf,7
3,200,d2,ecdf,0.59,Inf,Inf,NA,4.612150193147834,Inf,Inf,Inf,10
3,200,d2,ecdf,0.6,Inf,Inf,NA,4.658452421803814,Inf,Inf,Inf,12
3,200,d2,ecdf,0.61,Inf,Inf,NA,4.3226303171637674,4.703861266471738,Inf,Inf,14
3,200,d2,ecdf,0.62,Inf,Inf,NA,4.055257077066404,4.7484042576263485,Inf,Inf,17
3,200,d2,ecdf,0.63,Inf,Inf,NA,3.8759546384919172,4.792107628511353,Inf,Inf,20
3,200,d2,ecdf,0.64,Inf,Inf,NA,3.918843406970966,4.834996396990402,Inf,Inf,25
3,200,d2,ecdf,0.65,4.877094441042649,Inf,NA,3.778482152374539,4.183947260482704,Inf,Inf,30
3,200,d2,ecdf,0.66,4.9184245684852,Inf,NA,3.819812279817091,4.225277387925256,Inf,Inf,32
3,200,d2,ecdf,0.67,4.959008581443472,Inf,NA,3.8603962927753623,4.2658614008835265,Inf,Inf,35
3,200,d2,ecdf,0.68,4.9988673360364295,Inf,NA,3.6125729749165383,4.305720155476484,4.9988673360364295,Inf,41
3,200,d2,ecdf,0.6900000000000001,4.691447207416009,Inf,NA,3.6517264365760913,4.040774786054913,5.038020797695982,Inf,43
3,200,d2,ecdf,0.7000000000000001,4.383340911937601,Inf,NA,3.690193731377655,3.977875803829437,5.076488092497546,Inf,45
3,200,d2,ecdf,0.7100000000000001,4.421140374281439,Inf,NA,3.5048496424072835,4.015675266173274,4.941000759701398,Inf,47
3,200,d2,ecdf,0.72,4.052824483122945,Inf,NA,3.1320843567922547,3.765142410671165,4.45828959123111,Inf,47
3,200,d2,ecdf,0.73,4.08934033567765,Inf,NA,3.0437304130549125,3.578514711911659,4.494805443785815,Inf,47
3,200,d2,ecdf,0.74,3.8375569647770775,Inf,NA,3.0266267485607488,3.614413413462868,4.125239037228859,Inf,47
3,200,d2,ecdf,0.75,3.649710545662144,Inf,NA,2.9515549982558422,3.4673889888681897,4.160536169428135,Inf,47
3,200,d2,ecdf,0.76,3.502099535112035,Inf,NA,2.848107474197423,3.2478003108163844,3.907564643220199,Inf,47
3,200,d2,ecdf,0.77,3.5362379118307743,Inf,NA,2.8822458509161626,3.2485558393789935,3.8859171321103867,4.833621851158177,48
3,200,d2,ecdf,0.78,3.4156673179243606,Inf,NA,2.7966281095181373,3.058992373985628,3.7521395545455736,4.133508245708262,49
3,200,d2,ecdf,0.79,3.3151710888390595,3.326648390498711,0.44168060044077956,2.750957809054988,2.996717357720525,3.6028531612908403,4.166543409247483,50
3,200,d2,ecdf,0.8,3.177210920279312,3.2266176555230506,0.39585234313796896,2.6812726178866595,2.963961949903852,3.3476742137646087,3.940406796233159,50
3,200,d2,ecdf,0.81,3.0176983036448433,3.107717653992554,0.3765930515547301,2.6217298730872365,2.894149907476492,3.2618746876018094,3.7676166519466485,50
3,200,d2,ecdf,0.8200000000000001,2.925625786713059,3.025514395181138,0.36613022476152246,2.5422551026666262,2.7825249430723855,3.1879900511805497,3.6294478690242737,50
3,200,d2,ecdf,0.8300000000000001,2.8824976319119093,2.919501884632586,0.31592882500206154,2.525822687973177,2.7489662392873866,3.1236596887287975,3.442113419847332,50
3,200,d2,ecdf,0.8400000000000001,2.7794611662561337,2.8361109987878437,0.29752785641042556,2.393147884636427,2.66167813059975,2.987100531034378,3.3548253111596953,50
3,200,d2,ecdf,0.85,2.691698960555999,2.7537803676644987,0.2754979264202333,2.363194893583963,2.549745821771099,2.943013388836905,3.2365960445461717,50
3,200,d2,ecdf,0.86,2.6671889051141933,2.682925841828727,0.26848862848420574,2.2957888139823233,2.4872466089941927,2.8874430528940307,3.0907020160395415,50
3,200,d2,ecdf,0.87,2.596209037272996,2.6169846949185835,0.2515635000155753,2.2734356450099455,2.432061148758282,2.793228527480216,3.001674145381161,50
3,200,d2,ecdf,0.88,2.533897035478,2.530555000079712,0.23819369530467407,2.1270875815106995,2.3462786522746644,2.7121289486438216,2.8968025291673687,50
3,200,d2,ecdf,0.89,2.4395201228636876,2.4521465121139028,0.21656336670802784,2.11409772242906,2.3303208308986956,2.5954612668841452,2.838682030600977,50
3,200,d2,ecdf,0.9,2.3581210213230412,2.3654998795620386,0.20667867870565287,2.059619379669977,2.199056326693354,2.506541026441315,2.70772900387928,50
3,200,d2,ecdf,0.91,2.2870647814331178,2.297859211673247,0.19935900727679462,2.002189292373869,2.1418827715886195,2.38550485424637,2.617306468303694,50
3,200,d2,ecdf,0.92,2.1966437602574294,2.2321560419742963,0.19123918427751616,1.9491974459870725,2.1162151011946024,2.3457895428391025,2.5432516015370714,50
3,200,d2,ecdf,0.93,2.168767206408658,2.168520913593813,0.16999037216486854,1.9018088132281137,2.0686837478516753,2.2799928415188826,2.4838614484752584,50
3,200,d2,ecdf,0.94,2.094868996947706,2.116602994366436,0.16282202145618105,1.890033035285343,1.987767564826257,2.22162070258685,2.435231666720198,50
3,200,d2,ecdf,0.95,2.0516778389615644,2.0591200371637526,0.151119296818375,1.851007143499413,1.946317323303738,2.1206707104485156,2.318935412522759,50
3,200,d2,ecdf,0.96,1.9919458121834863,2.0032081620413176,0.1415632107933912,1.7894215480720124,1.9325223917126857,2.0771036205237934,2.2461799505677273,50
3,200,d2,ecdf,0.97,1.9385314290216753,1.9459684095339476,0.13609128911388993,1.7260389630062263,1.857153161980195,2.011952367633791,2.1844073776589124,50
3,200,d2,ecdf,0.98,1.8904679283651853,1.8964494146645527,0.1287928825517924,1.6850239541503764,1.806384811154644,1.9920769932684603,2.0978143719175084,50
3,200,d2,ecdf,0.99,1.838856513678619,1.8404485543501112,0.13218927395282282,1.6403725247515095,1.753168018896854,1.932508947552671,2.0369264505763933,50
3,200,d2,ecdf,1,1.784680759815426,1.7899912744923725,0.13368612207144995,1.59982780585024,1.6811907603338967,1.8709805763508105,2.003151067116531,50
3,200,d2,logspline,0.01,-0.04772948522531458,1.1101728597041736,4.15266857821694,-2.5561518693642347,-1.1624386693609943,1.6256736654739026,9.865501507402735,50
3,200,d2,logspline,0.02,1.2904046919067984,2.4394385441547133,4.124112877672602,-1.204048594548788,0.18271821370102775,2.9530121895209067,11.135461839177012,50
3,200,d2,logspline,0.03,2.052367329278022,3.1920393545262185,4.094036805114544,-0.42775773254447574,0.9518983595058177,3.7038245214541137,11.825898540823218,50
3,200,d2,logspline,0.04,2.577958133768326,3.7077849949004706,4.062474085403065,0.11251923227354395,1.484900733530043,4.2179123015185125,12.276663646192809,50
3,200,d2,logspline,0.05,2.973668411582371,4.093180235615356,4.029469889631002,0.5232719465211307,1.8882156096933596,4.601769521337339,12.594319736012553,50
3,200,d2,logspline,0.06,3.286934127665947,4.395677496588409,3.995079122709881,0.8519342552930365,2.209277635380931,4.9028355624334825,12.826391156401034,50
3,200,d2,logspline,0.06999999999999999,3.5433162574301127,4.640601451245824,3.9593644849976384,1.1238093582255373,2.4733909843693174,5.146420315742592,12.998286984588338,50
3,200,d2,logspline,0.08,3.7579847662741814,4.84308020542527,3.9223944500938037,1.3540015700888528,2.6956611136349884,5.347635898570228,13.125230371799734,50
3,200,d2,logspline,0.09,3.940382050685801,5.012882455324575,3.8842412870380025,1.552254055017639,2.8858324931826704,5.516234338685229,13.217093747665066,50
3,200,d2,logspline,0.1,4.097164896830632,5.156688074996585,3.8449792298483434,1.7252199564261654,3.050559730973475,5.658878648253163,13.28066741599305,50
3,200,d2,logspline,0.11,4.233083318643209,5.279270506137492,3.804682866427367,1.8776452749640402,3.1945904453459577,5.780325640682248,13.320839987875322,50
3,200,d2,logspline,0.12,4.351646539990442,5.384162336554619,3.763425787659822,2.0130348687289468,3.321431259187395,5.88409186535866,13.341262101459868,50
3,200,d2,logspline,0.13,4.455521474987947,5.474053449300956,3.721279509973523,2.1340509528906955,3.433746293053426,5.972852038214696,13.344742860315915,50
3,200,d2,logspline,0.14,4.546028176895684,5.551041138333667,3.6783126629943124,2.242763495590124,3.5336075541459966,6.048689365795736,13.33349842191884,50
3,200,d2,logspline,0.15000000000000002,4.624123942382287,5.61679369087496,3.6345904189229143,2.3408140154279815,3.6226587265131065,6.11325926894215,13.30931425799433,50
3,200,d2,logspline,0.16,4.6925425426557865,5.672661054302233,3.5901741314835562,2.4295264060155675,3.702225987991992,6.167900132343637,13.273654713268334,50
3,200,d2,logspline,0.17,4.75237434400242,5.71975189317005,3.545121148664037,2.5099841019859452,3.7733951683453086,6.213710395122748,13.2277391661212,50
3,200,d2,logspline,0.18000000000000002,4.804524583803257,5.758988594494168,3.4994847636502144,2.5830851535244745,3.837066815700256,6.251603550225187,13.172596338739506,50
3,200,d2,logspline,0.19,4.849753504235084,5.791147392502667,3.453314271053702,2.6495823889999732,3.8939963509230258,6.282348232868826,13.109103911444745,50
3,200,d2,logspline,0.2,4.88870617079456,5.816888202111382,3.4066550996373635,2.7101132623798394,3.9448239066623385,6.306597995349227,13.038018010200002,50
3,200,d2,logspline,0.21,4.921934999879753,5.836777178858633,3.3595489974196173,2.7652224094633455,3.9900968751456993,6.324913792788519,12.959995562970366,50
3,200,d2,logspline,0.22,4.949917033363867,5.851304037897199,3.3120342497066835,2.8153789506811675,4.030287202524363,6.337781218062407,12.875611535201536,50
3,200,d2,logspline,0.23,4.973067363118488,5.860895530752644,3.264145914905802,2.8609899432463775,4.065804832598276,6.3456238891090635,12.785372421644489,50
3,200,d2,logspline,0.24,4.991749689982164,5.8659260610578725,3.2159160667264812,2.9024109669964995,4.097008284304427,6.348813973308989,12.689726955866151,50
3,200,d2,logspline,0.25,5.0062847200503295,5.866726139668271,3.167374034515731,2.939954546662955,4.124213065746268,6.347680551953611,12.58907472004185,50
3,200,d2,logspline,0.26,5.01695690801053,5.863589187075983,3.118546636008268,2.9738969201694108,4.147698434404248,6.342516334619232,12.48377314740749,50
3,200,d2,logspline,0.27,5.024019922473795,5.8567770567980535,3.0694583987590627,3.0044835278046316,4.167712878408663,6.333583098444069,12.374143277799817,50
3,200,d2,logspline,0.28,5.02770111272733,5.8465245582976895,3.0201317680389117,3.0319335016071127,4.184478598244531,6.321116131738593,12.260474533794664,50
3,200,d2,logspline,0.29000000000000004,5.028205187646639,5.833043189621299,2.9705873000949627,3.0564433656285876,4.198195199584779,6.3053278926347245,12.143028718598249,50
3,200,d2,logspline,0.3,5.025717267459669,5.816524240117882,2.9208438404844026,3.078190107714298,4.209042757915542,6.286411043400861,12.022043388834671,50
3,200,d2,logspline,0.31,5.023137529883657,5.797141386862784,2.8709186877496427,3.0973337465431694,4.217184378719214,6.264540984111032,11.897734720199132,50
3,200,d2,logspline,0.32,5.018101121500174,5.7750528809928525,2.820827743075671,3.1140194901542775,4.222768349460887,6.2398779818013015,11.770299957870245,50
3,200,d2,logspline,0.33,5.0105560962189095,5.750403399487698,2.7705856468026675,3.128379561447913,4.225929958882396,6.212568970475656,11.639919524023082,50
3,200,d2,logspline,0.34,5.000629882367003,5.723325622188831,2.7202059027978787,3.140534750367366,4.226681940170717,6.182749081514047,11.506758839963915,50
3,200,d2,logspline,0.35000000000000003,4.988439704085279,5.6939415817489225,2.6697009917499157,3.150595740347384,4.224173324096837,6.150542951892913,11.370969909054827,50
3,200,d2,logspline,0.36000000000000004,4.974093709756399,5.662363824823787,2.619082474458981,3.1586642472280566,4.2195759108112245,6.116065848224055,11.232692697811878,50
3,200,d2,logspline,0.37,4.957691944829405,5.628696415490163,2.5683610861753587,3.1648340015041696,4.212986732729888,6.0794246372763965,11.092056345697873,50
3,200,d2,logspline,0.38,4.939327194123496,5.5930358061015495,2.5175468229984594,3.1691915990156003,4.204495641374351,6.040718627872019,10.949180228718804,50
3,200,d2,logspline,0.39,4.919085714121767,5.555471596218905,2.466649021299306,3.171817240618126,4.194186042574895,6.0000403044771,10.80417489762857,50
3,200,d2,logspline,0.4,4.897047872119376,5.516087196601112,2.41567643107722,3.172785377732924,4.182135537969433,5.9574759691655075,10.657142908093086,50
3,200,d2,logspline,0.41,4.873288706164707,5.474960412307351,2.364637284111635,3.172165277751387,4.168416486767191,5.91310630571285,10.508179557373069,50
3,200,d2,logspline,0.42,4.84787841737009,5.432163956594397,2.313539357725929,3.170021520913539,4.153096499386045,5.867006877223941,10.357373539810531,50
3,200,d2,logspline,0.43,4.820882804251554,5.387765905367458,2.2623900349445902,3.166414438363944,4.1362388726561266,5.819248566788429,10.204807531538547,50
3,200,d2,logspline,0.44,4.792363647192614,5.3418301003719515,2.2111963618001877,3.1614004995267813,4.117902974718473,5.769897969104379,10.050558713293741,50
3,200,d2,logspline,0.45,4.7616030011895445,5.294416508024243,2.1599651025342235,3.1550326556602757,4.098144586464731,5.719017739737268,9.8946992389317,50
3,200,d2,logspline,0.46,4.72564510423531,5.2455815397165235,2.108702793438092,3.1473606453945884,4.0770162053066645,5.666666907635336,9.737296656176675,50
3,200,d2,logspline,0.47,4.688313966202376,5.195378338558934,2.057415796095488,3.1384312671827796,4.054567316188843,5.612901155658637,9.578414285239667,50
3,200,d2,logspline,0.48,4.649659241610255,5.143857042038417,2.0061103484679963,3.1282886228672404,4.030844634029991,5.557773073162728,9.418111560181632,50
3,200,d2,logspline,0.49,4.6097279001269165,5.091065042286747,1.954792606425993,3.116878518255424,4.005892321170657,5.501332384082211,9.256444337256568,50
3,200,d2,logspline,0.5,4.568564424985133,5.0370472086539335,1.9034686936740182,3.1042541897527456,3.9797521828953766,5.443626153461286,9.093465173922867,50
3,200,d2,logspline,0.51,4.526210992377537,4.981846073036413,1.8521447623671352,3.090534009618997,3.9524638436687636,5.384698974961517,8.929223581744383,50
3,200,d2,logspline,0.52,4.482707634064864,4.925501997223282,1.8008270581516272,3.075753296033482,3.9240649063629824,5.32459314152579,8.7637662560021,50
3,200,d2,logspline,0.53,4.438092385128053,4.868053325533832,1.7495219901393793,3.059945577202372,3.8945910964472787,5.263348801081626,8.597137284492836,50
3,200,d2,logspline,0.54,4.392401418537164,4.809536531972393,1.6982361994448358,3.0431429031054753,3.8640763928495145,5.201004098916073,8.42937833769383,50
3,200,d2,logspline,0.55,4.3456691679906765,4.749986364608851,1.646976625467047,3.0253761642032604,3.832553146977315,5.137595308141855,8.260528842214582,50
3,200,d2,logspline,0.56,4.297928440291483,4.689435971178544,1.5957505914398225,3.0066751948441057,3.8000521911962233,5.073156949492937,8.090626139233787,50
3,200,d2,logspline,0.5700000000000001,4.249210518365646,4.62791701830419,1.544565915261773,2.9870688435653845,3.766602937899224,5.007721901533034,7.919705629424611,50
3,200,d2,logspline,0.5800000000000001,4.19954525608493,4.565459931764044,1.4934310415682348,2.9665850371054345,3.732233470161661,4.941321502227863,7.747800905701787,50
3,200,d2,logspline,0.59,4.148961387336545,4.50209415233204,1.4423552236007013,2.9452508393462713,3.696970624854666,4.873985642718003,7.574943874975655,50
3,200,d2,logspline,0.6,4.097487941302159,4.437848309620832,1.3913486833335187,2.923092665828648,3.6608400689856313,4.805742854031068,7.401164869968058,50
3,200,d2,logspline,0.61,4.045155013027934,4.372750447242336,1.3404227405757425,2.900137049741658,3.623866369943672,4.736620387387135,7.210256557780145,50
3,200,d2,logspline,0.62,3.991993650806193,4.306828230981548,1.2895899922118237,2.876410975281379,3.5860730602493556,4.666644299820491,6.9989390123436435,50
3,200,d2,logspline,0.63,3.943507175635337,4.240109142017456,1.2388645959919273,2.851941845854969,3.5474826973394507,4.595840802279204,6.786782027790904,50
3,200,d2,logspline,0.64,3.8951360963644053,4.172620847097543,1.1882626652680426,2.826757443513829,3.508116918858006,4.524240664555588,6.573810591711707,50
3,200,d2,logspline,0.65,3.845999102485995,4.104391567185422,1.1378028686565282,2.800885890410815,3.4654746239205028,4.45188114822164,6.360048556872569,50
3,200,d2,logspline,0.66,3.7961174673857214,4.035451009900539,1.0875075087317152,2.7743556119190056,3.420767248096083,4.37880722925157,6.145518710092545,50
3,200,d2,logspline,0.67,3.745514393108481,3.965831087780148,1.037403475937425,2.7471953011389996,3.375392702215217,4.305071213191861,5.930242836008655,50
3,200,d2,logspline,0.68,3.6942156474199224,3.8955662983042014,0.9875235151152744,2.7194338845930357,3.329386495536444,4.230731856957521,5.715881782436881,50
3,200,d2,logspline,0.6900000000000001,3.64225001139142,3.8246947084278595,0.9379094949868731,2.6911004889605636,3.2827871925295184,4.155853565863428,5.520682057597397,50
3,200,d2,logspline,0.7000000000000001,3.5896512041742445,3.7532647871967697,0.888627662246459,2.66222440875389,3.235636120285628,4.080505660755294,5.325002326468123,50
3,200,d2,logspline,0.7100000000000001,3.536458186541606,3.681339594894939,0.839775071802752,2.632835074866288,3.185695354987924,3.9969783405199246,5.129299404482437,50
3,200,d2,logspline,0.72,3.482714664551937,3.6089941534888363,0.7914707403043717,2.6029620239503357,3.144697113338026,3.906137312293035,4.934220336077851,50
3,200,d2,logspline,0.73,3.4278692817813745,3.53631285767148,0.7438475194483538,2.5726348686026927,3.101099587424836,3.814955653325719,4.740547149544808,50
3,200,d2,logspline,0.74,3.372479930019678,3.463387079227154,0.6970456254067136,2.5418832683443595,3.0570446144951346,3.7235660929399734,4.549149669409411,50
3,200,d2,logspline,0.75,3.3167202699047102,3.3903131239168003,0.6512078824351967,2.510736901393668,3.0100329291172034,3.6327644588920216,4.360947630502385,50
3,200,d2,logspline,0.76,3.260639713963828,3.317190533302373,0.6064767293972992,2.4792254372338336,2.961953958973269,3.5428554139425836,4.178274310163252,50
3,200,d2,logspline,0.77,3.202656497944142,3.244120833419348,0.5629938058843739,2.4473785099785736,2.913666487500693,3.4533079689104884,4.034950190897899,50
3,200,d2,logspline,0.78,3.1439503642485747,3.171211960526821,0.5209207547793444,2.415225692538673,2.8624788115575948,3.3660086464525825,3.9405577274913677,50
3,200,d2,logspline,0.79,3.085152647730938,3.0985886534599665,0.4804771158862778,2.3827964715901366,2.80735854813146,3.279220818058793,3.845877918487278,50
3,200,d2,logspline,0.8,3.0230543173047297,3.0263980141634486,0.44195015894455186,2.35012022334101,2.7513785529505093,3.2053057769628976,3.7509901426292833,50
3,200,d2,logspline,0.81,2.955834938081947,2.954806303026508,0.4056717689876003,2.3172261900896145,2.7056193882606125,3.1083741213244105,3.6559940959028343,50
3,200,d2,logspline,0.8200000000000001,2.8843365784944393,2.8839911667610356,0.3719769155958145,2.2841434575620467,2.6608852498433655,3.0292329182665254,3.561008120292465,50
3,200,d2,logspline,0.8300000000000001,2.7991039381728235,2.8141320553691767,0.34115908134630235,2.2509009330116547,2.6120614006372502,2.964854901284892,3.4661666445829638,50
3,200,d2,logspline,0.8400000000000001,2.73374267170962,2.745391035487089,0.3134318449199618,2.217527324058023,2.5697170146414328,2.894907407283621,3.3716177908324614,50
3,200,d2,logspline,0.85,2.664273828810064,2.677904926423203,0.2889015584465025,2.184051118237972,2.514721591709818,2.8251964380951584,3.2004671934983917,50
3,200,d2,logspline,0.86,2.5945934082060944,2.611788831688429,0.26754103804232365,2.1505005344835566,2.4670180561808577,2.7568159952100397,3.057117256172633,50
3,200,d2,logspline,0.87,2.532571266140063,2.5471369556429715,0.24916968436124612,2.116902998218602,2.4172344539145527,2.6842365218683257,2.9700770168485784,50
3,200,d2,logspline,0.88,2.4797518430149177,2.484005006817288,0.2334433942723492,2.083284465288757,2.376366009913899,2.61111310852764,2.8849936032655403,50
3,200,d2,logspline,0.89,2.4167202580637412,2.422388111127294,0.21990137546335037,2.0496694183441857,2.32780860619576,2.5318533213543195,2.801657930769692,50
3,200,d2,logspline,0.9,2.3552213020954387,2.3622409925275223,0.20807790298173018,2.004144290462763,2.2664529135358826,2.464712285675393,2.719675774870481,50
3,200,d2,logspline,0.91,2.294607470132659,2.303497049361951,0.1975786309175165,1.9555098896699867,2.222249321095673,2.407250642849146,2.639093145840536,50
3,200,d2,logspline,0.92,2.2409203904611896,2.246081960232395,0.18810792781141814,1.907187229172099,2.1769270404861922,2.3411923704587414,2.559950921110156,50
3,200,d2,logspline,0.93,2.1859015774363835,2.1899296252540497,0.1794609913695379,1.8604790851552604,2.1119343066456078,2.281564737154304,2.4822855491104483,50
3,200,d2,logspline,0.94,2.136361126861363,2.1349854701911837,0.17150136330263832,1.8251737539760755,2.0517307435096157,2.2327659831808333,2.4113967228360806,50
3,200,d2,logspline,0.95,2.0931524596155366,2.0812067310870783,0.1641401962487826,1.7940550942303553,1.98607681701324,2.17784967559118,2.3429674928226962,50
3,200,d2,logspline,0.96,2.042746948151863,2.028561995195749,0.15731859635095824,1.7630835245503498,1.923031761438334,2.1240203436741067,2.2757062806828294,50
3,200,d2,logspline,0.97,1.9986995862313468,1.9770285000527665,0.15099526316814382,1.7322760565486646,1.8614963000418507,2.0660963123202505,2.2062882849203316,50
3,200,d2,logspline,0.98,1.9520994684627426,1.9265898193592474,0.14513877810306752,1.6988877760486072,1.8054461011238845,2.009670625841968,2.1324514027684076,50
3,200,d2,logspline,0.99,1.909232159744617,1.8772340547470283,0.1397227026988737,1.6619904226007933,1.7590101301288672,1.9546286936800237,2.070013205901254,50
3,200,d2,logspline,1,1.8543032364512673,1.8289523610802376,0.134722245288019,1.6255828448811833,1.7140015354744442,1.905870597403783,2.020508910775137,50
3,200,d3,ecdf,0.01,Inf,Inf,NA,Inf,Inf,Inf,Inf,0
3,200,d3,ecdf,0.02,Inf,Inf,NA,Inf,Inf,Inf,Inf,0
3,200,d3,ecdf,0.03,Inf,Inf,NA,Inf,Inf,Inf,Inf,0
3,200,d3,ecdf,0.04,Inf,Inf,NA,Inf,Inf,Inf,Inf,0
3,200,d3,ecdf,0.05,Inf,Inf,NA,Inf,Inf,Inf,Inf,0
3,200,d3,ecdf,0.06,Inf,Inf,NA,Inf,Inf,Inf,Inf,0
3,200,d3,ecdf,0.06999999999999999,Inf,Inf,NA,Inf,Inf,Inf,Inf,0
3,200,d3,ecdf,0.08,Inf,Inf,NA,Inf,Inf,Inf,Inf,0
3,200,d3,ecdf,0.09,Inf,Inf,NA,Inf,Inf,Inf,Inf,0
3,200,d3,ecdf,0.1,Inf,Inf,NA,Inf,Inf,Inf,Inf,0
3,200,d3,ecdf,0.11,Inf,Inf,NA,Inf,Inf,Inf,Inf,0
3,200,d3,ecdf,0.12,Inf,Inf,NA,Inf,Inf,Inf,Inf,0
3,200,d3,ecdf,0.13,Inf,Inf,NA,Inf,Inf,Inf,Inf,0
3,200,d3,ecdf,0.14,Inf,Inf,NA,Inf,Inf,Inf,Inf,0
3,200,d3,ecdf,0.15000000000000002,Inf,Inf,NA,Inf,Inf,Inf,Inf,0
3,200,d3,ecdf,0.16,Inf,Inf,NA,Inf,Inf,Inf,Inf,0
3,200,d3,ecdf,0.17,Inf,Inf,NA,Inf,Inf,Inf,Inf,0
3,200,d3,ecdf,0.18000000000000002,Inf,Inf,NA,Inf,Inf,Inf,Inf,0
3,200,d3,ecdf,0.19,Inf,Inf,NA,Inf,Inf,Inf,Inf,0
3,200,d3,ecdf,0.2,Inf,Inf,NA,Inf,Inf,Inf,Inf,0
3,200,d3,ecdf,0.21,Inf,Inf,NA,Inf,Inf,Inf,Inf,0
3,200,d3,ecdf,0.22,Inf,Inf,NA,Inf,Inf,Inf,Inf,0
3,200,d3,ecdf,0.23,Inf,Inf,NA,Inf,Inf,Inf,Inf,0
3,200,d3,ecdf,0.24,Inf,Inf,NA,Inf,Inf,Inf,Inf,0
3,200,d3,ecdf,0.25,Inf,Inf,NA,Inf,Inf,Inf,Inf,0
3,200,d3,ecdf,0.26,Inf,Inf,NA,Inf,Inf,Inf,Inf,0
3,200,d3,ecdf,0.27,Inf,Inf,NA,Inf,Inf,Inf,Inf,0
3,200,d3,ecdf,0.28,Inf,Inf,NA,Inf,Inf,Inf,Inf,0
3,200,d3,ecdf,0.29000000000000004,Inf,Inf,NA,Inf,Inf,Inf,Inf,0
3,200,d3,ecdf,0.3,Inf,Inf,NA,Inf,Inf,Inf,Inf,0
3,200,d3,ecdf,0.31,Inf,Inf,NA,Inf,Inf,Inf,Inf,0
3,200,d3,ecdf,0.32,Inf,Inf,NA,Inf,Inf,Inf,Inf,0
3,200,d3,ecdf,0.33,Inf,Inf,NA,Inf,Inf,Inf,Inf,0
3,200,d3,ecdf,0.34,Inf,Inf,NA,Inf,Inf,Inf,Inf,0
3,200,d3,ecdf,0.35000000000000003,Inf,Inf,NA,Inf,Inf,Inf,Inf,0
3,200,d3,ecdf,0.36000000000000004,Inf,Inf,NA,Inf,Inf,Inf,Inf,0
3,200,d3,ecdf,0.37,Inf,Inf,NA,Inf,Inf,Inf,Inf,0
3,200,d3,ecdf,0.38,Inf,Inf,NA,Inf,Inf,Inf,Inf,0
3,200,d3,ecdf,0.39,Inf,Inf,NA,Inf,Inf,Inf,Inf,0
3,200,d3,ecdf,0.4,Inf,Inf,NA,Inf,Inf,Inf,Inf,0
3,200,d3,ecdf,0.41,Inf,Inf,NA,Inf,Inf,Inf,Inf,0
3,200,d3,ecdf,0.42,Inf,Inf,NA,Inf,Inf,Inf,Inf,0
3,200,d3,ecdf,0.43,Inf,Inf,NA,Inf,Inf,Inf,Inf,0
3,200,d3,ecdf,0.44,Inf,Inf,NA,Inf,Inf,Inf,Inf,0
3,200,d3,ecdf,0.45,Inf,Inf,NA,Inf,Inf,Inf,Inf,0
3,200,d3,ecdf,0.46,Inf,Inf,NA,Inf,Inf,Inf,Inf,0
3,200,d3,ecdf,0.47,Inf,Inf,NA,Inf,Inf,Inf,Inf,0
3,200,d3,ecdf,0.48,Inf,Inf,NA,Inf,Inf,Inf,Inf,0
3,200,d3,ecdf,0.49,Inf,Inf,NA,Inf,Inf,Inf,Inf,0
3,200,d3,ecdf,0.5,Inf,Inf,NA,Inf,Inf,Inf,Inf,0
3,200,d3,ecdf,0.51,Inf,Inf,NA,Inf,Inf,Inf,Inf,2
3,200,d3,ecdf,0.52,Inf,Inf,NA,Inf,Inf,Inf,Inf,2
3,200,d3,ecdf,0.53,Inf,Inf,NA,Inf,Inf,Inf,Inf,3
3,200,d3,ecdf,0.54,Inf,Inf,NA,Inf,Inf,Inf,Inf,3
3,200,d3,ecdf,0.55,Inf,Inf,NA,3.931895592511854,Inf,Inf,Inf,5
3,200,d3,ecdf,0.56,Inf,Inf,NA,3.995730131311988,Inf,Inf,Inf,7
3,200,d3,ecdf,0.5700000000000001,Inf,Inf,NA,4.0581716905042775,4.0581716905042775,Inf,Inf,14
3,200,d3,ecdf,0.5800000000000001,Inf,Inf,NA,4.119266081899415,4.119266081899415,Inf,Inf,14
3,200,d3,ecdf,0.59,Inf,Inf,NA,3.485909668110519,4.179056848670464,Inf,Inf,17
3,200,d3,ecdf,0.6,Inf,Inf,NA,3.544438237150179,4.237585417710124,Inf,Inf,19
3,200,d3,ecdf,0.61,Inf,Inf,NA,3.601744058787651,4.294891239347596,Inf,Inf,21
3,200,d3,ecdf,0.62,Inf,Inf,NA,3.657864735099764,4.35101191565971,Inf,Inf,23
3,200,d3,ecdf,0.63,4.405983318472639,Inf,NA,3.7128361379126944,4.405983318472639,Inf,Inf,27
3,200,d3,ecdf,0.64,4.459839698029717,Inf,NA,3.5436867080102816,4.459839698029717,Inf,Inf,31
3,200,d3,ecdf,0.65,4.51261378319496,Inf,NA,3.4140014945268504,3.819466602635015,Inf,Inf,36
3,200,d3,ecdf,0.66,4.564336873969023,Inf,NA,3.1780425128491325,3.871189693409078,4.564336873969023,Inf,39
3,200,d3,ecdf,0.67,4.268465336732532,Inf,NA,3.2287445658926135,3.617792915371435,4.615038927012504,Inf,41
3,200,d3,ecdf,0.68,3.971601454239546,Inf,NA,3.2784542736796007,3.5661363461313815,4.6647486347994915,Inf,43
3,200,d3,ecdf,0.6900000000000001,4.020346318400615,Inf,NA,3.204470184617854,3.61488121029245,4.71349349896056,Inf,45
3,200,d3,ecdf,0.7000000000000001,3.8654201637041004,Inf,NA,3.151861985884027,3.4469260553111822,4.761299898318128,Inf,45
3,200,d3,ecdf,0.7100000000000001,3.709580863399019,Inf,NA,3.0164336828390734,3.421898790947238,4.115045971507183,Inf,47
3,200,d3,ecdf,0.72,3.755585289841507,Inf,NA,2.9082874294543033,3.244759666075516,4.161050397949672,4.854197578509617,48
3,200,d3,ecdf,0.73,3.5130421885925744,Inf,NA,2.819895008032629,3.2898986372783647,3.8007242610443552,4.899336549712465,49
3,200,d3,ecdf,0.74,3.557338181302242,Inf,NA,2.741462047519481,3.036260063323634,3.845020253754023,4.631716311170155,49
3,200,d3,ecdf,0.75,3.377669273105034,3.406279707221902,0.5612441245977834,2.6321014936527103,2.941048492015429,3.888494896871025,4.29396000497919,50
3,200,d3,ecdf,0.76,3.238021835198671,3.3108154904386318,0.5164337771633271,2.631886031628355,2.9503397627468897,3.643486943306835,4.33663412386678,50
3,200,d3,ecdf,0.77,3.202840153161543,3.2490432786928585,0.5247286590255674,2.5427448232947816,2.8744503849670076,3.6295947133547832,4.1960684830946064,50
3,200,d3,ecdf,0.78,3.1668973498895454,3.149266901967557,0.49823560364242614,2.435804090011777,2.836562534865269,3.45778919731227,4.014195210276749,50
3,200,d3,ecdf,0.79,2.9559729895694886,3.031924342351681,0.4774456591173904,2.445147365803498,2.668290917117708,3.2072874178503947,3.9251283456342962,50
3,200,d3,ecdf,0.8,2.8902780724492163,2.914715314291875,0.38823517474682584,2.3869309012044413,2.572332828866434,3.113421623763426,3.5834252530091613,50
3,200,d3,ecdf,0.81,2.8339263995231527,2.8300965548954244,0.3479733225207338,2.3414499144253584,2.5927643427062645,3.034597094985304,3.440062203093468,50
3,200,d3,ecdf,0.8200000000000001,2.705140516187416,2.7362015084774094,0.32889872426075883,2.2974395825693597,2.4975011514091716,2.967504780654907,3.3241797245936393,50
3,200,d3,ecdf,0.8300000000000001,2.634130226536377,2.653649720325971,0.30971312495292985,2.2166415385367957,2.474470647838895,2.822777342107111,3.110459414558892,50
3,200,d3,ecdf,0.8400000000000001,2.511406368161593,2.583246233143602,0.30096831793518497,2.166565881869863,2.4136975383689374,2.7796703547562722,3.042034619223763,50
3,200,d3,ecdf,0.85,2.463506838690324,2.512872624117036,0.2987743316333061,2.102058488809579,2.336389769498204,2.672862006119417,3.0354375333156343,50
3,200,d3,ecdf,0.86,2.420843886704779,2.458896958225305,0.3046693396155322,2.015378778596615,2.2810819443296206,2.6145416791048928,3.071101486352778,50
3,200,d3,ecdf,0.87,2.3605833340158897,2.3871343703509615,0.27525018360486314,1.9689654723077643,2.2429554611360687,2.507186808207765,2.886676429912669,50
3,200,d3,ecdf,0.88,2.3080210276409296,2.3352056725143804,0.26771613204127437,1.9307267964994617,2.1902379919845463,2.478145043392526,2.8159707362044886,50
3,200,d3,ecdf,0.89,2.224099848403002,2.2774291599347287,0.24473816742631174,1.9090188017631065,2.1272147206640954,2.428894261049015,2.7473479921675494,50
3,200,d3,ecdf,0.9,2.152026908567211,2.2115383144809506,0.2347528761416682,1.8858465928520958,2.0874883874296395,2.364964961251357,2.694289659945173,50
3,200,d3,ecdf,0.91,2.120214224939327,2.151855282261122,0.23058594481507314,1.8226945008564943,2.0094739085246176,2.290113261734725,2.5473282732731164,50
3,200,d3,ecdf,0.92,2.0772721012861606,2.10122171107311,0.22929982407528676,1.7646271099814599,1.9545647482093016,2.2423551764335534,2.5270839409806323,50
3,200,d3,ecdf,0.93,1.9991909951640703,2.0431463063132216,0.2174770748668023,1.7672232792226907,1.912095279808718,2.1840289952923597,2.4533411702100256,50
3,200,d3,ecdf,0.94,1.943207484146324,1.981723128282429,0.21607632057031032,1.7191568766143832,1.8522357059405976,2.1184863216986045,2.3850402364253633,50
3,200,d3,ecdf,0.95,1.893822196948487,1.9225306251233514,0.20716610075547828,1.649455475404501,1.7845991641779133,2.022594685964258,2.34417831009172,50
3,200,d3,ecdf,0.96,1.849746528144584,1.8733423779894385,0.19425847923931597,1.6217496756024203,1.7572558129439748,1.9746193310054738,2.2355054520451247,50
3,200,d3,ecdf,0.97,1.7915276911223472,1.8266932369600608,0.18794883310631524,1.6037552852260926,1.7281144033459952,1.8948098384719705,2.178810465484494,50
3,200,d3,ecdf,0.98,1.774929201209747,1.7813605653788105,0.18016158690609949,1.529908581817474,1.6731465068998046,1.8299889783927743,2.11140143783096,50
3,200,d3,ecdf,0.99,1.7263132105782348,1.7333300776011706,0.18082753754038533,1.5114343102396302,1.613118490046119,1.8215892385434695,2.0703187984568707,50
3,200,d3,ecdf,1,1.6599262500299554,1.687253182605948,0.18085144620358537,1.4371270301059145,1.5839303722162805,1.7881815322733112,2.0187807419001222,50
3,200,d3,logspline,0.01,-3.780957854023608,-3.5433156353397126,2.360453118030096,-6.552470926008171,-5.2184843661603555,-2.7974203732664065,1.7684685841192407,50
3,200,d3,logspline,0.02,-1.7545091306361589,-1.5189273589701424,2.3440564997961992,-4.509187077854971,-3.1830870276423613,-0.7768557701623807,3.7538314430316646,50
3,200,d3,logspline,0.03,-0.5921518355005304,-0.3587715920022877,2.3270286764000208,-3.329529403231505,-2.0115133381815844,0.37941703633400414,4.8733093047296325,50
3,200,d3,logspline,0.04,0.21581355684554016,0.44685321756828983,2.3093756687127533,-2.5038001847585516,-1.194064971188431,1.1810987427722375,5.636620829761096,50
3,200,d3,logspline,0.05,0.829123954614903,1.0576867654387359,2.2911056775687784,-1.872265030888928,-0.5710066860245737,1.787927883175567,6.2035292731556035,50
3,200,d3,logspline,0.06,1.318933235663772,1.5448864302783805,2.2722289639825313,-1.3637732745708586,-0.07118673042937182,2.2710604024920764,6.645221647261728,50
3,200,d3,logspline,0.06999999999999999,1.7231999634408535,1.9464149312700967,2.2527577023154146,-0.940370239019086,0.3433508889277623,2.668457355639123,6.999695917357386,50
3,200,d3,logspline,0.08,2.064585006135718,2.284937879939636,2.232705811058152,-0.5793995966609967,0.6952640417433854,3.0027825065535088,7.289658020858913,50
3,200,d3,logspline,0.09,2.357708112937676,2.5750802822614953,2.2120887663596718,-0.26624676759521987,0.9991690689365862,3.288658881473169,7.529777782449715,50
3,200,d3,logspline,0.1,2.6125545807573003,2.826833126561358,2.190923403638999,0.009067775507361082,1.2650474701930225,3.5360754101545653,7.73009487769658,50
3,200,d3,logspline,0.11,2.8362495402552663,3.04732758821814,2.169227712573497,0.2536628245941146,1.500020212793875,3.752161184250966,7.897792393131448,50
3,200,d3,logspline,0.12,3.0340569228367733,3.2418339148833626,2.1470206304929955,0.47279543683749176,1.7093467231236121,3.9421843949104036,8.038195062707294,50
3,200,d3,logspline,0.13,3.209977174693682,3.414359060185804,2.124321838764572,0.6704586843896605,1.8970226266619012,4.110150016086392,8.155366263410187,50
3,200,d3,logspline,0.14,3.367122813551428,3.568022163234291,2.101151566173638,0.8497572485803035,2.0661553318327113,4.2591753296313986,8.252482880325587,50
3,200,d3,logspline,0.15000000000000002,3.5079640864604986,3.7053001336464804,2.0775304026421946,1.0131531165301535,2.219209715763634,4.391735550919076,8.332080311742828,50
3,200,d3,logspline,0.16,3.6344951672068673,3.828193781779391,2.053479125921103,1.1626318183878315,2.35817435024527,4.509829993961516,8.396218062548023,50
3,200,d3,logspline,0.17,3.7483498653006007,3.9383434669330875,2.029018543191147,1.2998181767879249,2.48467723957173,4.61509774835154,8.446594904951311,50
3,200,d3,logspline,0.18000000000000002,3.8508841974812054,4.037111615000477,2.004169348841237,1.4260589191180855,2.6000684209331153,4.708900219312247,8.484630962091165,50
3,200,d3,logspline,0.19,3.943236591446971,4.12564287554941,1.9789519990865052,1.5424829219666223,2.7054801968134257,4.792381300873121,8.511527486549223,50
3,200,d3,logspline,0.2,4.02637261714977,4.204908813731479,1.9533866035611087,1.6500459827749991,2.8018718944985466,4.866512077790791,8.528311229438978,50
3,200,d3,logspline,0.21,4.10111878200078,4.2757416732242275,1.927492833579242,1.7495646547457575,2.8900636888223605,4.9321245927989885,8.53586793504536,50
3,200,d3,logspline,0.22,4.168188446878687,4.338860266803457,1.9012898464055346,1.8417422016271066,2.970762544846524,4.989937736279068,8.534968015177204,50
3,200,d3,logspline,0.23,4.228201967360672,4.394890098550561,1.8747962246098013,1.9271887765509736,3.0445823847209317,5.040577362932144,8.526286503886867,50
3,200,d3,logspline,0.24,4.281702536899965,4.444379193915848,1.8480299293943672,2.006437301432708,3.1120599552989727,5.084592112298503,8.510418764781695,50
3,200,d3,logspline,0.25,4.329168786239746,4.487810691367596,1.8210082666658083,2.0799561010355916,3.173667450671615,5.122465987498862,8.487893000257891,50
3,200,d3,logspline,0.26,4.371024903621761,4.52561295959402,1.7937478645665605,2.148159056100925,3.2298226540767683,5.15462845680553,8.459180322030546,50
3,200,d3,logspline,0.27,4.405426441651789,4.558167802053476,1.7662646611747623,2.211413837810512,3.2808971615008975,5.181462640456308,8.42470294014061,50
3,200,d3,logspline,0.28,4.433524878325029,4.585817167386121,1.7385739011125563,2.2700486425856177,3.3272231060214814,5.203312001804029,8.384840884453505,50
3,200,d3,logspline,0.29000000000000004,4.457001467598797,4.608868681190564,1.7106901398643837,2.3243577432212073,3.36909869892779,5.21980372774015,8.339937569874335,50
3,200,d3,logspline,0.3,4.476132892356334,4.6276002396323825,1.6826272546892023,2.37460609731027,3.4078125554570535,5.227690309523703,8.290304441761418,50
3,200,d3,logspline,0.31,4.491170188573783,4.642263850025299,1.6543984611069324,2.4210331985708464,3.442774733545735,5.2314010945898675,8.23622488303493,50
3,200,d3,logspline,0.32,4.502341960278414,4.653088862273018,1.626016334043997,2.463856315413127,3.4740303729996755,5.231169792738,8.17795752359156,50
3,200,d3,logspline,0.33,4.509857097623426,4.660284703979267,1.5974928328309652,2.5032732299768323,3.5017806962053317,5.227210179558528,8.115739061930846,50
3,200,d3,logspline,0.34,4.513907087568819,4.664043208389437,1.5688393293536396,2.5394645671957132,3.5262346730469085,5.219718404957538,8.049786685624678,50
3,200,d3,logspline,0.35000000000000003,4.514667988459369,4.664540606177486,1.5400666387649513,2.57259578526575,3.5491350816535343,5.208874967298607,7.980300159466452,50
3,200,d3,logspline,0.36000000000000004,4.512302125694564,4.661939238041519,1.5111850522671804,2.6028188848127676,3.5690499833109266,5.198359845571627,7.907463636418502,50
3,200,d3,logspline,0.37,4.508303737608322,4.656389034108563,1.482204371571439,2.630273883062149,3.5861221791905153,5.184864549638801,7.83204103155162,50
3,200,d3,logspline,0.38,4.506607608344309,4.648028797531281,1.4531339447337521,2.6550900906665933,3.600483719755787,5.168495399754617,7.754318322498396,50
3,200,d3,logspline,0.39,4.502234202688883,4.636987322837626,1.423982703154672,2.677387221998626,3.6122570113672543,5.149384049317,7.673720515138092,50
3,200,d3,logspline,0.4,4.495301838417824,4.623384374158593,1.3947591996128335,2.6972763642529443,3.6215557820755615,5.127653077523984,7.590383102836473,50
3,200,d3,logspline,0.41,4.485920833089265,4.607331544100701,1.3654716472831157,2.714860826321273,3.6284859275567642,5.103416838647954,7.504432183987618,50
3,200,d3,logspline,0.42,4.474194247007276,4.588933010514472,1.3361279597684828,2.730236884864941,3.6331462546046835,5.0767822105424685,7.415985302848092,50
3,200,d3,logspline,0.43,4.4602185390801665,4.568286205558839,1.3067357922526683,2.7434944421389384,3.63562913672209,5.047849256713148,7.325152198920824,50
3,200,d3,logspline,0.44,4.444084147695658,4.545482409136474,1.277302583960546,2.754717607777917,3.636021094007938,5.016711813950307,7.232035476746482,50
3,200,d3,logspline,0.45,4.425876006813526,4.520607276869633,1.2478356021965424,2.763985214832538,3.6344033076146447,4.983458015609521,7.136731206148964,50
3,200,d3,logspline,0.46,4.405674005893777,4.493741311217025,1.2183419883213615,2.771371278760513,3.630852077464508,4.9481707590539585,7.039329461489565,50
3,200,d3,logspline,0.47,4.383553400968836,4.464960283034153,1.1888288061267784,2.776945406765108,3.62543923060202,4.91529886820301,6.939914807248835,50
3,200,d3,logspline,0.48,4.3595851830802985,4.434335609801006,1.1593030931809813,2.780773163783183,3.6182324864677184,4.881349748184832,6.838566736225845,50
3,200,d3,logspline,0.49,4.333836409393099,4.401934695840978,1.1297719158474415,2.7829164005140425,3.6080905146794366,4.84559834934217,6.735360065783183,50
3,200,d3,logspline,0.5,4.306370501539799,4.367821239100993,1.10024242883407,2.7834335481167556,3.59596860234816,4.808109654759631,6.630365296841076,50
3,200,d3,logspline,0.51,4.277247515108927,4.332055508486576,1.0707219403536605,2.7823798835608953,3.5822297955858557,4.76894518183428,6.523648939711171,50
3,200,d3,logspline,0.52,4.244929097096559,4.294694615959581,1.0412179984945573,2.781151396737412,3.5669286004677576,4.728163231187856,6.415273810340044,50
3,200,d3,logspline,0.53,4.209276508639297,4.255792843246357,1.011738537700255,2.778510325996688,3.550116748099711,4.691457872406539,6.305299300088346,50
3,200,d3,logspline,0.54,4.170042803575097,4.215401897473723,0.982291985646752,2.774119201757008,3.5318433916496454,4.654351146415205,6.193781621791142,50
3,200,d3,logspline,0.55,4.129354484181738,4.173571140328221,0.9528873325459658,2.7652426290301495,3.51215528643214,4.612294616645969,6.0807740345176935,50
3,200,d3,logspline,0.56,4.08725863537872,4.130347791641878,0.923534238282125,2.755291614132245,3.491097060487209,4.56191507007004,5.966327353651644,50
3,200,d3,logspline,0.5700000000000001,4.043800108170725,4.085777310911927,0.8942434947650877,2.745824768703365,3.468711727144014,4.510164576052983,5.85049486280375,50
3,200,d3,logspline,0.5800000000000001,3.9990216624154895,4.039903885324656,0.8650275137985405,2.7350562714143383,3.4450409206550776,4.457086565256256,5.733337775763667,50
3,200,d3,logspline,0.59,3.9529640980745517,3.9927707677473547,0.8359003289321572,2.7230489190101244,3.4201249733134196,4.402722460004569,5.61492451335571,50
3,200,d3,logspline,0.6,3.905666376081467,3.944420387027733,0.8068776395116823,2.711535681831056,3.3940029838241563,4.347112410774865,5.495792700014406,50
3,200,d3,logspline,0.61,3.857165729829952,3.8948944819926923,0.7779769257395575,2.7002312946771743,3.366712880277888,4.290298112524984,5.377670881533424,50
3,200,d3,logspline,0.62,3.807781962285808,3.8442341957332173,0.7492176058832601,2.687827128638141,3.338291478202366,4.23232388446803,5.2549575253768435,50
3,200,d3,logspline,0.63,3.761071291092915,3.792480205830983,0.7206212964679224,2.6743572795383397,3.308774534134764,4.173484197192903,5.131095631454314,50
3,200,d3,logspline,0.64,3.713292256556743,3.7396731326379946,0.6922123951283979,2.6598550673728916,3.2781967951227817,4.103848171402506,5.006119338813104,50
3,200,d3,logspline,0.65,3.664484181242263,3.6858539644590893,0.664018786881358,2.6443530748661237,3.246592044529348,4.052801575845054,4.880061450698556,50
3,200,d3,logspline,0.66,3.6146858769312833,3.6310648885754846,0.6360732854286982,2.6278831826788585,3.2139931444834007,3.9941834840069568,4.752966885481261,50
3,200,d3,logspline,0.67,3.563936602493109,3.575351172533965,0.6084170800622603,2.6104766015610483,3.1804320760668197,3.9325300243784724,4.624934420732605,50
3,200,d3,logspline,0.68,3.512280487808553,3.5187625126759547,0.5811017525791934,2.592163901724315,3.145926996123773,3.870025910707329,4.496124444438987,50
3,200,d3,logspline,0.6900000000000001,3.459768234857102,3.4613543399968933,0.5541914773597431,2.572975039687835,3.1071353958592183,3.8089304004157785,4.368895104212395,50
3,200,d3,logspline,0.7000000000000001,3.406456451361116,3.4031900370580286,0.5277655248610247,2.5517664992890596,3.0660371778777322,3.7537677444800335,4.242832495934358,50
3,200,d3,logspline,0.7100000000000001,3.3524069635797957,3.344342016655557,0.50191778334169,2.522697201079045,3.0242046246660212,3.689219335096517,4.11665946540647,50
3,200,d3,logspline,0.72,3.2963022997904554,3.2848908632052,0.47675278786129216,2.4925874419497194,2.9816832503593624,3.6214586556936395,4.007012738239531,50
3,200,d3,logspline,0.73,3.2331526712317915,3.2249244593290882,0.452381026802635,2.4618875578770516,2.938518562897572,3.5577698771407356,3.9086409509461895,50
3,200,d3,logspline,0.74,3.1680106627802296,3.164536701395517,0.4289139375154162,2.430644401788115,2.8947560099486336,3.4666917718390464,3.8100937445053855,50
3,200,d3,logspline,0.75,3.114105471957818,3.1038261591664575,0.40645868914233985,2.3980529506085904,2.8504409288920174,3.3975556100456688,3.7115351505743925,50
3,200,d3,logspline,0.76,3.059813760349581,3.0428948194205465,0.3851127513120646,2.3675559115362086,2.8056185005899814,3.333481074477743,3.620032977394791,50
3,200,d3,logspline,0.77,3.00521525672199,2.9818469398835052,0.36495844626048624,2.339706092563952,2.7603337066904015,3.256312791911415,3.532406493343826,50
3,200,d3,logspline,0.78,2.937345644156035,2.920787961187978,0.3460577824425127,2.311294671859648,2.710274363901812,3.1907670642338597,3.451039838748994,50
3,200,d3,logspline,0.79,2.867314799227402,2.859823361495998,0.32844795723404535,2.2823532147500636,2.6537186362973566,3.1218496209560818,3.3703570274284997,50
3,200,d3,logspline,0.8,2.8077098665492377,2.79905459991846,0.31213893582246854,2.252912973669546,2.6085602473855514,3.053552978620311,3.289775555137111,50
3,200,d3,logspline,0.81,2.7314637828133304,2.7385738517256235,0.29711560667956916,2.223004884308574,2.5663560420188936,2.9873865667720003,3.2093516524365997,50
3,200,d3,logspline,0.8200000000000001,2.6480886549075002,2.6784645560601206,0.2833416684006518,2.1926595618202906,2.5238030410873935,2.900914474353997,3.1248834990268493,50
3,200,d3,logspline,0.8300000000000001,2.576799481913575,2.6188026837858573,0.27076257528360886,2.1619072971036823,2.4557497048857466,2.8325467543769363,3.0493607944533254,50
3,200,d3,logspline,0.8400000000000001,2.521441775908029,2.559655829099022,0.2593088767441249,2.130778053176952,2.388973955687773,2.759293859521798,2.9699851647740543,50
3,200,d3,logspline,0.85,2.4722390361650772,2.5010829629658917,0.24889982734590338,2.099301461649836,2.32041728665957,2.67872925651615,2.896653969078749,50
3,200,d3,logspline,0.86,2.4229139888985003,2.4431337855818382,0.2394461271598242,2.0675068192992305,2.2812043350396434,2.6033775785573123,2.8270146322538077,50
3,200,d3,logspline,0.87,2.3653004252200267,2.385847970811515,0.23085349598185706,2.035423084748483,2.239438244554317,2.533682387741462,2.7575863078023772,50
3,200,d3,logspline,0.88,2.3058346110796357,2.329258544560404,0.2230257194378567,2.0030788752471596,2.187745041812811,2.4719752763180503,2.6894042639853106,50
3,200,d3,logspline,0.89,2.2371476937811368,2.2733938171422863,0.21586798764243412,1.970502463544873,2.1217211230850284,2.417942011303213,2.6218749224731703,50
3,200,d3,logspline,0.9,2.1800325768346847,2.218278003246753,0.20928983777138163,1.9211151704492981,2.0725226561087284,2.3606358543010915,2.554693384849961,50
3,200,d3,logspline,0.91,2.126666564787288,2.1639316417143335,0.20320725432868858,1.8710455358628577,2.0337465753150967,2.2930406966663464,2.493535481731885,50
3,200,d3,logspline,0.92,2.074597923891501,2.110371948801187,0.19754407085621262,1.8162204378920432,1.9967368508773766,2.2451971220326152,2.43383949388072,50
3,200,d3,logspline,0.93,2.0253334500733615,2.0576131151754775,0.1922329454573267,1.759520876429467,1.9571947042747126,2.1973140776554962,2.3743563068634934,50
3,200,d3,logspline,0.94,1.9830622022187752,2.005666739310635,0.1872156854823012,1.7057011669048885,1.9042762769248425,2.1448792468961724,2.3151439359895316,50
3,200,d3,logspline,0.95,1.9369735511567447,1.9545423340967996,0.18244296537489027,1.654568181262481,1.8569105209704824,2.0935662396005026,2.2562599322288053,50
3,200,d3,logspline,0.96,1.8903207912568858,1.9042484733797715,0.1778733029825884,1.6091931807232083,1.8081372205110704,2.042941913752232,2.197761297608444,50
3,200,d3,logspline,0.97,1.8370044115311925,1.8547937935299579,0.17347153818022135,1.5677965028023755,1.7513219299233742,1.985383916065683,2.1397044053021745,50
3,200,d3,logspline,0.98,1.79097503067295,1.806187401736972,0.16920716143735956,1.5264937176189712,1.6978991305088211,1.9260653138220885,2.082144923753807,50
3,200,d3,logspline,0.99,1.7449098965205403,1.7584387246996622,0.16505364728133115,1.4860443888078774,1.6598660431522299,1.868224923889779,2.0251377442069223,50
3,200,d3,logspline,1,1.699553875816043,1.7115572876181537,0.16098815233353628,1.4419277038380676,1.6184693176701943,1.814777178345386,1.9687369110443993,50
