"","X","N","prior","delta","lambda","delta_median","lambda_median","b0_median","b1_median","bf10","sdr10"
"1",1,"100","1",1,0.15,2.28339084471686,0.283786513529861,0.0438479746825263,-1.25990275423398,15471.3609839394,984.663
"2",2,"100","2",1,0.15,2.51101185005636,0.298984945279256,0.046205005805335,-1.25934232796363,18517.7145723612,86.493
"3",3,"100","1",1,0.15,1.74020353696406,0.405653393381021,-0.21074530066645,-1.94108217555117,7.09407890087402,6.955
"4",4,"100","2",1,0.15,2.13204790299077,0.428894994795653,-0.210063159425217,-1.96277102512686,7.35873481522754,10.87
"5",5,"100","1",1,0.15,2.4884205866441,0.252208482634274,-0.126525203608749,-0.597656369152842,3414079106986.83,834.335
"6",6,"100","2",1,0.15,2.53444575850421,0.255271653842007,-0.126916851216818,-0.588237677193759,4513820544946.21,280.538
"7",7,"100","1",1,0.15,1.90816691437437,0.277802305278457,0.0477078301880481,-0.322263361559744,8919446.10264958,1114.748
"8",8,"100","2",1,0.15,2.17894430242135,0.288977035991432,0.050401055416045,-0.318065132135848,10018868.7417851,2770.184
"9",9,"100","1",1,0.15,1.19598730815202,0.307866892304031,0.319712086226627,-0.655980788444642,2.25032074509578,5.32
"10",10,"100","2",1,0.15,1.83875057704841,0.357163672891083,0.316565092682296,-0.663461801996595,1.91949357473594,2.029
"11",11,"100","1",1,0.15,1.26141826038771,0.196932416379969,0.387550771754217,-0.369020383732019,44.3061533719954,95.01
"12",12,"100","2",1,0.15,1.68830209216812,0.213055118070082,0.394464682627383,-0.379986102714217,42.1242250788772,78.056
"13",13,"100","1",1,0.15,1.66102449486127,0.185279557776191,0.290325521136847,2.20499029115019,13028.8997180276,541.231
"14",14,"100","2",1,0.15,1.91803163853593,0.193263869856991,0.289077608685267,2.21730907851931,14617.039671881,32.213
"15",15,"100","1",1,0.15,1.07376349450307,0.155178161734326,0.194662127882599,-0.764318866083415,6.13876826597394,10.046
"16",16,"100","2",1,0.15,1.47135129686388,0.16646707984375,0.19434316565068,-0.765889532594558,5.13634412781371,3.655
"17",17,"100","1",1,0.15,1.6439331064309,0.350765172595453,0.141921167961577,0.364460980760281,141.232883210399,57.631
"18",18,"100","2",1,0.15,2.11897963508618,0.393251531389121,0.140463578026837,0.368283980020647,148.439683166821,108.738
"19",19,"100","1",1,0.15,1.08657848599001,0.186856779136234,-0.377243981611351,0.115581322465336,8.52078136021401,19.527
"20",20,"100","2",1,0.15,1.39593094572772,0.193759291194669,-0.381627620589636,0.118265564923435,6.99697966498946,2.883
"21",21,"100","1",1,0.15,1.42608341948915,0.294887603467529,0.915895452787204,0.158057504512106,152.433292011159,1677.85
"22",22,"100","2",1,0.15,1.85385693573716,0.32611760059851,0.92458889315186,0.16297876427165,152.688518819588,55.61
"23",23,"100","1",1,0.15,1.372734352561,0.462289430004537,0.686906570553721,1.88173613616762,2.67349103776268,3.655
"24",24,"100","2",1,0.15,1.9617048498732,0.536183687457519,0.686005377387867,1.8810703931275,2.49423675419225,1.171
"25",25,"100","1",1,0.15,1.19216969866491,0.198525277619587,-0.230773934331698,-2.99878916221146,4.57807029688743,5.633
"26",26,"100","2",1,0.15,1.64877902997444,0.223896554840824,-0.234752219353622,-3.00288622788226,4.02198224481617,3.837
"27",27,"100","1",1,0.15,1.5752394611693,0.450450602077124,-0.301372551538725,0.947030267262037,7.49112729007578,8.104
"28",28,"100","2",1,0.15,2.14830558633013,0.483715423679713,-0.302997064134626,0.970237525462084,7.60903450189144,2.88
"29",29,"100","1",1,0.15,2.06119383671646,0.394260921458717,0.238346906726268,0.69602085002964,24133.9203426329,284.942
"30",30,"100","2",1,0.15,2.38508892834003,0.431908070206252,0.23667043668479,0.670842206860117,28318.996826774,38.107
"31",31,"100","1",1,0.15,0.906015078665161,0.204098839672443,0.310891033548085,0.877576871129975,0.399601861377644,1.936
"32",32,"100","2",1,0.15,1.62619938934905,0.20730963454462,0.315094887528475,0.902677817250642,0.29370438110292,0.481
"33",33,"100","1",1,0.15,1.8101748817769,0.193721229558523,0.0675199700011299,-0.297595526358432,1913906.11017669,2709.646
"34",34,"100","2",1,0.15,2.06685551364959,0.200681836878691,0.0651092936821346,-0.292193402722005,2247827.69483992,2484.387
"35",35,"100","1",1,0.15,2.077336148605,0.383879968290442,-0.348332562457413,0.912370101597233,123993.308960462,287.148
"36",36,"100","2",1,0.15,2.3659645629818,0.399534498064195,-0.348212522938956,0.914486621808998,146422.169610162,1014.869
"37",37,"100","1",1,0.15,1.63770483708265,0.191957729587305,-0.771296825646011,0.0556825874016066,27426.583114196,206.148
"38",38,"100","2",1,0.15,1.90710181760471,0.199532459206158,-0.768317427613864,0.0563297888689041,30630.3742645628,6954.364
"39",39,"100","1",1,0.15,1.8594002203067,0.275847457159435,-0.52951092871057,0.835563682320323,238325.032062849,153.077
"40",40,"100","2",1,0.15,2.19737026453998,0.291282025150159,-0.534760116966323,0.860741431228673,270842.47010982,1284.621
"41",41,"100","1",1,0.15,2.36096726208953,0.210593053376654,0.480895943547162,0.565908147415959,21980257572304896,7472.471
"42",42,"100","2",1,0.15,2.47293721529025,0.214781293004071,0.478736509882889,0.554894090707175,28795741669809556,15264.08
"43",43,"100","1",1,0.15,1.20539723003762,0.194754174546676,0.00746739590323033,0.111958915043411,22.8141701037312,14.046
"44",44,"100","2",1,0.15,1.68305176601062,0.210323130930385,0.00608962401368352,0.109663563809559,21.2318289439678,44.361
"45",45,"100","1",1,0.15,1.69699639489986,0.266586749723368,0.388094611270674,-0.207921300550226,2321.15908426181,1119.613
"46",46,"100","2",1,0.15,2.06518587240957,0.297827123818817,0.385356972233198,-0.207438070251764,2462.90221032356,66.358
"47",47,"100","1",1,0.15,1.87080056258503,0.300172779378599,1.08281703233461,0.149512839551757,22266994.9389276,195.233
"48",48,"100","2",1,0.15,2.1377988418026,0.307054479043248,1.09642327756473,0.146335554768238,25203045.841319,1807.807
"49",49,"100","1",1,0.15,1.95543825080591,0.324058092189206,0.245681860240976,-0.426953853798019,18791.0883231759,132.469
"50",50,"100","2",1,0.15,2.23095939813614,0.337732971481797,0.254094411160454,-0.419448382086343,21976.5949824429,440.365
"51",51,"100","1",1,0.15,2.59437807010749,0.354136759216804,1.67737949508352,-0.0411233381746488,28240.1906422155,128.621
"52",52,"100","2",1,0.15,2.6691023181459,0.36010294593996,1.68192513314151,-0.0410730680952376,35423.5691150165,17.312
"53",53,"100","1",1,0.15,2.02541964071945,0.265687787103437,-0.56884334537904,-0.315162175885925,4384979173.82301,1979.197
"54",54,"100","2",1,0.15,2.2374342318535,0.274771181419553,-0.570698610495556,-0.319417076751265,5430849335.29818,374.317
"55",55,"100","1",1,0.15,2.87444523054274,0.361216418643851,1.20908147533383,-0.389538882190652,189910133626928288,3608.583
"56",56,"100","2",1,0.15,2.82292647824257,0.356402834223314,1.21139908702425,-0.391808230094832,244615969939982208,703.115
"57",57,"100","1",1,0.15,2.70612434955352,0.319865287737928,0.107802777795148,-0.992686404028597,1648709971305374,50200.02
"58",58,"100","2",1,0.15,2.76059300794328,0.320691413996879,0.105789281826208,-0.989562526223586,2167041486015753,87.279
"59",59,"100","1",1,0.15,0.539528753544453,0.482855924519093,0.373057930435509,-1.96329589846632,0.216582298975303,0.374
"60",60,"100","2",1,0.15,1.58432782313102,0.685619631420481,0.374667706028683,-1.96196544911657,0.124452131288466,0.221
"61",61,"100","1",1,0.15,1.14577384309967,0.203206697875687,0.09036020356951,-0.0918570505727254,4.18221068950555,6.131
"62",62,"100","2",1,0.15,1.69644011273454,0.253626108258503,0.0887211299869534,-0.0900468421759058,3.63790781998982,5.683
"63",63,"100","1",1,0.15,1.09185409729117,0.413352466847408,0.646915206951176,-0.122786202818831,1.81283687229194,2.837
"64",64,"100","2",1,0.15,1.80012488563157,0.492978849332547,0.646700193551314,-0.123692420534761,1.53502637977829,1.184
"65",65,"100","1",1,0.15,1.39077380607328,0.204103239063307,0.462424283125898,-0.939380823322403,1723.32834792971,469.666
"66",66,"100","2",1,0.15,1.76944141513064,0.217969671112756,0.463823059090243,-0.934680808581629,1763.36456241042,25.415
"67",67,"100","1",1,0.15,2.05638280680014,0.153307490367264,0.528511501634696,0.176794529173041,527820.255349158,8844.624
"68",68,"100","2",1,0.15,2.18754980318332,0.154652174827496,0.531991124198828,0.185771999722944,632704.927234833,38.27
"69",69,"100","1",1,0.15,0.894196340906611,0.303919698738237,0.548190104681075,-0.752737922361637,0.532751939809195,0.485
"70",70,"100","2",1,0.15,1.6412020224889,0.329272188152724,0.549581707851466,-0.764855993721034,0.407545884973419,0.568
"71",71,"100","1",1,0.15,1.55818420727821,0.308073005226613,0.300580802738196,-2.03594502207909,1198.35159752584,378.788
"72",72,"100","2",1,0.15,1.9228595857882,0.334440640099753,0.303134920439117,-2.0347253091162,1226.11587776823,43.508
"73",73,"100","1",1,0.15,1.63084506221666,0.149071491355678,0.574020255023718,-1.45534260010246,466522.167600412,27528.253
"74",74,"100","2",1,0.15,1.85967129855811,0.151716731119891,0.579086419609528,-1.45494828351807,530378.770749374,874.088
"75",75,"100","1",1,0.15,1.95894975519584,0.251022360410117,0.344975465928246,0.117152200393894,39228365768.9823,270.863
"76",76,"100","2",1,0.15,2.18721994271463,0.263958788368763,0.341310844362935,0.116370869810614,47244737973.2541,52.352
"77",77,"100","1",1,0.15,1.23536335268909,0.196723879892348,-0.0617115735255331,-0.0901469838788976,2.26130226354514,4.621
"78",78,"100","2",1,0.15,1.72638126011479,0.218423698011515,-0.0549764354792404,-0.0962303445073991,2.02902717075876,2.759
"79",79,"100","1",1,0.15,1.38277060396593,0.163078498993666,-0.624648504999341,-0.914886777556498,1375.83347188124,63.148
"80",80,"100","2",1,0.15,1.73185810404141,0.175079953084224,-0.629680474250081,-0.914961819695838,1384.28346863677,33.892
"81",81,"100","1",1,0.15,0.689065376650448,0.347915475006512,-0.46090971745062,-0.0774396202543166,0.390979208844004,0.487
"82",82,"100","2",1,0.15,1.51315202745624,0.432968372332229,-0.469947464334263,-0.076752576633507,0.251318748570518,0.347
"83",83,"100","1",1,0.15,1.94328170865573,0.252083005596332,-0.53485874927773,0.205510475407688,426318.272587389,4375.274
"84",84,"100","2",1,0.15,2.14245555477976,0.261845649125615,-0.53778634349093,0.206351469904125,501539.570628546,2397.231
"85",85,"100","1",1,0.15,1.77061680457874,0.327687376100281,0.191481105747517,0.0112413088483677,12.4844149115293,672955.579
"86",86,"100","2",1,0.15,2.14903231280538,0.356974809621753,0.19444121079302,0.0113682981059696,13.0092367356109,3.112
"87",87,"100","1",1,0.15,2.45510228569254,0.173839017368251,0.233362149994146,1.62920973153357,21995351159687412,1680.607
"88",88,"100","2",1,0.15,2.53382696990145,0.176950201281175,0.236093329277312,1.62700943155119,29429202474353632,791.223
"89",89,"100","1",1,0.15,0.582581848326454,0.452858088897315,-0.208938508717966,-1.43732972215059,0.228849136579814,0.279
"90",90,"100","2",1,0.15,1.61150167452941,0.63483570432531,-0.210268929754167,-1.44432990243431,0.137651453117502,0.218
"91",91,"100","1",1,0.15,2.80649354585008,0.449413785458275,-0.305048773767255,-0.155772118977321,868413391.413199,4054.698
"92",92,"100","2",1,0.15,2.88445609009711,0.449683322912566,-0.308394946196533,-0.154253833961765,1033067224.59972,0
"93",93,"100","1",1,0.15,1.62512780937254,0.18932317230598,0.625283896310785,0.0288736926029336,47213125.9938525,297.452
"94",94,"100","2",1,0.15,1.88800514023438,0.198177522339089,0.628206517909451,0.0302609264513302,51992332.6343464,223.167
"95",95,"100","1",1,0.15,1.54784034684637,0.147532362675057,-0.557440440038026,0.070863273205114,307291.377819897,292.722
"96",96,"100","2",1,0.15,1.77235045139783,0.15368126139052,-0.563157678629045,0.0689312296004624,334235.763067014,1713.047
"97",97,"100","1",1,0.15,1.80662674850513,0.178346919297173,0.53245215101645,-1.54146561312502,10552532.513429,501.688
"98",98,"100","2",1,0.15,2.03584241312749,0.181095769236069,0.537388757828092,-1.54222596505656,12386301.4284561,4556.437
"99",99,"100","1",1,0.15,1.49290743998278,0.196896535631174,0.952217221252511,1.97280260505392,11681.8826382128,143.419
"100",100,"100","2",1,0.15,1.801423084025,0.206820629860244,0.956184507558254,1.98347653199157,12591.109740031,88.258
"101",101,"100","1",1.5,0.15,2.41263930873454,0.153676933836753,0.127022524225625,-2.13833321938068,343081221.303828,2267.339
"102",102,"100","2",1.5,0.15,2.50786669731667,0.154919104296231,0.126636089665634,-2.14391093497809,485669087.773046,1616.3
"103",103,"100","1",1.5,0.15,2.32925335061487,0.350578600920199,-0.320858963614443,-2.88731715610163,1778.47904161155,11045592.668
"104",104,"100","2",1.5,0.15,2.45914478583966,0.353722249979184,-0.330997056956175,-2.90865576918998,2048.67625711546,0
"105",105,"100","1",1.5,0.15,2.67471575798571,0.140079691864191,-0.182701247942655,-0.673480494763222,75541641623783571456,257508.243
"106",106,"100","2",1.5,0.15,2.58801334016407,0.136058986396647,-0.182722672188188,-0.694667423941211,99669389463508074406,22371.869
"107",107,"100","1",1.5,0.15,2.54974447835192,0.25165208605698,0.0600987670630963,-0.798010198381771,1206822040460613,5540.084
"108",108,"100","2",1.5,0.15,2.6105647369772,0.257960365051823,0.0640068301592483,-0.81026655769072,1541563687219930,71.06
"109",109,"100","1",1.5,0.15,1.54466156108505,0.196931636701801,0.444535613503749,-1.10421806794038,347.58421484131,31.462
"110",110,"100","2",1.5,0.15,1.91751904486866,0.210976206980515,0.441988312883863,-1.11360097763139,359.361897211572,106.126
"111",111,"100","1",1.5,0.15,1.57197637936263,0.180851480544818,0.550119574462773,-0.653066239466465,75744.0807300883,1615924.561
"112",112,"100","2",1.5,0.15,1.90279858564822,0.191259735985945,0.549498787279276,-0.662411092343892,82778.3134845795,1930.541
"113",113,"100","1",1.5,0.15,2.23591135496534,0.16967374494861,0.441613024263764,3.4915370160197,247205166759.089,2199.216
"114",114,"100","2",1.5,0.15,2.30047115326398,0.172720924068905,0.450101011108349,3.52130782089867,321679200418.276,22415.385
"115",115,"100","1",1.5,0.15,1.43986511360777,0.152297396393201,0.305045168854916,-1.52263573564982,1433.20682616383,405.65
"116",116,"100","2",1.5,0.15,1.69484038433009,0.158797444667987,0.302835447172269,-1.52954186733975,1433.07575367488,849.311
"117",117,"100","1",1.5,0.15,1.79144724818865,0.215519731958282,0.20884458351315,0.414816322337289,942928.406058118,216.443
"118",118,"100","2",1.5,0.15,2.05027729541967,0.218247578113122,0.213216725021848,0.417980321093638,1084189.41438857,Inf
"119",119,"100","1",1.5,0.15,1.16563169863059,0.146667131200372,-0.521624640680305,0.366559251993297,379.45432579621,402.918
"120",120,"100","2",1.5,0.15,1.45353961275908,0.151454094524963,-0.522145542385507,0.378686217079286,339.980848765877,49.742
"121",121,"100","1",1.5,0.15,1.71213975564847,0.2806279949016,1.29027199676966,0.416345582069459,879574.902314599,289.433
"122",122,"100","2",1.5,0.15,2.01428750489982,0.296845072739976,1.29173271658338,0.414190669788119,1009652.04109018,170.802
"123",123,"100","1",1.5,0.15,1.8004078071841,0.469498668631913,1.02575940048567,2.94895263172079,53.5341328250306,94.382
"124",124,"100","2",1.5,0.15,2.18454429755731,0.505479365925022,1.02215071792099,2.95595434982724,58.3599665762238,5.192
"125",125,"100","1",1.5,0.15,1.28091758566245,0.151500918061823,-0.415242599855217,-4.52284930902855,107.495191400554,73.257
"126",126,"100","2",1.5,0.15,1.64140880246734,0.162037226897304,-0.417902461062372,-4.52028720557442,104.476199385772,10.36
"127",127,"100","1",1.5,0.15,2.12491899144166,0.389537111153943,-0.526649939438426,1.20140261341747,680.343950812326,14.226
"128",128,"100","2",1.5,0.15,2.35752640878545,0.404647774579598,-0.527036904039546,1.19906002365793,780.890040967462,661.967
"129",129,"100","1",1.5,0.15,2.68686667082005,0.378708515600224,0.323022533060481,1.01846665854093,19912060899.6277,3342066.066
"130",130,"100","2",1.5,0.15,2.61559406611477,0.373178843694918,0.326911736603054,1.02641375165567,24675352517.8618,3292.928
"131",131,"100","1",1.5,0.15,1.99600051371321,0.14079020740661,0.395909644113463,1.5838054143457,475.029284808449,278.202
"132",132,"100","2",1.5,0.15,2.19120298009037,0.144641837840273,0.397393326601849,1.59485948613394,571.269808034672,0
"133",133,"100","1",1.5,0.15,2.22998244575551,0.163073452122196,0.0613361332035199,-0.457600219933724,2664873928531.49,7853.855
"134",134,"100","2",1.5,0.15,2.35617348234191,0.164105798383237,0.0596644375621277,-0.453939204102771,3418453495395.67,1400.897
"135",135,"100","1",1.5,0.15,2.24501113651872,0.257804631452187,-0.508280266697448,1.64528142024492,1253128579.16594,172560.556
"136",136,"100","2",1.5,0.15,2.32828497279458,0.27349578736061,-0.507581648821143,1.64892641872901,1556161143.24358,0
"137",137,"100","1",1.5,0.15,2.21708797450392,0.187266371522172,-1.11321436206355,-0.194002945494435,2747988600.54052,1072360.986
"138",138,"100","2",1.5,0.15,2.31359464224687,0.192176208960099,-1.11570344117225,-0.187792687052708,3451233503.18908,1256.197
"139",139,"100","1",1.5,0.15,2.24757327970084,0.245222269581384,-0.844384089288424,1.44770868552926,72058305698.3821,12449.674
"140",140,"100","2",1.5,0.15,2.39826218118856,0.248576013467934,-0.83886492731666,1.45443668540623,90943624682.2483,0
"141",141,"100","1",1.5,0.15,3.19365721067799,0.205783583981953,0.795323461909787,0.748148310609398,7.95761224344502e+26,11322.537
"142",142,"100","2",1.5,0.15,3.08736048000943,0.203559915527595,0.790919340209806,0.753403299704405,1.07430101366828e+27,244518.95
"143",143,"100","1",1.5,0.15,1.46803583031175,0.16571697910756,0.0529011443153552,0.00545225758880624,8048.36491496195,123.059
"144",144,"100","2",1.5,0.15,1.82725137313255,0.175904320507444,0.0521889503483967,0.00554719545159795,9006.39165792007,700.832
"145",145,"100","1",1.5,0.15,1.87218607920485,0.160465798157032,0.6126230965537,-0.561633600944892,549179887.601583,762686.169
"146",146,"100","2",1.5,0.15,2.0705513008102,0.165691235694591,0.614869028664131,-0.560148071801745,672674350.204237,20942830.505
"147",147,"100","1",1.5,0.15,2.33698114681115,0.257980370094975,1.61573856498285,0.426908981739114,5292379560477887,8099133.473
"148",148,"100","2",1.5,0.15,2.42874469732562,0.255792209703905,1.61682990325498,0.417302449920832,6694298284024258,1622.288
"149",149,"100","1",1.5,0.15,2.265485081665,0.284176413365939,0.456723492651384,-0.648816328134833,178391285.039499,882.332
"150",150,"100","2",1.5,0.15,2.39269001905628,0.290734870095685,0.452470781229552,-0.642513407494048,218951980.369375,25299.081
"151",151,"100","1",1.5,0.15,3.19744826148579,0.278582167874448,2.40635271780755,0.0713988686333043,21460344146.1406,326.705
"152",152,"100","2",1.5,0.15,3.11395426580166,0.28056339956572,2.39146507771944,0.0692772050301611,27325346109.5925,230.455
"153",153,"100","1",1.5,0.15,2.31386887343704,0.20872563027611,-0.907189014101299,-0.768173351312982,26745322238412240,235830188.848
"154",154,"100","2",1.5,0.15,2.37810304025816,0.209029726614956,-0.917496281781075,-0.774337870452572,35038879262730144,667283.015
"155",155,"100","1",1.5,0.15,3.60679712275852,0.320741145730009,1.74945295142005,-0.509970780833379,5.49202359676689e+29,26538.627
"156",156,"100","2",1.5,0.15,3.39208956561687,0.315670948904181,1.76328476020421,-0.508859644730382,7.12594422460573e+29,8076018.454
"157",157,"100","1",1.5,0.15,3.0053883055081,0.253293457593709,0.158159394078168,-1.53707920729117,3.05174360515594e+24,47241.571
"158",158,"100","2",1.5,0.15,2.93882643855374,0.256266833471788,0.156945170865305,-1.529541860212,4.13540199978365e+24,37666132.554
"159",159,"100","1",1.5,0.15,0.59799424561177,0.457704762528319,0.498394646533431,-2.59759684697219,0.233633194105889,0.286
"160",160,"100","2",1.5,0.15,1.59546527249004,0.633139895315467,0.50041269805683,-2.58759838805812,0.136577252006701,0.213
"161",161,"100","1",1.5,0.15,1.48699780394461,0.152303044610724,0.169006544397783,0.0404686519587025,3988.37208062067,245.793
"162",162,"100","2",1.5,0.15,1.75885271913273,0.159613596922577,0.1617062125473,0.0394710531201835,4183.98213098658,691.425
"163",163,"100","1",1.5,0.15,1.3457342142812,0.1509421452847,0.962031405733838,-0.223798209993152,258.430342075161,97.307
"164",164,"100","2",1.5,0.15,1.69222120137247,0.158106022982906,0.96572528737589,-0.220501501977149,251.117146175002,1831.007
"165",165,"100","1",1.5,0.15,1.66546978645288,0.175471526989142,0.56374325840536,-1.39373967932665,52643864.0548048,1343.045
"166",166,"100","2",1.5,0.15,1.90544927293315,0.181037294117285,0.56264008700102,-1.38507075701682,59764232.7183396,5045.331
"167",167,"100","1",1.5,0.15,2.71949203122948,0.14818643409313,0.823517698645889,0.423105594074614,19170888145962.2,46267.316
"168",168,"100","2",1.5,0.15,2.74189547196936,0.150020326214108,0.823427688330843,0.42756738033876,25764033294388.1,3629.207
"169",169,"100","1",1.5,0.15,1.4381237544769,0.150413165433449,0.936270948057764,-1.56706556238779,8.0998624136261,1.448
"170",170,"100","2",1.5,0.15,1.785793694503,0.161251844509862,0.94230745120528,-1.58182719312911,8.15882848389999,16.348
"171",171,"100","1",1.5,0.15,1.89951229982833,0.255321283475852,0.526188510731432,-2.90615322639363,2371779025.59381,51642.78
"172",172,"100","2",1.5,0.15,2.14324032720334,0.272896900497209,0.518283453685751,-2.90269501442747,2788361546.73551,0
"173",173,"100","1",1.5,0.15,2.31188919184684,0.137600527306791,0.888501207054123,-2.37992866637261,27849005393119.7,4891.738
"174",174,"100","2",1.5,0.15,2.35119918157302,0.137150803042965,0.89879675884262,-2.38496071322696,37194239610192.3,2143.642
"175",175,"100","1",1.5,0.15,2.58642025853184,0.221169328228952,0.471334905582257,0.11829145964967,8.1562836235241e+19,38420.286
"176",176,"100","2",1.5,0.15,2.57828624606815,0.223877821290044,0.470531765783093,0.123543315186434,1.06739473732622e+20,113.88
"177",177,"100","1",1.5,0.15,1.48211640135867,0.160620067334834,-0.140298777902577,-0.194822127481403,85.0370015235291,1538.968
"178",178,"100","2",1.5,0.15,1.80968122060057,0.171172324998936,-0.13763553874189,-0.197806824855011,89.8177390971017,53.837
"179",179,"100","1",1.5,0.15,1.69870027664455,0.154262585401849,-0.942909065259006,-1.52117367529789,75276450.8191569,770.105
"180",180,"100","2",1.5,0.15,1.93669384876735,0.159095669287982,-0.946015547000239,-1.52043392462165,89287716.0795169,359.6
"181",181,"100","1",1.5,0.15,0.953511501640097,0.174682082793303,-0.689880690955153,-0.0396860337562722,2.53674152457028,5.162
"182",182,"100","2",1.5,0.15,1.37522377295576,0.19061533999103,-0.691716275395558,-0.0391200786332055,1.91117888783415,0.477
"183",183,"100","1",1.5,0.15,2.31979032975312,0.195074736642601,-0.752309748712483,0.208431129263259,2837286728641.68,2031.21
"184",184,"100","2",1.5,0.15,2.4061852103738,0.201616224666538,-0.755110335614993,0.210527422927466,3698293187378.71,3110.823
"185",185,"100","1",1.5,0.15,2.58010029033295,0.225794351401487,0.324266331997069,-0.178209670817669,210674.744773748,345.085
"186",186,"100","2",1.5,0.15,2.53587582723692,0.230111509528283,0.328052957947804,-0.174913466069105,260929.423682781,34.905
"187",187,"100","1",1.5,0.15,3.51012955306912,0.175249805991348,0.359801818240953,2.57643441578402,8.28391728106161e+27,3257.64
"188",188,"100","2",1.5,0.15,3.31603870867019,0.174598199507401,0.357851630305104,2.57194441858947,1.10286994034203e+28,3058.032
"189",189,"100","1",1.5,0.15,0.622102460766463,0.513460537703665,-0.325184700956633,-2.10537474810855,0.216572933960806,0.239
"190",190,"100","2",1.5,0.15,1.5862318073561,0.672631789605669,-0.323559573720712,-2.10743300708147,0.125451095966764,0.173
"191",191,"100","1",1.5,0.15,3.42076350553192,0.368562992647115,-0.477790683398567,-0.360036673775948,17070961166341576,2214.352
"192",192,"100","2",1.5,0.15,3.19296432429984,0.363312575422534,-0.478419754127114,-0.352481799208354,21508699591027016,2336064.372
"193",193,"100","1",1.5,0.15,2.03510566499799,0.186677911337815,0.947115153233591,0.0564306046514357,418878691179728,2706.336
"194",194,"100","2",1.5,0.15,2.20785997748939,0.189504032925147,0.947446844247633,0.055639541602783,539439836628558,8213.251
"195",195,"100","1",1.5,0.15,2.05988565524478,0.142196835538685,-0.799783231783818,0.355746712154509,255854168413.247,15563.778
"196",196,"100","2",1.5,0.15,2.15236674643265,0.14429390501334,-0.801581474318636,0.343046267890371,315929096293.258,1169791.627
"197",197,"100","1",1.5,0.15,2.27808128874609,0.166773208366881,0.804297003683136,-2.24981857583222,42804648954867.3,1882.606
"198",198,"100","2",1.5,0.15,2.36140564491481,0.167817923860758,0.801909434273953,-2.24841458808892,57367496753029.6,63388.509
"199",199,"100","1",1.5,0.15,1.9597260106399,0.193733760017576,1.32408449206276,3.16988433963284,12427519797.0878,224.146
"200",200,"100","2",1.5,0.15,2.20514674840288,0.198745155578866,1.33069292730729,3.16248031950943,15682192668.1841,290.359
"201",201,"100","1",2,0.15,2.77860710936367,0.133644868349511,0.215029266441628,-3.03910162373845,47270200225235.8,33379.053
"202",202,"100","2",2,0.15,2.77595875849414,0.133097923052738,0.218434354360536,-3.0654727152376,62246685910494.3,1932.624
"203",203,"100","1",2,0.15,2.61787630322784,0.28193645834419,-0.42473437110315,-3.88129761453665,1105990.74013816,655.22
"204",204,"100","2",2,0.15,2.66202280767699,0.279492764196284,-0.42788806649047,-3.86865666202766,1413902.85026095,47.28
"205",205,"100","1",2,0.15,3.03896432614016,0.132743643925721,-0.245311333649059,-0.753799447712717,5.14599174197618e+26,324116.64
"206",206,"100","2",2,0.15,2.9444243384967,0.13214864354485,-0.246552550447006,-0.753974661588587,6.96279642471827e+26,1251.263
"207",207,"100","1",2,0.15,3.22032477286356,0.244967558441691,0.0692621920574682,-1.3561786494234,7.93957962137018e+22,29154.801
"208",208,"100","2",2,0.15,3.00420244369513,0.240287129128583,0.0697508982271664,-1.35341361627354,1.02208556289495e+23,Inf
"209",209,"100","1",2,0.15,1.83569814401224,0.174377189157184,0.562825010404256,-1.52961208275185,382667.67942264,27508.256
"210",210,"100","2",2,0.15,2.0551794420191,0.181279788386968,0.563741374924183,-1.52902632520998,446765.371959459,1656.105
"211",211,"100","1",2,0.15,2.03828294477484,0.177359860845531,0.705955793513191,-0.981625208269632,714916304.782689,35687.798
"212",212,"100","2",2,0.15,2.16260282841277,0.177981777165382,0.707934392991327,-0.985573118242917,860965381.180326,276.767
"213",213,"100","1",2,0.15,2.82804924224411,0.166248753757503,0.591303757393954,4.81990775110149,6342476762915530752,6605.141
"214",214,"100","2",2,0.15,2.68185673040726,0.164572558973163,0.593559393347213,4.82288925777632,8778137296082824192,14850.04
"215",215,"100","1",2,0.15,1.6467286757779,0.149721700606515,0.416174520900764,-2.17516050201859,722688.84329216,1128.048
"216",216,"100","2",2,0.15,1.89357629379153,0.155848531567954,0.413303029339108,-2.18826499130501,807137.758168101,293.04
"217",217,"100","1",2,0.15,2.05476694387727,0.17412804817315,0.297665890505146,0.441674163874411,54234782606.3753,393.441
"218",218,"100","2",2,0.15,2.13082540410083,0.175020657367169,0.29791760268332,0.433123106846073,67150545234.3887,341.275
"219",219,"100","1",2,0.15,1.32125583293719,0.129765792304894,-0.645931673870624,0.741741480847778,30329.1180865527,635.569
"220",220,"100","2",2,0.15,1.57673962547663,0.135014219504194,-0.649180210856019,0.749018496381441,30348.9092680955,112.404
"221",221,"100","1",2,0.15,2.16355084883903,0.275762758968958,1.66732546105518,0.789410190758653,31731189114.0539,531921.16
"222",222,"100","2",2,0.15,2.21354464166456,0.27968577035466,1.66116702616953,0.792477316749625,39321041039.2368,234.137
"223",223,"100","1",2,0.15,1.58561462519091,0.311951405314661,1.34107618666089,3.93446973554601,4306.91138163551,429.832
"224",224,"100","2",2,0.15,2.05762812662668,0.363370794866325,1.34053628249939,3.93694821520025,4785.2082288956,12.977
"225",225,"100","1",2,0.15,1.52226363150624,0.137143683699776,-0.592283133553421,-6.04449249969071,12442.4181621709,851.49
"226",226,"100","2",2,0.15,1.77152685450201,0.142188948602714,-0.591957589425291,-6.07323640059329,13366.0090741112,785.342
"227",227,"100","1",2,0.15,2.31903726158609,0.307735357209603,-0.705960214518255,1.3410041435489,47044.0296562886,726.476
"228",228,"100","2",2,0.15,2.42059931949269,0.31031012916418,-0.707857118740199,1.35596423653584,57335.7200460025,6156
"229",229,"100","1",2,0.15,2.69183584000194,0.30837854583469,0.386669797106285,1.38924524432673,95330737964032240,1897.028
"230",230,"100","2",2,0.15,2.75860528745619,0.318096045905242,0.389044621966872,1.38983812291211,124777845290769440,14895.27
"231",231,"100","1",2,0.15,2.64060349337743,0.140761967887272,0.473956958308158,2.18781345773684,13668559.0115722,518.85
"232",232,"100","2",2,0.15,2.56181539719669,0.139867226451135,0.480663218247372,2.19838180908261,17923264.1499461,2031.847
"233",233,"100","1",2,0.15,2.73866872908753,0.157949803633083,0.0638421949980851,-0.671449481689087,2494315885942405632,2325.958
"234",234,"100","2",2,0.15,2.72355902504765,0.156925252947859,0.0678378947225508,-0.683271536372829,3382423030109728768,3379.755
"235",235,"100","1",2,0.15,2.3395531032926,0.212056738453794,-0.681762478162501,2.39989968642605,37927807125487.6,37383.332
"236",236,"100","2",2,0.15,2.3737719375119,0.214683844421137,-0.679676272356522,2.39710182382622,49041182749510.6,0
"237",237,"100","1",2,0.15,2.58128420929007,0.175161506195559,-1.47883546149883,-0.527891572685346,379850151279003,3737.201
"238",238,"100","2",2,0.15,2.62795353738434,0.175997121746987,-1.47186765897658,-0.516152903134067,500437401302765,159.907
"239",239,"100","1",2,0.15,2.45744616849133,0.205878436540616,-1.10631952233949,1.98610295427561,8480548388585498,700.041
"240",240,"100","2",2,0.15,2.52790894967486,0.208075733164619,-1.10997453894157,1.98589208049921,11405165713419910,834.511
"241",241,"100","1",2,0.15,3.81351260658034,0.199702960344916,1.07830961175789,1.00773142752439,3.60344542095619e+35,40358.752
"242",242,"100","2",2,0.15,3.72974150122047,0.200181045449102,1.08203252312613,1.00957901067504,4.65969981961542e+35,6623632.072
"243",243,"100","1",2,0.15,1.8739502188876,0.161004042419253,0.0891058807369989,-0.0809038421195922,25571869.8003573,1807.345
"244",244,"100","2",2,0.15,2.07454268688681,0.166472808542444,0.0895124417722128,-0.0821329732125367,30581947.3990951,342.39
"245",245,"100","1",2,0.15,2.35976665465429,0.152780773489297,0.811275889536357,-1.032186615126,314682861493405,34094.621
"246",246,"100","2",2,0.15,2.44181810009596,0.154208615554266,0.812609353045882,-1.03293818008513,416014134640474,19047.725
"247",247,"100","1",2,0.15,2.61663297360227,0.18445517458517,2.11157822545579,0.843930638462826,1.46916889511066e+23,2445.403
"248",248,"100","2",2,0.15,2.56349804038807,0.184760222669971,2.1276358983819,0.858040428892274,1.96269780191406e+23,252.571
"249",249,"100","1",2,0.15,2.42865896767433,0.230381698174407,0.649638191574306,-0.884853466253371,3182193092554.05,138681.405
"250",250,"100","2",2,0.15,2.51079127778608,0.229481073348647,0.651435824505726,-0.892160691735906,4107752170537.51,1168.251
"251",251,"100","1",2,0.15,3.55402258349113,0.211331934469592,3.10363022966043,0.20381662119247,21627265663705892,12225.599
"252",252,"100","2",2,0.15,3.3174283313639,0.21269331896925,3.09495800980438,0.206755261152628,28306223348720776,362.118
"253",253,"100","1",2,0.15,2.7152000717853,0.195468778283274,-1.24529704307061,-1.30725093046765,1.99769209261926e+23,5376.999
"254",254,"100","2",2,0.15,2.66597706899303,0.193365350687451,-1.24382430801238,-1.30243000131969,2.65204335337544e+23,1689.641
"255",255,"100","1",2,0.15,4.24003260738379,0.29630901761711,2.34169777677731,-0.602015733822105,1.27371043618733e+40,8937447727.65
"256",256,"100","2",2,0.15,3.98924516085729,0.292220292036637,2.33988666459159,-0.618443917515229,1.5656418229369e+40,105068.702
"257",257,"100","1",2,0.15,3.36909853047307,0.207924889278248,0.239326010975973,-2.05774989151753,3.21153568116458e+32,10673.092
"258",258,"100","2",2,0.15,3.21313955257459,0.206190390092987,0.244778562644468,-2.04572635462741,4.38152598856958e+32,12684827.187
"259",259,"100","1",2,0.15,0.754967269942309,0.29751738554594,0.595509289765999,-3.13035657087956,0.466820170236084,0.508
"260",260,"100","2",2,0.15,1.54095959082588,0.352715563097649,0.592427700708017,-3.15645129090638,0.31624119818881,0
"261",261,"100","1",2,0.15,1.86830199554137,0.14717414169333,0.247268876432112,0.182900399310863,112658682.992651,351.834
"262",262,"100","2",2,0.15,2.00467724646346,0.149761350893174,0.247616552792996,0.178276140653415,134850758.256214,1575.448
"263",263,"100","1",2,0.15,1.88021202198012,0.138665575919465,1.27628014721236,-0.340102468808802,4209135.64785588,3029.037
"264",264,"100","2",2,0.15,2.02933042371203,0.142544151953299,1.27527346960786,-0.338129433676699,4976444.49386375,812.687
"265",265,"100","1",2,0.15,1.96008068709878,0.167248139113178,0.636334141395708,-1.78331496920949,2704466326188.68,66906325.999
"266",266,"100","2",2,0.15,2.13786269648413,0.168696065314683,0.642024732129809,-1.78376358193413,3360174409327.54,2842.053
"267",267,"100","1",2,0.15,3.44412521636181,0.151258711283825,1.11724404025209,0.757934191665542,2.65165716843541e+20,4297.346
"268",268,"100","2",2,0.15,3.26075413804308,0.149755027813706,1.11594856842365,0.770132474400777,3.57811729787342e+20,2499.661
"269",269,"100","1",2,0.15,1.81042217399237,0.133825412651752,1.32283419468375,-2.36949658573583,1245.86766622833,602.779
"270",270,"100","2",2,0.15,2.02201707681553,0.138391629876951,1.32722710620255,-2.37668974597395,1470.18368411612,310.585
"271",271,"100","1",2,0.15,2.15031093810308,0.20981050821063,0.751270283302937,-3.76502024253108,21349763868789988,470.98
"272",272,"100","2",2,0.15,2.38790082003476,0.220651953946184,0.748291516259903,-3.77357104309958,27453454334328644,3854.388
"273",273,"100","1",2,0.15,2.80996130999477,0.1323284150354,1.2234219100822,-3.26747786377552,7.53246031331024e+20,60036.581
"274",274,"100","2",2,0.15,2.78267882685488,0.133375666930654,1.21894045895982,-3.24834659406875,1.02367001815292e+21,16456.177
"275",275,"100","1",2,0.15,3.07921274131699,0.208493228595563,0.571880494401898,0.124162080250381,5.23363751895986e+28,6386.37
"276",276,"100","2",2,0.15,2.98120506523679,0.206752975500713,0.573783861766173,0.123487129736162,6.94193576721439e+28,1236273.5
"277",277,"100","1",2,0.15,1.82007978616062,0.157755610778712,-0.207906557866554,-0.330527949984691,7184.36089201468,205.729
"278",278,"100","2",2,0.15,2.01992854372963,0.161445261284873,-0.207729189596985,-0.329528254951155,8401.36053912057,659.21
"279",279,"100","1",2,0.15,1.9507606659082,0.145564008605257,-1.25264496443521,-2.11447016030278,8723414570321.73,23522.493
"280",280,"100","2",2,0.15,2.13792740392257,0.146608732001975,-1.25704673942436,-2.13165895369632,11086203426032.7,215005.624
"281",281,"100","1",2,0.15,1.17856314334947,0.147577126577938,-0.959932456194089,0.0262383201303612,81.5033675444821,21.859
"282",282,"100","2",2,0.15,1.50593221723786,0.157028456567887,-0.96408515534387,0.0273576350634461,74.1815497543176,54.186
"283",283,"100","1",2,0.15,2.59563917067511,0.173892996343988,-1.00164466157112,0.236355893107982,6095701511279275008,11450.568
"284",284,"100","2",2,0.15,2.62349494960976,0.173904912380216,-1.00676396259427,0.228867228095537,8278900255772108800,447714293.722
"285",285,"100","1",2,0.15,3.06335245402699,0.201623188409544,0.472743362600604,-0.475687774968455,79806325097.8554,1377.254
"286",286,"100","2",2,0.15,2.93533595486007,0.197947634701509,0.47467126733463,-0.48816590633223,101957145926.381,1102.531
"287",287,"100","1",2,0.15,4.62255814734667,0.17924408333245,0.484344637043505,3.50859221168978,2.1411834197068e+37,13713.46
"288",288,"100","2",2,0.15,4.15171188187393,0.176210552355784,0.479587260708857,3.49510061649892,2.66746066252217e+37,5494.134
"289",289,"100","1",2,0.15,0.623524452007378,0.519616408376987,-0.408441845955205,-2.77446935782893,0.238613328926623,0.206
"290",290,"100","2",2,0.15,1.63474553937288,0.671416114719438,-0.40931900426135,-2.77624778851523,0.144662206181182,0.232
"291",291,"100","1",2,0.15,3.36918690703566,0.251155359590426,-0.648930942359327,-0.636047166939676,9.73582307398946e+22,8748.307
"292",292,"100","2",2,0.15,3.28042241628293,0.25117794459091,-0.65385578735362,-0.626850106339806,1.25515911139875e+23,363.344
"293",293,"100","1",2,0.15,2.51936998898249,0.184016042877424,1.28398514996392,0.0574106128633566,3.13592862070515e+21,2025.212
"294",294,"100","2",2,0.15,2.56526234068785,0.186371065946697,1.27778273922733,0.0555157161320968,4.27668759323054e+21,22394.495
"295",295,"100","1",2,0.15,2.49281012457619,0.13854882169031,-1.0395252094773,0.768517553456894,284201728995485408,5167.521
"296",296,"100","2",2,0.15,2.51097330148048,0.138590271652742,-1.0384559409682,0.778529869543742,380440032280543488,18860.814
"297",297,"100","1",2,0.15,2.68527507452731,0.161662281812697,1.05984307953982,-2.92625906321626,85054144282142834698,33649.485
"298",298,"100","2",2,0.15,2.6986295119121,0.161270148953222,1.06209897801606,-2.93758563468851,1.1601594777154e+20,3763.918
"299",299,"100","1",2,0.15,2.52066270559582,0.191197061853564,1.68833104062139,4.31310011774711,26702943217895760,154494.099
"300",300,"100","2",2,0.15,2.56785821943645,0.192835758039472,1.68920161624266,4.3239537908405,35921311397180000,6623.166
"317",1,"100","1",1,0.7,1.79471053309192,0.484553358884408,0.487836751747858,1.60708070447047,10.4327903558544,6.26
"318",2,"100","2",1,0.7,2.19521892025972,0.520925770963801,0.483479209118986,1.60768103194729,11.116090685851,533.54
"319",3,"100","1",1,0.7,0.649642251199412,0.422042200026497,0.640647869083175,-0.896906963055654,0.303920597101901,0.257
"320",4,"100","2",1,0.7,1.61899332513021,0.624329160842556,0.641846689259054,-0.890507247378538,0.188922939970111,0.328
"321",5,"100","1",1,0.7,0.867958005366079,0.45700125378521,-0.185192257587124,-0.746512293151759,0.510883044626285,0.44
"322",6,"100","2",1,0.7,1.76513778742039,0.580512402995267,-0.190974206206054,-0.762243447985856,0.376581534851132,0.425
"323",7,"100","1",1,0.7,0.918196681923606,0.418680772110332,0.810001972130384,1.0201753298748,0.516431594793517,0.44
"324",8,"100","2",1,0.7,1.71811381810741,0.520471907807728,0.806467682754294,1.01760672483404,0.365620844228011,0.413
"325",9,"100","1",1,0.7,0.767567349148474,0.498576152581923,0.863660689875664,0.143504965662719,0.280256185668724,0.282
"326",10,"100","2",1,0.7,1.65994281052806,0.642123338119295,0.862437955682713,0.141888158711163,0.170052873787814,0.26
"327",11,"100","1",1,0.7,0.581857952401394,0.428082822438332,0.811781097694457,0.27233487193348,0.255121494456085,0.305
"328",12,"100","2",1,0.7,1.56143780995951,0.599183379141485,0.81523157367956,0.281649634115289,0.148231512659061,0.295
"329",13,"100","1",1,0.7,1.17952970026031,0.485430355834482,-0.647234862157781,-0.245385639535454,1.10357654542776,1.043
"330",14,"100","2",1,0.7,1.8894058916211,0.569778596191577,-0.647734625011409,-0.245987063112016,0.881741988866767,0.66
"331",15,"100","1",1,0.7,0.670732503699959,0.393151434487088,0.637676162241411,0.00227898169808546,0.319657183645956,0.378
"332",16,"100","2",1,0.7,1.62020571776611,0.530588875796103,0.637715553507012,0.00222584840114255,0.203567031874414,0.322
"333",17,"100","1",1,0.7,0.555727012920451,0.472194856654927,0.263939291648685,-0.102796491923159,0.223091511071589,0.182
"334",18,"100","2",1,0.7,1.57893894654869,0.656738443793193,0.263986073640062,-0.0990184079050104,0.126377481017596,0.192
"335",19,"100","1",1,0.7,0.621891585791994,0.459925817901556,-0.750263845700684,0.0209271545909196,0.234957311318144,0.221
"336",20,"100","2",1,0.7,1.5243995530317,0.635790482068191,-0.741204021504226,0.0205855537302059,0.138631166011458,0
"337",21,"100","1",1,0.7,0.619163690987704,0.467544715935663,0.346518614517209,1.18984944535851,0.266005134771034,0.292
"338",22,"100","2",1,0.7,1.63097403743025,0.644226950802711,0.339405318450066,1.19179544365173,0.164582645707957,0.251
"339",23,"100","1",1,0.7,0.712363848453378,0.427882097474884,0.0318749904733844,-0.00479861593632179,0.309678140210132,0.272
"340",24,"100","2",1,0.7,1.6083988437044,0.541185305664474,0.0265928925818365,-0.0047471030988007,0.195926085187081,0.246
"341",25,"100","1",1,0.7,1.52103948198977,0.368832733579868,1.23064416369451,-1.24502310187238,5.86542890408703,8.949
"342",26,"100","2",1,0.7,2.06035537492735,0.417514355160036,1.23502178980634,-1.24787965855545,5.82975728445433,6.6
"343",27,"100","1",1,0.7,0.689062932976847,0.500580119116206,-0.317073714508973,-0.0411709422016014,0.267209452879611,0.342
"344",28,"100","2",1,0.7,1.66570472547612,0.652429531709094,-0.318196224595183,-0.0409490125164441,0.165502286488045,0
"345",29,"100","1",1,0.7,0.680909009312775,0.390885959369329,0.530019580293235,-1.2092908658654,0.346775978251717,0.402
"346",30,"100","2",1,0.7,1.57224266471418,0.499582242565394,0.531732978918198,-1.21671717035936,0.223323621516467,0.309
"347",1,"100","1",0,0.15,0.605303805714162,0.516901019813068,0.119559099101479,-0.0248596955538973,0.222657334197223,0.433
"348",2,"100","2",0,0.15,1.57601420808208,0.685329232035936,0.121609880783861,-0.0249027233667695,0.124781880207308,0
"349",3,"100","1",0,0.15,0.565493064403501,0.505412162899342,-0.0228063196498328,-0.255769199414487,0.206919139771626,0.237
"350",4,"100","2",0,0.15,1.5720939529439,0.699080781317376,-0.0274753549989753,-0.25396202102543,0.116089704203203,0.119
"351",5,"100","1",0,0.15,0.608393796872649,0.481179864520655,0.0117069986644622,0.225440989265515,0.258417956954234,0.446
"352",6,"100","2",0,0.15,1.58586877870757,0.640035902365404,0.0125045650963911,0.231990486690939,0.151604184314511,0.167
"353",7,"100","1",0,0.15,0.709569077986636,0.460476189323692,0.1084749045831,-0.553993965725767,0.302475531860112,0.282
"354",8,"100","2",0,0.15,1.67092239438572,0.60056413658606,0.107390968509763,-0.555088514365935,0.193248614086479,0.193
"355",9,"100","1",0,0.15,0.656379068320624,0.383725834408095,0.0381636916845519,-0.00297503868450212,0.323658944252425,0.246
"356",10,"100","2",0,0.15,1.53993492830001,0.50468282441319,0.0338684669511811,-0.00298323866908646,0.197739615357572,0
"357",11,"100","1",0,0.15,0.581708516664567,0.470351300743211,-0.00946268740104593,-0.163466801148707,0.230212492471653,0.202
"358",12,"100","2",0,0.15,1.57678748584552,0.647677247981528,-0.00953980806223385,-0.163192811477825,0.134000916639134,0.129
"359",13,"100","1",0,0.15,0.508311088727012,0.443255982680828,0.140914565686813,-0.348792654146454,0.218839464548232,0.178
"360",14,"100","2",0,0.15,1.56364530995455,0.658815262096001,0.145090288969576,-0.339916148738385,0.124754792678552,0.153
"361",15,"100","1",0,0.15,0.579111171299217,0.472827161522417,-0.087543999208062,-0.0436916835230505,0.238326358215562,0.223
"362",16,"100","2",0,0.15,1.5991619646316,0.649895242676314,-0.0852969455363783,-0.0427036205966988,0.138112696636926,0
"363",17,"100","1",0,0.15,0.566360347237515,0.483769602940401,-0.0517031087117681,-0.0565616892685435,0.240872812395651,0.188
"364",18,"100","2",0,0.15,1.62183483728966,0.661539964914327,-0.0554159102955683,-0.0572956442660955,0.137465280675712,0.149
"365",19,"100","1",0,0.15,0.605691285912562,0.475628310317203,-0.148984371239561,0.408010517705871,0.248392144660906,0.206
"366",20,"100","2",0,0.15,1.54265298360326,0.617982878677227,-0.145357990555179,0.400045729537134,0.147917650655685,0
"367",21,"100","1",0,0.15,0.626089727786077,0.473303142114574,-0.134592820959737,0.324464419052804,0.254498035538672,0.21
"368",22,"100","2",0,0.15,1.57408398559406,0.634422001622388,-0.134362418803628,0.310593464610552,0.149025258241204,0.18
"369",23,"100","1",0,0.15,0.913349972314681,0.462887065522943,-0.034335600457481,0.178926797305485,0.408069822196498,0.534
"370",24,"100","2",0,0.15,1.76007780710457,0.602986667248778,-0.0376306639706642,0.178726846439428,0.294619692368715,0.305
"371",25,"100","1",0,0.15,0.69889197050492,0.463635809792093,-0.0687246050780321,-0.191258259403667,0.284747495787948,0.978
"372",26,"100","2",0,0.15,1.66577305749386,0.5766777163862,-0.0641254461482801,-0.198105390517528,0.185089877595527,0.225
"373",27,"100","1",0,0.15,1.03383399503754,0.400627048860356,0.0556113941748781,-0.64576212159729,0.86935889051251,1.032
"374",28,"100","2",0,0.15,1.73262070638068,0.469460225750363,0.050296986859886,-0.656619764198934,0.685909329554327,0.441
"375",29,"100","1",0,0.15,0.633243444001447,0.400295719372139,0.104144270985967,-0.239415046301037,0.284341319093762,0.281
"376",30,"100","2",0,0.15,1.49490734729547,0.541463920491535,0.104602446985555,-0.238974670245794,0.162017800164429,0.163
"377",31,"100","1",0,0.15,0.564401412086762,0.491006936820407,0.0641571952784184,-0.16195107201412,0.219141848986363,0.251
"378",32,"100","2",0,0.15,1.602542555927,0.669019252808659,0.0588344824159946,-0.164199787089164,0.128110318297435,0.192
"379",33,"100","1",0,0.15,0.883529738394722,0.163931684018954,-0.0163619210707459,-0.336718969305015,0.550046383947668,0.682
"380",34,"100","2",0,0.15,1.42372400044473,0.172504044400619,-0.0154034405514275,-0.351450575817134,0.35815560702054,0.369
"381",35,"100","1",0,0.15,0.625207493005413,0.487782255274022,-0.120918424782931,-0.142079716130915,0.235532793505721,0.212
"382",36,"100","2",0,0.15,1.61280689011619,0.673443305607503,-0.126472315759778,-0.141854148684069,0.135137018352143,0.152
"383",37,"100","1",0,0.15,0.673365881207612,0.534106585544383,0.0166181494573945,-0.172804487235449,0.240405049091713,0.24
"384",38,"100","2",0,0.15,1.62436687743249,0.655847966082786,0.0124601466346248,-0.176652603490687,0.140862795577567,0.165
"385",39,"100","1",0,0.15,0.552170124374876,0.488614923624758,0.00827998220658576,0.365711637077753,0.212861285461789,0.239
"386",40,"100","2",0,0.15,1.59844436925032,0.698680288993941,0.00396678145178404,0.363512941774609,0.1201572049059,0
"387",41,"100","1",0,0.15,0.57872448158881,0.457060589073275,0.0702657266388771,-0.0719588358195328,0.247688562552366,0.247
"388",42,"100","2",0,0.15,1.56915157102806,0.628191301181058,0.0705431468694379,-0.0725868454554126,0.142070826381994,0.165
"389",43,"100","1",0,0.15,0.911307412076934,0.39153650221116,0.080737670709438,-0.11323156406724,0.439765918402645,0.561
"390",44,"100","2",0,0.15,1.71555972267785,0.462136863601593,0.084457939756543,-0.109385465740128,0.309166041512077,0.312
"391",45,"100","1",0,0.15,1.04297082649757,0.475441515048466,0.0886393169491036,0.0116272191604538,0.635990063995164,0.435
"392",46,"100","2",0,0.15,1.84470929218423,0.578971534087062,0.0812513666340741,0.0110219171194314,0.50913008643331,0
"393",47,"100","1",0,0.15,0.60876831067772,0.354028035363979,-0.133653872578647,0.0266159478769817,0.305532767967831,0.223
"394",48,"100","2",0,0.15,1.52578427927749,0.495998179158679,-0.128954673162162,0.0265707564961943,0.173436420191441,0.203
"395",49,"100","1",0,0.15,0.589288591607374,0.475964200832971,-0.181934828811007,0.0847199618736927,0.212793423945067,0.181
"396",50,"100","2",0,0.15,1.58326567675085,0.670995789699764,-0.181003158123488,0.0857517928680942,0.12384131475874,0.133
"397",51,"100","1",0,0.15,0.617051369562811,0.50851130812452,-0.0875413999457997,-0.258154050059634,0.210432261511649,1.023
"398",52,"100","2",0,0.15,1.59319432249098,0.687797831962759,-0.0853539748805797,-0.262964206033645,0.118217642446398,0
"399",53,"100","1",0,0.15,0.611750844012397,0.43135943777314,0.0304851583396634,0.159850071289924,0.26982028912064,0.231
"400",54,"100","2",0,0.15,1.65019937053011,0.568137449067704,0.0254301964076848,0.160559038079781,0.170577881961643,0.156
"401",55,"100","1",0,0.15,0.645417436795916,0.402016500362327,-0.0149920126210582,0.315796024534951,0.338095240160302,0.289
"402",56,"100","2",0,0.15,1.57998884942389,0.511195235876619,-0.0240750845398834,0.321767146858653,0.207310204162203,0
"403",57,"100","1",0,0.15,1.07912371953662,0.36307713706,-0.117161054949335,-0.206147820375029,0.680121581169577,0.685
"404",58,"100","2",0,0.15,1.73719651448223,0.411687503195761,-0.121687413697758,-0.212790076793008,0.49774176742401,0.509
"405",59,"100","1",0,0.15,0.70188421284671,0.468319212751749,-0.0740814618643573,0.250531049792295,0.296688567338058,0.257
"406",60,"100","2",0,0.15,1.63703579071415,0.595037522184711,-0.072459066462119,0.249629873199966,0.1836888843318,0.166
"407",61,"100","1",0,0.15,0.984363867643961,0.478416301453369,-0.0115644210215536,0.243555007724718,0.534285115805363,0.416
"408",62,"100","2",0,0.15,1.79918789184437,0.570178921432479,-0.017922765294516,0.243952809496521,0.395211883616537,Inf
"409",63,"100","1",0,0.15,1.01007587855577,0.35854167643102,-0.0760950391555642,-0.295704360380949,1.19450622385068,1.197
"410",64,"100","2",0,0.15,1.69268809039557,0.437805224304292,-0.077394445012799,-0.298348968762845,0.941387461182547,0.58
"411",65,"100","1",0,0.15,0.571315165086675,0.38118954775576,0.0542337581841638,-0.0491763814541627,0.261045741216649,0.218
"412",66,"100","2",0,0.15,1.53177992935422,0.558378910382452,0.0583123509559944,-0.048473176645404,0.152805888351166,0
"413",67,"100","1",0,0.15,0.535510848169439,0.485163561739724,-0.000572870268447032,0.11738737286984,0.247341645054173,0.255
"414",68,"100","2",0,0.15,1.64693417215632,0.675897369136924,-0.00577158001777572,0.120435247076543,0.147397484744162,0
"415",69,"100","1",0,0.15,0.549407929672671,0.48466133960673,0.190809420349831,-0.322819080980623,0.220526044691975,0.269
"416",70,"100","2",0,0.15,1.56162023208633,0.675162494032364,0.190266581769238,-0.315420157568299,0.121575999039627,0.139
"417",71,"100","1",0,0.15,0.554824771079848,0.523698441439875,0.0640895700326636,-0.117631555737517,0.202172042414924,0.182
"418",72,"100","2",0,0.15,1.57911799237922,0.700660106274177,0.0628527408771507,-0.116234633112744,0.116619258700891,0.129
"419",73,"100","1",0,0.15,0.546284071025807,0.424709400786733,-0.0918588818610065,-0.0703020687410855,0.23535609485467,0.203
"420",74,"100","2",0,0.15,1.57481603074715,0.624543241066527,-0.0889675479450191,-0.0689729296808497,0.132522096588035,0.148
"421",75,"100","1",0,0.15,0.614517697289479,0.487963115467725,0.0130249265439398,0.0566951594700149,0.242026616481253,0.182
"422",76,"100","2",0,0.15,1.66989070509049,0.658852124746069,0.0156085053639645,0.0579447901143952,0.150435451165658,0
"423",77,"100","1",0,0.15,0.721758379114823,0.238785136108733,0.0506113379869065,0.324246897753369,0.413054896283264,0.496
"424",78,"100","2",0,0.15,1.48338277469937,0.267723015785043,0.052952864759212,0.304266374189945,0.27653058797682,0.244
"425",79,"100","1",0,0.15,0.791312942338267,0.470549898883457,0.059502552214364,0.0675447071808516,0.392619431971964,1.126
"426",80,"100","2",0,0.15,1.68955356317484,0.599150885245594,0.0650270883052189,0.0694343374099493,0.266453347657273,0.229
"427",81,"100","1",0,0.15,0.549574266172114,0.457963685961161,0.186037402400929,-0.012369543203003,0.250231392812338,0.199
"428",82,"100","2",0,0.15,1.54555234659275,0.61592824457507,0.185445709139987,-0.0122112252158237,0.148831809711742,0.154
"429",83,"100","1",0,0.15,0.876049581129157,0.37898402825249,0.0290033743904026,-0.0344638930223795,0.471563235469473,0.352
"430",84,"100","2",0,0.15,1.7477773186038,0.479339590002018,0.0324267787051866,-0.0346598863432173,0.355869868688457,0.282
"431",85,"100","1",0,0.15,0.847580841213928,0.40289817309389,0.0673380250619416,0.217976521809561,0.415547461010969,0.49
"432",86,"100","2",0,0.15,1.74324047073863,0.49329568490734,0.0652455498466286,0.20577643946174,0.299702879567256,0.327
"433",87,"100","1",0,0.15,0.700805184287073,0.439913965282709,-0.118919488800371,-0.0567036283697579,0.307487526514434,0.516
"434",88,"100","2",0,0.15,1.65601988265996,0.549864752785307,-0.11737243842357,-0.0586480127240222,0.19733324964805,0.209
"435",89,"100","1",0,0.15,0.668431148282506,0.498394842591322,0.0646527494048784,0.0103502811976771,0.25146948587503,0.233
"436",90,"100","2",0,0.15,1.57965591294496,0.635990760109525,0.0696521098731333,0.0101434525378326,0.146677711434295,0
"437",91,"100","1",0,0.15,0.525080916865741,0.415294582770303,0.0199899796961657,-0.16862874071147,0.249641368350948,0.25
"438",92,"100","2",0,0.15,1.5005135096331,0.579256291150982,0.0138678583461455,-0.166715131589495,0.144766457025184,0.139
"439",93,"100","1",0,0.15,0.889059269096013,0.33997833741229,0.0564868741958712,0.323025663281397,0.813162592645805,0.954
"440",94,"100","2",0,0.15,1.73405330510847,0.390796943347663,0.0547520598538176,0.324399518830435,0.611044134785988,0.6
"441",95,"100","1",0,0.15,0.774643693127564,0.44322570682699,0.0149008129131946,-0.058662277293498,0.446865465616999,0.392
"442",96,"100","2",0,0.15,1.72218216548564,0.573196595917775,0.0096414273893373,-0.058643981228465,0.308774109759977,0.282
"443",97,"100","1",0,0.15,0.814272339984188,0.317600169899374,-0.0895509214607755,-0.031097245404894,0.453162227529991,0.494
"444",98,"100","2",0,0.15,1.54355169311392,0.351080079978526,-0.0858756208154963,-0.0312022035347309,0.309680368207811,0
"445",99,"100","1",0,0.15,0.934515957632329,0.377858652376029,-0.119329881374543,0.174031294903931,0.911149057365987,0.463
"446",100,"100","2",0,0.15,1.74182711227571,0.459267411614379,-0.117484680484391,0.178938224948717,0.711668541150197,0
"447",101,"100","1",0.5,0.15,1.93296382280424,0.395804772760708,0.0167763454289352,-0.423314470014375,22.1245012448808,40.578
"448",102,"100","2",0.5,0.15,2.26734121847737,0.429718221813963,0.0208864550085523,-0.415472277026052,24.581804336843,2.771
"449",103,"100","1",0.5,0.15,0.830146087761557,0.453550773882642,-0.0909992438168236,-1.0030959464039,0.385568909686632,0.302
"450",104,"100","2",0.5,0.15,1.73926636468885,0.555480034231693,-0.0924497449191151,-0.998715088499774,0.264989410970748,0.262
"451",105,"100","1",0.5,0.15,2.16936187976486,0.325828510906554,-0.0678837663446583,-0.451357410728399,195088.025871176,856.327
"452",106,"100","2",0.5,0.15,2.26055097852488,0.332283816914708,-0.0604186219926879,-0.444497563724903,239191.681037473,92.413
"453",107,"100","1",0.5,0.15,1.3021361549686,0.378784748390122,-0.00613137839769779,-0.0158223737862967,9.14248581439569,6.696
"454",108,"100","2",0.5,0.15,1.90578334363308,0.441609021325553,-0.00958574794335374,-0.0151685387547564,8.51731057949253,7.208
"455",109,"100","1",0.5,0.15,0.695468024421562,0.459442723342081,0.145275102900071,-0.260972205564885,0.344960740363189,0.224
"456",110,"100","2",0.5,0.15,1.67929496405165,0.61052057268927,0.140952957270997,-0.271229206905922,0.224554395418608,0
"457",111,"100","1",0.5,0.15,0.832260337810978,0.266030913597904,0.237116498353737,-0.15478036180301,0.674510165931332,0.688
"458",112,"100","2",0.5,0.15,1.55794244502552,0.28606291623995,0.240071676587531,-0.15220266537792,0.493330072569652,0
"459",113,"100","1",0.5,0.15,0.718264993928703,0.295043188592504,0.12125574469325,0.828709541689727,0.42880531976009,0.408
"460",114,"100","2",0.5,0.15,1.56528312115616,0.341918048405832,0.127939386490533,0.852904521313877,0.281463938928581,0.257
"461",115,"100","1",0.5,0.15,0.822293339581637,0.318687754973237,0.0830033124740094,-0.137543935057737,0.462940044624938,0.725
"462",116,"100","2",0.5,0.15,1.42641682801831,0.349547847661969,0.0787434342975527,-0.136334939305526,0.30311558167487,0.284
"463",117,"100","1",0.5,0.15,1.04065310921178,0.410068465078614,0.0829863774419802,0.247529327709157,0.894481576696871,0.934
"464",118,"100","2",0.5,0.15,1.82607437358243,0.506329054395768,0.0794987306779652,0.249339144263768,0.694229220181373,0.6
"465",119,"100","1",0.5,0.15,0.778394673940039,0.283900274792988,-0.229236436548898,-0.0681385520401927,0.608787892599709,0.529
"466",120,"100","2",0.5,0.15,1.4270687905548,0.346798964664584,-0.229639526988404,-0.068975931126206,0.397947464142277,0
"467",121,"100","1",0.5,0.15,0.867133556527547,0.344802129047051,0.559811883193691,-0.00275795145591114,0.893862186050963,1.2
"468",122,"100","2",0.5,0.15,1.62290191496803,0.418671242600431,0.559357123936408,-0.002964897768225,0.63826136996428,0.434
"469",123,"100","1",0.5,0.15,0.780552988928861,0.46890439011269,0.359928477277424,0.590283115174482,0.402490290871866,0.327
"470",124,"100","2",0.5,0.15,1.72152696475536,0.563832023853063,0.361320237381739,0.597278002798549,0.281622189375263,0
"471",125,"100","1",0.5,0.15,1.06787318954803,0.292118503542032,-0.0177704713969857,-1.51890657164198,1.24632166854962,1.963
"472",126,"100","2",0.5,0.15,1.73498892156721,0.345546522188531,-0.0200322355630613,-1.49934045354862,1.00519855607533,0.728
"473",127,"100","1",0.5,0.15,0.914000682475818,0.480706037316177,-0.0516058588644945,0.631821421744261,0.453206763413546,0.357
"474",128,"100","2",0.5,0.15,1.81418048075785,0.580688263552709,-0.0460885010943644,0.634461992633895,0.327486372416825,0.339
"475",129,"100","1",0.5,0.15,1.34493767880608,0.428035356425332,0.106118510046599,0.363501357116193,3.24787884517524,23.944
"476",130,"100","2",0.5,0.15,2.01025072605019,0.512144978019604,0.108744965177655,0.367331501182209,3.20525127364055,1.942
"477",131,"100","1",0.5,0.15,0.646693590327344,0.463035264240867,0.249418921522662,0.377842783026617,0.264008978146015,0.263
"478",132,"100","2",0.5,0.15,1.63850821122267,0.648480020679196,0.250911538816779,0.37701126389885,0.165573279660767,0.174
"479",133,"100","1",0.5,0.15,2.04181130242676,0.455419811772501,0.100155329449612,-0.182516200452967,69.0509097018099,41.129
"480",134,"100","2",0.5,0.15,2.28500760998802,0.493411960382944,0.101545636868673,-0.177009160645326,75.7195544861377,3.025
"481",135,"100","1",0.5,0.15,1.82337616555564,0.481377881786518,-0.233047858034877,0.297581617870596,32.518009414741,32.393
"482",136,"100","2",0.5,0.15,2.18194627857529,0.514132572097756,-0.229680376316207,0.28385717466793,35.180226008806,5.974
"483",137,"100","1",0.5,0.15,1.0322925205396,0.18523784012774,-0.388692766716702,0.33959832759215,10.5906145605783,7.059
"484",138,"100","2",0.5,0.15,1.48363407135604,0.204761325042587,-0.389844328151298,0.345559650564842,8.88557234582204,3.234
"485",139,"100","1",0.5,0.15,1.34402863832187,0.327526606594866,-0.235688687927851,0.278542256728127,10.4942875861121,29.858
"486",140,"100","2",0.5,0.15,1.91363746115883,0.366550725818725,-0.231129327881163,0.278102698607997,9.63791775439062,1.369
"487",141,"100","1",0.5,0.15,1.44884161305659,0.233318475010483,0.161395746467718,0.407753849507594,36448.4041898201,68.455
"488",142,"100","2",0.5,0.15,1.81572863565968,0.248679924177298,0.158162793667654,0.396693003186033,38355.3735151596,100.674
"489",143,"100","1",0.5,0.15,1.0489968407465,0.309177265062019,-0.047052620337597,0.213292649624508,1.02435392578118,0.837
"490",144,"100","2",0.5,0.15,1.706915660873,0.412387976803117,-0.0464909854357607,0.218276259749923,0.803444896104531,0.542
"491",145,"100","1",0.5,0.15,1.28058906540058,0.491363053406456,0.173573904969726,0.022487536229448,1.63215312895806,1.136
"492",146,"100","2",0.5,0.15,1.94560912090964,0.565543418278285,0.1713979738067,0.0230824841218232,1.42757119059778,2.216
"493",147,"100","1",0.5,0.15,1.07119128100006,0.368429797080416,0.53373407400952,-0.024134930560993,2.51981472843885,1.559
"494",148,"100","2",0.5,0.15,1.76959313702106,0.43189487797051,0.535884694609826,-0.0233982162362512,2.20652679816977,0.893
"495",149,"100","1",0.5,0.15,1.49210917062555,0.370748595025496,0.0489034420135263,-0.25778813789245,22.4593458445041,13.277
"496",150,"100","2",0.5,0.15,2.04098098727808,0.423906547909577,0.0505406347975167,-0.26282797678242,22.4687479496661,39.664
"497",151,"100","1",0.5,0.15,1.39989809103353,0.469335043597892,0.938316841969305,-0.139231881252803,2.79576414866479,1.323
"498",152,"100","2",0.5,0.15,2.04829243919841,0.52596445336216,0.943968578117931,-0.142678773438608,2.77617690937175,1.201
"499",153,"100","1",0.5,0.15,1.94590172390518,0.404828055724546,-0.210508250566717,-0.0171161865655198,5598.8862964444,73.589
"500",154,"100","2",0.5,0.15,2.30830586592062,0.434080477804753,-0.213109018167544,-0.0174694732200685,6491.95849748869,409.766
"501",155,"100","1",0.5,0.15,2.11749760062397,0.422380790045031,0.699872816225373,-0.278288018280582,22426.4428970405,184.885
"502",156,"100","2",0.5,0.15,2.29052456862348,0.443281986320399,0.696274453545847,-0.274922969344577,26139.6063119059,Inf
"503",157,"100","1",0.5,0.15,2.25152247230808,0.415741770833237,0.0552813176939712,-0.418813569930373,190806.666836078,167.737
"504",158,"100","2",0.5,0.15,2.48741640608026,0.426159161917634,0.0588969162607543,-0.431048869388093,230257.080959595,34063.956
"505",159,"100","1",0.5,0.15,0.683838889733189,0.453831229661783,0.21965299192372,-1.22194251052743,0.290650380689801,0.278
"506",160,"100","2",0.5,0.15,1.6426322602239,0.614012957295861,0.215847759058444,-1.21553420968443,0.183314752520675,0.18
"507",161,"100","1",0.5,0.15,0.848063100134469,0.395216450776397,0.0167368786851926,-0.236814892598756,0.460689877315869,0.329
"508",162,"100","2",0.5,0.15,1.68553416877268,0.475092959260886,0.0198184412926613,-0.239737623054467,0.3067728744903,0.296
"509",163,"100","1",0.5,0.15,0.781474054159752,0.459083013893322,0.347300252675265,-0.0208780224649637,0.392811931048994,0.375
"510",164,"100","2",0.5,0.15,1.70047669009117,0.595481773439329,0.345032428702441,-0.0207997969866475,0.2773562019701,0.254
"511",165,"100","1",0.5,0.15,1.19209919818391,0.360536062552044,0.344462949951803,-0.51047854594786,1.84489453799135,4.145
"512",166,"100","2",0.5,0.15,1.80677762944195,0.446569561658149,0.346615243612044,-0.511047423225478,1.53918796092632,2.663
"513",167,"100","1",0.5,0.15,1.05660571678946,0.236727390986659,0.226455844070638,0.0323742391012699,1.14859428327453,1.357
"514",168,"100","2",0.5,0.15,1.7251704971567,0.253018935010398,0.221109005336417,0.0328560362484073,0.926969032124413,0.682
"515",169,"100","1",0.5,0.15,0.707486384668039,0.415871687456306,0.209770742886517,-0.209261277408471,0.274721171290582,0.948
"516",170,"100","2",0.5,0.15,1.6217147645337,0.540775541144903,0.204417400186282,-0.204697599131411,0.178162655878997,Inf
"517",171,"100","1",0.5,0.15,0.773699379829313,0.415568487276488,0.11454907074084,-1.14974953515328,0.43130934667926,0.566
"518",172,"100","2",0.5,0.15,1.67387642845578,0.526713638191724,0.105663717232313,-1.14852488231778,0.296400454908748,0.25
"519",173,"100","1",0.5,0.15,1.2079088023584,0.253589710099613,0.28158212519109,-0.507393724546639,3.92625328748086,8.712
"520",174,"100","2",0.5,0.15,1.71252085909826,0.285355117883418,0.275362575848635,-0.515236434687384,3.56793555452171,1.689
"521",175,"100","1",0.5,0.15,1.58472586087689,0.373951779990547,0.193661607757159,0.122028760555419,231.401129944608,1343.334
"522",176,"100","2",0.5,0.15,1.97536322728391,0.401018898729575,0.199297143170142,0.120703745464506,238.287305177453,2.796
"523",177,"100","1",0.5,0.15,0.839154602205755,0.380548689489855,0.0300430431448118,-0.0117648571527256,0.399661004581968,0.484
"524",178,"100","2",0.5,0.15,1.66330830171212,0.498174793291388,0.0291481447076405,-0.0117060664807161,0.268786070207057,0.272
"525",179,"100","1",0.5,0.15,0.893799033072362,0.20881375649929,-0.307663597729555,-0.314901753537022,0.845625396165362,0.026
"526",180,"100","2",0.5,0.15,1.52800154976547,0.233161455075463,-0.3079413842348,-0.324946759388927,0.616001853486487,0.401
"527",181,"100","1",0.5,0.15,0.677129070710706,0.48073843112572,-0.286349867408677,-0.0866474257721465,0.288216673921478,0.393
"528",182,"100","2",0.5,0.15,1.64230609579221,0.633200687314974,-0.277599202871053,-0.0891956216687526,0.179730004268067,0.166
"529",183,"100","1",0.5,0.15,1.17255140595336,0.310198298764382,-0.347946118581233,0.178809213971469,2.16452505066908,6.69
"530",184,"100","2",0.5,0.15,1.80975188564767,0.363002010080312,-0.345687701938547,0.179294679698598,1.94607391125892,61.696
"531",185,"100","1",0.5,0.15,0.778722210384705,0.458891227466082,0.112024793938124,0.166861240873795,0.331871135391773,0.33
"532",186,"100","2",0.5,0.15,1.69659324755416,0.569364481254969,0.110373769874324,0.165324844058572,0.217109689252367,0.22
"533",187,"100","1",0.5,0.15,1.47684988269907,0.187453745603637,0.118867994060493,0.5747911612645,10407.2434777622,160.789
"534",188,"100","2",0.5,0.15,1.78275069804579,0.204095279623322,0.120181521550695,0.584901381602576,10988.3257941617,81.503
"535",189,"100","1",0.5,0.15,0.656347435736603,0.427274234571684,-0.060880532546529,-0.773493275528174,0.293487678201558,0.274
"536",190,"100","2",0.5,0.15,1.63684295357225,0.540913957178674,-0.0687841459182503,-0.778882468011021,0.190973471724367,0.214
"537",191,"100","1",0.5,0.15,1.96867807294719,0.47526037943983,-0.138684142496717,-0.0383565137307584,207.443659516629,242.589
"538",192,"100","2",0.5,0.15,2.35819166067812,0.514752847743762,-0.145494726108942,-0.0368461258204365,232.161321187846,3.607
"539",193,"100","1",0.5,0.15,1.13669971032415,0.2143402006339,0.329073065075104,-0.0406954427430696,72.9882331657519,79.51
"540",194,"100","2",0.5,0.15,1.58027562211848,0.237481943419902,0.333081818730576,-0.0406986430896347,64.924975757152,2.744
"541",195,"100","1",0.5,0.15,0.989682184780696,0.186536661488741,-0.31775451551901,-0.133854136116356,8.22937521643659,21.599
"542",196,"100","2",0.5,0.15,1.48090160506333,0.202398926741592,-0.322350075342228,-0.139483308676565,6.68153306524943,8.5
"543",197,"100","1",0.5,0.15,1.27953813666186,0.207472407048908,0.288018483066431,-0.873816191155034,23.9592187904334,18.624
"544",198,"100","2",0.5,0.15,1.74855388682713,0.229540784550878,0.290275101588444,-0.85949208159286,23.869892616949,13.388
"545",199,"100","1",0.5,0.15,0.915976855751432,0.24623949129331,0.543528985701973,0.76652195818989,1.13516942118073,1.173
"546",200,"100","2",0.5,0.15,1.4912463012514,0.281835527656379,0.543790104722783,0.764398872638044,0.809252795533897,0.673
"547",201,"100","1",2.5,0.15,3.26516312120393,0.131721917319339,0.297655801104769,-3.97911315352117,3733965102534699520,2763.356
"548",202,"100","2",2.5,0.15,3.15031530199257,0.129676636179547,0.296983522785112,-3.96675502875858,5179376573844466688,1046.629
"549",203,"100","1",2.5,0.15,2.60927959521724,0.21542898696074,-0.508586795084996,-4.84579353590789,1392936503.06481,6980.452
"550",204,"100","2",2.5,0.15,2.74599517846651,0.216591592379681,-0.512867418679577,-4.86545229692779,1813191742.70934,2473.758
"551",205,"100","1",2.5,0.15,3.46806120205889,0.133044231547482,-0.302986402060096,-0.76391365692722,5.84402638638534e+32,12009.037
"552",206,"100","2",2.5,0.15,3.38817121086592,0.132213662745564,-0.305317904828354,-0.774475196514131,7.91348393114935e+32,9483.644
"553",207,"100","1",2.5,0.15,3.49513164974034,0.23197060494243,0.0850072282337105,-1.88862741671512,4.44409648766608e+29,1585.726
"554",208,"100","2",2.5,0.15,3.3816376087674,0.226526901364729,0.0837224801257443,-1.89174661957104,5.57103350663111e+29,15791.655
"555",209,"100","1",2.5,0.15,2.31045912904486,0.171022376173039,0.689194005288329,-1.96367826430102,788804971.937711,3193.221
"556",210,"100","2",2.5,0.15,2.26856214613384,0.171097115768042,0.689599593117265,-1.95923785356563,995888431.149189,6086.657
"557",211,"100","1",2.5,0.15,2.33916967889544,0.168426174305681,0.865954583193286,-1.30933740569744,13413625461230,20744.686
"558",212,"100","2",2.5,0.15,2.46040064160273,0.171675124118902,0.867014721417195,-1.31181680834065,17234605801344.8,1908.442
"559",213,"100","1",2.5,0.15,3.15862490720266,0.159541866203485,0.713590086469607,6.12654422667237,3.58973652117646e+25,753957.682
"560",214,"100","2",2.5,0.15,3.12259136112605,0.161140730649087,0.715459884485839,6.14545886655433,4.83243836574104e+25,3355.332
"561",215,"100","1",2.5,0.15,1.89133442110732,0.150970403554158,0.512352689884936,-2.80365467001069,395478457.00061,430.771
"562",216,"100","2",2.5,0.15,2.06766305770038,0.153948225576353,0.509337496279787,-2.82286449037521,483533126.145459,3282.767
"563",217,"100","1",2.5,0.15,2.35234699651044,0.163889547051175,0.389783259833284,0.442687247175426,3261878165754498,9111.374
"564",218,"100","2",2.5,0.15,2.37640898308679,0.164034058722284,0.392338425272041,0.444989686787999,4237625260275660,617.235
"565",219,"100","1",2.5,0.15,1.46960911450644,0.121601865276688,-0.768721661281895,1.1106042980472,5378985.16114702,1024.238
"566",220,"100","2",2.5,0.15,1.71937558088964,0.125865482073734,-0.771275932011314,1.11265322229202,5960309.10874587,1721.94
"567",221,"100","1",2.5,0.15,2.38770374426233,0.269641276081193,2.01954368877621,1.20802240230383,1555086081597586,2903.18
"568",222,"100","2",2.5,0.15,2.42665213539903,0.269475412598353,2.02553893027553,1.21310907553986,2025355778528084,251.74
"569",223,"100","1",2.5,0.15,1.5307528077243,0.127175993191986,1.72522348664602,5.12255412520326,4144752.6314897,3391.403
"570",224,"100","2",2.5,0.15,1.7462123101877,0.131361794862009,1.72575484989737,5.16966855597046,4592715.33523868,1176.416
"571",225,"100","1",2.5,0.15,1.83715933232913,0.132576401153949,-0.763705158516401,-7.58454569615546,4210527.34403281,80690.445
"572",226,"100","2",2.5,0.15,2.0306654418348,0.135680549473996,-0.76356365188068,-7.5917968849142,4988188.15473399,621.408
"573",227,"100","1",2.5,0.15,2.19870235884968,0.203562707272582,-0.866891330806624,1.46903846379203,2275968.83678135,10434.153
"574",228,"100","2",2.5,0.15,2.31503247006366,0.196984891226763,-0.872110224400999,1.48692768168562,2792422.99606138,52.521
"575",229,"100","1",2.5,0.15,2.89727959538221,0.236441215495501,0.436200640411383,1.74437721550343,2.45293717678739e+23,462.994
"576",230,"100","2",2.5,0.15,2.83163925002484,0.241182750579168,0.436683488859577,1.73796666022283,3.21002796800672e+23,33151.351
"577",231,"100","1",2.5,0.15,3.12766674408052,0.139587006536344,0.576050033775107,2.77732201528177,474082810197.846,10682.516
"578",232,"100","2",2.5,0.15,2.96308252541079,0.138327277155029,0.567070867007312,2.76781420894693,625484745096.925,2145.519
"579",233,"100","1",2.5,0.15,3.18830311971502,0.153886365636486,0.0753043010245403,-0.983395434782207,6.84828218408105e+23,23689.359
"580",234,"100","2",2.5,0.15,3.09853295599622,0.153651555320274,0.0744060867287555,-0.979198112247671,9.19916054135439e+23,6454.476
"581",235,"100","1",2.5,0.15,2.4828932511842,0.184772750858407,-0.827717740694468,3.14901464478502,1838297058309636352,4386.685
"582",236,"100","2",2.5,0.15,2.49448040715411,0.181323760694227,-0.839974271633336,3.16220518494472,2441461084315782656,341.297
"583",237,"100","1",2.5,0.15,2.89264071344076,0.163860800119923,-1.8453077788,-0.928024881697031,23995240577102053376,3011.263
"584",238,"100","2",2.5,0.15,2.85406447604949,0.160159714848607,-1.84980486394886,-0.929757029410768,31916854067969843200,3047.517
"585",239,"100","1",2.5,0.15,2.59010983845167,0.180032977314318,-1.34531287610179,2.46886283195629,2.19395351114309e+20,3368.61
"586",240,"100","2",2.5,0.15,2.63305720609372,0.18096162272829,-1.34334080240098,2.45460496490914,2.91956789520939e+20,292.397
"587",241,"100","1",2.5,0.15,4.61370779378769,0.195113636893492,1.35799110197349,1.29968224953969,5.71792097756539e+42,67642.084
"588",242,"100","2",2.5,0.15,4.34386796663502,0.193655824952484,1.35504468644194,1.30066099270109,6.81666607231887e+42,320118455.903
"589",243,"100","1",2.5,0.15,2.25749932175109,0.161876452481596,0.113211870665838,-0.168942759875386,272459948341.448,3166.847
"590",244,"100","2",2.5,0.15,2.31800437743226,0.160393499316204,0.117633975018484,-0.166418745490439,357118220677.814,4698.246
"591",245,"100","1",2.5,0.15,2.8568846680551,0.150402116769853,0.994248586476067,-1.49495782603463,88354573232550215680,9689.599
"592",246,"100","2",2.5,0.15,2.77790569875939,0.148269363934149,0.990382202209323,-1.48876970837599,1.21154134755095e+20,220538.001
"593",247,"100","1",2.5,0.15,2.88503197181673,0.16470525825622,2.62973554133871,1.34384837405673,5.73187699171976e+29,165417.002
"594",248,"100","2",2.5,0.15,2.82647274109331,0.162978986542629,2.642518847357,1.34468763253869,7.84116847331702e+29,39772.762
"595",249,"100","1",2.5,0.15,2.69852539598149,0.188390979405585,0.853398474469081,-1.15465130277125,55594193331808816,13861.461
"596",250,"100","2",2.5,0.15,2.64046966324338,0.187102761453259,0.856789939354536,-1.15359015044534,75812667741536608,20822.682
"597",251,"100","1",2.5,0.15,3.73043774918052,0.181887122426389,3.81762977561183,0.394070568287955,1.02513373742511e+22,62529612999.736
"598",252,"100","2",2.5,0.15,3.46908246161947,0.181103813083626,3.80262354048585,0.390341420533312,1.31617439192237e+22,430.98
"599",253,"100","1",2.5,0.15,2.98956248047223,0.183500045205356,-1.55486082596617,-1.83274626965694,4.41261742914527e+29,4153.248
"600",254,"100","2",2.5,0.15,2.96538624389249,0.184111816096609,-1.54654401041186,-1.81592193458925,6.06372786340957e+29,42111.406
"601",255,"100","1",2.5,0.15,4.95479273413012,0.280127413410685,2.91492930081061,-0.708841321267746,3.08403922581351e+48,67937.327
"602",256,"100","2",2.5,0.15,4.68634434934605,0.277570295459101,2.91434957833779,-0.70633978446881,3.65445017574644e+48,6976.545
"603",257,"100","1",2.5,0.15,3.73279379407059,0.165566788467785,0.364289401975593,-2.55802226870578,3.42018205194291e+39,3794031.587
"604",258,"100","2",2.5,0.15,3.48784044593832,0.161252495301616,0.365331732112861,-2.56490362307494,4.64749751489464e+39,15278.231
"605",259,"100","1",2.5,0.15,1.18986995474068,0.156327183264773,0.695398303508744,-3.81376538630884,6.90979898918138,21.23
"606",260,"100","2",2.5,0.15,1.62700172196944,0.166783284372479,0.699206852807454,-3.84394499789275,6.4098415154286,5.554
"607",261,"100","1",2.5,0.15,2.1959163581336,0.144791179203496,0.336115392479711,0.368049813801675,8360187699867.32,22333.459
"608",262,"100","2",2.5,0.15,2.28779203030294,0.14414676623637,0.339477883518843,0.361245032207514,10420895921470.8,675.665
"609",263,"100","1",2.5,0.15,2.27944951479795,0.138013835933044,1.54328939513636,-0.482605146404529,235637418159.922,1113.013
"610",264,"100","2",2.5,0.15,2.41538465750304,0.139817090734525,1.55838340765586,-0.467947529643808,305213614842.864,0
"611",265,"100","1",2.5,0.15,2.35473912962455,0.160244969288246,0.713598801896208,-2.12620533696086,86081082473865632,2208.768
"612",266,"100","2",2.5,0.15,2.38832662643268,0.161908964069221,0.71239643681243,-2.1299250693148,115487954304454448,22714.826
"613",267,"100","1",2.5,0.15,4.11297347820467,0.154055090098182,1.42050006144875,1.13109792131937,4.98622187534687e+26,438660.908
"614",268,"100","2",2.5,0.15,3.79919119830349,0.149915622226396,1.41645873447971,1.12594911602254,6.3921584727555e+26,3197.684
"615",269,"100","1",2.5,0.15,2.13983283042422,0.129046244621673,1.69372852508322,-3.12845241078069,566448.41976745,9007.187
"616",270,"100","2",2.5,0.15,2.25411993282028,0.13321502064966,1.69356542323145,-3.12239836250952,736952.506034074,5475.137
"617",271,"100","1",2.5,0.15,2.57885028768539,0.191347663983103,0.993395244395749,-4.64965457653511,1.08288973268159e+23,18032.188
"618",272,"100","2",2.5,0.15,2.57620541850327,0.192422842540294,0.989114004802952,-4.65269423541677,1.42374737644242e+23,0
"619",273,"100","1",2.5,0.15,3.27205498564158,0.131152965974466,1.5373683028291,-4.07152746979136,1.67618422212717e+27,4677.697
"620",274,"100","2",2.5,0.15,3.16734949824879,0.130056979432461,1.53327731906793,-4.06509139917084,2.31474478641418e+27,25610.268
"621",275,"100","1",2.5,0.15,3.63659398847499,0.202429045822318,0.661602073002589,0.109993521581547,3.15193782678216e+36,11497.13
"622",276,"100","2",2.5,0.15,3.43395661686478,0.198543411161622,0.66045127733173,0.107992354518991,3.98830900644325e+36,6053.718
"623",277,"100","1",2.5,0.15,2.16773430342066,0.154811992719379,-0.283699250464334,-0.522766234807187,771718.273638466,1823.936
"624",278,"100","2",2.5,0.15,2.22230124723857,0.157014550153451,-0.274999261802369,-0.503298173658291,972774.454325404,2628810.947
"625",279,"100","1",2.5,0.15,2.25500903105108,0.137238178607021,-1.55342744647575,-2.76313768554622,724561291808678272,6893.344
"626",280,"100","2",2.5,0.15,2.3466812197087,0.138318436894358,-1.54983032402181,-2.76432551928288,936017527853970816,16816.673
"627",281,"100","1",2.5,0.15,1.42646426148311,0.142352748636894,-1.25325225680946,0.109866613128845,3865.89764938358,566.81
"628",282,"100","2",2.5,0.15,1.68608859645752,0.146718494861641,-1.26592053233306,0.115779712575105,4003.62546822113,154.182
"629",283,"100","1",2.5,0.15,2.98470379450167,0.166864397123315,-1.27165258526208,0.281231996847938,1.97362873781696e+24,8293901.631
"630",284,"100","2",2.5,0.15,2.86333210523823,0.165746187673521,-1.27533560229365,0.273711642941494,2.80445286245423e+24,1913.693
"631",285,"100","1",2.5,0.15,3.68974364522544,0.188430369929119,0.608791277640424,-0.94306046573393,24094114552214520,6142.104
"632",286,"100","2",2.5,0.15,3.38636216007699,0.184101392823095,0.610732359201474,-0.948033508758283,31364626613667512,7229.594
"633",287,"100","1",2.5,0.15,5.34636819648927,0.180800151322818,0.595327597594986,4.43859220559983,1.06600059450225e+45,37884.069
"634",288,"100","2",2.5,0.15,5.1964236803705,0.181134145654809,0.594448650478042,4.42739323390577,1.25268589110998e+45,721460.196
"635",289,"100","1",2.5,0.15,0.674235691432117,0.436173908464501,-0.479811336964486,-3.45002882656045,0.316890166536892,0.272
"636",290,"100","2",2.5,0.15,1.66000243823438,0.626037956679086,-0.468742564555705,-3.43632839605956,0.202416028823378,0.227
"637",291,"100","1",2.5,0.15,3.56889290548974,0.218054334508489,-0.841668410386486,-0.954833775847184,1.20473917403574e+29,3684312.896
"638",292,"100","2",2.5,0.15,3.38656360325796,0.217375301694575,-0.836152970457266,-0.946059169622237,1.58247820468817e+29,506.558
"639",293,"100","1",2.5,0.15,2.9735215427911,0.185558927233321,1.61241051740478,0.0523100357126359,5.7754865566054e+27,612847.66
"640",294,"100","2",2.5,0.15,2.89394681950275,0.184597441025593,1.61197123138499,0.0516975312944103,8.01066205400963e+27,77958.736
"641",295,"100","1",2.5,0.15,2.93183075500613,0.136696540443146,-1.28909628591937,1.23628491421145,1.56156247150105e+23,7110.297
"642",296,"100","2",2.5,0.15,2.88682347256162,0.136060448083875,-1.29641388577846,1.24870392641082,2.06789040414579e+23,10093.301
"643",297,"100","1",2.5,0.15,3.14542197234946,0.160318239603693,1.30707472685144,-3.62154425136187,4.75220770321678e+25,13991.614
"644",298,"100","2",2.5,0.15,3.03409874663955,0.157981096566214,1.31043503989982,-3.60556526804172,6.52523610584371e+25,3183.388
"645",299,"100","1",2.5,0.15,2.94811913363095,0.185696282266782,2.02628684569207,5.41418541460759,2.13765674569178e+22,4425.101
"646",300,"100","2",2.5,0.15,2.91977140549852,0.186177977552342,2.03577175566799,5.44639965033269,2.92418254630567e+22,2314.109
"647",301,"100","1",3,0.15,3.8112002711378,0.130414197693836,0.355932597106664,-4.86863134243107,1.01228862985356e+23,2554034.573
"648",302,"100","2",3,0.15,3.57507989836036,0.129350485669796,0.351952159236884,-4.86271981350646,1.3359126196173e+23,15430.983
"649",303,"100","1",3,0.15,2.92885572175111,0.194193790395162,-0.588779635078787,-5.85837364124238,2511786459886.08,1952.456
"650",304,"100","2",3,0.15,2.89197840526371,0.194333911264787,-0.594711184622148,-5.88597511165212,3311910252660.13,2455.513
"651",305,"100","1",3,0.15,4.07421035341333,0.133003293843345,-0.364304955515182,-0.758341671187647,1.26298225775299e+38,3457.399
"652",306,"100","2",3,0.15,3.87735276664748,0.133416367016939,-0.365332534539058,-0.759050581682293,1.6117529377602e+38,282166.111
"653",307,"100","1",3,0.15,3.9110030874326,0.216371224319274,0.116051038160957,-2.43639517630742,2.09468309125333e+35,2385.655
"654",308,"100","2",3,0.15,3.73079471599475,0.211541333155028,0.114452432922004,-2.44381647679536,2.57850668488981e+35,75947.298
"655",309,"100","1",3,0.15,2.46787054848371,0.163596527068513,0.82664290290708,-2.39950403833565,1469012393555.6,483.729
"656",310,"100","2",3,0.15,2.51735790693298,0.165998829916073,0.829688699429315,-2.40149093339359,1955742961358.88,543.137
"657",311,"100","1",3,0.15,2.7578814929752,0.169206211673485,1.03138782436479,-1.59593640344786,274980860038468864,5605.198
"658",312,"100","2",3,0.15,2.77898002543823,0.167423363665426,1.03217647170303,-1.61739576837696,359265960817753344,481.056
"659",313,"100","1",3,0.15,3.68142371164781,0.160825432435785,0.814976926006409,7.45305916247941,3.24416346711165e+31,29025.027
"660",314,"100","2",3,0.15,3.54352135333602,0.15885677304826,0.815462243728259,7.44882561561422,4.10957936245893e+31,6249.25
"661",315,"100","1",3,0.15,2.09479430658894,0.148615491070839,0.603129495616241,-3.46993821583536,275140803601.046,13447.819
"662",316,"100","2",3,0.15,2.23770301020762,0.153177508558519,0.597362146435352,-3.4621771337584,355819636537.625,73606.392
"663",317,"100","1",3,0.15,2.64086074025165,0.157801120662325,0.492739827424322,0.475168692242665,81083312323823304704,1863.307
"664",318,"100","2",3,0.15,2.60160719619025,0.156880243864385,0.493424888679816,0.461914857360518,1.12177107823481e+20,393.002
"665",319,"100","1",3,0.15,1.66047234965908,0.118446100887727,-0.897434503728584,1.44773885921399,1935637270.24402,3147.719
"666",320,"100","2",3,0.15,1.88595790049628,0.12112621811679,-0.898411620250201,1.44673093858518,2300331392.13543,523.255
"667",321,"100","1",3,0.15,2.66320971251074,0.262204810594132,2.37969382608607,1.61794220767359,43355848031333744640,13084.692
"668",322,"100","2",3,0.15,2.58588251447595,0.260114842337862,2.37836507498345,1.6104153563214,56654268666533076992,3217.253
"669",323,"100","1",3,0.15,1.80227232734304,0.115800334386821,2.05367193607974,6.30150884887842,28911947127.8544,310281.005
"670",324,"100","2",3,0.15,1.93806960681632,0.117422394261971,2.06912870394057,6.32896553298275,36628751533.2822,320.144
"671",325,"100","1",3,0.15,2.1441355470402,0.130553832977749,-0.93767245825559,-9.1078907189461,2473114323.29168,1699.146
"672",326,"100","2",3,0.15,2.23081371281104,0.131377528943667,-0.930465566893056,-9.06529637200605,3115676851.13053,868.771
"673",327,"100","1",3,0.15,2.09546642208672,0.150271938528115,-1.03281597508653,1.60715089840929,126921200.505999,796.497
"674",328,"100","2",3,0.15,2.27504930669026,0.15315029187944,-1.030473043106,1.61874883321624,161735485.865857,441.268
"675",329,"100","1",3,0.15,3.05105478595561,0.18935332012052,0.490762816723606,2.08793424086506,1.26725575153637e+29,5784.06
"676",330,"100","2",3,0.15,2.93158023188508,0.184566000832627,0.488252006484871,2.08870074285672,1.70335923117725e+29,14428.424
"677",331,"100","1",3,0.15,3.61082989899158,0.140824148959746,0.653672187383871,3.3076109202267,9163811790862712,13635.533
"678",332,"100","2",3,0.15,3.3256945539996,0.136907686557957,0.661539199430677,3.28976240390247,11989484750414414,4489.571
"679",333,"100","1",3,0.15,3.74383324029435,0.154746245632167,0.0696508294681063,-1.32016472290676,5.52761007371517e+28,9314.834
"680",334,"100","2",3,0.15,3.49774855181393,0.152048500992097,0.0704434748853362,-1.32334800864337,7.17724899234192e+28,51544.364
"681",335,"100","1",3,0.15,2.62672594710058,0.157804852433825,-0.98971479161202,3.93667882590515,7.75116394392166e+22,16166.921
"682",336,"100","2",3,0.15,2.6919743270829,0.158385812258465,-0.985461138511673,3.92628163304991,1.05191069396108e+23,8311.321
"683",337,"100","1",3,0.15,3.16753323194064,0.154634255555695,-2.2556668902838,-1.31846455873941,6.18306377478365e+23,49678.006
"684",338,"100","2",3,0.15,3.0577039050606,0.151138567548238,-2.25079296297223,-1.31660639498035,8.37298355070685e+23,90.378
"685",339,"100","1",3,0.15,2.84686396956476,0.166259457643965,-1.5576342653827,2.89595263500425,1.6442879868395e+24,40320.435
"686",340,"100","2",3,0.15,2.78416219879753,0.165213980026375,-1.55182338838234,2.88991206488606,2.1780078693507e+24,20079.494
"687",341,"100","1",3,0.15,5.27570834208514,0.192695069022072,1.6429807008947,1.64286644802502,7.75041263991701e+48,117625932.295
"688",342,"100","2",3,0.15,5.00008309847885,0.190620067141006,1.62782630253531,1.6293789124449,8.81715481440847e+48,15124.498
"689",343,"100","1",3,0.15,2.70957641566421,0.159237161470968,0.130085898705227,-0.259033804232999,4338992685352052,1512.278
"690",344,"100","2",3,0.15,2.59938218231577,0.157146328060735,0.133396116510375,-0.267511877019241,5676475143938795,50607970.422
"691",345,"100","1",3,0.15,3.33414554879943,0.148285271519561,1.17120144284196,-1.91600601579003,1.10083567095142e+25,4974.663
"692",346,"100","2",3,0.15,3.12266683485908,0.145239692010592,1.16393606656965,-1.90528603901283,1.46012727588424e+25,71817444.497
"693",347,"100","1",3,0.15,3.2543564351053,0.155781600843812,3.1457672367565,1.83352876381361,4.20259202304982e+35,214866634.312
"694",348,"100","2",3,0.15,3.14498620081912,0.153648096306687,3.15818747590975,1.83816721861657,5.79311659708288e+35,13038876.542
"695",349,"100","1",3,0.15,2.92346238310907,0.173675756525072,1.06927722632906,-1.38934157254964,8.22327748649401e+20,3294.35
"696",350,"100","2",3,0.15,2.85976236437403,0.172830527365106,1.06632684658494,-1.40023449829191,1.09821065117442e+21,1313.941
"697",351,"100","1",3,0.15,4.12014734969207,0.175082953724111,4.50986745152638,0.628570937761492,1.89700636996285e+27,439592.357
"698",352,"100","2",3,0.15,3.8787076941455,0.172875908961821,4.5154848906889,0.63050003258011,2.38808700723007e+27,3836.21
"699",353,"100","1",3,0.15,3.32914899133462,0.178097510944696,-1.8289775899517,-2.33212891276613,2.17492196503094e+35,32893.175
"700",354,"100","2",3,0.15,3.23296093651962,0.175446444343376,-1.83794775542484,-2.33867922319496,2.94482820533811e+35,3316.066
"701",355,"100","1",3,0.15,5.64189792030727,0.269390453323855,3.49529292287322,-0.76317542084587,2.42095519995467e+55,65420.538
"702",356,"100","2",3,0.15,5.45362704664577,0.270500711774775,3.48634306407295,-0.768567206564235,2.65791277165467e+55,87544557.755
"703",357,"100","1",3,0.15,4.11424424951667,0.151109877222803,0.509633738477682,-3.10064348729004,6.49186006815392e+45,9006266.778
"704",358,"100","2",3,0.15,3.86689434694697,0.150011138060425,0.513914150550898,-3.08102947146805,8.18305140810441e+45,14149.712
"705",359,"100","1",3,0.15,1.53014382849879,0.142783689157573,0.796133945365958,-4.45018971431914,1160.59956605415,168.335
"706",360,"100","2",3,0.15,1.83707820436056,0.151715699673357,0.797726488022661,-4.48598737259976,1269.90002667258,178.482
"707",361,"100","1",3,0.15,2.54417464729405,0.143130425254922,0.422082297259558,0.622637397852364,383922714347504256,34397.554
"708",362,"100","2",3,0.15,2.56917137897372,0.142567791133967,0.427360881084971,0.603480180078634,521918328141057472,41886.258
"709",363,"100","1",3,0.15,2.82002969893951,0.140124784436657,1.83704718306052,-0.616295512971657,12257279232940750,19304.258
"710",364,"100","2",3,0.15,2.76319799410742,0.138457604125117,1.83737483085177,-0.62653984398824,16685349004772638,399822032.371
"711",365,"100","1",3,0.15,2.6177364417874,0.157766058866773,0.776750245968616,-2.42271668253357,1.61205332963366e+21,1655.225
"712",366,"100","2",3,0.15,2.64984323741497,0.158631834375491,0.780554073696832,-2.43175592657307,2.15610150539598e+21,20830.808
"713",367,"100","1",3,0.15,4.68192349307482,0.154522953617467,1.74883686297352,1.49032771670272,1.50685314989203e+32,16408.327
"714",368,"100","2",3,0.15,4.42576782311527,0.151198523793332,1.73550334925319,1.47789895337816,1.84676760566719e+32,4754.337
"715",369,"100","1",3,0.15,2.46408991548383,0.129782752640259,2.03615713466357,-3.82297628375341,520906505.273338,113100.449
"716",370,"100","2",3,0.15,2.49479337370534,0.129946397454682,2.04411602063992,-3.8168289979871,697295045.649265,167.385
"717",371,"100","1",3,0.15,2.89382782814256,0.182203056919127,1.24060977606924,-5.52116682616363,1.21029292817985e+29,38633.099
"718",372,"100","2",3,0.15,2.87256364928043,0.183873539629945,1.23539991371768,-5.52873404147763,1.65324258511377e+29,3633.317
"719",373,"100","1",3,0.15,3.92748906349296,0.132584253161679,1.84423483530058,-4.8620482828662,4.05292243581161e+32,7687.49
"720",374,"100","2",3,0.15,3.5842143705273,0.129186837050337,1.83588302750619,-4.84714286814586,5.3265806988e+32,3302.341
"721",375,"100","1",3,0.15,3.98083936589448,0.195111132105549,0.744655673155329,0.0815695200915182,1.44847924826017e+43,1658.929
"722",376,"100","2",3,0.15,3.89015732055029,0.194195883092054,0.744754895098941,0.0807627373066794,1.78003000816051e+43,108467.723
"723",377,"100","1",3,0.15,2.33306965623101,0.152843988920405,-0.351087920806333,-0.756007667068978,82801449.3690079,6673.963
"724",378,"100","2",3,0.15,2.42356763394046,0.154606074580336,-0.351193022839386,-0.750119407039059,108395105.684497,7285.767
"725",379,"100","1",3,0.15,2.57538538086994,0.133841788338763,-1.83897205376173,-3.41150163403582,2.72370876027589e+22,36897.63
"726",380,"100","2",3,0.15,2.5771382210698,0.133682413066098,-1.83816773142205,-3.40571830541148,3.80107094526997e+22,2517992.839
"727",381,"100","1",3,0.15,1.63355906449715,0.136382399362792,-1.56831926995739,0.228448957801735,218060.394678818,3953.605
"728",382,"100","2",3,0.15,1.8098484284166,0.140495666404257,-1.5761537524707,0.232981011329874,241710.017550369,81.192
"729",383,"100","1",3,0.15,3.2951316208606,0.165068876847324,-1.55983722864258,0.331001439210061,1.44993589620301e+29,157252.94
"730",384,"100","2",3,0.15,3.15241094959347,0.163223501331962,-1.5500298742878,0.325929208493287,1.97691334733333e+29,2022.774
"731",385,"100","1",3,0.15,4.11793869898106,0.180465517599923,0.735475275695265,-1.41321500376282,2.42025913852505e+21,22704.777
"732",386,"100","2",3,0.15,3.7340425651152,0.173695416342494,0.731717175934858,-1.40480180845248,3.05810071176897e+21,13366.868
"733",387,"100","1",3,0.15,6.49954170932513,0.189313225287403,0.699025919574276,5.34687602536367,2.95738931205966e+51,54446.66
"734",388,"100","2",3,0.15,6.32628552322518,0.18620782835179,0.701869375993735,5.35200263620347,3.37853869680337e+51,234299.229
"735",389,"100","1",3,0.15,0.826650862587561,0.419872715382147,-0.518527907354277,-4.07328808282948,0.482736131462746,0.339
"736",390,"100","2",3,0.15,1.67742091221912,0.544592538139723,-0.518506147876539,-4.09144506464306,0.354249237000796,0.257
"737",391,"100","1",3,0.15,3.91951840653618,0.209913297337457,-1.02292157680158,-1.23052297141145,3.81167848098807e+34,24234.83
"738",392,"100","2",3,0.15,3.73310063843814,0.206556714206251,-1.01983464563223,-1.2467965810034,4.7350757199966e+34,73476456.42
"739",393,"100","1",3,0.15,3.37627626696776,0.184241313678015,1.93674529470711,0.0502785677364027,2.343454732418e+33,18216.355
"740",394,"100","2",3,0.15,3.2415473376833,0.18376818918054,1.93669380558217,0.051199740740976,3.03696261025626e+33,3189.12
"741",395,"100","1",3,0.15,3.31408764470342,0.13534592651437,-1.54141778499455,1.69286517513843,2.55223431403605e+28,17104.953
"742",396,"100","2",3,0.15,3.27299943163226,0.134539075606974,-1.54670979949494,1.69245130525901,3.34712065574858e+28,29169.802
"743",397,"100","1",3,0.15,3.49044870585595,0.156156567793869,1.54425171395152,-4.2995848929704,8.71784124907654e+30,10129.794
"744",398,"100","2",3,0.15,3.36379762153165,0.155475175009521,1.53926401703371,-4.29979102756,1.15555162171235e+31,34537.778
"745",399,"100","1",3,0.15,3.38940918167775,0.180183229625129,2.40164111611055,6.58516778506275,4.49998592444987e+27,20529.233
"746",400,"100","2",3,0.15,3.22816956288701,0.178030830594502,2.39876517953089,6.5762628691942,5.95408896191958e+27,8435.951
"747",1,"100","1",0,0.7,0.605303805714162,0.516901019813068,0.119559099101479,-0.0248596955538973,0.222657334197223,0.433
"748",2,"100","2",0,0.7,1.57601420808208,0.685329232035936,0.121609880783861,-0.0249027233667695,0.124781880207308,0
"749",3,"100","1",0,0.7,0.565493064403501,0.505412162899342,-0.0228063196498328,-0.255769199414487,0.206919139771626,0.237
"750",4,"100","2",0,0.7,1.5720939529439,0.699080781317376,-0.0274753549989753,-0.25396202102543,0.116089704203203,0.119
"751",5,"100","1",0,0.7,0.608393796872649,0.481179864520655,0.0117069986644622,0.225440989265515,0.258417956954234,0.446
"752",6,"100","2",0,0.7,1.58586877870757,0.640035902365404,0.0125045650963911,0.231990486690939,0.151604184314511,0.167
"753",7,"100","1",0,0.7,0.709569077986636,0.460476189323692,0.1084749045831,-0.553993965725767,0.302475531860112,0.282
"754",8,"100","2",0,0.7,1.67092239438572,0.60056413658606,0.107390968509763,-0.555088514365935,0.193248614086479,0.193
"755",9,"100","1",0,0.7,0.656379068320624,0.383725834408095,0.0381636916845519,-0.00297503868450212,0.323658944252425,0.246
"756",10,"100","2",0,0.7,1.53993492830001,0.50468282441319,0.0338684669511811,-0.00298323866908646,0.197739615357572,0
"757",11,"100","1",0,0.7,0.581708516664567,0.470351300743211,-0.00946268740104593,-0.163466801148707,0.230212492471653,0.202
"758",12,"100","2",0,0.7,1.57678748584552,0.647677247981528,-0.00953980806223385,-0.163192811477825,0.134000916639134,0.129
"759",13,"100","1",0,0.7,0.508311088727012,0.443255982680828,0.140914565686813,-0.348792654146454,0.218839464548232,0.178
"760",14,"100","2",0,0.7,1.56364530995455,0.658815262096001,0.145090288969576,-0.339916148738385,0.124754792678552,0.153
"761",15,"100","1",0,0.7,0.579111171299217,0.472827161522417,-0.087543999208062,-0.0436916835230505,0.238326358215562,0.223
"762",16,"100","2",0,0.7,1.5991619646316,0.649895242676314,-0.0852969455363783,-0.0427036205966988,0.138112696636926,0
"763",17,"100","1",0,0.7,0.566360347237515,0.483769602940401,-0.0517031087117681,-0.0565616892685435,0.240872812395651,0.188
"764",18,"100","2",0,0.7,1.62183483728966,0.661539964914327,-0.0554159102955683,-0.0572956442660955,0.137465280675712,0.149
"765",19,"100","1",0,0.7,0.605691285912562,0.475628310317203,-0.148984371239561,0.408010517705871,0.248392144660906,0.206
"766",20,"100","2",0,0.7,1.54265298360326,0.617982878677227,-0.145357990555179,0.400045729537134,0.147917650655685,0
"767",21,"100","1",0,0.7,0.626089727786077,0.473303142114574,-0.134592820959737,0.324464419052804,0.254498035538672,0.21
"768",22,"100","2",0,0.7,1.57408398559406,0.634422001622388,-0.134362418803628,0.310593464610552,0.149025258241204,0.18
"769",23,"100","1",0,0.7,0.913349972314681,0.462887065522943,-0.034335600457481,0.178926797305485,0.408069822196498,0.534
"770",24,"100","2",0,0.7,1.76007780710457,0.602986667248778,-0.0376306639706642,0.178726846439428,0.294619692368715,0.305
"771",25,"100","1",0,0.7,0.69889197050492,0.463635809792093,-0.0687246050780321,-0.191258259403667,0.284747495787948,0.978
"772",26,"100","2",0,0.7,1.66577305749386,0.5766777163862,-0.0641254461482801,-0.198105390517528,0.185089877595527,0.225
"773",27,"100","1",0,0.7,1.03383399503754,0.400627048860356,0.0556113941748781,-0.64576212159729,0.86935889051251,1.032
"774",28,"100","2",0,0.7,1.73262070638068,0.469460225750363,0.050296986859886,-0.656619764198934,0.685909329554327,0.441
"775",29,"100","1",0,0.7,0.633243444001447,0.400295719372139,0.104144270985967,-0.239415046301037,0.284341319093762,0.281
"776",30,"100","2",0,0.7,1.49490734729547,0.541463920491535,0.104602446985555,-0.238974670245794,0.162017800164429,0.163
"777",31,"100","1",0,0.7,0.564401412086762,0.491006936820407,0.0641571952784184,-0.16195107201412,0.219141848986363,0.251
"778",32,"100","2",0,0.7,1.602542555927,0.669019252808659,0.0588344824159946,-0.164199787089164,0.128110318297435,0.192
"779",33,"100","1",0,0.7,0.883529738394722,0.163931684018954,-0.0163619210707459,-0.336718969305015,0.550046383947668,0.682
"780",34,"100","2",0,0.7,1.42372400044473,0.172504044400619,-0.0154034405514275,-0.351450575817134,0.35815560702054,0.369
"781",35,"100","1",0,0.7,0.625207493005413,0.487782255274022,-0.120918424782931,-0.142079716130915,0.235532793505721,0.212
"782",36,"100","2",0,0.7,1.61280689011619,0.673443305607503,-0.126472315759778,-0.141854148684069,0.135137018352143,0.152
"783",37,"100","1",0,0.7,0.673365881207612,0.534106585544383,0.0166181494573945,-0.172804487235449,0.240405049091713,0.24
"784",38,"100","2",0,0.7,1.62436687743249,0.655847966082786,0.0124601466346248,-0.176652603490687,0.140862795577567,0.165
"785",39,"100","1",0,0.7,0.552170124374876,0.488614923624758,0.00827998220658576,0.365711637077753,0.212861285461789,0.239
"786",40,"100","2",0,0.7,1.59844436925032,0.698680288993941,0.00396678145178404,0.363512941774609,0.1201572049059,0
"787",41,"100","1",0,0.7,0.57872448158881,0.457060589073275,0.0702657266388771,-0.0719588358195328,0.247688562552366,0.247
"788",42,"100","2",0,0.7,1.56915157102806,0.628191301181058,0.0705431468694379,-0.0725868454554126,0.142070826381994,0.165
"789",43,"100","1",0,0.7,0.911307412076934,0.39153650221116,0.080737670709438,-0.11323156406724,0.439765918402645,0.561
"790",44,"100","2",0,0.7,1.71555972267785,0.462136863601593,0.084457939756543,-0.109385465740128,0.309166041512077,0.312
"791",45,"100","1",0,0.7,1.04297082649757,0.475441515048466,0.0886393169491036,0.0116272191604538,0.635990063995164,0.435
"792",46,"100","2",0,0.7,1.84470929218423,0.578971534087062,0.0812513666340741,0.0110219171194314,0.50913008643331,0
"793",47,"100","1",0,0.7,0.60876831067772,0.354028035363979,-0.133653872578647,0.0266159478769817,0.305532767967831,0.223
"794",48,"100","2",0,0.7,1.52578427927749,0.495998179158679,-0.128954673162162,0.0265707564961943,0.173436420191441,0.203
"795",49,"100","1",0,0.7,0.589288591607374,0.475964200832971,-0.181934828811007,0.0847199618736927,0.212793423945067,0.181
"796",50,"100","2",0,0.7,1.58326567675085,0.670995789699764,-0.181003158123488,0.0857517928680942,0.12384131475874,0.133
"797",51,"100","1",0,0.7,0.617051369562811,0.50851130812452,-0.0875413999457997,-0.258154050059634,0.210432261511649,1.023
"798",52,"100","2",0,0.7,1.59319432249098,0.687797831962759,-0.0853539748805797,-0.262964206033645,0.118217642446398,0
"799",53,"100","1",0,0.7,0.611750844012397,0.43135943777314,0.0304851583396634,0.159850071289924,0.26982028912064,0.231
"800",54,"100","2",0,0.7,1.65019937053011,0.568137449067704,0.0254301964076848,0.160559038079781,0.170577881961643,0.156
"801",55,"100","1",0,0.7,0.645417436795916,0.402016500362327,-0.0149920126210582,0.315796024534951,0.338095240160302,0.289
"802",56,"100","2",0,0.7,1.57998884942389,0.511195235876619,-0.0240750845398834,0.321767146858653,0.207310204162203,0
"803",57,"100","1",0,0.7,1.07912371953662,0.36307713706,-0.117161054949335,-0.206147820375029,0.680121581169577,0.685
"804",58,"100","2",0,0.7,1.73719651448223,0.411687503195761,-0.121687413697758,-0.212790076793008,0.49774176742401,0.509
"805",59,"100","1",0,0.7,0.70188421284671,0.468319212751749,-0.0740814618643573,0.250531049792295,0.296688567338058,0.257
"806",60,"100","2",0,0.7,1.63703579071415,0.595037522184711,-0.072459066462119,0.249629873199966,0.1836888843318,0.166
"807",61,"100","1",0,0.7,0.984363867643961,0.478416301453369,-0.0115644210215536,0.243555007724718,0.534285115805363,0.416
"808",62,"100","2",0,0.7,1.79918789184437,0.570178921432479,-0.017922765294516,0.243952809496521,0.395211883616537,Inf
"809",63,"100","1",0,0.7,1.01007587855577,0.35854167643102,-0.0760950391555642,-0.295704360380949,1.19450622385068,1.197
"810",64,"100","2",0,0.7,1.69268809039557,0.437805224304292,-0.077394445012799,-0.298348968762845,0.941387461182547,0.58
"811",65,"100","1",0,0.7,0.571315165086675,0.38118954775576,0.0542337581841638,-0.0491763814541627,0.261045741216649,0.218
"812",66,"100","2",0,0.7,1.53177992935422,0.558378910382452,0.0583123509559944,-0.048473176645404,0.152805888351166,0
"813",67,"100","1",0,0.7,0.535510848169439,0.485163561739724,-0.000572870268447032,0.11738737286984,0.247341645054173,0.255
"814",68,"100","2",0,0.7,1.64693417215632,0.675897369136924,-0.00577158001777572,0.120435247076543,0.147397484744162,0
"815",69,"100","1",0,0.7,0.549407929672671,0.48466133960673,0.190809420349831,-0.322819080980623,0.220526044691975,0.269
"816",70,"100","2",0,0.7,1.56162023208633,0.675162494032364,0.190266581769238,-0.315420157568299,0.121575999039627,0.139
"817",71,"100","1",0,0.7,0.554824771079848,0.523698441439875,0.0640895700326636,-0.117631555737517,0.202172042414924,0.182
"818",72,"100","2",0,0.7,1.57911799237922,0.700660106274177,0.0628527408771507,-0.116234633112744,0.116619258700891,0.129
"819",73,"100","1",0,0.7,0.546284071025807,0.424709400786733,-0.0918588818610065,-0.0703020687410855,0.23535609485467,0.203
"820",74,"100","2",0,0.7,1.57481603074715,0.624543241066527,-0.0889675479450191,-0.0689729296808497,0.132522096588035,0.148
"821",75,"100","1",0,0.7,0.614517697289479,0.487963115467725,0.0130249265439398,0.0566951594700149,0.242026616481253,0.182
"822",76,"100","2",0,0.7,1.66989070509049,0.658852124746069,0.0156085053639645,0.0579447901143952,0.150435451165658,0
"823",77,"100","1",0,0.7,0.721758379114823,0.238785136108733,0.0506113379869065,0.324246897753369,0.413054896283264,0.496
"824",78,"100","2",0,0.7,1.48338277469937,0.267723015785043,0.052952864759212,0.304266374189945,0.27653058797682,0.244
"825",79,"100","1",0,0.7,0.791312942338267,0.470549898883457,0.059502552214364,0.0675447071808516,0.392619431971964,1.126
"826",80,"100","2",0,0.7,1.68955356317484,0.599150885245594,0.0650270883052189,0.0694343374099493,0.266453347657273,0.229
"827",81,"100","1",0,0.7,0.549574266172114,0.457963685961161,0.186037402400929,-0.012369543203003,0.250231392812338,0.199
"828",82,"100","2",0,0.7,1.54555234659275,0.61592824457507,0.185445709139987,-0.0122112252158237,0.148831809711742,0.154
"829",83,"100","1",0,0.7,0.876049581129157,0.37898402825249,0.0290033743904026,-0.0344638930223795,0.471563235469473,0.352
"830",84,"100","2",0,0.7,1.7477773186038,0.479339590002018,0.0324267787051866,-0.0346598863432173,0.355869868688457,0.282
"831",85,"100","1",0,0.7,0.847580841213928,0.40289817309389,0.0673380250619416,0.217976521809561,0.415547461010969,0.49
"832",86,"100","2",0,0.7,1.74324047073863,0.49329568490734,0.0652455498466286,0.20577643946174,0.299702879567256,0.327
"833",87,"100","1",0,0.7,0.700805184287073,0.439913965282709,-0.118919488800371,-0.0567036283697579,0.307487526514434,0.516
"834",88,"100","2",0,0.7,1.65601988265996,0.549864752785307,-0.11737243842357,-0.0586480127240222,0.19733324964805,0.209
"835",89,"100","1",0,0.7,0.668431148282506,0.498394842591322,0.0646527494048784,0.0103502811976771,0.25146948587503,0.233
"836",90,"100","2",0,0.7,1.57965591294496,0.635990760109525,0.0696521098731333,0.0101434525378326,0.146677711434295,0
"837",91,"100","1",0,0.7,0.525080916865741,0.415294582770303,0.0199899796961657,-0.16862874071147,0.249641368350948,0.25
"838",92,"100","2",0,0.7,1.5005135096331,0.579256291150982,0.0138678583461455,-0.166715131589495,0.144766457025184,0.139
"839",93,"100","1",0,0.7,0.889059269096013,0.33997833741229,0.0564868741958712,0.323025663281397,0.813162592645805,0.954
"840",94,"100","2",0,0.7,1.73405330510847,0.390796943347663,0.0547520598538176,0.324399518830435,0.611044134785988,0.6
"841",95,"100","1",0,0.7,0.774643693127564,0.44322570682699,0.0149008129131946,-0.058662277293498,0.446865465616999,0.392
"842",96,"100","2",0,0.7,1.72218216548564,0.573196595917775,0.0096414273893373,-0.058643981228465,0.308774109759977,0.282
"843",97,"100","1",0,0.7,0.814272339984188,0.317600169899374,-0.0895509214607755,-0.031097245404894,0.453162227529991,0.494
"844",98,"100","2",0,0.7,1.54355169311392,0.351080079978526,-0.0858756208154963,-0.0312022035347309,0.309680368207811,0
"845",99,"100","1",0,0.7,0.934515957632329,0.377858652376029,-0.119329881374543,0.174031294903931,0.911149057365987,0.463
"846",100,"100","2",0,0.7,1.74182711227571,0.459267411614379,-0.117484680484391,0.178938224948717,0.711668541150197,0
"847",101,"100","1",0.5,0.7,1.48472827346214,0.480140602744037,0.304203767270179,0.856989446923962,1.90464729800163,2.946
"848",102,"100","2",0.5,0.7,2.05310816449411,0.541819727394738,0.306377729579921,0.85906171324504,1.86647767759633,0
"849",103,"100","1",0.5,0.7,0.631736757362436,0.470023172547613,0.30330491311794,-0.502823011082603,0.257904299829592,0.245
"850",104,"100","2",0.5,0.7,1.55693951968575,0.644116503971726,0.304319642355577,-0.494326919635246,0.154267724209006,0
"851",105,"100","1",0.5,0.7,0.964470137491938,0.447474064197963,-0.056979403593324,-0.398406209998197,0.672789396432093,0.12
"852",106,"100","2",0.5,0.7,1.75302829788955,0.556985161572737,-0.0569762911619649,-0.405245004159456,0.498551150928021,0.376
"853",107,"100","1",0.5,0.7,0.752454040881383,0.452957782255553,0.278844664557711,0.293504838693401,0.307193130186483,0.309
"854",108,"100","2",0.5,0.7,1.62367643407212,0.582937996304421,0.277058597643066,0.29243355905954,0.195213155690306,0.194
"855",109,"100","1",0.5,0.7,0.58773983680203,0.48471732629234,0.452389826231102,0.0305545374350713,0.223970797650707,0.199
"856",110,"100","2",0.5,0.7,1.59452589904674,0.660301633832055,0.452438733503482,0.0312130335628881,0.133173664766614,0.11
"857",111,"100","1",0.5,0.7,0.549040438867789,0.434336777785916,0.419058550340763,0.106507334097414,0.236553002041294,0.202
"858",112,"100","2",0.5,0.7,1.56045291696628,0.60102165844641,0.416835427318864,0.109198548385874,0.136844172865657,0
"859",113,"100","1",0.5,0.7,0.738297581351568,0.461991312290471,-0.361884047855036,-0.232685375072945,0.377039726291954,0.298
"860",114,"100","2",0.5,0.7,1.74866452183612,0.626252278217717,-0.360167542002594,-0.218863835843559,0.254286974834237,0.284
"861",115,"100","1",0.5,0.7,0.6348288338097,0.395255972323437,0.354128812771725,0.170371532741261,0.342384310929029,0.309
"862",116,"100","2",0.5,0.7,1.60249071472151,0.52352257040189,0.34625593651877,0.170402596902678,0.221108000005434,0.228
"863",117,"100","1",0.5,0.7,0.527784439121088,0.480168089481684,0.107439725970863,-0.0384192486860018,0.219282240637786,0.446
"864",118,"100","2",0.5,0.7,1.54966317513636,0.661933455959929,0.107311067198231,-0.0418241707707268,0.12334928282634,0.127
"865",119,"100","1",0.5,0.7,0.569995608302128,0.474877632747449,-0.469662311838728,-0.175626388466561,0.239924126777498,0.201
"866",120,"100","2",0.5,0.7,1.51704113440636,0.626131834862806,-0.476743565352516,-0.179392430913778,0.140205480176559,0.171
"867",121,"100","1",0.5,0.7,0.525403244576666,0.471352979927751,0.212130369836818,0.229662974035407,0.236932233144314,0.174
"868",122,"100","2",0.5,0.7,1.58493718297364,0.655232396482979,0.208490484204648,0.229622526150447,0.140176829395716,0.136
"869",123,"100","1",0.5,0.7,0.655206845910345,0.414173959668738,0.0187347012022786,-0.129892170461135,0.291599510070426,0.275
"870",124,"100","2",0.5,0.7,1.6159438423075,0.546234189626895,0.0177279868310111,-0.128531970747207,0.184497082235069,0
"871",125,"100","1",0.5,0.7,1.47999106673354,0.392724414522573,0.652605659099448,-0.80999984227366,3.70462656255249,0.242
"872",126,"100","2",0.5,0.7,2.00700436171964,0.436042229503495,0.638615730686287,-0.816444087498401,3.445605571393,10.676
"873",127,"100","1",0.5,0.7,0.570544927206511,0.499253656716123,-0.142524935219387,0.00239301961457435,0.241626438792397,0.218
"874",128,"100","2",0.5,0.7,1.62689165012877,0.655533083407135,-0.141829555597721,0.00252761949736626,0.141546022422812,0.143
"875",129,"100","1",0.5,0.7,0.668779914137321,0.423286838360982,0.317190618145074,-0.294224458110607,0.260779211128892,0.422
"876",130,"100","2",0.5,0.7,1.54625916200164,0.560275330207778,0.311793208665439,-0.303333485078363,0.160217723017136,0.162
"877",131,"100","1",0.5,0.7,0.784197904009401,0.475450493321801,0.136559419700295,0.0944378196046259,0.405801427584782,0.32
"878",132,"100","2",0.5,0.7,1.76574997494914,0.62536250973854,0.134939987520165,0.0936769205413709,0.291802049562798,0.274
"879",133,"100","1",0.5,0.7,0.912462219102842,0.464840372399794,0.412388281781439,-0.344755666807814,0.477836211908938,0.357
"880",134,"100","2",0.5,0.7,1.76801373080718,0.57827845328724,0.417235877065665,-0.345139231712076,0.343369695137424,0.28
"881",135,"100","1",0.5,0.7,0.647901812063046,0.483891770409872,-0.700600900484528,-0.0101767552681861,0.272058768194922,0.267
"882",136,"100","2",0.5,0.7,1.63463826372862,0.611428028273404,-0.699831972194924,-0.01037394492735,0.171967524900576,0.188
"883",137,"100","1",0.5,0.7,0.701631294509265,0.270257279678398,-0.346665583847746,0.850976474462974,0.392073624581391,0.577
"884",138,"100","2",0.5,0.7,1.39633553104884,0.346490907449792,-0.348500513974248,0.865144952715867,0.243467987859769,0
"885",139,"100","1",0.5,0.7,0.735902698391185,0.434689422329048,-0.303169887776278,-0.229658585304346,0.353157053791139,0.36
"886",140,"100","2",0.5,0.7,1.69145592707744,0.528650248132316,-0.302584846774841,-0.229719592520108,0.234231818199011,0.223
"887",141,"100","1",0.5,0.7,0.610864368276952,0.461127033422183,-0.118498901079124,1.33795166377553,0.268128910669853,0.214
"888",142,"100","2",0.5,0.7,1.6115327267939,0.615664739929088,-0.117966980043971,1.35031738659236,0.163276343889583,0.204
"889",143,"100","1",0.5,0.7,0.578960025543671,0.458432950683544,0.152657297018457,0.136325824589672,0.233571023325442,0.197
"890",144,"100","2",0.5,0.7,1.57870403583052,0.656660496835033,0.150896049467265,0.136041702615482,0.132650441477095,0.327
"891",145,"100","1",0.5,0.7,0.568626952898073,0.50155111398127,0.148539405427648,0.839099487578529,0.223839219850849,0.196
"892",146,"100","2",0.5,0.7,1.62873490505967,0.676705885580348,0.150147221653091,0.850981809652916,0.13117502176176,0.135
"893",147,"100","1",0.5,0.7,1.10647158856235,0.483841347552859,0.0851174086671086,0.48344054802343,0.78521413683435,1.926
"894",148,"100","2",0.5,0.7,1.85202811856499,0.587431505799878,0.0887280938692366,0.487273638476647,0.633703812835664,Inf
"895",149,"100","1",0.5,0.7,1.00652629329935,0.489986818406342,-0.0310783161734362,0.393187016793501,0.655730193973057,0.725
"896",150,"100","2",0.5,0.7,1.85101638329253,0.595078154130478,-0.034082451619577,0.373214622536954,0.514354607395182,0.369
"897",151,"100","1",0.5,0.7,0.747724653412257,0.418212620435686,0.620139806879896,1.14501124960962,0.371512786852383,0.297
"898",152,"100","2",0.5,0.7,1.62352661795664,0.528231425266304,0.621400662508812,1.1523153488802,0.249922373474204,0.243
"899",153,"100","1",0.5,0.7,0.648525916925487,0.429323094346361,-0.432285622191294,0.487340305271018,0.303246322269328,0.251
"900",154,"100","2",0.5,0.7,1.66590063319381,0.589475578858139,-0.434697868363036,0.489828919063861,0.204918098185672,0
"901",155,"100","1",0.5,0.7,0.852769372266392,0.464631386729341,0.299641944846895,1.20089058919117,0.536598826293454,0.484
"902",156,"100","2",0.5,0.7,1.72844656568628,0.572403402578429,0.301026185943179,1.2128916240418,0.372311289405316,0
"903",157,"100","1",0.5,0.7,0.657396947796039,0.438005366775917,-0.068378010639542,0.253715057643954,0.263258333946945,0.318
"904",158,"100","2",0.5,0.7,1.64196617792636,0.605715643240558,-0.0678882874418794,0.247142260628797,0.15515296256349,0.203
"905",159,"100","1",0.5,0.7,0.942453453219652,0.39145414060175,0.423726120098142,-0.572834522903649,0.730025031756951,0.997
"906",160,"100","2",0.5,0.7,1.73442909973259,0.481025804239021,0.421484072013265,-0.570426590225084,0.566016879128805,0.329
"907",161,"100","1",0.5,0.7,0.86122466351402,0.288471113255474,-0.0263466716670836,-0.64235541999845,0.634462553320626,0.579
"908",162,"100","2",0.5,0.7,1.59945657121361,0.350249787853437,-0.0261390051480738,-0.645324732197289,0.443659329210388,0.373
"909",163,"100","1",0.5,0.7,0.744530719486212,0.404272172894554,0.637539441966592,0.0264326644939098,0.350479670504589,0.289
"910",164,"100","2",0.5,0.7,1.68169677077024,0.509866769181143,0.640496173558082,0.0285470248855755,0.238958521553733,0
"911",165,"100","1",0.5,0.7,0.554363212261857,0.46380778771981,0.645684487453347,-0.474218395920549,0.21922129656043,0.191
"912",166,"100","2",0.5,0.7,1.56889285748646,0.677644817266684,0.645769580101892,-0.470867465956294,0.124666620971271,0.138
"913",167,"100","1",0.5,0.7,0.917485384467815,0.447946690514469,0.365553783698287,-0.0746184251059682,0.3858075900547,0.367
"914",168,"100","2",0.5,0.7,1.80719339587762,0.534945561253425,0.361595773986371,-0.075041506265841,0.270190561388093,0.263
"915",169,"100","1",0.5,0.7,0.64302170312609,0.445513664198908,0.350421974123728,0.1505794532775,0.270579208628398,0.231
"916",170,"100","2",0.5,0.7,1.57737837518733,0.602690704199444,0.345661610955478,0.158784049914795,0.15964748715676,0.169
"917",171,"100","1",0.5,0.7,1.02839374628718,0.475374267984619,0.209603624756544,0.0483478971769983,0.5773168222005,0.549
"918",172,"100","2",0.5,0.7,1.86268964107104,0.605100688652762,0.211953677547357,0.0464996491086419,0.447725887952126,0.359
"919",173,"100","1",0.5,0.7,0.758227842813676,0.453290193985245,0.456553806247457,0.504291549403491,0.386767818954893,0.285
"920",174,"100","2",0.5,0.7,1.76812226316427,0.560108125498564,0.463060569367039,0.52155146440161,0.265763160041469,0
"921",175,"100","1",0.5,0.7,0.692889461152882,0.37591337715495,0.67313574786142,0.0479336987801332,0.373941605764095,0.278
"922",176,"100","2",0.5,0.7,1.56301245146693,0.484855455272902,0.675242508521563,0.0494164365526877,0.240642943012732,0.212
"923",177,"100","1",0.5,0.7,0.587592774694505,0.467666884846938,0.160706160879911,-0.0859626013578285,0.231512010157552,0.285
"924",178,"100","2",0.5,0.7,1.58033755068456,0.655733361784895,0.157681545670718,-0.0824729784775193,0.132274120511267,0.143
"925",179,"100","1",0.5,0.7,0.900388292569901,0.445994006338597,0.0903334437162115,-0.269992186910504,0.472474032806645,0.538
"926",180,"100","2",0.5,0.7,1.77146737023094,0.564944942887514,0.086677829360584,-0.267863736086838,0.35290622486032,0.328
"927",181,"100","1",0.5,0.7,0.77103476620033,0.483376131959669,-0.440302557617744,-0.194170768746623,0.343422317998029,0.31
"928",182,"100","2",0.5,0.7,1.69217864047261,0.642943903518006,-0.437493614196849,-0.19138149710506,0.218451885789824,0.243
"929",183,"100","1",0.5,0.7,0.523232604876027,0.486271158696621,-0.557687777722177,0.378461718988563,0.203503761353382,0.31
"930",184,"100","2",0.5,0.7,1.56875682566843,0.709887205588347,-0.557850051650247,0.375766949575821,0.115604110799723,0
"931",185,"100","1",0.5,0.7,0.63822219667213,0.505502254514451,0.0544888704897935,1.25060543000295,0.227470314337368,0.232
"932",186,"100","2",0.5,0.7,1.58076468079244,0.666319746669507,0.0540310504963722,1.25765482629055,0.127107346062036,0
"933",187,"100","1",0.5,0.7,0.57266608696785,0.498162635859144,-0.545491129102889,1.16653532083711,0.219280551215338,0.192
"934",188,"100","2",0.5,0.7,1.62522710851882,0.693286399685719,-0.546982634930483,1.15903785919495,0.125820187278692,0.14
"935",189,"100","1",0.5,0.7,0.756868207811735,0.379878501550392,0.193717631829067,-0.336106065730163,0.422890394681023,0.298
"936",190,"100","2",0.5,0.7,1.65758875054863,0.469481707536247,0.190024508022271,-0.342112883776836,0.285744866459657,0.249
"937",191,"100","1",0.5,0.7,0.585901663748961,0.517941319903212,0.197671748164659,-0.439790972651001,0.201129895153674,0.189
"938",192,"100","2",0.5,0.7,1.57544720180687,0.707274030863128,0.19744762332855,-0.436409515869956,0.115372764513335,0.107
"939",193,"100","1",0.5,0.7,0.556974640542418,0.471104895359791,0.327271600532945,-0.0135531731551823,0.252921199447501,0.194
"940",194,"100","2",0.5,0.7,1.56032460667674,0.66313294697414,0.326883206060077,-0.0133182181828036,0.141525859645062,0.135
"941",195,"100","1",0.5,0.7,0.657550709005202,0.408251720940698,-0.668486652190613,-0.679976490557138,0.332169607553377,0.44
"942",196,"100","2",0.5,0.7,1.62849342449487,0.526714417533689,-0.667800433186865,-0.682739901273553,0.215562650297674,0.193
"943",197,"100","1",0.5,0.7,0.673089741330074,0.32015840037854,0.58293955950254,-0.221471333331364,0.37936130011391,0.573
"944",198,"100","2",0.5,0.7,1.49142854403891,0.420764864203583,0.577386588593173,-0.218068355697789,0.251946821643222,0.235
"945",199,"100","1",0.5,0.7,0.572932073482125,0.512943092813076,0.269862609255653,-0.0602836353803399,0.214227617790536,0.197
"946",200,"100","2",0.5,0.7,1.59661223958102,0.697428355725421,0.271826312003208,-0.0601104800941907,0.119965577896447,0.136
"947",201,"100","1",1.5,0.7,1.99834880306204,0.469109654903066,0.619907636871061,2.17959524061992,101.258150474531,18.107
"948",202,"100","2",1.5,0.7,2.38087130350888,0.50835968920373,0.613680766539111,2.19269581747419,114.222774773889,8.557
"949",203,"100","1",1.5,0.7,0.750944681153274,0.472804353244807,1.00076730816246,-1.20248458161149,0.366972743560919,0.289
"950",204,"100","2",1.5,0.7,1.60848738656731,0.596576519703556,1.00523673009806,-1.20277930214599,0.232980695975366,0.207
"951",205,"100","1",1.5,0.7,0.813384432798003,0.472512785288833,-0.323420470820422,-1.15373847144803,0.437019332665385,0.31
"952",206,"100","2",1.5,0.7,1.76820659394862,0.602432667843851,-0.322555930225057,-1.15397440701362,0.313681287933473,0
"953",207,"100","1",1.5,0.7,1.17934404837838,0.404082910666214,1.31670037975916,1.73816488924064,1.41279552769463,1.407
"954",208,"100","2",1.5,0.7,1.81220539945107,0.471403445200618,1.32866465563902,1.74670966507055,1.15409264959846,0.844
"955",209,"100","1",1.5,0.7,0.833908417848005,0.467951350816912,1.18313193861908,0.14594987011796,0.398715754522787,0.333
"956",210,"100","2",1.5,0.7,1.73954957034567,0.611184371030938,1.188642898404,0.140491897353901,0.270853420057277,0.26
"957",211,"100","1",1.5,0.7,0.614658204125698,0.393591174963806,1.2315946733558,0.580850516205908,0.321811876788782,0.248
"958",212,"100","2",1.5,0.7,1.57022886427416,0.558799384825956,1.23553685354525,0.57712236953096,0.196215805389152,0.156
"959",213,"100","1",1.5,0.7,1.48686018872533,0.459972584278693,-0.932363319449256,-0.318401098439764,5.10665885798468,0.384
"960",214,"100","2",1.5,0.7,2.0702304497096,0.531436432729511,-0.938391806508204,-0.312492205554594,4.7968778565235,1.395
"961",215,"100","1",1.5,0.7,0.700861679661217,0.404421111693495,0.968806401416545,-0.0769950298492505,0.334121348150761,0.609
"962",216,"100","2",1.5,0.7,1.59499638263707,0.526949085744595,0.974856471947031,-0.0769714818859486,0.209021780981042,0.215
"963",217,"100","1",1.5,0.7,0.588487814282504,0.448797325080276,0.419546106516493,-0.161799580568457,0.220989767426048,0.601
"964",218,"100","2",1.5,0.7,1.58108419748371,0.666999712774146,0.419062480221294,-0.157365903205785,0.130317271778995,0.141
"965",219,"100","1",1.5,0.7,0.619327170219062,0.488106162675714,-0.970906907623781,0.312565834005304,0.243137987452436,0.219
"966",220,"100","2",1.5,0.7,1.53284331060119,0.643484260732077,-0.963074494448279,0.304694215991711,0.144985494045494,0.129
"967",221,"100","1",1.5,0.7,0.703345898596827,0.463757669234369,0.543425677941544,2.37561845652375,0.337440991835271,0.27
"968",222,"100","2",1.5,0.7,1.70442380514134,0.622989645029801,0.537452299079366,2.37477238322884,0.213762716210075,0
"969",223,"100","1",1.5,0.7,0.69691237277771,0.416362165326324,-0.00678577854900833,0.0373507522244926,0.31148628395736,0.284
"970",224,"100","2",1.5,0.7,1.64784594622567,0.534690729890974,-0.0110481029276958,0.0364898870884879,0.203965020209113,0.22
"971",225,"100","1",1.5,0.7,1.68660941809965,0.379884905233793,1.83103859290976,-1.65739127060429,12.0000471397295,0.83
"972",226,"100","2",1.5,0.7,2.11441346750267,0.397073580005046,1.83649024306714,-1.66924953120412,12.4653567359671,Inf
"973",227,"100","1",1.5,0.7,0.73746399513859,0.482542629127057,-0.533350585320933,-0.166526233687928,0.301036800494202,0.267
"974",228,"100","2",1.5,0.7,1.67808919818788,0.648018900379366,-0.53633180777039,-0.172273631568711,0.192671150749977,0.208
"975",229,"100","1",1.5,0.7,0.79101677746711,0.348696260444062,0.762588337259496,-2.06196057388355,0.489309196625672,0.464
"976",230,"100","2",1.5,0.7,1.59288727913271,0.442896625794366,0.76107005603533,-2.0658883291995,0.359921701245038,0
"977",231,"100","1",1.5,0.7,0.689037659431986,0.486025400846185,0.447166997219855,0.254350591955703,0.315288062714978,0.21
"978",232,"100","2",1.5,0.7,1.70761444625416,0.641646713135536,0.451548625812421,0.258912436316209,0.205442434311693,0.21
"979",233,"100","1",1.5,0.7,0.665710720368551,0.480749471983,1.08591222360914,-1.43153817205606,0.254180623901837,0.296
"980",234,"100","2",1.5,0.7,1.62963959255841,0.653403676687921,1.0844351875639,-1.44102647170264,0.157287485951385,0
"981",235,"100","1",1.5,0.7,0.591350012975346,0.454725372757249,-1.84473436543057,0.136911298784266,0.246138358385916,0.258
"982",236,"100","2",1.5,0.7,1.60626852882066,0.629814422240672,-1.85228986655695,0.136766159249966,0.148271947861239,0.151
"983",237,"100","1",1.5,0.7,0.660049305351375,0.292090829127489,-0.807602177725544,2.29987358970172,0.378515136551385,0.429
"984",238,"100","2",1.5,0.7,1.36392653340519,0.330478902047876,-0.81355479909858,2.31511254285966,0.23103620542586,0.184
"985",239,"100","1",1.5,0.7,0.744334100775089,0.428895410104781,-0.804132413547132,-1.02987359562674,0.324410831736631,0.309
"986",240,"100","2",1.5,0.7,1.69942831663296,0.550484409791945,-0.801935611717486,-1.01213983809314,0.215028887527925,0
"987",241,"100","1",1.5,0.7,0.702467776120505,0.472700912565087,-0.323940902071337,3.3706646409388,0.291280366295338,0.28
"988",242,"100","2",1.5,0.7,1.64936713816509,0.61929548748865,-0.323847552571735,3.37037899806068,0.183518876764692,0.181
"989",243,"100","1",1.5,0.7,0.617760056497828,0.456361638559059,0.75002052094445,0.228349745007385,0.277571597346214,0.253
"990",244,"100","2",1.5,0.7,1.5702109921894,0.602682904943437,0.746255468046535,0.231587586597802,0.168442498956949,0.129
"991",245,"100","1",1.5,0.7,0.605419220570639,0.532526970524449,0.466121270824247,2.47844156556248,0.22549506357502,0.218
"992",246,"100","2",1.5,0.7,1.62322077815231,0.699958988628885,0.45859550742217,2.47468014854269,0.125937592504556,0.153
"993",247,"100","1",1.5,0.7,1.91916516505271,0.470101065305941,0.317833579368089,2.98638015077818,103.047698069885,32.787
"994",248,"100","2",1.5,0.7,2.25250908089123,0.509425757666535,0.321775380030741,2.98919849532193,113.82841507119,3.98
"995",249,"100","1",1.5,0.7,0.983516355351088,0.461976640670189,0.251091876018424,2.17676718781503,0.678715768928145,0.52
"996",250,"100","2",1.5,0.7,1.87441853004921,0.58181751095757,0.251790276084816,2.1802023888049,0.539042462936282,0.371
"997",251,"100","1",1.5,0.7,0.958212875101174,0.372759676079355,1.42977024872155,4.60578812230336,0.827022801098054,0.763
"998",252,"100","2",1.5,0.7,1.72944483067673,0.430561490615231,1.43477244271336,4.61958557234553,0.675573526035161,0.44
"999",253,"100","1",1.5,0.7,0.587122601583835,0.452686624737714,-1.11173052977478,1.85216458513953,0.241772182703608,0.24
"1000",254,"100","2",1.5,0.7,1.57184301437236,0.623063689146468,-1.10918381969709,1.85997530567962,0.14278051251251,0.144
"1001",255,"100","1",1.5,0.7,1.55607484649968,0.415306240344241,0.395978445990891,4.01615371926084,24.8500339655672,74.52
"1002",256,"100","2",1.5,0.7,2.01776397633882,0.463898775506345,0.396413190339994,4.03165812931358,24.795740619731,4.618
"1003",257,"100","1",1.5,0.7,0.654035205517685,0.455584178146215,0.176362867704461,1.46001549726903,0.248217320438349,0.232
"1004",258,"100","2",1.5,0.7,1.58600384675783,0.61136209006136,0.179374960957128,1.45651690055922,0.146136060713094,0.169
"1005",259,"100","1",1.5,0.7,1.28281163723157,0.39570892069261,1.37852424763054,-0.268740168249658,1.88098905232472,15.406
"1006",260,"100","2",1.5,0.7,1.85003107290748,0.473865226145351,1.38075300928212,-0.258929645762263,1.67183936134146,3.298
"1007",261,"100","1",1.5,0.7,0.996608768550667,0.284713615997669,-0.181306864816977,-1.68532603091424,2.05848799946413,1.519
"1008",262,"100","2",1.5,0.7,1.60715909940781,0.325089684319572,-0.178400803371076,-1.6984348970034,1.57463597177868,0.942
"1009",263,"100","1",1.5,0.7,0.967925323260153,0.394528175259736,2.16294162898147,0.116385629831817,0.65548069910461,2.961
"1010",264,"100","2",1.5,0.7,1.79146883068741,0.449526417656646,2.16220735059573,0.116250523526038,0.518972374868543,0.476
"1011",265,"100","1",1.5,0.7,0.692277680725068,0.495699096601738,1.46504058239374,-0.636154738513735,0.308799447192439,0.251
"1012",266,"100","2",1.5,0.7,1.64654416998015,0.609386655807158,1.46516677154457,-0.622537059316285,0.207225995030063,0.206
"1013",267,"100","1",1.5,0.7,1.34058417481268,0.417839764679056,1.52429411231958,0.0216130596339354,1.41662917656255,1.682
"1014",268,"100","2",1.5,0.7,2.05467358098924,0.474265252362879,1.53276486760991,0.0212691369954512,1.31210304410717,0.765
"1015",269,"100","1",1.5,0.7,0.638755341696039,0.446163695464198,2.06507645254205,2.27882944147445,0.315456031777919,0.344
"1016",270,"100","2",1.5,0.7,1.59858390264323,0.595107663668987,2.05976134944131,2.25910877874698,0.198537495474993,0.184
"1017",271,"100","1",1.5,0.7,1.53224652221491,0.499124102796449,0.629360896293742,0.739974325521417,3.48362769318885,11.033
"1018",272,"100","2",1.5,0.7,2.07243829023187,0.55293744877481,0.634936341507205,0.740996158255947,3.31991915123611,0.943
"1019",273,"100","1",1.5,0.7,0.845109086021038,0.477771276247902,1.27743427498096,2.07458374270856,0.375917063801941,0.486
"1020",274,"100","2",1.5,0.7,1.78048961873901,0.602058071958682,1.27762175864805,2.07165200838705,0.260023599586856,0.312
"1021",275,"100","1",1.5,0.7,1.1610562060904,0.332005032346795,1.43098855623122,-0.782754401837842,7.72681545600721,6.588
"1022",276,"100","2",1.5,0.7,1.76405882516488,0.389912572105254,1.4426050263129,-0.777285062162692,7.09151548857972,6.681
"1023",277,"100","1",1.5,0.7,0.686768664933517,0.503911475506218,0.244818877942313,-0.350951981683148,0.249630070695239,0.256
"1024",278,"100","2",1.5,0.7,1.5726113675388,0.622765274488296,0.246244788371827,-0.346869168840675,0.146477185670688,0.151
"1025",279,"100","1",1.5,0.7,1.40467158708658,0.432347103949832,0.243116452969664,-1.30575092987314,2.31736865819353,1.678
"1026",280,"100","2",1.5,0.7,1.99174275989005,0.508425986178912,0.238482072679796,-1.32668345441632,2.19739315634901,1.643
"1027",281,"100","1",1.5,0.7,0.746161836475292,0.495800363168273,-1.08232232598796,-0.0490887616371502,0.394532562822409,0.485
"1028",282,"100","2",1.5,0.7,1.74199820740345,0.630116455983469,-1.09367897816028,-0.0515704629721932,0.272185946683556,0.272
"1029",283,"100","1",1.5,0.7,0.532711809344436,0.502084352084906,-1.44336429750961,1.8480059619956,0.215341827699867,0.221
"1030",284,"100","2",1.5,0.7,1.62662117195944,0.707791229374218,-1.44849504436969,1.85604044260891,0.122232039805811,0.129
"1031",285,"100","1",1.5,0.7,0.668869606392162,0.497177589997989,0.369552756417844,3.61352259143212,0.261583507441388,0.272
"1032",286,"100","2",1.5,0.7,1.61580757597237,0.61956493258785,0.368421217628554,3.60202167178629,0.1567353829232,0.138
"1033",287,"100","1",1.5,0.7,0.64829481635173,0.47797682445452,-1.23543281885041,5.23448357263341,0.284378358306121,0.411
"1034",288,"100","2",1.5,0.7,1.63557355874378,0.623275983623197,-1.23816927541002,5.22737982732688,0.171687146850533,0.184
"1035",289,"100","1",1.5,0.7,0.858068389675239,0.365673553137512,0.398502966816021,-0.892395830673572,0.469102895230286,0.469
"1036",290,"100","2",1.5,0.7,1.6482655869155,0.457365105417288,0.39751551959976,-0.903400747464497,0.331912027072472,0.281
"1037",291,"100","1",1.5,0.7,0.833801033518338,0.486932428513676,0.802583283051524,-1.3315543874851,0.411855432634255,0.332
"1038",292,"100","2",1.5,0.7,1.77325362685387,0.612189096435886,0.803721953348018,-1.33559739102097,0.300279472815483,0.302
"1039",293,"100","1",1.5,0.7,0.568602752378263,0.475129125341708,1.10024892197515,0.789087987000808,0.22595903336826,0.237
"1040",294,"100","2",1.5,0.7,1.58911980561938,0.685348800799174,1.10779305659667,0.798467403155482,0.130336141319015,0
"1041",295,"100","1",1.5,0.7,0.606086008443324,0.424844138079654,-1.70424100622229,-0.908688008005415,0.276798710179585,0.21
"1042",296,"100","2",1.5,0.7,1.62366748203732,0.554080431900518,-1.70320917534129,-0.90255864609384,0.174743693781447,0.167
"1043",297,"100","1",1.5,0.7,0.864907811659328,0.300128212235836,1.73550368079922,0.0604844173357577,0.918162447340515,0.764
"1044",298,"100","2",1.5,0.7,1.54745545658637,0.371042187023084,1.73345652757277,0.0594706121216128,0.678486343367624,0.457
"1045",299,"100","1",1.5,0.7,0.617788143331525,0.516344455813749,0.553942837261403,-0.104603123028022,0.235393544168841,0.222
"1046",300,"100","2",1.5,0.7,1.63012599052395,0.677759204002581,0.550003109082667,-0.102893968614684,0.135961320178963,0
"1047",301,"100","1",2,0.7,2.22494617901831,0.465584065792997,0.737548517679096,2.73423897706009,1437.68638409385,1351.849
"1048",302,"100","2",2,0.7,2.50247560443473,0.50137276213787,0.731818801086513,2.72819571831097,1753.01961161964,305.34
"1049",303,"100","1",2,0.7,0.778134283242934,0.442168129391519,1.36550401354157,-1.46287566775125,0.42576569704069,0.593
"1050",304,"100","2",2,0.7,1.64789452379726,0.586081459268823,1.37939661917504,-1.47613151803156,0.288591365693864,0.252
"1051",305,"100","1",2,0.7,0.799634791339877,0.480187540161738,-0.447337477446643,-1.49062859950686,0.372710030474348,0.323
"1052",306,"100","2",2,0.7,1.70996595803548,0.60651286229814,-0.452510057427733,-1.50813817516908,0.262260801760467,0.268
"1053",307,"100","1",2,0.7,1.44686388449819,0.385267670530455,1.81674352706773,2.33416800375579,8.30270613311607,9.73
"1054",308,"100","2",2,0.7,1.96769872895608,0.431716436644472,1.82056603033714,2.33370551242725,7.86791554159645,1.817
"1055",309,"100","1",2,0.7,1.11012122750133,0.486661813685606,1.47755126664278,0.0835588176526694,0.766872720393149,1.097
"1056",310,"100","2",2,0.7,1.8290342991293,0.570772492492136,1.47943285736224,0.0841603087741925,0.594353888384248,0.39
"1057",311,"100","1",2,0.7,0.729143079414023,0.369352528059832,1.66092388378822,0.931205985663457,0.509640711428641,0.412
"1058",312,"100","2",2,0.7,1.61837366135255,0.500006965126938,1.65559758995818,0.928187746998938,0.337500263771457,0.239
"1059",313,"100","1",2,0.7,1.64032152597952,0.448630126026451,-1.2515433290697,-0.480320179796038,27.2756108816942,77.03
"1060",314,"100","2",2,0.7,2.15762838199699,0.507120069210298,-1.24992800846391,-0.46524156711672,28.9272159192081,29.292
"1061",315,"100","1",2,0.7,0.790515726319894,0.424803941065076,1.34337601545495,-0.10435285810305,0.361728080412956,0.64
"1062",316,"100","2",2,0.7,1.62241896050478,0.518857861052004,1.3479396821899,-0.105917923223743,0.234903631434852,0.247
"1063",317,"100","1",2,0.7,0.604489409787635,0.489476900161166,0.55510987744566,-0.248890820480747,0.233877077445025,0.275
"1064",318,"100","2",2,0.7,1.58154923001302,0.637579489484496,0.554473483375992,-0.262642807181616,0.132439450510877,0.15
"1065",319,"100","1",2,0.7,0.653802128607618,0.499237096560488,-1.17875657113478,0.821129550280555,0.255580531837683,0.249
"1066",320,"100","2",2,0.7,1.56565515668973,0.639579842286201,-1.17676899050565,0.801698654072413,0.15332709407923,0
"1067",321,"100","1",2,0.7,0.897288396540544,0.489502462588109,0.755242229041836,3.56016454049328,0.424760876560041,0.344
"1068",322,"100","2",2,0.7,1.74382046672456,0.60397990962252,0.761752045942772,3.57126480169156,0.302336259670928,0.248
"1069",323,"100","1",2,0.7,0.686322229678646,0.43921752841533,-0.0737850793105145,0.0381604637394828,0.315784909658843,0.273
"1070",324,"100","2",2,0.7,1.64785066339775,0.533703998722121,-0.0716894216391052,0.0404807550321265,0.204299264822717,0
"1071",325,"100","1",2,0.7,1.8318974548682,0.353036704525781,2.40122076313168,-2.17749731443331,37.1440708432046,40.757
"1072",326,"100","2",2,0.7,2.16266523427563,0.377873425103704,2.40603132237707,-2.19340232115715,39.6624459440558,8.614
"1073",327,"100","1",2,0.7,0.715534674190132,0.481840304063868,-0.799481367614845,-0.506236353780377,0.30557806211878,0.746
"1074",328,"100","2",2,0.7,1.71910343432559,0.643151673418498,-0.797526208115773,-0.494612882471351,0.204317700414109,0.189
"1075",329,"100","1",2,0.7,0.790388733624101,0.330469222014356,1.01731246713616,-2.82889396992914,0.793867031221551,0.336
"1076",330,"100","2",2,0.7,1.61795244039171,0.4070662680367,1.01817559046299,-2.81900855406773,0.613998850565534,0.18
"1077",331,"100","1",2,0.7,0.703110672518766,0.492822761848447,0.580859481395413,0.268497765943301,0.314507982138797,0.283
"1078",332,"100","2",2,0.7,1.68490919886251,0.644762049122826,0.581375344947528,0.263481527128126,0.213461720667999,0.247
"1079",333,"100","1",2,0.7,0.520873341467484,0.462510063815535,1.37365635739011,-2.12061086864818,0.212676635266447,0.184
"1080",334,"100","2",2,0.7,1.60177692437565,0.690739404392276,1.37696926959724,-2.12151558876595,0.124975459130841,0.142
"1081",335,"100","1",2,0.7,0.696386504897926,0.449397641890916,-2.45824852493205,0.17862784225664,0.318112525747975,0.274
"1082",336,"100","2",2,0.7,1.63458571832433,0.592724166680752,-2.44513406994427,0.180178824605849,0.204631079971313,0.197
"1083",337,"100","1",2,0.7,0.704839201338571,0.238126069374901,-1.03478209767536,2.98742257273873,0.463434790849656,0.465
"1084",338,"100","2",2,0.7,1.39278155251356,0.277762296721539,-1.04161227631049,3.00117638094012,0.295781522738202,0.248
"1085",339,"100","1",2,0.7,0.706616690848928,0.430012969893074,-1.03755259612737,-1.42277025419401,0.321237194491045,0.241
"1086",340,"100","2",2,0.7,1.71773072753079,0.54227004013361,-1.0405588146548,-1.43156498251017,0.2105067302425,0.246
"1087",341,"100","1",2,0.7,0.65325170437437,0.503610764480828,-0.529120090310249,4.05104532227711,0.288340613466778,0.266
"1088",342,"100","2",2,0.7,1.67313190834051,0.643218208261007,-0.529369702700339,4.06068822196906,0.175711441590201,0
"1089",343,"100","1",2,0.7,0.771120006294506,0.444928732009454,0.992821545061782,0.207067023008276,0.406936002646208,0.529
"1090",344,"100","2",2,0.7,1.66940915061572,0.568754689146101,0.998562415598264,0.209220613871884,0.269500958327969,0.266
"1091",345,"100","1",2,0.7,0.560983957601884,0.481548510960529,0.566061807922681,3.14010622474625,0.218905025165625,0.193
"1092",346,"100","2",2,0.7,1.61925555964156,0.69566959745594,0.568340279623262,3.13010859720434,0.129067911576198,0.141
"1093",347,"100","1",2,0.7,2.2376647141298,0.485018154734476,0.380445091560871,4.00101334963827,2534.10886356702,30.906
"1094",348,"100","2",2,0.7,2.43903486602508,0.495526099703876,0.385705738380137,4.02501345123153,3000.34516600208,5.335
"1095",349,"100","1",2,0.7,0.978262924742936,0.474093612553295,0.343768282828132,2.93186150072888,0.69374875587207,0.636
"1096",350,"100","2",2,0.7,1.86802456862761,0.578060035035852,0.350015744754797,2.92742769825608,0.552735213093491,0.415
"1097",351,"100","1",2,0.7,1.13962579977345,0.344198107381917,1.84409500055022,6.3605915397726,1.2757601140367,3.744
"1098",352,"100","2",2,0.7,1.79826979418992,0.40296975786118,1.87227917466361,6.43179075351487,1.1120721808617,0.727
"1099",353,"100","1",2,0.7,0.630635169048197,0.45995233330912,-1.46586845536844,2.41372388115802,0.308195380572449,0.347
"1100",354,"100","2",2,0.7,1.59007236046795,0.584562053115812,-1.47111831437902,2.41632970201041,0.192520899166249,0.16
"1101",355,"100","1",2,0.7,1.87026032735398,0.40834425065892,0.399515913616177,5.27705117216597,570.84460744315,76.95
"1102",356,"100","2",2,0.7,2.19157660461536,0.451167966782905,0.401562210514123,5.30053733014746,625.068147637731,18374.173
"1103",357,"100","1",2,0.7,0.558783572507322,0.430166772575386,0.42738888605764,2.44467396883539,0.238274490126437,0.221
"1104",358,"100","2",2,0.7,1.56101684644669,0.608482074782339,0.422384673548384,2.42758854026418,0.139754872833629,0.133
"1105",359,"100","1",2,0.7,1.16948110736142,0.399965731517616,1.79207577847506,-0.286147434562383,2.19124378626112,2.461
"1106",360,"100","2",2,0.7,1.88115948039824,0.480717674756613,1.79959073041361,-0.288581964709813,1.99510079740347,2.978
"1107",361,"100","1",2,0.7,1.06577873895379,0.266828199754915,-0.279433006791816,-2.24252612807791,7.20776500349032,11.759
"1108",362,"100","2",2,0.7,1.65783207925483,0.318324567217519,-0.277187004597295,-2.23154616606188,5.76638096501373,5.022
"1109",363,"100","1",2,0.7,1.21725978694839,0.377203671777326,2.9525712541327,0.219746417493006,1.20497549048738,1.298
"1110",364,"100","2",2,0.7,1.84486509780589,0.429682806790718,2.96269309795089,0.225225506675697,1.0002648484071,0
"1111",365,"100","1",2,0.7,0.813425076974237,0.43395031047904,1.88492964454964,-0.596154051403372,0.44707603026301,0.414
"1112",366,"100","2",2,0.7,1.68806658087204,0.581089823197744,1.89878949728113,-0.615910305095981,0.308690910320188,0
"1113",367,"100","1",2,0.7,1.8298338656377,0.416699462457165,2.11384352003253,0.0250446305459148,6.43099963997567,6.064
"1114",368,"100","2",2,0.7,2.22600726820407,0.455157941866663,2.10285877412097,0.0260794462873478,6.70370199816513,3.027
"1115",369,"100","1",2,0.7,0.773174977903979,0.438630830484452,2.91994213035742,3.25220663208402,0.449668995420028,0.527
"1116",370,"100","2",2,0.7,1.62997527157407,0.55597297578544,2.92160946503654,3.25407826747645,0.315794815969068,0.218
"1117",371,"100","1",2,0.7,1.68402902987609,0.481857945861349,0.793551165493557,1.08052158371271,13.0730925978175,13.264
"1118",372,"100","2",2,0.7,2.1828807048874,0.53226624148076,0.795916660987098,1.08539151318653,13.6254509364611,3.741
"1119",373,"100","1",2,0.7,0.828853700015696,0.478452917986652,1.60230254262323,2.56663864380064,0.366227402232659,0.504
"1120",374,"100","2",2,0.7,1.6995579892525,0.610907930262931,1.60853055395352,2.56841563966188,0.244684642882757,0.259
"1121",375,"100","1",2,0.7,1.53626043477529,0.347944193683442,1.73445990331337,-1.65278083746451,193.065379022749,65.826
"1122",376,"100","2",2,0.7,1.94382161623044,0.372281483274407,1.73657724220361,-1.65404688215951,196.947332470796,7.033
"1123",377,"100","1",2,0.7,0.636998235247807,0.447980538494618,0.28401225812526,-0.537925730352384,0.270346910643443,0.205
"1124",378,"100","2",2,0.7,1.59450387914067,0.611667600195777,0.279117008022982,-0.549147681734954,0.161942837519444,0
"1125",379,"100","1",2,0.7,1.46100982325069,0.402964410467857,0.292619186139596,-1.91853798491688,7.18928856852405,15.916
"1126",380,"100","2",2,0.7,2.07991101239741,0.476962150168125,0.288320112033148,-1.91753994838056,7.26708722688226,61.978
"1127",381,"100","1",2,0.7,0.870723959845691,0.47779273973427,-1.35625576575224,0.101652775833287,0.516176394215222,1.174
"1128",382,"100","2",2,0.7,1.7759190885774,0.601600739804197,-1.36476731947595,0.104366457484837,0.38004088868592,3.723
"1129",383,"100","1",2,0.7,0.526866710743864,0.496933081934922,-1.99482603989773,2.30185788784899,0.210331864935588,0.193
"1130",384,"100","2",2,0.7,1.59495397585659,0.679780109991133,-1.98360660301436,2.30529629518502,0.123036756705186,0
"1131",385,"100","1",2,0.7,0.853586547966812,0.482942092391283,0.510853262098915,4.69800164254071,0.304338330685714,0.341
"1132",386,"100","2",2,0.7,1.70400022225065,0.600115441074859,0.513242716759569,4.71302909635183,0.194397517326497,0.176
"1133",387,"100","1",2,0.7,0.788707171073568,0.427151743168485,-1.51345749576901,7.34427360973385,0.392712133619078,0.404
"1134",388,"100","2",2,0.7,1.7207533495115,0.542413279956828,-1.52024117482911,7.34895111294116,0.261235925095321,0.235
"1135",389,"100","1",2,0.7,0.821250924295205,0.387423535408142,0.499366660774483,-1.17521881353828,0.512017168032448,0.693
"1136",390,"100","2",2,0.7,1.67489980519625,0.453503557950476,0.504941372288188,-1.18332144620827,0.370071895104644,0.291
"1137",391,"100","1",2,0.7,1.22697725141054,0.471678588001815,1.10851329817635,-1.74044116946898,1.41681345989286,2.166
"1138",392,"100","2",2,0.7,1.90886473252033,0.549032941829391,1.12133974528474,-1.74932587676186,1.22857027359766,0.635
"1139",393,"100","1",2,0.7,0.542153919859194,0.466838096024624,1.52059496679016,1.43167482739014,0.224510365592795,0.192
"1140",394,"100","2",2,0.7,1.59391688564748,0.684129646934046,1.52298939534671,1.43798662637225,0.130789480030717,0.133
"1141",395,"100","1",2,0.7,0.666310974593755,0.432376653329875,-2.2035329974039,-0.961797847272456,0.277255181404662,0.291
"1142",396,"100","2",2,0.7,1.63411598739766,0.5582124818999,-2.20566241488153,-0.975304565915978,0.172610671149567,0.163
"1143",397,"100","1",2,0.7,0.938059451034967,0.289363710503746,2.35070551839715,0.296896387731877,1.61501233051351,1.611
"1144",398,"100","2",2,0.7,1.57006341125705,0.354556524703411,2.34434461621056,0.297274411646866,1.20538975366174,0.706
"1145",399,"100","1",2,0.7,0.603794230306359,0.493168258975032,0.650756360019252,-0.206772587326038,0.233038164401544,0.189
"1146",400,"100","2",2,0.7,1.63242067260569,0.666909042224828,0.64537614020966,-0.202581563361559,0.143661343024178,0
"1147",401,"100","1",2.5,0.7,2.54536297209361,0.475709638614181,0.853947967757339,3.26314960294881,29018.1434601419,41028.302
"1148",402,"100","2",2.5,0.7,2.67337184454689,0.491078009321437,0.85001526305396,3.26681489781415,35647.6799080478,10.843
"1149",403,"100","1",2.5,0.7,0.804805495132413,0.412113097535029,1.75042688798285,-1.7362552633724,0.541897194267889,0.248
"1150",404,"100","2",2.5,0.7,1.69805353020671,0.573455086536887,1.75517959893102,-1.73265776752314,0.381993829107762,0.335
"1151",405,"100","1",2.5,0.7,0.702341497521876,0.48752202201756,-0.561427056603744,-1.80990152953206,0.335749459078117,0.298
"1152",406,"100","2",2.5,0.7,1.70748623433157,0.642717169509129,-0.569822851359022,-1.82606493040001,0.224757034855886,0.246
"1153",407,"100","1",2.5,0.7,1.64155954892436,0.380616458755284,2.2823715406458,2.79422768031416,124.977949432422,25.458
"1154",408,"100","2",2.5,0.7,2.10190602044225,0.421037514973946,2.27409681642786,2.79727319915462,131.059133196775,5.663
"1155",409,"100","1",2.5,0.7,1.27000504561073,0.467422565265579,1.74576137605542,0.00997092434209367,2.34056931783598,5.476
"1156",410,"100","2",2.5,0.7,1.9699431580862,0.542501176501916,1.75923403238607,0.00997546176428404,2.05528275215128,1.398
"1157",411,"100","1",2.5,0.7,0.9460511630165,0.367620949991363,2.06675946179852,1.23499413863448,1.2157328179102,0.938
"1158",412,"100","2",2.5,0.7,1.68053267986132,0.451302051911941,2.07411903095079,1.2322002178085,0.88630963325965,0.533
"1159",413,"100","1",2.5,0.7,1.87532491444383,0.46179846774638,-1.58123247182642,-0.735513724048162,153.374937571749,2168.086
"1160",414,"100","2",2.5,0.7,2.25097481318191,0.494200339305713,-1.58444119546515,-0.748090974181857,166.520208944222,0
"1161",415,"100","1",2.5,0.7,0.807182109002623,0.400261947557513,1.74465956182459,-0.0987104338790001,0.425533298764194,0.456
"1162",416,"100","2",2.5,0.7,1.59234228947787,0.493208661566086,1.74667985133487,-0.0969449116958254,0.275278155384602,0
"1163",417,"100","1",2.5,0.7,0.590930120705974,0.446848549323514,0.667966082546588,-0.444759123027909,0.238165778367323,0.251
"1164",418,"100","2",2.5,0.7,1.61746586602877,0.654306103261398,0.671460886079457,-0.451340747135532,0.134901765309079,0.121
"1165",419,"100","1",2.5,0.7,0.664822956018498,0.46127941211359,-1.40121268922751,1.33503228321143,0.275763496003978,0.586
"1166",420,"100","2",2.5,0.7,1.59764804844484,0.626895559491389,-1.39956858033592,1.33849448817454,0.165322176377035,0.172
"1167",421,"100","1",2.5,0.7,0.994365993799212,0.457420143771393,0.972249298637476,4.73419255313601,0.62268891100123,0.46
"1168",422,"100","2",2.5,0.7,1.8067924307216,0.58693568303595,0.980412504587514,4.74828435090024,0.481591513234742,0.379
"1169",423,"100","1",2.5,0.7,0.704295939778321,0.449685749814883,-0.132825615507885,0.0384654117346418,0.317629877111134,0.293
"1170",424,"100","2",2.5,0.7,1.65947613196332,0.535456771143581,-0.139764727991992,0.0398313168315797,0.206032384265602,0.207
"1171",425,"100","1",2.5,0.7,1.95352266418552,0.337930539738658,2.94449103376482,-2.85115966591585,176.104331330824,364.851
"1172",426,"100","2",2.5,0.7,2.25804299955389,0.36801710821829,2.93243405468086,-2.83694187851356,197.907852980935,4.637
"1173",427,"100","1",2.5,0.7,0.756408756304096,0.51884056371479,-1.09565697016808,-1.06761544215398,0.301432623470181,0.265
"1174",428,"100","2",2.5,0.7,1.67783182017313,0.644215418344253,-1.09480870575926,-1.07530846285103,0.193784371850407,0.184
"1175",429,"100","1",2.5,0.7,0.995391986533947,0.337000802199853,1.27999729575565,-3.50050244060096,1.3892101865599,5.669
"1176",430,"100","2",2.5,0.7,1.68680107856584,0.384941120642295,1.29093831439742,-3.50967855031335,1.12737832593069,0
"1177",431,"100","1",2.5,0.7,0.815490310680481,0.504156374880585,0.69820271774059,0.197479384312924,0.363749222971104,0.321
"1178",432,"100","2",2.5,0.7,1.74751586837397,0.639250363826018,0.689226388242809,0.207532968286292,0.248356453369111,0
"1179",433,"100","1",2.5,0.7,0.566683659269132,0.509339394788396,1.64029441002331,-2.88499284567829,0.207589255310811,0.177
"1180",434,"100","2",2.5,0.7,1.56481159631136,0.697310878807895,1.6407348933066,-2.87055574463935,0.115326920221644,0.134
"1181",435,"100","1",2.5,0.7,0.838695542322875,0.453870864047446,-3.03843570575437,0.207121775188916,0.530670600828606,0.563
"1182",436,"100","2",2.5,0.7,1.73440624137417,0.57026180675776,-3.04353197991194,0.214227350024685,0.377284833641025,0.268
"1183",437,"100","1",2.5,0.7,0.809037088319256,0.222414861208088,-1.27300709332586,3.6303722843072,0.717282885037085,0.699
"1184",438,"100","2",2.5,0.7,1.39385151958384,0.243206298600539,-1.27861519193734,3.65253786207688,0.491853454640998,0
"1185",439,"100","1",2.5,0.7,0.769920991145055,0.449455695342967,-1.29781940742998,-1.89179493316515,0.313732354452596,0.311
"1186",440,"100","2",2.5,0.7,1.71583774797742,0.550208732219339,-1.29513276194812,-1.88572758237656,0.204914265939057,0.257
"1187",441,"100","1",2.5,0.7,0.643677800619505,0.517662230238326,-0.774865957904756,4.6593349200152,0.26610711416177,0.214
"1188",442,"100","2",2.5,0.7,1.64084702871801,0.656181065663495,-0.772557625367412,4.6391533036362,0.158781078668326,0.171
"1189",443,"100","1",2.5,0.7,0.933826558994332,0.416485369693442,1.22667940695741,0.130537050926483,0.777405307064539,1.159
"1190",444,"100","2",2.5,0.7,1.7352920125923,0.518250098419806,1.22308043724714,0.126850645141046,0.601151545783781,0.438
"1191",445,"100","1",2.5,0.7,0.576682341886627,0.484966781566768,0.6609707117094,3.72104749389892,0.227803790386232,0.203
"1192",446,"100","2",2.5,0.7,1.64126770687761,0.675042604549094,0.665536323999545,3.73181315351513,0.137179201599273,0.164
"1193",447,"100","1",2.5,0.7,2.37135718820717,0.462854311034887,0.422598080641802,4.95432665252611,59849.9915162562,204.828
"1194",448,"100","2",2.5,0.7,2.58786890100182,0.490227147116069,0.419472141005578,4.94229077880884,73213.4271040238,38479.356
"1195",449,"100","1",2.5,0.7,1.08029587842494,0.467451723812605,0.433469834128703,3.62601355299494,0.762730248343607,0.065
"1196",450,"100","2",2.5,0.7,1.84334548066383,0.561653712815725,0.433226008301758,3.6335210600721,0.599821933997289,0.54
"1197",451,"100","1",2.5,0.7,1.12940092906845,0.339727198596669,2.30612076845279,8.27176625406902,2.03967921231382,1.956
"1198",452,"100","2",2.5,0.7,1.82113699206988,0.387401756120196,2.32679388554678,8.31413198131777,1.75013633763254,1.104
"1199",453,"100","1",2.5,0.7,0.83661180975491,0.437513542552714,-1.85792864612955,2.83070986308416,0.469303916383138,0.471
"1200",454,"100","2",2.5,0.7,1.64096295255312,0.543807167451131,-1.86698923299508,2.83524000504018,0.317425870644928,0.517
"1201",455,"100","1",2.5,0.7,1.98680399319941,0.40307521401376,0.390578760806783,6.4904308697885,24337.7545143295,276.738
"1202",456,"100","2",2.5,0.7,2.29680454450708,0.43102145505037,0.393781081389001,6.53205697828901,28052.9885814367,162.645
"1203",457,"100","1",2.5,0.7,0.638526039894812,0.437118228422308,0.683411998153176,3.42192565543572,0.24334602226874,0.237
"1204",458,"100","2",2.5,0.7,1.57952485526791,0.600048343123793,0.68167259718185,3.4275444591871,0.142686229818322,0.176
"1205",459,"100","1",2.5,0.7,1.19639204354848,0.403322908520911,2.18140128237383,-0.416874963632635,2.21808590573493,3.415
"1206",460,"100","2",2.5,0.7,1.90761329878794,0.491835259481695,2.17451401765784,-0.405430757886353,1.96286175782167,0.932
"1207",461,"100","1",2.5,0.7,1.19010882182987,0.272953149182229,-0.392617932701039,-2.81200303558035,31.9697259773497,73.019
"1208",462,"100","2",2.5,0.7,1.70081347101582,0.310628392408614,-0.392132971010167,-2.80811838565235,28.1391198904219,1.902
"1209",463,"100","1",2.5,0.7,1.25870765547553,0.374095044237098,3.7327375372728,0.308348725136205,3.07224247153743,2.378
"1210",464,"100","2",2.5,0.7,1.90977743994995,0.415457834228362,3.74110909083287,0.308996095245942,2.89956912994664,0.827
"1211",465,"100","1",2.5,0.7,0.977721621452114,0.452522290900316,2.32563307495759,-0.597123850668894,0.705507098443154,0.826
"1212",466,"100","2",2.5,0.7,1.73801270085105,0.548701191437476,2.34276609922113,-0.585632559290602,0.535110774677184,0.358
"1213",467,"100","1",2.5,0.7,2.00915891488475,0.416199088883138,2.6509254987556,-0.0140112909620706,64.9405418951441,14.05
"1214",468,"100","2",2.5,0.7,2.37699011057667,0.439989922077044,2.65840908082078,-0.0145406849939166,73.547877067962,7.745
"1215",469,"100","1",2.5,0.7,0.997878750541437,0.421213946903857,3.74788602323589,4.1470840115002,0.967194927521485,1.582
"1216",470,"100","2",2.5,0.7,1.69281008671614,0.508188087315919,3.75148355426618,4.13360912119363,0.737627973998589,0.408
"1217",471,"100","1",2.5,0.7,1.96289316985542,0.474242553554834,0.931206740535262,1.36839846494993,67.7938538823459,67.029
"1218",472,"100","2",2.5,0.7,2.2766536370764,0.523441375966101,0.938537509105976,1.36597899630654,74.288705962629,13.663
"1219",473,"100","1",2.5,0.7,0.712078991034357,0.469096289385884,1.92455913230901,3.01120763184133,0.330113938638314,0.538
"1220",474,"100","2",2.5,0.7,1.74304904817837,0.615411342798939,1.92171760613759,3.02880775991373,0.227214524997677,0.251
"1221",475,"100","1",2.5,0.7,1.74738726580196,0.345832357576257,2.01176717481462,-2.49718613469308,10851.5901627241,522.862
"1222",476,"100","2",2.5,0.7,2.06559868720346,0.362211600986779,2.0203074208147,-2.49874046103792,11831.5205107861,3477.425
"1223",477,"100","1",2.5,0.7,0.68862244784749,0.443481586805806,0.310012419100158,-0.816160680846792,0.278527891271027,0.406
"1224",478,"100","2",2.5,0.7,1.61110549667044,0.593267551253687,0.307727544480022,-0.813370432699426,0.175276364277845,0.189
"1225",479,"100","1",2.5,0.7,1.58755365679545,0.385524749232893,0.321971770190965,-2.50720602508163,27.8472384971683,27.301
"1226",480,"100","2",2.5,0.7,2.1455183490575,0.456838562741048,0.328203717659681,-2.5288813887405,30.2991251975918,45.416
"1227",481,"100","1",2.5,0.7,1.02345488170187,0.468906795419085,-1.61836675177029,0.314217227321642,0.731310138233569,0.521
"1228",482,"100","2",2.5,0.7,1.83090897516927,0.586005125325966,-1.6259778239749,0.319879928507142,0.588664262477029,1.071
"1229",483,"100","1",2.5,0.7,0.589688551762847,0.506878330082881,-2.53969316773258,2.69724495099383,0.217331238873534,0.192
"1230",484,"100","2",2.5,0.7,1.62034250821255,0.66924717009577,-2.53454336300935,2.69018687897516,0.130322479975815,0.135
"1231",485,"100","1",2.5,0.7,0.881428297050333,0.468425369988175,0.632231909928211,5.72592930166515,0.388832454852271,0.354
"1232",486,"100","2",2.5,0.7,1.77863536950701,0.580851577148839,0.631036161702053,5.74182076875216,0.26242290380312,0.261
"1233",487,"100","1",2.5,0.7,1.00738785123536,0.396111585860143,-1.77715234386687,9.39443725173481,0.664576179977731,1.491
"1234",488,"100","2",2.5,0.7,1.79950004082356,0.461692871139826,-1.79483350698389,9.47115989484372,0.521792293345605,0
"1235",489,"100","1",2.5,0.7,0.843320952583375,0.375457136280428,0.609358553283379,-1.45706213277481,0.566456285394777,0.701
"1236",490,"100","2",2.5,0.7,1.7152105263159,0.440157843640816,0.610110041015373,-1.46482524071238,0.410436300115709,0.299
"1237",491,"100","1",2.5,0.7,1.54305361199058,0.466911594081976,1.43399415635825,-2.1584437099326,9.1454909587887,171.104
"1238",492,"100","2",2.5,0.7,2.06758121688637,0.520790950487436,1.43458201828826,-2.15529561780597,9.02663826077808,2.331
"1239",493,"100","1",2.5,0.7,0.542136087065261,0.488116558931116,1.93682792903282,2.02835037381989,0.231957083953411,0.213
"1240",494,"100","2",2.5,0.7,1.56998285910071,0.678122624374657,1.92666018590042,2.03379482865808,0.130731830757898,0.114
"1241",495,"100","1",2.5,0.7,0.649107242831755,0.452062608461369,-2.69766932694052,-1.02108620507641,0.289355344181783,0.322
"1242",496,"100","2",2.5,0.7,1.6526010850576,0.565379547641462,-2.70486703904084,-1.01972975134587,0.183884575514828,0.2
"1243",497,"100","1",2.5,0.7,0.985246269757814,0.296639439627623,2.97050295525269,0.761435787755713,2.69796211155503,8.417
"1244",498,"100","2",2.5,0.7,1.58232084385105,0.344909720303983,2.97190576103063,0.753278694352256,2.06806452169234,0.846
"1245",499,"100","1",2.5,0.7,0.612111879084056,0.510160190560916,0.735933198770912,-0.348058908345559,0.245728426943709,0.138
"1246",500,"100","2",2.5,0.7,1.64503873910457,0.663394256265711,0.7359801309646,-0.356598855603703,0.143214926069077,0.189
"1247",501,"100","1",3,0.7,2.85124022086469,0.492238926887412,0.975171340033284,3.80334739867274,672559.029681301,1519.791
"1248",502,"100","2",3,0.7,2.81708050671274,0.483144947540053,0.972206502980824,3.80677295317031,853094.122896013,60.902
"1249",503,"100","1",3,0.7,0.957896457675159,0.442209496573369,2.13382544598143,-1.99469671788489,0.747165568392337,0.562
"1250",504,"100","2",3,0.7,1.70742275799202,0.546296944446843,2.12614964736587,-1.98958346800654,0.544192382022021,0.414
"1251",505,"100","1",3,0.7,0.647687088225009,0.467522294778154,-0.671279948742325,-2.13399896195467,0.302832924148814,0.228
"1252",506,"100","2",3,0.7,1.68406561706515,0.644134774251425,-0.678614263961847,-2.13263672594763,0.20130433044607,0.187
"1253",507,"100","1",3,0.7,2.02588293587196,0.395181802132091,2.68578786806445,3.15354771599382,4266.1993811878,5139.888
"1254",508,"100","2",3,0.7,2.28052991958447,0.409137591763391,2.69874105977029,3.16370321383508,4827.46132482068,6.407
"1255",509,"100","1",3,0.7,1.61191478781824,0.456686999421901,2.02787062041987,-0.0793039715080073,11.2185235733407,1.503
"1256",510,"100","2",3,0.7,2.07810274439906,0.520749238741878,2.02516285037561,-0.0827420046667737,10.976331044071,1.84
"1257",511,"100","1",3,0.7,1.19646736220052,0.367372784531582,2.47396927289943,1.47077915953757,4.70904001252628,7.972
"1258",512,"100","2",3,0.7,1.739739936112,0.41035697608576,2.47690460375664,1.47467645466456,3.9466479838877,0.836
"1259",513,"100","1",3,0.7,1.94166239342142,0.442196187536207,-1.92352790703878,-1.09842800973153,847.693394669691,661.115
"1260",514,"100","2",3,0.7,2.3022848531617,0.478048782871553,-1.93135056951135,-1.10899766261694,936.074022298633,1709.408
"1261",515,"100","1",3,0.7,0.825545677676634,0.401718440165681,2.15477910917418,-0.0668606799072486,0.517297757148308,0.594
"1262",516,"100","2",3,0.7,1.6250349526086,0.473073628185352,2.15041739508091,-0.0693863213744037,0.349178790024877,0.325
"1263",517,"100","1",3,0.7,0.597825915498021,0.455499183944817,0.779150912025505,-0.715639959755022,0.242124467518692,0.196
"1264",518,"100","2",3,0.7,1.61081071258426,0.646826936032661,0.780359763145136,-0.723004056055836,0.135488189732567,0.151
"1265",519,"100","1",3,0.7,0.687320873013538,0.472949887963332,-1.62463750382299,1.821422282687,0.288179815339324,0.383
"1266",520,"100","2",3,0.7,1.58867498920247,0.611840796868143,-1.62768194079196,1.81976595868017,0.179479356602767,0.184
"1267",521,"100","1",3,0.7,1.17992541096501,0.47844182970881,1.18579511236204,5.88739777172308,0.992184719214982,0.556
"1268",522,"100","2",3,0.7,1.87197732695857,0.568126748193754,1.19437089181686,5.8958127159939,0.818455761275956,0
"1269",523,"100","1",3,0.7,0.754251760555087,0.439317760926648,-0.197218776355323,0.0541167564656793,0.32708143234258,0.297
"1270",524,"100","2",3,0.7,1.67070147508474,0.526321085043355,-0.199346295916706,0.0549313736068561,0.209797885665609,0
"1271",525,"100","1",3,0.7,2.0930645102823,0.334191231198148,3.44600712821471,-3.60558494726824,1269.17831504767,99.137
"1272",526,"100","2",3,0.7,2.38313045860791,0.357969776470243,3.4390153249492,-3.59368539764341,1460.79797488174,50.557
"1273",527,"100","1",3,0.7,0.721321222903814,0.505638425476066,-1.41957737517952,-1.72980970717927,0.288574378470828,0.249
"1274",528,"100","2",3,0.7,1.68415690641729,0.648824071103715,-1.41984178499677,-1.72452024431319,0.181285954378008,0.173
"1275",529,"100","1",3,0.7,1.08687753636335,0.317526396481177,1.56666890122405,-4.1602471552917,2.63516604957132,3.083
"1276",530,"100","2",3,0.7,1.74174031313392,0.370939922638186,1.57143754129858,-4.17121777378979,2.25730705879781,1.321
"1277",531,"100","1",3,0.7,0.87854146858826,0.505970517918336,0.772252944479933,0.120041023747922,0.439726356136618,0.339
"1278",532,"100","2",3,0.7,1.75650099325242,0.620113948981268,0.779056330252249,0.124901802615525,0.320484412000203,0.276
"1279",533,"100","1",3,0.7,0.625223238925394,0.502501530566243,1.88169636890969,-3.6780023165908,0.225991100673506,0.356
"1280",534,"100","2",3,0.7,1.60055691125494,0.676749858321478,1.88191658548587,-3.67288278081812,0.13498512514469,0.137
"1281",535,"100","1",3,0.7,1.09268596342404,0.438875408959921,-3.66872389068381,0.23014694578628,1.09454587141857,0.89
"1282",536,"100","2",3,0.7,1.83525284963952,0.537547213181148,-3.64970084215187,0.228091797303616,0.886439242502536,0.568
"1283",537,"100","1",3,0.7,0.959740444840319,0.190835459906711,-1.52798832380674,4.29934070144598,1.72748158909908,1.979
"1284",538,"100","2",3,0.7,1.47937293596713,0.225073406777573,-1.52029125397714,4.28392034021236,1.21703897387221,0.936
"1285",539,"100","1",3,0.7,0.770556199073543,0.436116231800627,-1.55042926969389,-2.36217306768733,0.322199763049589,0.806
"1286",540,"100","2",3,0.7,1.67919111245191,0.533892292685539,-1.55232053260985,-2.36061044620267,0.206377759094831,0.236
"1287",541,"100","1",3,0.7,0.733021289279843,0.52448951046577,-1.04692405615305,5.11919282638253,0.241833558778901,0.276
"1288",542,"100","2",3,0.7,1.63679058932612,0.678947910866261,-1.03823975142189,5.14488496050126,0.143564984618062,0.135
"1289",543,"100","1",3,0.7,1.14996813071437,0.402689422236731,1.42315713836787,0.015146708799096,2.69168584470087,0.632
"1290",544,"100","2",3,0.7,1.83303078015017,0.484450639184636,1.4238899883653,0.0155123456950674,2.30596199593861,0.705
"1291",545,"100","1",3,0.7,0.618175505301376,0.500705970655885,0.752255844261046,4.31911819316818,0.252899240439969,0.208
"1292",546,"100","2",3,0.7,1.67059408133049,0.679012046205287,0.750654205805601,4.29997337141836,0.151751988890109,0.101
"1293",547,"100","1",3,0.7,2.57712639972586,0.464377913081747,0.422166095035762,5.77583150021698,1348328.48982379,113.142
"1294",548,"100","2",3,0.7,2.63001656377811,0.472360898446149,0.425507914484599,5.77456659339656,1621966.43342809,13.61
"1295",549,"100","1",3,0.7,1.12423151342198,0.461161306758619,0.509428185187296,4.29475263537828,0.780942128449587,1.005
"1296",550,"100","2",3,0.7,1.85304274948747,0.54981449027432,0.511500912364082,4.31590962852176,0.609760560974801,0.434
"1297",551,"100","1",3,0.7,1.17531028925968,0.323073096305419,2.77594998302017,10.2256978460238,3.01954746232284,3.36
"1298",552,"100","2",3,0.7,1.86451027122237,0.367709994372594,2.80035354181271,10.26391851887,2.75027082904308,5.949
"1299",553,"100","1",3,0.7,0.964336263048769,0.428038025714207,-2.28924960486581,3.12942668309662,0.790165914378744,0.699
"1300",554,"100","2",3,0.7,1.7022934084909,0.508084155104816,-2.2986323793311,3.15643817028153,0.593075267584118,0.854
"1301",555,"100","1",3,0.7,2.19329482828584,0.402804662637486,0.37220882133375,7.73079708729634,1511784.63043458,875.286
"1302",556,"100","2",3,0.7,2.42701041294733,0.421979746427388,0.371828370747434,7.71930362761176,1839207.61756151,263.671
"1303",557,"100","1",3,0.7,0.60929190876018,0.427356535044778,0.936940874571987,4.3947353210782,0.269932780877183,0.425
"1304",558,"100","2",3,0.7,1.52958545507336,0.574997054831309,0.942236360365706,4.4102555666523,0.166810249613588,0.143
"1305",559,"100","1",3,0.7,1.24634890789361,0.427794060532651,2.51723634420583,-0.633573655932897,1.90855047975611,1.332
"1306",560,"100","2",3,0.7,1.89491455736816,0.495047610631797,2.53410034551928,-0.637819778335792,1.68007428229897,0.983
"1307",561,"100","1",3,0.7,1.32866052187698,0.279849427581862,-0.521336629952746,-3.43477917565902,192.267702017843,250.922
"1308",562,"100","2",3,0.7,1.74472275019479,0.305056884734746,-0.526038890386312,-3.44015451124735,178.331754667225,26.096
"1309",563,"100","1",3,0.7,1.57253215305881,0.375844149006234,4.49334574810885,0.323012990666639,13.8784513034461,62.288
"1310",564,"100","2",3,0.7,2.07022698983109,0.409618481687609,4.49796066659161,0.34526735390699,14.0452423532711,444.13
"1311",565,"100","1",3,0.7,1.14895967397818,0.433069693176677,2.77706401433893,-0.565077667047969,1.31429200970471,1.094
"1312",566,"100","2",3,0.7,1.79295502641987,0.518707273415216,2.78208489080145,-0.571926831540555,1.06712892708782,0.387
"1313",567,"100","1",3,0.7,2.38227244335573,0.414620495128569,3.16913292275018,-0.0923556566628359,1275.96061227888,34.374
"1314",568,"100","2",3,0.7,2.53238343771256,0.431151015601342,3.17677300689518,-0.091104026473755,1500.21063641689,1185.629
"1315",569,"100","1",3,0.7,1.16453075059395,0.388860934282722,4.5502129890322,4.92252615215377,3.25522232187444,3.133
"1316",570,"100","2",3,0.7,1.81351881030737,0.467632485173424,4.55658071929595,4.94237121924493,2.78824596730168,0
"1317",571,"100","1",3,0.7,2.04338586510897,0.465944847594028,1.06978045393081,1.62494961051127,438.833576087467,109.057
"1318",572,"100","2",3,0.7,2.37595899920066,0.504132579479933,1.07121541484198,1.61911295498866,501.596522481765,5.256
"1319",573,"100","1",3,0.7,0.728743397445999,0.458099784902316,2.24212320996685,3.49023377278963,0.333323719833715,0.289
"1320",574,"100","2",3,0.7,1.7192512129508,0.634808408679976,2.23999305468224,3.48670231135565,0.215193518431673,0.254
"1321",575,"100","1",3,0.7,2.05553069283752,0.339536102577588,2.29270222206189,-3.31404808896006,1009940.76018638,455.441
"1322",576,"100","2",3,0.7,2.22077431454954,0.362274296977261,2.30200416885172,-3.32236567716792,1148745.83715668,368.32
"1323",577,"100","1",3,0.7,0.645112489525781,0.423386577400144,0.329852390677505,-1.10053287642496,0.332090422018076,0.314
"1324",578,"100","2",3,0.7,1.65549770970073,0.576977246601093,0.331143655715848,-1.10211800143983,0.216438337876765,0.196
"1325",579,"100","1",3,0.7,1.87782266047754,0.397093858299102,0.35871477358762,-3.16540771165219,131.266553595275,19.777
"1326",580,"100","2",3,0.7,2.24916625124625,0.443507682391465,0.359176474669415,-3.17112889580698,145.139043224672,3.399
"1327",581,"100","1",3,0.7,1.11140749159912,0.469672811976292,-1.87200240420263,0.621123882518932,1.09787611921514,0.881
"1328",582,"100","2",3,0.7,1.91082288766334,0.569981292629018,-1.87656115461099,0.62995501740981,0.920082072492092,0.699
"1329",583,"100","1",3,0.7,0.683774161531612,0.502591264228696,-3.0877319571287,3.05711155500765,0.22902650424905,0.336
"1330",584,"100","2",3,0.7,1.61607618191068,0.644038462921335,-3.09148332590058,3.04432894923087,0.139380985791454,0.128
"1331",585,"100","1",3,0.7,1.01535545467233,0.460852008118052,0.730357279951209,6.69558319119237,0.537998170747966,0.399
"1332",586,"100","2",3,0.7,1.82064011885694,0.554471224275613,0.73343003392674,6.72370054074581,0.391727589307145,0.368
"1333",587,"100","1",3,0.7,1.1819229551485,0.360970578004137,-2.06199618034142,11.5414353869653,1.82813843239649,0.716
"1334",588,"100","2",3,0.7,1.89522077506932,0.402446869049473,-2.07140515734462,11.5811346809332,1.5056091306668,0.845
"1335",589,"100","1",3,0.7,0.860621193261999,0.376974851177076,0.711564929151391,-1.7550519946029,0.60419847153851,0.956
"1336",590,"100","2",3,0.7,1.70168430042231,0.43503306784093,0.712251674342542,-1.75395730970282,0.453881572288744,0.306
"1337",591,"100","1",3,0.7,1.90369235827676,0.466429909995029,1.74970561810837,-2.56065348240512,113.317481197312,41.007
"1338",592,"100","2",3,0.7,2.19146480675738,0.494853846063686,1.75742590911389,-2.56655406560122,117.47979776953,0
"1339",593,"100","1",3,0.7,0.557629299673367,0.462331595065805,2.32665275518301,2.60211636963041,0.221344077757581,0.228
"1340",594,"100","2",3,0.7,1.54116941592889,0.654041127315055,2.33633111917765,2.60108944064867,0.13091342261425,0.131
"1341",595,"100","1",3,0.7,0.743839963344504,0.446535962981441,-3.17036576471049,-1.01907349526624,0.329277518535312,0.28
"1342",596,"100","2",3,0.7,1.68562435824265,0.567256177361808,-3.18391646379811,-1.02211369309849,0.218011552581046,0.259
"1343",597,"100","1",3,0.7,1.00858620213912,0.291845370270964,3.6221155687119,1.32933724313331,4.54593926244476,5.073
"1344",598,"100","2",3,0.7,1.62193203094612,0.343110742202215,3.62520558002405,1.32832030964257,3.85813860251066,1.066
"1345",599,"100","1",3,0.7,0.636228630932504,0.483182058218148,0.814096746781289,-0.551745803889632,0.240614385658532,0.226
"1346",600,"100","2",3,0.7,1.63790433023679,0.661758207178775,0.823925513169916,-0.550928450271433,0.147870369387753,0.171
"1347",1,"100","1",1,0.7,0.757805338218901,0.4925950302915,0.291662475765168,0.170954203263062,0.321074559057898,0.309
"1348",2,"100","2",1,0.7,1.72463475573394,0.632734407960037,0.288736682566403,0.178896333213676,0.225921413145945,0.226
"1349",3,"100","1",1,0.7,0.733077278451905,0.466349127112381,0.761276862491993,-0.829603517236137,0.335882626902762,0.342
"1350",4,"100","2",1,0.7,1.71316524967473,0.622574372322431,0.763359550762189,-0.829042572981625,0.219097510671458,0.227
"1351",5,"100","1",1,0.7,0.613857900321183,0.467595732037111,-1.271833607897,0.0740620077897908,0.225197584553268,0.23
"1352",6,"100","2",1,0.7,1.56288776071405,0.629519363625353,-1.27177768393489,0.0750856627172643,0.13230866961665,0
"1353",7,"100","1",1,0.7,0.666277099047484,0.287006382134666,-0.593199083595134,1.58088858619095,0.346521410967739,0.347
"1354",8,"100","2",1,0.7,1.37556960451961,0.360245868097757,-0.594057369735559,1.58250520975131,0.217752450754848,0.187
"1355",9,"100","1",1,0.7,0.730777953988476,0.432925316115838,-0.560129493453137,-0.601567241471892,0.326183305157801,0.247
"1356",10,"100","2",1,0.7,1.67204840671859,0.538178911065896,-0.565375421233221,-0.612919422399495,0.210110490549012,0.236
"1357",11,"100","1",1,0.7,0.627307092582127,0.456341227237751,-0.167388960033261,2.4829381463321,0.276619982138406,0.373
"1358",12,"100","2",1,0.7,1.64231274434487,0.617074399885861,-0.174570014426493,2.4985487498314,0.174378509714234,0.147
"1359",13,"100","1",1,0.7,0.542461921575694,0.453657023433435,0.459403183939801,0.190365009571378,0.244994664001757,0.186
"1360",14,"100","2",1,0.7,1.538309141745,0.634629948183856,0.45752763016369,0.192885263898354,0.141556630095795,0
"1361",15,"100","1",1,0.7,0.581816087550928,0.493594983716713,0.322936886785192,1.74462506957119,0.228489189398836,2.45
"1362",16,"100","2",1,0.7,1.59396951210376,0.691164422704987,0.324155007371423,1.73832930243983,0.131353601090232,0.15
"1363",17,"100","1",1,0.7,1.48812679284597,0.474866752092048,0.221050570499295,1.81958446684009,5.87798310199626,29.139
"1364",18,"100","2",1,0.7,2.07699776291062,0.540563366764386,0.217926618761237,1.82221745446309,5.57833832514808,1.684
"1365",19,"100","1",1,0.7,1.02216767025759,0.494668570782893,0.129183292366483,1.33926847860893,0.642138709469325,7.043
"1366",20,"100","2",1,0.7,1.86221163927045,0.597447426679772,0.129251663569828,1.35217199606946,0.495832897148023,0.378
"1367",21,"100","1",1,0.7,0.924577120153188,0.403239673600426,1.02248566317507,2.87502206343082,0.57528981177708,0.684
"1368",22,"100","2",1,0.7,1.68254920343717,0.470329370752608,1.02269526713611,2.8801850861224,0.403092518651428,0.281
"1369",23,"100","1",1,0.7,0.611572726176562,0.453007471963288,-0.777136482233207,1.17199823475139,0.243754900867149,0.195
"1370",24,"100","2",1,0.7,1.56494261042959,0.620109609436494,-0.778397674695536,1.17303566933351,0.140229276121756,0
"1371",25,"100","1",1,0.7,1.2166954840473,0.419479267832172,0.36538056507134,2.66938951458218,2.24012383330338,2.875
"1372",26,"100","2",1,0.7,1.90315798338259,0.504446886531042,0.366330846846071,2.67812901563297,1.92148179153073,0
"1373",27,"100","1",1,0.7,0.60963564406154,0.440829069422347,-0.00871892246263352,0.626372913925172,0.255061872366217,0.242
"1374",28,"100","2",1,0.7,1.59667713003513,0.607297032327246,-0.0113605181033393,0.612834222982711,0.158614843405707,0
"1375",29,"100","1",1,0.7,1.06083256662668,0.407263224694463,0.910990397570032,-0.341811482712619,1.23248703995315,0.528
"1376",30,"100","2",1,0.7,1.80573744027672,0.470148370771897,0.91847240902302,-0.342051947677126,1.08488246427868,0.726
"1377",31,"100","1",1,0.7,0.902071519210182,0.286561588677755,-0.0851256674765816,-1.17415748707657,0.886495455114526,3.996
"1378",32,"100","2",1,0.7,1.61411430585825,0.340436954670723,-0.0934767911239164,-1.17904016577906,0.658286394276326,0
"1379",33,"100","1",1,0.7,0.790444229333131,0.39852484286145,1.36614649038482,0.0188492477016591,0.450005924958186,0.309
"1380",34,"100","2",1,0.7,1.77030956170602,0.481353698287581,1.36656831009799,0.0191719315088057,0.315576617337306,0.346
"1381",35,"100","1",1,0.7,0.603104816333434,0.464820221563292,1.04710074643977,-0.589469788127221,0.248921837156048,0.388
"1382",36,"100","2",1,0.7,1.60518490943686,0.646703086871196,1.04485965412401,-0.589462577976693,0.152885612377114,0
"1383",37,"100","1",1,0.7,1.11701764228061,0.432127790196735,0.93494234551391,-0.0302828988913354,0.618668437631449,0.547
"1384",38,"100","2",1,0.7,1.89537086225056,0.497239030358852,0.937884305260392,-0.0288409845898544,0.506256408862042,0.4
"1385",39,"100","1",1,0.7,0.629023738441032,0.456833665732282,1.16727201491633,1.09584205625177,0.270306472692403,0.242
"1386",40,"100","2",1,0.7,1.58769553710668,0.613694476275803,1.17310822670861,1.11299277499958,0.164243942551574,0
"1387",41,"100","1",1,0.7,1.1804007765008,0.497389767533693,0.457956170533853,0.347603823545234,1.2009058245859,0.847
"1388",42,"100","2",1,0.7,1.97691239124827,0.575535969852991,0.447660416403559,0.354332887267604,1.07428869815639,1.969
"1389",43,"100","1",1,0.7,0.851283563466015,0.458095093531531,0.91131282436707,1.42857422366572,0.394762579875947,0.338
"1390",44,"100","2",1,0.7,1.78594736037327,0.58212284671264,0.90591677928694,1.43870221634774,0.281018045654684,0.206
"1391",45,"100","1",1,0.7,0.942639140093037,0.349807519288935,1.11105311970842,-0.154286862237939,1.02525600491443,0.715
"1392",46,"100","2",1,0.7,1.6229645145245,0.424805484436324,1.12161879844008,-0.156053227573107,0.745090539692841,0.478
"1393",47,"100","1",1,0.7,0.619510330564669,0.480464159573561,0.215531620548059,-0.181011474639412,0.242232163613158,0.218
"1394",48,"100","2",1,0.7,1.57466146102233,0.638051568640007,0.20970871105216,-0.193807472789486,0.138394613078208,0
"1395",49,"100","1",1,0.7,1.13335099809091,0.438535777724664,0.178737113100288,-0.735944294451029,0.93014111768616,0.959
"1396",50,"100","2",1,0.7,1.86962875543451,0.523002808462032,0.175394116932926,-0.729762978570459,0.793038438634646,0.543
"1397",51,"100","1",1,0.7,0.792085314171663,0.501144659308489,-0.787082244717559,-0.164861336723835,0.338264157305679,0.313
"1398",52,"100","2",1,0.7,1.70761697424267,0.636396196387731,-0.78942802323235,-0.16351328714648,0.223269550676375,0.199
"1399",53,"100","1",1,0.7,0.514600205207,0.493530235306186,-0.961409293277281,1.26166428112297,0.206900770378458,0.178
"1400",54,"100","2",1,0.7,1.5846268546237,0.707753470922538,-0.955671602737922,1.25275562744429,0.117616517064516,0
"1401",55,"100","1",1,0.7,0.508984415406139,0.47875681407923,0.206922795928786,2.43820445519553,0.227309455801334,0.207
"1402",56,"100","2",1,0.7,1.61048852253462,0.645720193846432,0.205754931469775,2.42506682742449,0.133253855212233,0.124
"1403",57,"100","1",1,0.7,0.508508796284728,0.476826094922838,-0.9259367328258,3.10885474860071,0.227715575767435,0.196
"1404",58,"100","2",1,0.7,1.60635858958832,0.672205457254741,-0.935263977641853,3.1197077566684,0.133558362021935,0.127
"1405",59,"100","1",1,0.7,0.788870351496618,0.367194545514612,0.29546372958304,-0.61453105499648,0.439334879088612,0.314
"1406",60,"100","2",1,0.7,1.66728073589914,0.457414243163876,0.29160694892822,-0.617678027769788,0.309606532986308,0.289
"1407",61,"100","1",1,0.7,0.599384458742216,0.471593788646119,0.481197247436185,-0.906313758107263,0.256374348160702,0.213
"1408",62,"100","2",1,0.7,1.63069080515252,0.662334667870363,0.483390954560091,-0.909945682706219,0.151921386568815,0.179
"1409",63,"100","1",1,0.7,0.582541400067322,0.484213174648905,0.70853976546761,0.244920070411884,0.223986696083732,0.211
"1410",64,"100","2",1,0.7,1.58832510035778,0.676120508175253,0.704161560007226,0.24679042035035,0.134139107459998,0.135
"1411",65,"100","1",1,0.7,0.706947609374956,0.439355886079209,-1.19796117022457,-0.799532769846736,0.29360233704147,0.33
"1412",66,"100","2",1,0.7,1.60878974730554,0.541984649263769,-1.1931736751914,-0.808095287895407,0.183417778208283,0.197
"1413",67,"100","1",1,0.7,0.799672934965301,0.330999748213729,1.12418388749639,-0.0946125600252023,0.621618059774709,0.486
"1414",68,"100","2",1,0.7,1.52369400083179,0.394258404899456,1.13849589851842,-0.0945079777363063,0.396505667238261,0.29
"1415",69,"100","1",1,0.7,0.604769243049906,0.521595395499471,0.425383014593477,-0.0477812800230018,0.211911751444018,0.16
"1416",70,"100","2",1,0.7,1.59737453515406,0.683597205679467,0.427459177251264,-0.0477148910961244,0.123112195259005,0.138
