"","N","prior","delta","lambda","delta_median","lambda_median","b0_median","b1_median","bf10","sdr10"
"1",30,2,0,0.333333333333333,1.60946600855893,0.504129073360685,0.0877302405571176,-0.183260606481184,0.317975552742144,0.326
"2",30,3,0,0.333333333333333,2.59826431289584,0.533301763216443,0.0855241326949098,-0.185901314827741,0.295191852629245,0.3
"3",30,4,0,0.333333333333333,4.17639327219027,0.559075860997132,0.0919903621367307,-0.186286045593245,0.277262685456277,0
"4",30,2,0,0.333333333333333,1.57732374531831,0.546395622787652,0.192744209631692,0.0450949345512452,0.237101422919372,0.272
"5",30,3,0,0.333333333333333,2.57269725369067,0.582912442678052,0.192325782990451,0.0451842096038755,0.215128421132848,0
"6",30,4,0,0.333333333333333,4.10261099129776,0.61613271942734,0.193346198878799,0.0455623552318439,0.197768312879961,0.08
"7",30,2,0,0.333333333333333,1.57631812396425,0.530171792067636,-0.282706388058453,-0.00613939724584739,0.241768306642008,0.319
"8",30,3,0,0.333333333333333,2.58191577103863,0.568620708011103,-0.282681667780321,-0.00616070616281834,0.22116703205329,0
"9",30,4,0,0.333333333333333,4.11567884416061,0.594576674191207,-0.28088119416114,-0.00616765323203386,0.205650766814362,0.402
"10",30,2,0,0.333333333333333,1.56001969348948,0.54199268967352,0.592266374656221,0.107622904539802,0.231428233177151,0.276
"11",30,3,0,0.333333333333333,2.54057625322484,0.586392312907959,0.586631631965573,0.10605162009406,0.211878921056236,0.232
"12",30,4,0,0.333333333333333,4.08603084440273,0.614755016535751,0.589612225857396,0.10643104792078,0.193877963598457,0.317
"13",30,2,0,0.333333333333333,1.67309543613134,0.316551220460779,0.0125312603625504,0.34105830932363,0.623007559028341,0.563
"14",30,3,0,0.333333333333333,2.61562741733817,0.32292102187546,0.0116397812042626,0.343090487357476,0.601727685176148,0
"15",30,4,0,0.333333333333333,4.06734206928745,0.333844069970592,0.0135410271164818,0.34188326986917,0.574969542728831,0.359
"16",30,2,0,0.333333333333333,1.56188865662843,0.561909742705267,0.170781049705098,0.0743096553529888,0.234424310434955,0.242
"17",30,3,0,0.333333333333333,2.59834951757723,0.603391442190572,0.172000721213866,0.0741533518524583,0.214180733400755,0.267
"18",30,4,0,0.333333333333333,4.17996767235303,0.630216652429821,0.168880306815006,0.0745633523958939,0.197680751414727,0
"19",30,2,0,0.333333333333333,1.7885952531824,0.246235258731594,0.382893493478228,0.00860577385790586,1.10096267084417,1.197
"20",30,3,0,0.333333333333333,2.72486867130619,0.248330478119755,0.389015215124625,0.00869490174770429,1.09365124779675,0
"21",30,4,0,0.333333333333333,4.19758906185768,0.241839489314757,0.38732785517598,0.008633675318285,1.0909674456084,0.545
"22",30,2,0,0.333333333333333,1.73003452630592,0.394634442892805,-0.093738717091506,0.224523875772887,0.492945274451818,0.464
"23",30,3,0,0.333333333333333,2.66777709917082,0.406368357756996,-0.092249707357717,0.22580145858621,0.469033914362097,0
"24",30,4,0,0.333333333333333,4.20792560145907,0.415755442952622,-0.0924923517656929,0.227677707565117,0.447692833065803,0.55
"25",30,2,0,0.333333333333333,1.57055353672294,0.543922164172061,0.0577618433322404,0.394495883200121,0.228382009427612,0.272
"26",30,3,0,0.333333333333333,2.57036103798763,0.577492645520684,0.059275828186464,0.400194108546219,0.206071781567967,0.29
"27",30,4,0,0.333333333333333,4.06873826275834,0.606344690998742,0.0557339311050475,0.395330560749589,0.190148255424307,0
"28",30,2,0,0.333333333333333,1.72606086392431,0.276160084940624,-0.433805940289841,-0.361152059847098,1.22750072892223,0.73
"29",30,3,0,0.333333333333333,2.61908742181685,0.280232934094627,-0.43192381728335,-0.36193401061193,1.22147236987741,0.519
"30",30,4,0,0.333333333333333,4.06122755201564,0.280781042388651,-0.436458968361212,-0.366329943464561,1.15029580147671,0.48
"31",30,2,0,0.333333333333333,1.53911077114712,0.480606343982268,-0.44481564392098,0.0302681201696813,0.266624874558657,0.34
"32",30,3,0,0.333333333333333,2.54054903905156,0.517880636693551,-0.446100805784704,0.0298020231779434,0.241850840337433,0.29
"33",30,4,0,0.333333333333333,3.99348492487064,0.546481192948001,-0.4453574223744,0.0302245430935018,0.22392123553174,0.285
"34",30,2,0,0.333333333333333,1.56488059694712,0.464559607101051,-0.176248492196727,0.773114940671692,0.313181937221538,0
"35",30,3,0,0.333333333333333,2.53863401817634,0.489701063627289,-0.177211854284943,0.768779055453683,0.290174818002078,0.362
"36",30,4,0,0.333333333333333,4.05087969422154,0.512093544960672,-0.180194588942646,0.768974405686159,0.268738473141979,0.42
"37",30,2,0,0.333333333333333,1.71085203034851,0.25425639611046,0.0171281663212467,-0.977581168714344,0.852927463014142,0.903
"38",30,3,0,0.333333333333333,2.62779645984153,0.257168418616121,0.0182468789679298,-0.976907526606378,0.832446282417587,0.956
"39",30,4,0,0.333333333333333,4.10299739093528,0.25727707682887,0.0215255347112506,-0.981310604108451,0.804474296461453,0.649
"40",30,2,0,0.333333333333333,1.5682317051216,0.519406953482218,0.461906712885004,-0.676284005418067,0.256341021757306,0.273
"41",30,3,0,0.333333333333333,2.53501512810351,0.549492536070994,0.460505418046189,-0.671878819923053,0.235565613862173,0
"42",30,4,0,0.333333333333333,4.12579168195186,0.578835578599741,0.460935953545123,-0.67198817554264,0.219729581680861,0.478
"43",30,2,0,0.333333333333333,1.69047518244575,0.513656728061082,0.219597766347559,0.0305218677454424,0.375938393684789,0
"44",30,3,0,0.333333333333333,2.67546312705816,0.538679992612576,0.221632080735087,0.030342789844155,0.355701516321399,0.383
"45",30,4,0,0.333333333333333,4.27319436630543,0.565026894641818,0.219962756548762,0.0305387661238201,0.331294186913975,0.361
"46",30,2,0,0.333333333333333,1.57700607452132,0.488648033010744,0.263566001746208,0.198302121583045,0.276904749487896,0.051
"47",30,3,0,0.333333333333333,2.54422806638753,0.529771873279749,0.266857844560756,0.199375796285774,0.252801283644494,0.266
"48",30,4,0,0.333333333333333,4.06421319961857,0.550605627650161,0.265588645591651,0.197335077542549,0.231432995929649,0.35
"49",30,2,0,0.333333333333333,2.08403031459083,0.387690271903454,0.494933680906438,0.0511157398779246,3.30257102984653,3.124
"50",30,3,0,0.333333333333333,3.08724465575619,0.39140570079857,0.500526504509905,0.0518670332314409,3.39443733612062,1.978
"51",30,4,0,0.333333333333333,4.81270359693739,0.400387389884156,0.499479491482222,0.0521143413311504,3.36596027164844,1.443
"52",30,2,0,0.333333333333333,1.59257079719566,0.544494757242254,-0.126919482542184,-0.575075762608301,0.252582120213557,0.263
"53",30,3,0,0.333333333333333,2.56708023334759,0.584762540066257,-0.12058850172302,-0.576057035447815,0.229080542261561,0.307
"54",30,4,0,0.333333333333333,4.15816366880481,0.604753437948472,-0.124721510764589,-0.578684688925726,0.211676636829627,0
"55",30,2,0,0.333333333333333,1.63098899463499,0.543190684976252,0.122859578674497,0.188749632995744,0.27381678627045,0.304
"56",30,3,0,0.333333333333333,2.6053211123535,0.581990481046857,0.127213361783176,0.188874742104337,0.248477257110263,0.406
"57",30,4,0,0.333333333333333,4.18235356510239,0.59764013983162,0.125326484952944,0.19252680494954,0.23391495159114,0.316
"58",30,2,0,0.333333333333333,1.89948935914282,0.331520916990656,-0.317958010922903,-0.34997296427932,1.38363451472597,1.254
"59",30,3,0,0.333333333333333,2.87864942889683,0.338566793683739,-0.321496277790331,-0.35457443068187,1.4064871331529,0.602
"60",30,4,0,0.333333333333333,4.53585471001259,0.347111143968111,-0.318322983498303,-0.35214488043345,1.35527328281645,0.862
"61",30,2,0,0.333333333333333,1.57161131839865,0.412417896782667,-0.0301785336211111,-0.468932427906972,0.356742197925421,0.336
"62",30,3,0,0.333333333333333,2.55279347719089,0.43842307693254,-0.0243487024083296,-0.479954777983254,0.331273162509546,0.36
"63",30,4,0,0.333333333333333,4.03454189545067,0.451286412207279,-0.0292652982450161,-0.484679085702733,0.306237708681184,0
"64",30,2,0,0.333333333333333,1.55204696140762,0.542436060059913,0.052216799117389,-0.755514141132226,0.235853974512759,0.261
"65",30,3,0,0.333333333333333,2.56699961963752,0.583079540739207,0.05242743325436,-0.758593240577417,0.214660701542894,0.307
"66",30,4,0,0.333333333333333,4.11313051120736,0.612640697087931,0.0537042812789082,-0.756149901511879,0.199541517185238,0.306
"67",30,2,0,0.333333333333333,1.59713632888542,0.459815010060096,0.189355988339316,-0.613050638899797,0.337371889691798,0.316
"68",30,3,0,0.333333333333333,2.56541964045768,0.49143427357411,0.195732052135966,-0.609120725591055,0.307354239886901,0.359
"69",30,4,0,0.333333333333333,4.13144222752309,0.510069046289539,0.191882417312792,-0.609957191421531,0.294224933917207,0.285
"70",30,2,0,0.333333333333333,1.54869791443296,0.469009223487304,-0.230462722004496,-0.282249498656859,0.276289715042493,0.31
"71",30,3,0,0.333333333333333,2.43937232834297,0.496521943019946,-0.23360448585378,-0.287309218239056,0.251828785945697,0
"72",30,4,0,0.333333333333333,3.92437135234316,0.515363431515415,-0.235701543793675,-0.28371645227043,0.232325187322185,0.352
"73",30,2,0,0.333333333333333,1.61522135698575,0.454818890105221,-0.174142678632417,0.178102888705898,0.350003657598669,0.366
"74",30,3,0,0.333333333333333,2.5946338428464,0.481227231037013,-0.174700524894791,0.179980928502605,0.325690924486261,0.378
"75",30,4,0,0.333333333333333,4.14524176970648,0.490359259171196,-0.17566103184851,0.179987981170387,0.306501787650557,0
"76",30,2,0,0.333333333333333,1.81937632846652,0.46661142081876,0.0156255907573794,-0.340263279331667,0.746055510557996,0.998
"77",30,3,0,0.333333333333333,2.83653516295295,0.476423310101542,0.00592207212719851,-0.347744445518422,0.723766027043252,0.608
"78",30,4,0,0.333333333333333,4.43455121722898,0.49141591618377,0.0111415314782406,-0.340870528354307,0.704443373009115,0
"79",30,2,0,0.333333333333333,1.74599390168773,0.406739284272722,-0.151553757243251,-0.471091037200171,0.453521877441771,0.477
"80",30,3,0,0.333333333333333,2.73439041732623,0.416555608888554,-0.157932763563843,-0.473022713562712,0.443680206388446,0.548
"81",30,4,0,0.333333333333333,4.25525963581459,0.428496213385774,-0.157978136662966,-0.481961320699077,0.422321476277326,0.552
"82",30,2,0,0.333333333333333,1.94861992263528,0.433429372133578,-0.227457156120549,-0.00362331037162041,1.38528984587527,1.114
"83",30,3,0,0.333333333333333,2.97740153889716,0.443129530555891,-0.231108914315147,-0.00361491793355238,1.39981760909438,0.664
"84",30,4,0,0.333333333333333,4.64782575856498,0.45626734129252,-0.233317335275464,-0.00358640751814233,1.37421312238336,0
"85",30,2,0,0.333333333333333,1.70006963603883,0.496248954932212,0.136876169735943,0.141663167357053,0.39395486268101,0.416
"86",30,3,0,0.333333333333333,2.6938156742865,0.515049662179968,0.135168969254327,0.140444330025068,0.373138711317808,0.383
"87",30,4,0,0.333333333333333,4.27702721817638,0.535099055701913,0.132482715550506,0.141358022934225,0.351758948725786,0
"88",30,2,0,0.333333333333333,1.54360660744491,0.526675552414029,-0.332113236999982,-0.0951662298253314,0.238683480543042,0.248
"89",30,3,0,0.333333333333333,2.5239256755807,0.562760243324509,-0.334606238545663,-0.0944389577780793,0.212652490232143,0
"90",30,4,0,0.333333333333333,4.00726733983477,0.598917597365202,-0.3306408181998,-0.0944817554860153,0.197935948856899,0.256
"91",30,2,0,0.333333333333333,1.82114950007928,0.354898122640059,0.00414737428836692,-0.0702053103069442,2.2689244021031,2.292
"92",30,3,0,0.333333333333333,2.71929808979759,0.361994017212423,0.000965955707572349,-0.0698476471515422,2.25223728727265,0.89
"93",30,4,0,0.333333333333333,4.28203830148639,0.373956097648248,0.00557425374831546,-0.070870935867662,2.17753501155044,0.565
"94",30,2,0,0.333333333333333,1.55810492651867,0.578526438260868,0.273756689000042,0.00897203480207253,0.213561731615972,0.24
"95",30,3,0,0.333333333333333,2.56839448583104,0.623539245473786,0.276478694492093,0.00909072056366728,0.189209684581179,0
"96",30,4,0,0.333333333333333,4.07851627342818,0.646420612433357,0.273863803038305,0.0090764116583633,0.176854369799841,0
"97",30,2,0,0.333333333333333,1.62563677103421,0.510765527670148,0.101166143066535,0.0798152792738208,0.289727686428272,0.334
"98",30,3,0,0.333333333333333,2.61986633534671,0.546122851211766,0.0996554309792651,0.0797980124423848,0.267776521925911,0.36
"99",30,4,0,0.333333333333333,4.17245712111574,0.563031338711112,0.101173505630277,0.0805961187699811,0.252395885662493,0.32
"100",30,2,0,0.333333333333333,1.57314100630618,0.50199088740997,-0.0154556224165365,-0.0666056464861387,0.257701526552,0.324
"101",30,3,0,0.333333333333333,2.53283238928829,0.52508545387619,-0.015721050123747,-0.068119063917364,0.232214498833344,0.246
"102",30,4,0,0.333333333333333,4.0928693158226,0.561844351392787,-0.0134100834528571,-0.0672628911049782,0.218515235428977,0.279
"103",30,2,0,0.333333333333333,1.58292106764109,0.312805476787159,0.394309736065436,0.0865801223804195,0.637381490681542,0.459
"104",30,3,0,0.333333333333333,2.51074742145588,0.330688631717417,0.391278058123413,0.0882431218969079,0.607292044817264,0
"105",30,4,0,0.333333333333333,3.88846170408873,0.345554886188129,0.395387816608951,0.0876237255464721,0.561027505871768,0
"106",30,2,0,0.333333333333333,1.55501203912809,0.497845840918596,0.10751456707373,-0.0266580434228644,0.254011340497336,0.294
"107",30,3,0,0.333333333333333,2.57198726725168,0.537600184002881,0.115820104431225,-0.0269908089751554,0.232734647367076,0.263
"108",30,4,0,0.333333333333333,4.09396816235522,0.568675034896043,0.114252793278043,-0.0270324347917515,0.215071044106563,0.336
"109",30,2,0,0.333333333333333,1.53994894289168,0.493245548796097,-0.122732923276148,-0.351234502612256,0.251635658351724,0.294
"110",30,3,0,0.333333333333333,2.48239315884042,0.545516676788181,-0.124337596978374,-0.349368258094326,0.223723251526543,0.266
"111",30,4,0,0.333333333333333,4.06591919823054,0.560486465144367,-0.122936170138383,-0.346017744272312,0.21065849161662,0.35
"112",30,2,0,0.333333333333333,1.57393240278834,0.486744022874465,-0.0800578429519106,0.336738340258818,0.303585766226612,0.306
"113",30,3,0,0.333333333333333,2.53669922149129,0.522241768469332,-0.0827093346152002,0.334612917579066,0.280065192316095,0.29
"114",30,4,0,0.333333333333333,4.08500732862541,0.543159849168802,-0.0879836663779616,0.336721817211518,0.259073880840107,0.307
"115",30,2,0,0.333333333333333,1.7916631929219,0.456016389794774,-0.22902278722889,-0.098656581229643,0.543503334739481,0.499
"116",30,3,0,0.333333333333333,2.79031467910958,0.477266778249582,-0.228341694220519,-0.0983729656641527,0.533562714465763,0.54
"117",30,4,0,0.333333333333333,4.33200381309679,0.484439436020454,-0.231807032474783,-0.0989618701393883,0.509199393183646,0
"118",30,2,0,0.333333333333333,1.71262518893693,0.414594918978844,-0.111399973850635,0.0363880194108949,0.531658890050436,0.461
"119",30,3,0,0.333333333333333,2.67001503102332,0.431799185985677,-0.111068557415152,0.0361131928597374,0.508058413311899,0.491
"120",30,4,0,0.333333333333333,4.25766521976997,0.447527774829744,-0.109489538646715,0.0358922854794572,0.478999486971112,0.35
"121",30,2,0,0.333333333333333,1.74529834534185,0.451344619068702,0.192444361509025,-0.387644578240129,0.476361863709302,0
"122",30,3,0,0.333333333333333,2.74197532261858,0.47406024195495,0.196111828536326,-0.385338385442293,0.453163047327326,0
"123",30,4,0,0.333333333333333,4.40239676339394,0.481706865317591,0.190800695670138,-0.388043600394609,0.433320591513828,0.484
"124",30,2,0,0.333333333333333,1.556350621072,0.443537967644403,0.0563629577133598,-0.563878409940361,0.306037284176921,0.327
"125",30,3,0,0.333333333333333,2.49759078615617,0.480925916971187,0.0552493927245645,-0.552787320112009,0.280438861873959,0.323
"126",30,4,0,0.333333333333333,4.05175156331348,0.495994964093388,0.0543637363740504,-0.561601515008501,0.260690854460733,0
"127",30,2,0,0.333333333333333,1.76869082469351,0.465353392856098,-0.140497892244816,0.0233105952878811,0.674300937988,0.706
"128",30,3,0,0.333333333333333,2.73913534046647,0.486718750193832,-0.138838797808335,0.0231049469568597,0.643785350431247,0.537
"129",30,4,0,0.333333333333333,4.36281741610077,0.493473753450577,-0.141465089964978,0.0241389310727433,0.609705366374612,0
"130",30,2,0,0.333333333333333,1.57244027599959,0.431756935788638,-0.110780693802467,0.410099736029574,0.294579999593811,0.26
"131",30,3,0,0.333333333333333,2.52066170044543,0.460088729724372,-0.110655184945979,0.402371794853472,0.269661655432548,0.289
"132",30,4,0,0.333333333333333,4.07900633654543,0.478583038048035,-0.111720978533188,0.406462812588576,0.248537286152391,0
"133",30,2,0,0.333333333333333,1.61182509833269,0.444778152180753,0.0328714055331554,0.186463445461532,0.345999687005774,0.346
"134",30,3,0,0.333333333333333,2.56381338764562,0.470800105240268,0.0363855549087158,0.189637023350243,0.319512892871871,0.312
"135",30,4,0,0.333333333333333,4.06043218834042,0.490228229952545,0.0352401980815367,0.187726242539701,0.296172288764228,0
"136",30,2,0,0.333333333333333,1.63200481595685,0.456937381516593,0.0812253936317427,-0.28651023003472,0.319638972836316,0.357
"137",30,3,0,0.333333333333333,2.6098566983762,0.480946982682593,0.0826194495346482,-0.287029476329275,0.298479597200988,0
"138",30,4,0,0.333333333333333,4.1822502630881,0.501729277781045,0.0754159573050353,-0.284016125004989,0.277010877270858,0.406
"139",30,2,0,0.333333333333333,1.91187530948853,0.31354496767084,-0.401103443740552,-1.01099261515875,1.09903333372848,0.752
"140",30,3,0,0.333333333333333,2.84626380163753,0.313605262109446,-0.403445863893719,-1.02360634433806,1.08988036192621,0.961
"141",30,4,0,0.333333333333333,4.43746910279004,0.322315273961664,-0.397191117042005,-1.02008309255329,1.06994221891015,0.66
"142",30,2,0,0.333333333333333,1.60487496676775,0.475858380859333,0.188814273917322,0.0895704993792422,0.29036987412168,0.306
"143",30,3,0,0.333333333333333,2.59205318808787,0.497575456091261,0.184731396183385,0.0898536609209492,0.270249634323729,0.356
"144",30,4,0,0.333333333333333,4.15664918966943,0.529223941487251,0.189007866732627,0.0898502093543532,0.249173621512006,0.343
"145",30,2,0,0.333333333333333,1.55673995947787,0.529673675369354,0.233694170038302,1.34732470243904,0.239969693868116,0.117
"146",30,3,0,0.333333333333333,2.51788382621753,0.566730992891422,0.231056854213468,1.34759966578011,0.213637830322739,0.282
"147",30,4,0,0.333333333333333,4.09665168182334,0.589439523837105,0.234822776339134,1.35092326964092,0.199606623646626,0.297
"148",30,2,0,0.333333333333333,1.62145970161139,0.449644419028616,-0.0731961235878928,0.372000413193111,0.411641041546895,0.406
"149",30,3,0,0.333333333333333,2.55131573576952,0.470735975792356,-0.0762859871054,0.378623522434417,0.385973194813687,0
"150",30,4,0,0.333333333333333,4.13849041136556,0.502527562717931,-0.075196706789202,0.378538562134531,0.363886681352546,0.373
"151",30,2,0.5,0.333333333333333,1.6256457095645,0.538867708117865,-0.629210098653811,-0.62747359215976,0.284270433470827,0.284
"152",30,3,0.5,0.333333333333333,2.60277736189585,0.57733243544913,-0.626593261939867,-0.632729734760716,0.263721832581565,0.315
"153",30,4,0.5,0.333333333333333,4.17279804694986,0.596840527482913,-0.625286196384729,-0.633315271406126,0.246547051688731,0.079
"154",30,2,0.5,0.333333333333333,1.64408736587747,0.478203038208374,-0.317869235426493,-0.502658806114486,0.298255882663522,0
"155",30,3,0.5,0.333333333333333,2.62578844048615,0.503001087182548,-0.321624529258973,-0.506068755476132,0.280685523055075,0.252
"156",30,4,0.5,0.333333333333333,4.18766827551153,0.515978044270245,-0.322127129316563,-0.507199832665799,0.259572158050624,0
"157",30,2,0.5,0.333333333333333,1.63117040823933,0.414180849535775,-0.160686854531857,0.0677653454457941,0.441071845274655,0.42
"158",30,3,0.5,0.333333333333333,2.60412750452427,0.432254622377125,-0.154567561518299,0.0676685622143349,0.415058698742787,0
"159",30,4,0.5,0.333333333333333,4.15856462354259,0.450350826046603,-0.159210459644945,0.0677447531906465,0.386424575065009,0.375
"160",30,2,0.5,0.333333333333333,1.64760691337184,0.507557206438065,-0.240042621378544,-0.470532194932132,0.326493944931172,8.687
"161",30,3,0.5,0.333333333333333,2.66959285649316,0.543612261204142,-0.237324095165466,-0.468457676450621,0.302518004534423,0.405
"162",30,4,0.5,0.333333333333333,4.15541521757456,0.558319546639802,-0.238391673326636,-0.475147679720085,0.284996162621734,0
"163",30,2,0.5,0.333333333333333,1.5979948772916,0.499372921062971,0.697370408451371,1.81560830246557,0.284404778651663,0
"164",30,3,0.5,0.333333333333333,2.60785008898001,0.525484746763682,0.701187116929696,1.81242731543023,0.266301382414566,0.278
"165",30,4,0.5,0.333333333333333,4.13167893216673,0.548015076793965,0.701783014821989,1.81404516850369,0.248751032853538,0.324
"166",30,2,0.5,0.333333333333333,1.55514776998113,0.464595494082915,0.312167764606065,-0.097585666184845,0.282097989092456,0.319
"167",30,3,0.5,0.333333333333333,2.50974257725362,0.498324358500052,0.317306070828787,-0.0969139422404476,0.257056787762689,0.246
"168",30,4,0.5,0.333333333333333,3.98434618746578,0.524058879569375,0.318761734994302,-0.0988927358371174,0.236605711652323,0
"169",30,2,0.5,0.333333333333333,1.59763666844587,0.490890760491816,-0.0887119241202888,-0.0245215776668809,0.279213090930729,0.392
"170",30,3,0.5,0.333333333333333,2.62293189152115,0.51247197058112,-0.0939776980416542,-0.0245142909152709,0.258841478971028,0
"171",30,4,0.5,0.333333333333333,4.11827735189805,0.539676751367323,-0.0890587063443668,-0.0249523429260698,0.243171402221416,0.283
"172",30,2,0.5,0.333333333333333,1.55946984263879,0.468117271614593,0.940407445969333,0.538352170759652,0.300941844288489,0
"173",30,3,0.5,0.333333333333333,2.55965362430833,0.501316949667591,0.935564693814375,0.533914379166709,0.274350329789504,0.234
"174",30,4,0.5,0.333333333333333,4.02612261438019,0.526526705890826,0.937795232084148,0.541728070182255,0.253621281191163,0
"175",30,2,0.5,0.333333333333333,2.12437486814032,0.303044777787696,0.924792405131326,0.27611693350962,34.9042072728211,42.23
"176",30,3,0.5,0.333333333333333,3.13976287107105,0.303888669239878,0.926622441456245,0.278506031091774,37.7034479519352,22.815
"177",30,4,0.5,0.333333333333333,4.86123524767811,0.308511724074208,0.923847861884246,0.27971395666241,37.9244527530872,1.908
"178",30,2,0.5,0.333333333333333,1.58418220932393,0.503294737943298,0.0733962438853247,-0.58187701013762,0.269366700504255,0
"179",30,3,0.5,0.333333333333333,2.57905517182156,0.531708014204626,0.0731770929525727,-0.584654727281236,0.246428145782599,0
"180",30,4,0.5,0.333333333333333,4.08474984377072,0.552270353468319,0.073134364204432,-0.577718015572256,0.228986700402573,0.396
"181",30,2,0.5,0.333333333333333,1.83217436880158,0.468644167525882,-0.473813370929999,0.57221967252291,0.835828135735164,0.746
"182",30,3,0.5,0.333333333333333,2.89588521871778,0.480985820630461,-0.473114963021728,0.570597614779358,0.822366181822321,0.641
"183",30,4,0.5,0.333333333333333,4.50680297568499,0.502339383980803,-0.469932603697907,0.569394100527547,0.789561222830636,0.601
"184",30,2,0.5,0.333333333333333,1.72581796604618,0.474421389782342,0.794501588917786,-0.684817616386975,0.51480910823478,0.446
"185",30,3,0.5,0.333333333333333,2.71655660322488,0.49938825891171,0.794384182784729,-0.693812658526606,0.495328818036221,0.498
"186",30,4,0.5,0.333333333333333,4.24538731507293,0.515838412407958,0.791126038050729,-0.687119304470307,0.463866143979906,0
"187",30,2,0.5,0.333333333333333,1.71463919239595,0.513416961696245,-0.659177583001613,-1.37834579467951,0.39083261659154,0.419
"188",30,3,0.5,0.333333333333333,2.73980045324156,0.546430178454138,-0.660603166343609,-1.37331997784816,0.368326725421975,0.478
"189",30,4,0.5,0.333333333333333,4.29732100913662,0.564156568641442,-0.66482761402957,-1.38528778291442,0.352729883703515,0.467
"190",30,2,0.5,0.333333333333333,1.53066297134112,0.50841403363691,0.44900483763922,0.0590749413752565,0.254710956152399,0.261
"191",30,3,0.5,0.333333333333333,2.55570188338359,0.554776959361003,0.447534511594664,0.0603083609172252,0.23390454020943,0.381
"192",30,4,0.5,0.333333333333333,4.02462590970635,0.575559061321275,0.448187573408831,0.0601312699490634,0.214342570537365,0.248
"193",30,2,0.5,0.333333333333333,1.8973731266885,0.382371910902616,-0.459875499516784,0.376709439081155,2.10017132324458,1.576
"194",30,3,0.5,0.333333333333333,2.85966625720611,0.392009589551577,-0.466170178986835,0.379744549821633,2.14092328696541,1.645
"195",30,4,0.5,0.333333333333333,4.48521518466467,0.401781928456505,-0.463276537102693,0.378041656712803,2.06516601038545,0.602
"196",30,2,0.5,0.333333333333333,2.14539203470147,0.400216574997942,-1.00974185831362,0.33364175672721,5.62411351205352,5.446
"197",30,3,0.5,0.333333333333333,3.25817638490489,0.402568466918878,-1.01489031109839,0.336469668273552,5.85078608965719,1.768
"198",30,4,0.5,0.333333333333333,4.98521309258295,0.410884814114768,-1.01951637645532,0.338657903098815,5.95334722173392,0
"199",30,2,0.5,0.333333333333333,1.69013756838981,0.453712076041348,-0.427217819310768,0.42221525562531,0.444548121267357,0
"200",30,3,0.5,0.333333333333333,2.74711507499176,0.485642474082995,-0.426071918044215,0.422010921988851,0.421740586302023,0.453
"201",30,4,0.5,0.333333333333333,4.25596259087562,0.493102177639513,-0.430184141507055,0.419025891941729,0.400157123960746,0
"202",30,2,0.5,0.333333333333333,1.59442087136285,0.466079244475543,-0.394811393279304,0.457625493180295,0.313201868406535,0.316
"203",30,3,0.5,0.333333333333333,2.61909599966162,0.501683600618966,-0.396171057625377,0.460764717718065,0.289130726339907,0.344
"204",30,4,0.5,0.333333333333333,4.05922571108836,0.525733555581016,-0.393464850733373,0.452503775517356,0.269026775318998,0.378
"205",30,2,0.5,0.333333333333333,1.82585998087714,0.239539882596076,-0.80534160625699,1.46586400225703,2.31324209026875,1.708
"206",30,3,0.5,0.333333333333333,2.73398463702472,0.238220980325556,-0.81478087584497,1.49001010074448,2.38655700023956,0
"207",30,4,0.5,0.333333333333333,4.16761712502038,0.241784950553027,-0.817165174079866,1.50616923990925,2.31043885712905,0
"208",30,2,0.5,0.333333333333333,1.74429171630096,0.412618690570976,0.187226965798016,-0.554305216489593,0.71938973858583,0.504
"209",30,3,0.5,0.333333333333333,2.72751710930124,0.44275243651062,0.184770574134235,-0.544822966082172,0.697125357886389,0.526
"210",30,4,0.5,0.333333333333333,4.12708830615133,0.450909306195819,0.189809699522257,-0.541726170442307,0.660313281769838,0.508
"211",30,2,0.5,0.333333333333333,1.70747506221374,0.243958048942804,-0.0873889942072212,-0.018590856340572,0.800539618848168,1.071
"212",30,3,0.5,0.333333333333333,2.64548269343408,0.245571322033789,-0.0886917755187614,-0.0186866459428841,0.787186046195226,0.541
"213",30,4,0.5,0.333333333333333,4.0888725770392,0.248565792405014,-0.0910155546582294,-0.0187548619478718,0.762566695679028,0.502
"214",30,2,0.5,0.333333333333333,1.72748788448751,0.388945159557786,0.075475115464029,-0.715542968406802,0.556062769035295,0.491
"215",30,3,0.5,0.333333333333333,2.65308837416757,0.404740493908021,0.0783758255891738,-0.717576549490445,0.535216283817746,0
"216",30,4,0.5,0.333333333333333,4.1848007483906,0.414253392384824,0.0774766195842225,-0.716822010345778,0.507799194098248,0
"217",30,2,0.5,0.333333333333333,1.76272606150421,0.497494766339168,0.32591635835252,-0.0506238604714589,0.451409903741996,0.479
"218",30,3,0.5,0.333333333333333,2.74396809890648,0.518580115108673,0.330763158839196,-0.0515415997009083,0.427100031989079,0.509
"219",30,4,0.5,0.333333333333333,4.34751725536631,0.539048324845786,0.332888415817392,-0.0516992426561057,0.413607570889277,0.467
"220",30,2,0.5,0.333333333333333,1.80798017215607,0.353512489674269,0.251635130621549,-0.327322994337955,0.578324124584771,0.568
"221",30,3,0.5,0.333333333333333,2.80473004126492,0.360315003538428,0.254362979448813,-0.331547421572117,0.558949392654873,0.576
"222",30,4,0.5,0.333333333333333,4.3707122779563,0.373871870987804,0.250715047017225,-0.336865909856862,0.542879790592767,0.587
"223",30,2,0.5,0.333333333333333,1.57449407972806,0.487446756550445,0.155750818593871,-0.118695060614563,0.270328529651084,0.288
"224",30,3,0.5,0.333333333333333,2.58489666940979,0.521885545829267,0.158932419101781,-0.120820621453715,0.246589884967677,0.266
"225",30,4,0.5,0.333333333333333,4.08462740833197,0.538009537909688,0.158899385620419,-0.120551275769142,0.231135669108639,0.275
"226",30,2,0.5,0.333333333333333,1.59828871630303,0.403837126988707,1.06712806664052,0.212453633978622,0.334005017900238,0.382
"227",30,3,0.5,0.333333333333333,2.55732698527439,0.427418544683091,1.06706784199744,0.215099002149366,0.306937575968269,0.362
"228",30,4,0.5,0.333333333333333,4.14726917921199,0.44825167431573,1.06775619563205,0.213478472644621,0.290120500163914,0.357
"229",30,2,0.5,0.333333333333333,1.5698762599234,0.525656566401588,-0.149272001921665,-0.678094490501103,0.248624580679923,0
"230",30,3,0.5,0.333333333333333,2.57709704037717,0.560496109093952,-0.147036391367063,-0.684485236569784,0.225649959508636,0.331
"231",30,4,0.5,0.333333333333333,4.10590250267931,0.58938790307324,-0.149774652629596,-0.677123963790981,0.20848794503286,0.31
"232",30,2,0.5,0.333333333333333,1.68423064218146,0.50161427899894,-0.0768899887341963,0.432405880162122,0.387861608248238,0
"233",30,3,0.5,0.333333333333333,2.61547842081672,0.523475113123424,-0.0737881425227605,0.42814345864809,0.363210659093371,0.296
"234",30,4,0.5,0.333333333333333,4.17683231630622,0.54545162657043,-0.0749311161969667,0.430101722630289,0.338268645581798,0.323
"235",30,2,0.5,0.333333333333333,1.55302873915599,0.52112588511508,0.834253050794887,0.394129411028571,0.237500039334016,0.246
"236",30,3,0.5,0.333333333333333,2.54883034103111,0.578181876301109,0.837537858966005,0.391237190442844,0.216102239007018,0.216
"237",30,4,0.5,0.333333333333333,4.12890681088036,0.602713755086687,0.83590444676161,0.39196656387009,0.200147715407548,0
"238",30,2,0.5,0.333333333333333,1.67892442932796,0.491061120768494,-0.387606141231963,-0.759401813225536,0.405057104638998,0.436
"239",30,3,0.5,0.333333333333333,2.67323678126536,0.521007782980812,-0.393143711230182,-0.77295937374874,0.381569766934221,0.306
"240",30,4,0.5,0.333333333333333,4.23637434471841,0.538306789201241,-0.391088966147448,-0.764628815685058,0.359852801962305,0.402
"241",30,2,0.5,0.333333333333333,1.64486512508527,0.485069622474069,0.793006122350864,-0.0987337800827177,0.390951949409339,0
"242",30,3,0.5,0.333333333333333,2.66018016444813,0.517312422920737,0.798496489022343,-0.0992972261909228,0.367944099827636,0.383
"243",30,4,0.5,0.333333333333333,4.19671203790822,0.53790805852179,0.799118670459957,-0.099392959560662,0.351920197888287,0.493
"244",30,2,0.5,0.333333333333333,1.61186506213971,0.438441417140003,0.335101303938912,-0.643856673591637,0.388140837082998,0.391
"245",30,3,0.5,0.333333333333333,2.5814216117322,0.461402515791872,0.337774771620247,-0.638881129961673,0.363488036303633,0.309
"246",30,4,0.5,0.333333333333333,4.06403133900578,0.472985900645468,0.342118190135294,-0.647790180866035,0.338344572648175,0.426
"247",30,2,0.5,0.333333333333333,1.62535589297748,0.443566251573645,0.652036169824275,0.217574650538172,0.386483986593151,0.049
"248",30,3,0.5,0.333333333333333,2.6058404891579,0.461277771457826,0.658300547283585,0.216679770726372,0.36520866064374,0.371
"249",30,4,0.5,0.333333333333333,4.16175310608789,0.485324381965112,0.661056006983078,0.222126371714497,0.339815330262978,0.402
"250",30,2,0.5,0.333333333333333,1.73358110048616,0.450556215258757,0.526527722742612,-0.168164761675628,0.6071884007389,0.542
"251",30,3,0.5,0.333333333333333,2.69096367865379,0.466553443748879,0.524668730334568,-0.165717772723672,0.575859370557192,0.512
"252",30,4,0.5,0.333333333333333,4.21993858212858,0.486292799988431,0.527455247271879,-0.167590514267882,0.549671088044578,0
"253",30,2,0.5,0.333333333333333,1.98190221137577,0.404468382009092,0.454729523796948,-1.66136467634291,1.17778279827344,0
"254",30,3,0.5,0.333333333333333,3.02629743711765,0.411049374439235,0.457070338531275,-1.67111178685536,1.19505700640972,0.762
"255",30,4,0.5,0.333333333333333,4.70669389873301,0.418820177132825,0.455486391045046,-1.67603226588109,1.17535684270353,0.715
"256",30,2,0.5,0.333333333333333,1.56924529604561,0.410075453499669,-0.089360239090759,-1.33913631873047,0.360689180483186,0.359
"257",30,3,0.5,0.333333333333333,2.50814949808164,0.44578803910451,-0.0871170779727038,-1.34498479223334,0.33373693513624,0
"258",30,4,0.5,0.333333333333333,4.03095079791014,0.459334751415889,-0.0915804140599313,-1.34538332335363,0.310240472036407,0.34
"259",30,2,0.5,0.333333333333333,1.76998818467772,0.431553007496641,0.10882936347123,-0.633114071828576,0.730452845776291,0
"260",30,3,0.5,0.333333333333333,2.78245304918436,0.448926417027211,0.107434014691387,-0.639508719138194,0.710368587781758,0
"261",30,4,0.5,0.333333333333333,4.32657406347282,0.458260185421947,0.110127907145353,-0.644049520973881,0.673308331939026,0.52
"262",30,2,0.5,0.333333333333333,1.64087737727939,0.537745456447308,-0.108377334107639,0.0263056579261651,0.321670503134071,0.324
"263",30,3,0.5,0.333333333333333,2.64456484229735,0.563351101553214,-0.11006763961465,0.0258800100270608,0.297800895128844,0.421
"264",30,4,0.5,0.333333333333333,4.24408296306499,0.581794734181653,-0.114998287204695,0.0265777960994585,0.281671082891575,0.105
"265",30,2,0.5,0.333333333333333,1.74525433775695,0.433664859154644,0.410727274394267,-0.0836595428865819,0.712293853539219,1.152
"266",30,3,0.5,0.333333333333333,2.70817492960056,0.455401112102831,0.418357955023722,-0.0823987877450458,0.706123881912249,0.525
"267",30,4,0.5,0.333333333333333,4.26822995276367,0.471797666020954,0.414432542543273,-0.083675660828412,0.672508169763403,0.491
"268",30,2,0.5,0.333333333333333,1.61405966270534,0.440746091496599,0.0583135913934419,0.379379891583027,0.335423377789422,0.339
"269",30,3,0.5,0.333333333333333,2.60570869744838,0.468285806078479,0.0557460308896198,0.379501905185181,0.316888778477619,0.283
"270",30,4,0.5,0.333333333333333,4.19135782171273,0.482419880003728,0.0516252412029836,0.377567846491418,0.295088958386613,0.305
"271",30,2,0.5,0.333333333333333,1.89888931977467,0.456518772440639,-0.253669270671754,1.91009337311832,1.12623190004095,1.419
"272",30,3,0.5,0.333333333333333,2.89943609598112,0.475541347132193,-0.254398187407313,1.91001858599074,1.12364228437253,0.647
"273",30,4,0.5,0.333333333333333,4.57307066753581,0.490525541314203,-0.253475118673415,1.91943744328386,1.09163079381843,0.643
"274",30,2,0.5,0.333333333333333,1.57193526476669,0.515142644305909,-0.0259585730749078,-0.203207504410998,0.260107263082437,0.319
"275",30,3,0.5,0.333333333333333,2.5114657297331,0.546334250529018,-0.0255936443934633,-0.204496529796895,0.236130180169008,0.294
"276",30,4,0.5,0.333333333333333,4.09976537680547,0.582586892751927,-0.022700495806025,-0.201207174644332,0.219959706566639,0
"277",30,2,0.5,0.333333333333333,1.57579849504138,0.48316199854461,-0.0361519562427724,-0.0173040092460885,0.263308313936298,0.303
"278",30,3,0.5,0.333333333333333,2.55290168271684,0.524290193755395,-0.0385687830065623,-0.0171281902125677,0.235268254671308,0
"279",30,4,0.5,0.333333333333333,4.04054053147917,0.53411932583235,-0.0359360733066344,-0.017395833122674,0.219372876991007,0.451
"280",30,2,0.5,0.333333333333333,1.73614808023814,0.321466702386235,0.0134188142874885,-0.0822222722042191,1.20569146013034,2.642
"281",30,3,0.5,0.333333333333333,2.64402908793107,0.333986466389478,0.00919922225520379,-0.0808949236868401,1.18752996631816,0.646
"282",30,4,0.5,0.333333333333333,4.16483074003688,0.338358729159139,0.0108260016783999,-0.0828190364563382,1.13715178892977,0.515
"283",30,2,0.5,0.333333333333333,1.61557120790754,0.441567373853902,-0.668418378000004,-0.404101773408395,0.37630606866776,0
"284",30,3,0.5,0.333333333333333,2.58312802231459,0.465124139890812,-0.672667486655019,-0.398567365593765,0.349416730542798,0.336
"285",30,4,0.5,0.333333333333333,4.08393354847357,0.486858537275233,-0.667871977932379,-0.401205894990815,0.327185485999261,0.397
"286",30,2,0.5,0.333333333333333,1.81502633115331,0.351487536999896,0.187437353388147,-0.281033812349239,2.17207975729223,3.09
"287",30,3,0.5,0.333333333333333,2.78360128598239,0.360740732940232,0.187080734462033,-0.287485798486008,2.19327739590859,1.027
"288",30,4,0.5,0.333333333333333,4.31015244663594,0.373251460453064,0.18879630427289,-0.279441531542683,2.13787081498524,0.545
"289",30,2,0.5,0.333333333333333,2.12659268259157,0.23585757632203,0.256271814054432,0.220109721711297,1.88963347270357,2.907
"290",30,3,0.5,0.333333333333333,3.24931643153978,0.235422740679072,0.257317091704971,0.219020761036733,1.99686499726686,1.997
"291",30,4,0.5,0.333333333333333,4.93826124152652,0.231932289068137,0.259235449629963,0.223631058981777,1.99728642305866,0
"292",30,2,0.5,0.333333333333333,1.85280722657831,0.440806651105066,0.799560688612235,-0.413206118039023,0.894157632248849,0.567
"293",30,3,0.5,0.333333333333333,2.85353738369435,0.459613946251508,0.803105457203766,-0.41838364107089,0.872672725277364,0.609
"294",30,4,0.5,0.333333333333333,4.5508497851927,0.471969526269158,0.80810514241804,-0.418306990942803,0.853053827941531,0.61
"295",30,2,0.5,0.333333333333333,2.15726969329069,0.37278689730791,0.73138169226313,-0.697726354922412,5.79552656624311,75.6
"296",30,3,0.5,0.333333333333333,3.1665204220219,0.378307747207197,0.728890795947483,-0.709265069810428,6.07757621654158,3.871
"297",30,4,0.5,0.333333333333333,4.88142594949332,0.383017722854479,0.731664405892878,-0.701869255098333,6.15608613685826,0
"298",30,2,0.5,0.333333333333333,1.85312749767032,0.491669165592064,0.3928200598702,1.87623475751416,0.616278354611802,0.865
"299",30,3,0.5,0.333333333333333,2.82250519540986,0.505375581578488,0.397329135824972,1.87774464740784,0.596898575711941,0.549
"300",30,4,0.5,0.333333333333333,4.49130964951717,0.51931433553865,0.396687975436746,1.88860025319922,0.578256133559198,0.399
"301",30,2,2.5,0.333333333333333,1.90751465437224,0.406872574416362,-2.35196058132833,-3.44710377756871,1.8175280537038,1.444
"302",30,3,2.5,0.333333333333333,2.92662328378381,0.417191088871641,-2.36547687587961,-3.47115463441539,1.8428079931918,0
"303",30,4,2.5,0.333333333333333,4.54959092088496,0.423938737128804,-2.3636414653935,-3.45934712204929,1.80956356265529,0
"304",30,2,2.5,0.333333333333333,2.46134255459888,0.347469042009333,-1.53053722107759,-4.35963552097653,39.9509134071113,43.425
"305",30,3,2.5,0.333333333333333,3.64148176727038,0.34322859806864,-1.53411803266123,-4.35699744582621,43.3434462562035,5.463
"306",30,4,2.5,0.333333333333333,5.70138819649704,0.344137033433363,-1.52948223741689,-4.34677031884496,44.4028270571482,2.55
"307",30,2,2.5,0.333333333333333,1.77505260341412,0.379009269208005,-1.02503677030363,-1.00178799643119,0.493553950661063,0.496
"308",30,3,2.5,0.333333333333333,2.74989594264531,0.390899949436123,-1.02817075669799,-0.993270018418071,0.471811687419877,0
"309",30,4,2.5,0.333333333333333,4.34988443995029,0.393288578713774,-1.03147423139526,-0.994314140554663,0.448361714497867,0.541
"310",30,2,2.5,0.333333333333333,2.15328627355798,0.384881632982678,-0.361434610954963,-1.96354666146911,7.75306351536954,7.821
"311",30,3,2.5,0.333333333333333,3.17381028850691,0.384815801360368,-0.365714416088824,-1.96765359228391,8.11663966638144,3.349
"312",30,4,2.5,0.333333333333333,4.98162535667784,0.396912456845111,-0.361803957678162,-1.9668191131042,8.20162451932102,1.616
"313",30,2,2.5,0.333333333333333,2.41722160137365,0.316343698325965,2.07843637998685,7.9945188776679,58.6107757632106,0
"314",30,3,2.5,0.333333333333333,3.60269381332994,0.30992590759338,2.0765179015761,7.98871586114994,63.4492364870233,5.927
"315",30,4,2.5,0.333333333333333,5.56589278209626,0.313482836716503,2.07765281577621,7.98904396474896,65.5682351437592,51.362
"316",30,2,2.5,0.333333333333333,1.66710805732093,0.311134945892709,1.57593058550759,1.2523783888237,0.737908335976459,0.64
"317",30,3,2.5,0.333333333333333,2.6439003868583,0.326120944163607,1.57642873305046,1.24724945231914,0.704446774689294,0.488
"318",30,4,2.5,0.333333333333333,4.06109422022477,0.328351291560532,1.57922497523862,1.25201357683308,0.665881475376316,0.496
"319",30,2,2.5,0.333333333333333,1.77164403426049,0.355021851699264,0.231824892366378,0.298442593080517,0.827581608718898,0.829
"320",30,3,2.5,0.333333333333333,2.74242611101089,0.35877744642481,0.229500195088972,0.301470172851267,0.809210751939994,0.79
"321",30,4,2.5,0.333333333333333,4.31891041675009,0.370270970049996,0.229641380867829,0.297145003546244,0.783039715362091,0
"322",30,2,2.5,0.333333333333333,2.17398346476072,0.307052883322829,3.89284665480839,2.09568963065149,39.7354038903386,48.459
"323",30,3,2.5,0.333333333333333,3.16929149161908,0.308388523077801,3.8841892070549,2.0976458023898,42.6441147056156,109.567
"324",30,4,2.5,0.333333333333333,4.844462157706,0.311469145295436,3.89963879688535,2.10997652425603,43.1909919646498,1.68
"325",30,2,2.5,0.333333333333333,3.13349598125156,0.325862663356656,3.80908663988049,2.83914012251497,327801.742220445,868.1
"326",30,3,2.5,0.333333333333333,4.82615903359107,0.313537233888654,3.78541322410839,2.82221914853331,338423.88911749,Inf
"327",30,4,2.5,0.333333333333333,7.82585967365128,0.309282340659388,3.78180824537308,2.82227697836246,353313.048932283,0
"328",30,2,2.5,0.333333333333333,2.10392184198662,0.377862174777597,0.368636414990607,-4.27457879904004,9.91187568276083,10.297
"329",30,3,2.5,0.333333333333333,3.15196610089747,0.383526283314134,0.364763944895132,-4.28250116154155,10.3943836405213,3.957
"330",30,4,2.5,0.333333333333333,4.80065239036244,0.386981580169727,0.369383460902916,-4.29104625797644,10.3937840848975,0
"331",30,2,2.5,0.333333333333333,2.5469953780891,0.336046452904338,-1.03171092159864,3.77164136145646,2193.24973456412,70.925
"332",30,3,2.5,0.333333333333333,3.73746630931612,0.328829932343872,-1.03415313706114,3.75713233683275,2394.15271578141,20.389
"333",30,4,2.5,0.333333333333333,5.78040847145744,0.33013448074923,-1.03632826493018,3.78009218482375,2479.68412511275,0
"334",30,2,2.5,0.333333333333333,2.61228570109381,0.304200439949714,2.90821502465506,-5.28731426522236,2474.75522158306,475.954
"335",30,3,2.5,0.333333333333333,3.94420361810546,0.298631144782905,2.9177418809494,-5.30058853660243,2697.01598456382,15.199
"336",30,4,2.5,0.333333333333333,6.09156443780586,0.296339488371366,2.91428670743799,-5.30095250865891,2822.8679347319,Inf
"337",30,2,2.5,0.333333333333333,1.83199038636625,0.433631568798946,-3.12195999444611,-2.44381390018731,0.64639425271285,0.743
"338",30,3,2.5,0.333333333333333,2.80014038997094,0.452676840112494,-3.14068716159061,-2.46229251094799,0.628772165116346,0.543
"339",30,4,2.5,0.333333333333333,4.37413426497401,0.457028464242775,-3.13285378494955,-2.44973057733189,0.6101581141993,0.599
"340",30,2,2.5,0.333333333333333,1.78243475767129,0.371509059059782,1.8569703713379,0.153235790454523,1.39612623489518,0.267
"341",30,3,2.5,0.333333333333333,2.7291386091413,0.383168712194925,1.8588314981473,0.152870889442929,1.37915314323009,1.427
"342",30,4,2.5,0.333333333333333,4.21171324846965,0.397603366758523,1.86187485473461,0.152299119730441,1.34049593339264,0
"343",30,2,2.5,0.333333333333333,2.44339391522715,0.353441351762862,-2.88164131131357,3.72309951845068,210.742953094284,195.07
"344",30,3,2.5,0.333333333333333,3.62423734513998,0.347009557641121,-2.88859304737085,3.7355377500113,229.874622137291,5.598
"345",30,4,2.5,0.333333333333333,5.54948377969665,0.347374112972707,-2.90376637987263,3.7506860229248,236.09144939693,7.009
"346",30,2,2.5,0.333333333333333,3.33397511913015,0.330713238778468,-6.27372685762671,1.81920695885182,238265.843845741,5864.621
"347",30,3,2.5,0.333333333333333,5.29119569875505,0.316995973817141,-6.25376959819053,1.80304286986554,240618.437152753,33.942
"348",30,4,2.5,0.333333333333333,8.70747895511559,0.313974585823265,-6.20927286715977,1.78852517907408,253760.516279876,16.765
"349",30,2,2.5,0.333333333333333,1.55870171546907,0.524896645634922,-2.46322698394133,3.86244275829671,0.250351856359081,0.27
"350",30,3,2.5,0.333333333333333,2.55208370868903,0.567585976791526,-2.45697518638748,3.8519219414059,0.223581436034985,0
"351",30,4,2.5,0.333333333333333,4.07622409255715,0.591886713429285,-2.4678351852855,3.87075102984222,0.206538226372727,0.271
"352",30,2,2.5,0.333333333333333,2.48712757415403,0.298512571471765,-1.86637807873346,0.79795236251833,15463.563194675,854.437
"353",30,3,2.5,0.333333333333333,3.65451757790168,0.294863312456513,-1.87344679325171,0.802810066887804,17163.1793466505,19.907
"354",30,4,2.5,0.333333333333333,5.73376994841235,0.29775135680946,-1.86408918436218,0.80650398584256,17955.361238824,9.639
"355",30,2,2.5,0.333333333333333,2.51712045743834,0.232492720850308,-3.55583576181661,5.21809727846799,5773.23639492195,32822.919
"356",30,3,2.5,0.333333333333333,3.72364737658873,0.22961985682243,-3.54943480653352,5.20743628857582,6354.81017468444,75.808
"357",30,4,2.5,0.333333333333333,5.70772013409101,0.230942560033385,-3.54033616152975,5.20015310955045,6714.99927867642,Inf
"358",30,2,2.5,0.333333333333333,1.62439520136889,0.345343574151802,0.946632583712839,0.772207114717185,0.545445959386618,0.542
"359",30,3,2.5,0.333333333333333,2.53110150303308,0.367207821805879,0.949743096889007,0.767623905396087,0.518599707449368,0.466
"360",30,4,2.5,0.333333333333333,3.99697013367106,0.36970780734546,0.95820887708645,0.763289574704006,0.486905113795342,0.465
"361",30,2,2.5,0.333333333333333,2.52846674510206,0.210197556988024,-0.738267198493554,0.684167069477094,236359.411140897,220.077
"362",30,3,2.5,0.333333333333333,3.79475099783046,0.207284504698094,-0.736203459416766,0.689932521715432,265310.005073772,25.213
"363",30,4,2.5,0.333333333333333,5.78776630606947,0.207418777611032,-0.73521928220456,0.67931571605454,283522.080664373,10.885
"364",30,2,2.5,0.333333333333333,2.32263566495032,0.25795454882869,0.432789833627765,-5.26693363390164,199.920406899475,168.011
"365",30,3,2.5,0.333333333333333,3.48042994341153,0.259399146793215,0.435254871554263,-5.29868558381303,220.980588044443,Inf
"366",30,4,2.5,0.333333333333333,5.29410485810468,0.259687149328634,0.438005766845259,-5.30548934155957,228.02282760439,13.497
"367",30,2,2.5,0.333333333333333,2.57790300013548,0.349470067690481,0.869072997534925,-0.169993740406889,215.790400780283,153.461
"368",30,3,2.5,0.333333333333333,3.82295816655267,0.343439855351493,0.870902082880792,-0.167890558393998,233.454099673809,21.544
"369",30,4,2.5,0.333333333333333,5.98213074072479,0.347833856074121,0.866893903837065,-0.170496980040632,242.834020102859,5.512
"370",30,2,2.5,0.333333333333333,1.94873366529837,0.36135688013551,0.247683805513011,-0.0603573099664654,1.49665404487431,1.609
"371",30,3,2.5,0.333333333333333,2.96968801661555,0.364812543519482,0.247833159265566,-0.0597062996624095,1.53603836761134,0.83
"372",30,4,2.5,0.333333333333333,4.57876524897051,0.381262933156054,0.243949455534135,-0.0614046283103844,1.49687496502424,0.91
"373",30,2,2.5,0.333333333333333,2.24031279509686,0.319278369219457,1.62374778311938,-2.47473407136108,276.562959783306,500.216
"374",30,3,2.5,0.333333333333333,3.31980076716805,0.31526692229487,1.62551056977133,-2.48235672326003,302.819684147527,12.645
"375",30,4,2.5,0.333333333333333,5.03675915524653,0.317014446620022,1.62615016268945,-2.47488533923601,309.435367315683,0
"376",30,2,2.5,0.333333333333333,1.94934889013708,0.23794756918508,3.75575515772478,1.50284086509367,1.51440047242134,1.512
"377",30,3,2.5,0.333333333333333,2.92690003663596,0.240152639399777,3.80466360164486,1.53610298409443,1.50982715104694,2.121
"378",30,4,2.5,0.333333333333333,4.5105120676073,0.240250859655129,3.81534673650091,1.538981491923,1.51825017324281,0.76
"379",30,2,2.5,0.333333333333333,1.94735759508889,0.40124994013746,-0.372199983047562,-2.86026885128826,3.08419403340909,2.736
"380",30,3,2.5,0.333333333333333,2.94243002092047,0.412475663363735,-0.375199971942039,-2.86797320261369,3.15452394855417,0.96
"381",30,4,2.5,0.333333333333333,4.54262310581879,0.423242636789337,-0.375246424627468,-2.8676243098983,3.08364124984554,0
"382",30,2,2.5,0.333333333333333,1.93551474319817,0.310351106528756,-0.237648022061707,-0.123471123082309,10.7502092373288,5.092
"383",30,3,2.5,0.333333333333333,2.82488740163145,0.314274862016259,-0.239198422248674,-0.125269134796988,11.1591755439924,0
"384",30,4,2.5,0.333333333333333,4.45313896622024,0.324595435511307,-0.237136635022602,-0.124238043191541,11.0532452630232,1.371
"385",30,2,2.5,0.333333333333333,2.22027060470568,0.399255711538733,3.83867969656429,0.0186881910323865,15.8067316796219,27.978
"386",30,3,2.5,0.333333333333333,3.26875471706244,0.397749733620717,3.85220164630645,0.0186625034175345,16.8427634439954,2.106
"387",30,4,2.5,0.333333333333333,5.04576892814853,0.403100455248649,3.85155253468745,0.0185106792380377,17.0118682811851,1.082
"388",30,2,2.5,0.333333333333333,1.83285267244063,0.353123252424004,-2.55984864797947,-4.65805796826598,0.947252124974411,0.74
"389",30,3,2.5,0.333333333333333,2.837218130348,0.360604036041307,-2.5655114938602,-4.66987313094528,0.928333302200008,0.769
"390",30,4,2.5,0.333333333333333,4.4208585043842,0.368587548631134,-2.57373216865866,-4.68924513780079,0.907807623162647,0.74
"391",30,2,2.5,0.333333333333333,1.73954423007427,0.453155615597886,4.09860794288238,-0.224978275844082,0.505144296095933,0.487
"392",30,3,2.5,0.333333333333333,2.70533332190503,0.471146199075206,4.13233555239626,-0.22686232295909,0.487049456551107,0
"393",30,4,2.5,0.333333333333333,4.30930252049829,0.484382186060965,4.11768874444918,-0.224914600182689,0.464401003239561,0
"394",30,2,2.5,0.333333333333333,2.31674955701429,0.298539117382127,1.47111421243028,-4.3546037188069,258.852856307214,161.018
"395",30,3,2.5,0.333333333333333,3.38313350303852,0.295142146809028,1.47876938969588,-4.34193987855974,281.356081488074,5.184
"396",30,4,2.5,0.333333333333333,5.20917935914055,0.299664681877809,1.48048578537314,-4.35059886493647,291.841999595237,7.112
"397",30,2,2.5,0.333333333333333,2.06454654475474,0.28920811986481,3.88246746970505,2.94095621810746,22.830855131251,13.725
"398",30,3,2.5,0.333333333333333,3.06086491029202,0.292581275705256,3.90954414078338,2.96355304575953,24.6361668268329,2.387
"399",30,4,2.5,0.333333333333333,4.64038066277422,0.294284779811349,3.92224090117344,2.9737881558207,24.5016413577884,1.158
"400",30,2,2.5,0.333333333333333,1.96017327527465,0.308506056128006,2.3615831674478,-0.45422048664514,5.60717630789492,3.2
"401",30,3,2.5,0.333333333333333,2.95996766452763,0.311696767740099,2.37096377709498,-0.455098422722499,5.73680885543529,Inf
"402",30,4,2.5,0.333333333333333,4.53528141932407,0.321297870042433,2.3852116068763,-0.454292949271805,5.76852045440934,1.058
"403",30,2,2.5,0.333333333333333,3.16422668257855,0.276191912197103,2.53768395210511,-7.07610622047891,1970.60255400686,825.066
"404",30,3,2.5,0.333333333333333,4.87152949133451,0.266346763899111,2.52912827108988,-7.01306830405494,2022.4648961499,14.356
"405",30,4,2.5,0.333333333333333,7.8932299512912,0.267219832238611,2.51554511199229,-6.99146575637415,2130.69852866721,15.424
"406",30,2,2.5,0.333333333333333,2.25329514667597,0.237092847960412,0.429777044975658,-2.90173055812808,139.900573799115,807.367
"407",30,3,2.5,0.333333333333333,3.2733368890498,0.234153881024973,0.431125934704435,-2.91577440573577,155.014952798002,5.78
"408",30,4,2.5,0.333333333333333,4.97207820989289,0.235216466228646,0.430964293369172,-2.91372453392913,159.858859517639,7.423
"409",30,2,2.5,0.333333333333333,2.06934078877559,0.323947398807592,0.358849333469152,-0.800107782895567,5.84973972948179,8.087
"410",30,3,2.5,0.333333333333333,3.06418129944207,0.324485501940397,0.361279334360628,-0.806545360147905,6.11643746468053,4.964
"411",30,4,2.5,0.333333333333333,4.71475616308238,0.329263545391078,0.360630334483228,-0.815228628066039,6.1950844185097,0.491
"412",30,2,2.5,0.333333333333333,2.87635523678542,0.266895592016992,-0.947286428336897,-1.09123906672567,8155.13675483793,344.811
"413",30,3,2.5,0.333333333333333,4.43270564067486,0.26038727463022,-0.952493140562335,-1.0905653683011,8627.96205529411,46.721
"414",30,4,2.5,0.333333333333333,7.02978584714269,0.26130094490866,-0.947177365226426,-1.09266506545642,9158.56461557965,22.824
"415",30,2,2.5,0.333333333333333,2.01650332212344,0.390366623987512,2.62976139542149,1.63448816322108,4.89401918380926,19.976
"416",30,3,2.5,0.333333333333333,3.02318392989701,0.402215932310813,2.63169883571968,1.63800752353616,5.11035026470109,1.487
"417",30,4,2.5,0.333333333333333,4.67264847727575,0.409267705961144,2.63918522477551,1.65190959954069,5.08008419996489,1.103
"418",30,2,2.5,0.333333333333333,1.59303529835333,0.477616807930461,1.02524802339049,0.362220307831732,0.276534198337228,0.215
"419",30,3,2.5,0.333333333333333,2.56285637527672,0.509917138008869,1.02240878918914,0.360231723135131,0.254183963376503,0.305
"420",30,4,2.5,0.333333333333333,4.12233326704678,0.54014536177158,1.02238695273378,0.370437542590305,0.232653071462652,0.282
"421",30,2,2.5,0.333333333333333,2.68094148883244,0.319154647466556,-0.913250221434891,9.57463708693763,9651.92211076312,33.783
"422",30,3,2.5,0.333333333333333,3.97843695700317,0.312038553471885,-0.915208949928868,9.58418423011219,10388.31605591,209.985
"423",30,4,2.5,0.333333333333333,6.21246039563143,0.314831138990787,-0.911621470209723,9.58703011919773,10959.0844613386,445.599
"424",30,2,2.5,0.333333333333333,2.13554423359552,0.242191726364637,-0.547967229790779,-0.071719050110286,69.3907686921382,17.409
"425",30,3,2.5,0.333333333333333,3.17606969224315,0.247556909384927,-0.548687843531862,-0.0708328654286852,77.5917926375104,0
"426",30,4,2.5,0.333333333333333,4.8743489319346,0.24312949999076,-0.551218622302161,-0.0714619607278345,78.2073170339631,2.546
"427",30,2,2.5,0.333333333333333,2.39556597388175,0.278291153923714,-1.05776275830073,3.85008741498972,87.5612577860451,20.744
"428",30,3,2.5,0.333333333333333,3.52898578717141,0.272161015067169,-1.05647258624969,3.86967505428162,95.6611234036066,Inf
"429",30,4,2.5,0.333333333333333,5.4565619531014,0.275443346714435,-1.06301036664028,3.88387719340251,98.1938269919731,2.915
"430",30,2,2.5,0.333333333333333,2.29144438031223,0.261101698282398,0.876928091951717,0.175829917092811,2048.12800688886,88.303
"431",30,3,2.5,0.333333333333333,3.43287411447267,0.258685393290202,0.886032749142353,0.179522996432773,2292.11455887961,94.248
"432",30,4,2.5,0.333333333333333,5.09247002003159,0.261579379042807,0.881900861536337,0.177134997992196,2382.5145782802,6.479
"433",30,2,2.5,0.333333333333333,2.04877296402671,0.274605358957446,-2.73521387364702,-7.01644241770081,6.99459211402993,5.613
"434",30,3,2.5,0.333333333333333,3.04160108325163,0.277644731482502,-2.75197392616249,-7.03573603160398,7.44625901919123,0
"435",30,4,2.5,0.333333333333333,4.68739401095173,0.283864987533789,-2.74876545471806,-7.02984648161581,7.44783511142425,1.873
"436",30,2,2.5,0.333333333333333,2.16854698632509,0.385560906012482,1.82565299801796,-1.46382814643075,17.5208325041835,7.282
"437",30,3,2.5,0.333333333333333,3.13950534597046,0.391988409233507,1.83412223198464,-1.46387964474129,18.5858785910109,1.965
"438",30,4,2.5,0.333333333333333,4.93030516150401,0.394157373803395,1.83584692893476,-1.46309440368337,18.7032796147693,1.433
"439",30,2,2.5,0.333333333333333,2.54625972000882,0.216571921215544,1.2232839158324,2.32627644582625,7.91239122650451,5.639
"440",30,3,2.5,0.333333333333333,3.86637799822576,0.213306191311534,1.23219226762363,2.34426269543047,8.40113181582745,4.562
"441",30,4,2.5,0.333333333333333,5.91550205556726,0.211093823598976,1.23614227592024,2.35948373177645,8.64357971979463,3.009
"442",30,2,2.5,0.333333333333333,2.90126624352307,0.375455261058191,3.71902950542509,-6.33931040475034,23820.4302377513,51.943
"443",30,3,2.5,0.333333333333333,4.3753789330799,0.364723210440693,3.71305810680248,-6.32060962414909,24748.9307082039,13.636
"444",30,4,2.5,0.333333333333333,6.927471180378,0.364121079214128,3.70539417755304,-6.3182139503507,26690.9884894298,22.478
"445",30,2,2.5,0.333333333333333,2.90890501160599,0.360592039249128,2.60501112505758,-3.73974738400044,2752.57764994204,0
"446",30,3,2.5,0.333333333333333,4.3444556957473,0.350830890382052,2.59856592916636,-3.74839998803265,2883.65729844633,36.397
"447",30,4,2.5,0.333333333333333,6.81083275527902,0.347832278425052,2.60930358833702,-3.75204549505992,3061.23096715247,0
"448",30,2,2.5,0.333333333333333,3.16330913320486,0.365169074966683,0.0573216670263638,6.41285018833923,540745.625650762,158.371
"449",30,3,2.5,0.333333333333333,4.91646897942631,0.349110299300987,0.0567993708415513,6.3637396407693,553218.84248246,34.28
"450",30,4,2.5,0.333333333333333,7.8417634316774,0.348107497716217,0.0558706367906083,6.39132946336525,584083.417476014,12.761
"451",30,2,3,0.333333333333333,2.00315994449435,0.381348439762594,-2.78563510276103,-4.13506942897208,3.66899441559137,3.585
"452",30,3,3,0.333333333333333,2.99911973232801,0.381079942893318,-2.80294736643157,-4.1603551186144,3.84749819214726,1.432
"453",30,4,3,0.333333333333333,4.63389703351192,0.393923116952873,-2.80891874467071,-4.14685471732884,3.77910733303511,1.658
"454",30,2,3,0.333333333333333,2.67690549431732,0.342326202151189,-1.79840592271942,-5.21720571800818,213.096643726403,60.123
"455",30,3,3,0.333333333333333,4.01517204736225,0.333827088611018,-1.80552867425163,-5.22942309693006,227.567406806656,8.585
"456",30,4,3,0.333333333333333,6.28909613668081,0.33462085949562,-1.79724331036061,-5.20952772314109,235.965773259307,4.402
"457",30,2,3,0.333333333333333,1.85333053523727,0.36323508931924,-1.21899974517793,-1.36694948149458,0.672158416392434,0.601
"458",30,3,3,0.333333333333333,2.84083943659409,0.366923250024374,-1.2230356952694,-1.37733256453626,0.650616987983158,0.585
"459",30,4,3,0.333333333333333,4.50746045986176,0.371349610169913,-1.23136996994314,-1.38350481923556,0.628546510241671,1.581
"460",30,2,3,0.333333333333333,2.28401466745023,0.358780599740348,-0.389993745334789,-2.31171851621411,22.2777223950744,20.055
"461",30,3,3,0.333333333333333,3.3827460321797,0.362614450333444,-0.389432813425002,-2.322840166329,23.8048256103284,Inf
"462",30,4,3,0.333333333333333,5.13277961728346,0.366423521530973,-0.389177569204442,-2.33724383941461,24.3184474883697,2.035
"463",30,2,3,0.333333333333333,2.70816065318783,0.306636526786713,2.40106430106663,9.41294185408037,595.106362731668,67.584
"464",30,3,3,0.333333333333333,4.02681841338093,0.300202303502038,2.40976566949258,9.44546540906333,646.677502054272,9.723
"465",30,4,3,0.333333333333333,6.22543859891764,0.298764506841851,2.39750558342557,9.41600598645113,668.921651274933,5.145
"466",30,2,3,0.333333333333333,1.74123234542741,0.290071009244911,1.90474039405894,1.82894769652866,1.05261877761184,1.144
"467",30,3,3,0.333333333333333,2.65426931193339,0.295128920481984,1.91277084316232,1.84529130828011,1.04295868465971,0
"468",30,4,3,0.333333333333333,4.17433299009536,0.303280472294436,1.91819257098414,1.85058488283267,0.997440417993091,0.558
"469",30,2,3,0.333333333333333,1.84349949182074,0.323117096636493,0.290000271629806,0.354334619277023,1.26529743877456,1.804
"470",30,3,3,0.333333333333333,2.79245886965247,0.330262244238139,0.291240076283153,0.34983762074619,1.28426117034804,0.968
"471",30,4,3,0.333333333333333,4.38152801864162,0.337842703255726,0.286627964806753,0.354944515642439,1.2517335202718,0
"472",30,2,3,0.333333333333333,2.31119075537829,0.299812237509527,4.64191277115214,2.56766189028887,220.086985954457,120.614
"473",30,3,3,0.333333333333333,3.41510409003806,0.296849200010239,4.66421686247982,2.57977329139347,243.627029392071,4.639
"474",30,4,3,0.333333333333333,5.26526327834791,0.301520170605689,4.65163704752454,2.57878535989813,250.967819201955,2.934
"475",30,2,3,0.333333333333333,3.36869052682258,0.326239270972608,4.49668364524654,3.54813513129328,1979825.49455692,509.923
"476",30,3,3,0.333333333333333,5.45285460300952,0.315026520491275,4.48457216625246,3.54380566299388,1971149.79271977,Inf
"477",30,4,3,0.333333333333333,9.14013319957269,0.316019737722976,4.49325026186205,3.54087385827305,2045013.92573284,16.136
"478",30,2,3,0.333333333333333,2.28612466853182,0.339737572824337,0.378819347803281,-5.27760026085347,88.9835936921135,78.228
"479",30,3,3,0.333333333333333,3.38414646421403,0.338284984509688,0.379921133935904,-5.29608711628837,95.4834143188681,3.773
"480",30,4,3,0.333333333333333,5.1870849740119,0.340487039681641,0.382077583066571,-5.30188772469643,97.996656948109,1.981
"481",30,2,3,0.333333333333333,2.6506558288144,0.314682715775206,-1.14046272531995,4.62808240517055,18351.4820969495,473.067
"482",30,3,3,0.333333333333333,3.92981483135888,0.308033391198245,-1.13477370765576,4.61379638175349,19932.3888852789,115.519
"483",30,4,3,0.333333333333333,6.29850043922989,0.309385833467231,-1.13287933096175,4.61340973489468,20973.4957523504,0
"484",30,2,3,0.333333333333333,2.86006298506951,0.29392869255039,3.41564619651922,-6.39382301523117,27397.2345367744,0
"485",30,3,3,0.333333333333333,4.31357546321991,0.284820135220809,3.41155798801661,-6.40941615806878,29262.7693242321,16.582
"486",30,4,3,0.333333333333333,6.56876718275093,0.28051414379514,3.41033032729611,-6.39624938356576,30591.0149174556,7.677
"487",30,2,3,0.333333333333333,1.84124305850781,0.409945241268075,-3.68557611784678,-2.62787720479991,0.791148532315755,0.602
"488",30,3,3,0.333333333333333,2.87482262196772,0.414203125182229,-3.70002178606425,-2.65114672767868,0.771870859501231,0
"489",30,4,3,0.333333333333333,4.45844398156061,0.429752048624981,-3.71110523505563,-2.6509975773661,0.746114591955504,0.615
"490",30,2,3,0.333333333333333,1.86108291245015,0.328658801799285,2.17419779938289,0.180671038117945,3.656537965878,23.857
"491",30,3,3,0.333333333333333,2.79544070427578,0.335533041143821,2.18836747524095,0.179851587936956,3.74886801988392,0.855
"492",30,4,3,0.333333333333333,4.33251783158936,0.341727854733827,2.18577903186655,0.179935809419952,3.67266308306523,0
"493",30,2,3,0.333333333333333,2.60963697411831,0.347675741289325,-3.54437442703131,4.41234108025792,677.618173110505,132.877
"494",30,3,3,0.333333333333333,3.8816484350709,0.34102541556395,-3.53819837609501,4.40952050666077,738.275795794607,16.742
"495",30,4,3,0.333333333333333,5.93272001629495,0.342254571390072,-3.53438350972377,4.40283410947731,760.137765856805,Inf
"496",30,2,3,0.333333333333333,3.64775660248122,0.32419096000736,-7.53863059426497,2.21297116679913,2034834.74582181,2887.265
"497",30,3,3,0.333333333333333,5.89842069350783,0.308348605265814,-7.48830513951928,2.19300546039522,1960367.65943757,0
"498",30,4,3,0.333333333333333,10.5089860839768,0.309670586409476,-7.46864659270779,2.17515180595847,2073103.58258439,45.789
"499",30,2,3,0.333333333333333,1.58535730720541,0.524173611413077,-2.95365356238094,4.7839381025637,0.262597202755145,0.283
"500",30,3,3,0.333333333333333,2.55452784867122,0.560460584708561,-2.96169647561179,4.78637286154735,0.238428391162468,0.28
"501",30,4,3,0.333333333333333,4.11648889815315,0.596260433356556,-2.96151309797485,4.77744118560671,0.219361149438907,0.3
"502",30,2,3,0.333333333333333,2.72583567329911,0.290791359222894,-2.22226428658126,0.920735694923194,461300.833152297,1755.713
"503",30,3,3,0.333333333333333,4.11677328524118,0.285491866694917,-2.22323006423201,0.92507592503797,505138.378897939,123.902
"504",30,4,3,0.333333333333333,6.44686939015439,0.284461036652183,-2.22220126300731,0.923206333631374,533334.87220036,12.569
"505",30,2,3,0.333333333333333,2.70764736012517,0.238508872300029,-4.27361559026723,5.9889903623986,45205.1867302486,74160.704
"506",30,3,3,0.333333333333333,4.07672002941042,0.235225595821196,-4.25092250669098,5.93669874588092,49562.670380051,0
"507",30,4,3,0.333333333333333,6.25466215221694,0.23471204072192,-4.24636517920253,5.94057603582287,52655.3047005648,62.28
"508",30,2,3,0.333333333333333,1.64620264547298,0.333581323751437,1.07049938390849,1.1465076626201,0.570205884302654,0.527
"509",30,3,3,0.333333333333333,2.53679485535172,0.332210207898905,1.07128391411019,1.17195771903626,0.548188630797267,0.411
"510",30,4,3,0.333333333333333,3.96522015688788,0.344306713057597,1.07715637136171,1.16120247648667,0.511733208631731,0
"511",30,2,3,0.333333333333333,2.74812108090197,0.215640953680005,-0.888523583883457,0.904451877808022,5199180.53076104,790.065
"512",30,3,3,0.333333333333333,4.18050837292293,0.210419459968831,-0.886555095431383,0.903116857813199,5670043.42721921,127.03
"513",30,4,3,0.333333333333333,6.54581896359297,0.210783036254536,-0.889643759920612,0.90408173283669,6119987.19802671,Inf
"514",30,2,3,0.333333333333333,2.48555305414058,0.247369431701044,0.592512539140683,-6.15404872188363,1278.39190378166,1023.683
"515",30,3,3,0.333333333333333,3.64360609485549,0.244843362146584,0.587117662324309,-6.11427029638458,1409.93380999607,Inf
"516",30,4,3,0.333333333333333,5.61820289211411,0.244244055692993,0.591643405365264,-6.15248971411661,1497.05796622373,Inf
"517",30,2,3,0.333333333333333,2.75330919248568,0.332523172967792,1.00468752282097,-0.181926133303749,1663.36705291161,1312.46
"518",30,3,3,0.333333333333333,4.17627604511117,0.327137706592467,1.01794392935804,-0.176582982907482,1787.33322640343,0
"519",30,4,3,0.333333333333333,6.43494500910089,0.325403421544239,1.00561579022489,-0.176676519354799,1869.93232225147,9.691
"520",30,2,3,0.333333333333333,1.99048800913709,0.357065038615182,0.267887322218185,0.031921293069007,2.54281433857739,1.784
"521",30,3,3,0.333333333333333,3.02382857220675,0.369775378896257,0.271442618984343,0.0313507319795316,2.64244963261533,1.386
"522",30,4,3,0.333333333333333,4.70402178018864,0.373608545221951,0.265678684323061,0.0320136836323203,2.62715859933736,0.912
"523",30,2,3,0.333333333333333,2.43070549082277,0.30947398680398,1.9810491890118,-3.17607948934214,3691.61076311069,83.811
"524",30,3,3,0.333333333333333,3.57199265668733,0.303377642602125,1.97821194634668,-3.18116516180877,4076.59225254271,0
"525",30,4,3,0.333333333333333,5.54695974921959,0.306227938030249,1.9804927464983,-3.18305819531618,4258.70780707205,4.145
"526",30,2,3,0.333333333333333,2.0264568871368,0.224699940513149,4.49369576444449,1.95393941641465,2.69448429533584,0
"527",30,3,3,0.333333333333333,3.09446077006363,0.225478900151926,4.51253907437835,1.97060949051589,2.76989934093795,1.966
"528",30,4,3,0.333333333333333,4.68826253305317,0.225347862722972,4.53395011556595,1.97755261617371,2.77741587430315,Inf
"529",30,2,3,0.333333333333333,2.0267199505539,0.37556178172749,-0.41984978255876,-3.34230623072153,9.50415143028433,12.787
"530",30,3,3,0.333333333333333,3.06770851940746,0.379899797058724,-0.419642115071449,-3.34681500407975,9.98186181245784,1.18
"531",30,4,3,0.333333333333333,4.73211618578795,0.389361943502494,-0.417090247448219,-3.33732014215395,9.9578049030634,1.211
"532",30,2,3,0.333333333333333,1.97890253303768,0.285769240632924,-0.26230874060147,-0.238355618346186,36.0966638662699,18.755
"533",30,3,3,0.333333333333333,2.97109680480521,0.29107188881624,-0.265055572079453,-0.238045910404982,38.4916218713786,16.921
"534",30,4,3,0.333333333333333,4.5184683733707,0.293012532594086,-0.265631314710304,-0.240092405698103,38.7209671498717,2.05
"535",30,2,3,0.333333333333333,2.40150596176826,0.380540457484062,4.53666798175949,-0.119105378337177,112.890752129208,28.1
"536",30,3,3,0.333333333333333,3.54190505486921,0.375474156129941,4.53808107604,-0.117832640454796,122.609983005068,4.623
"537",30,4,3,0.333333333333333,5.48093450305345,0.380431086060094,4.5390101321046,-0.119215384344109,126.065614672614,2.145
"538",30,2,3,0.333333333333333,1.91280041949734,0.327547398056042,-3.08542260595151,-5.59580790106267,1.5131657073781,1.373
"539",30,3,3,0.333333333333333,2.92296721173815,0.332842131447209,-3.10223997329494,-5.62015520136501,1.52439472195739,0
"540",30,4,3,0.333333333333333,4.55083169220127,0.340500012486782,-3.10879352779624,-5.64667748240478,1.50721609831897,4.109
"541",30,2,3,0.333333333333333,1.77450863775845,0.431318282301104,4.88328284988878,-0.284782650585787,0.565500215867199,1.192
"542",30,3,3,0.333333333333333,2.79360155923054,0.449110641957815,4.90011851565083,-0.286192302589009,0.550816322055693,0.55
"543",30,4,3,0.333333333333333,4.38757694524412,0.462787747564677,4.89324743585628,-0.288936760969957,0.526711490411127,0
"544",30,2,3,0.333333333333333,2.48905845528485,0.29211246688109,1.74112286156104,-5.24749006805714,1882.96139960955,1823.637
"545",30,3,3,0.333333333333333,3.64503101112769,0.285180800423841,1.74145269273537,-5.24288662607078,2067.26538969984,0
"546",30,4,3,0.333333333333333,5.56380562929341,0.288590821039316,1.740632988585,-5.24783879387451,2174.44020899046,Inf
"547",30,2,3,0.333333333333333,2.18598912043896,0.278839558165054,4.73968757162317,3.69023883008907,107.66381361719,563.354
"548",30,3,3,0.333333333333333,3.24645385813909,0.278277004197704,4.72803168247124,3.69038996181535,118.587161345395,3.628
"549",30,4,3,0.333333333333333,4.89682893393448,0.280944810917935,4.74115435189765,3.70199684810068,121.23048366633,3.169
"550",30,2,3,0.333333333333333,2.05692909847671,0.288054082410524,2.82290142445896,-0.51284721997452,11.1905702921271,10.174
"551",30,3,3,0.333333333333333,3.02959021028494,0.29126283534852,2.83109676762277,-0.525616329907861,11.8187228288528,2.538
"552",30,4,3,0.333333333333333,4.65898833877723,0.295147895316088,2.84683710599564,-0.515473579291696,11.8338971989924,1.342
"553",30,2,3,0.333333333333333,3.47783082229407,0.272652013968742,3.05703552371221,-8.3886511666988,17832.5128113087,18828.253
"554",30,3,3,0.333333333333333,5.47635587676336,0.263041826640352,3.0263830276301,-8.31031272385746,17479.4338631661,72.191
"555",30,4,3,0.333333333333333,9.41490512027914,0.259629110231472,3.02094634517779,-8.30794074456485,18319.4681056714,16.458
"556",30,2,3,0.333333333333333,2.41453556292007,0.230799962703175,0.549879712857384,-3.30279930802438,865.388857986289,4376.999
"557",30,3,3,0.333333333333333,3.58655358436925,0.229449775538143,0.550226020544046,-3.30149474522592,960.19722679352,14.228
"558",30,4,3,0.333333333333333,5.49238792799394,0.229132083594839,0.543860486006475,-3.28996593097273,1000.23047600657,6.028
"559",30,2,3,0.333333333333333,2.1481035173246,0.308293438644307,0.443529238039421,-0.802524672785007,11.5874324621834,10.62
"560",30,3,3,0.333333333333333,3.20159041347454,0.310577512938629,0.443967417593394,-0.804674010380837,12.2948905366644,0
"561",30,4,3,0.333333333333333,5.00957361082613,0.315225939899068,0.445565268259073,-0.811018086686415,12.4199533014789,1.553
"562",30,2,3,0.333333333333333,3.26334746785755,0.261822616332277,-1.15130364846938,-1.50877502244027,205089.77298406,203.04
"563",30,3,3,0.333333333333333,5.06904531051632,0.251229276161328,-1.14234344581269,-1.4959299466684,205239.8575815,773.723
"564",30,4,3,0.333333333333333,8.48784537139045,0.252077652241072,-1.14360823116477,-1.48733435194065,216327.517488112,80.478
"565",30,2,3,0.333333333333333,2.08314706340516,0.384293670797145,3.13301186671879,2.06166830549823,10.0091783891257,17.021
"566",30,3,3,0.333333333333333,3.13220329785748,0.387618487911191,3.13231105031795,2.05725801218193,10.4613349371577,0
"567",30,4,3,0.333333333333333,4.78822983575365,0.394198640267633,3.14217217588011,2.0586396425416,10.6043346416664,2.061
"568",30,2,3,0.333333333333333,1.59820357584295,0.483436549152315,1.24368761562137,0.334063650455371,0.270560547062201,0.322
"569",30,3,3,0.333333333333333,2.5736267166927,0.524291878676793,1.24368749062815,0.33767495114179,0.248814028826344,0.311
"570",30,4,3,0.333333333333333,4.14640805846006,0.539693331787773,1.24483110510765,0.329486436092763,0.228519662174358,0
"571",30,2,3,0.333333333333333,2.91673781150012,0.30766634823283,-1.03784209802323,11.4584515017959,114073.561553768,187.16
"572",30,3,3,0.333333333333333,4.37576458848953,0.299788439347275,-1.03045289964667,11.3806399933252,121328.507256103,50.83
"573",30,4,3,0.333333333333333,6.97417907553627,0.299578686511727,-1.02978079223549,11.4357005179445,128084.448454524,0
"574",30,2,3,0.333333333333333,2.36571790597218,0.212738175622484,-0.672484996265795,-0.0332141619111849,1089.41816251853,3789.313
"575",30,3,3,0.333333333333333,3.45770437674983,0.209741326203398,-0.681690288520095,-0.0332493657857912,1230.03162810945,3237.842
"576",30,4,3,0.333333333333333,5.34122980186683,0.209477165510337,-0.677778595919184,-0.0337833904111694,1252.72550630013,10.598
"577",30,2,3,0.333333333333333,2.65099195775105,0.270163610423101,-1.34145066407938,4.78649689785992,1053.2608302026,3591.574
"578",30,3,3,0.333333333333333,3.93109812572176,0.265212252099254,-1.34532122390797,4.78281791360613,1153.83810325623,39.13
"579",30,4,3,0.333333333333333,6.14715508917235,0.264006329187272,-1.3490857720354,4.79794504267247,1201.29474832521,4.807
"580",30,2,3,0.333333333333333,2.43481140939923,0.25961333369015,1.11876507428871,0.29658236243804,14388.8058319596,413.176
"581",30,3,3,0.333333333333333,3.60414940766964,0.256448745421573,1.12151571109252,0.292781745088167,16125.8525516809,15.956
"582",30,4,3,0.333333333333333,5.51666433034171,0.255906379225445,1.12453160817737,0.292432904114208,16975.853246777,0
"583",30,2,3,0.333333333333333,2.20960699330326,0.270284188753902,-3.25550026094645,-8.62407040372249,22.0649055038654,189.465
"584",30,3,3,0.333333333333333,3.25351072863323,0.267507963776074,-3.26793060571266,-8.64889636193129,23.8080904553889,3.703
"585",30,4,3,0.333333333333333,4.97281851601891,0.271343435249425,-3.27382664601773,-8.6691354715356,24.2220398326407,9.032
"586",30,2,3,0.333333333333333,2.2658405076821,0.391342905744356,2.23734453996758,-1.81247418558522,38.1133494213028,7.02
"587",30,3,3,0.333333333333333,3.38805223550985,0.385484796942326,2.24131293048109,-1.82440015538734,40.5512308705189,0
"588",30,4,3,0.333333333333333,5.12444500622532,0.392720591932581,2.24133205870718,-1.81540945891738,41.5653149048733,1.788
"589",30,2,3,0.333333333333333,2.68734056154575,0.210888353357416,1.47269664391004,2.94094659109059,14.512207992328,9.653
"590",30,3,3,0.333333333333333,4.01073973639627,0.207504256729188,1.45941635925899,2.91722779092012,15.3487047585061,8.013
"591",30,4,3,0.333333333333333,6.31902039412434,0.206611063086374,1.47374937865467,2.94942533415404,16.1534989014,3.476
"592",30,2,3,0.333333333333333,3.13526788992644,0.368636457423772,4.43824115248135,-7.79709413418198,269498.470799966,2637.032
"593",30,3,3,0.333333333333333,4.77616393177413,0.353726678677148,4.40831315676191,-7.73406606829486,278413.5745302,42.752
"594",30,4,3,0.333333333333333,7.7932708121072,0.352878408535914,4.4099233142179,-7.74708368930419,293808.700142048,15.638
"595",30,2,3,0.333333333333333,3.12163585040372,0.343104228687891,3.05864486900043,-4.54826360170781,19438.7687921492,233.193
"596",30,3,3,0.333333333333333,4.81753475548615,0.332917228220902,3.03500355598111,-4.51165286568216,19834.3015610351,98.352
"597",30,4,3,0.333333333333333,7.7824718021758,0.331172648455656,3.03107996994269,-4.5081311205377,20904.5376749035,12.58
"598",30,2,3,0.333333333333333,3.49821910551154,0.35425046792353,-0.11016484903527,7.24199495097104,13065833.5457951,1007.47
"599",30,3,3,0.333333333333333,5.48121693736035,0.33705666313164,-0.107718649076095,7.19828759464535,13021174.9348141,18141.037
"600",30,4,3,0.333333333333333,9.62343426961267,0.3363800904568,-0.10645337768996,7.17273284540597,13535538.6549209,Inf
"601",100,2,0,0.333333333333333,1.50426419245133,0.66462096553796,0.1210505071117,-0.0252277717837814,0.140454141579265,0.18
"602",100,3,0,0.333333333333333,2.47984427054535,0.738286009703231,0.121247039312388,-0.0248008961771147,0.121843159909778,0.164
"603",100,4,0,0.333333333333333,4.04651933083998,0.780607225878937,0.12030802528209,-0.0250556889026386,0.110963935499798,0.266
"604",100,2,0,0.333333333333333,1.45232107706006,0.677600855913481,-0.0273623556167247,-0.254210993573454,0.129114805429455,0.17
"605",100,3,0,0.333333333333333,2.48830984703193,0.744807356627648,-0.0253184617271606,-0.254284066897502,0.113413420154412,0.151
"606",100,4,0,0.333333333333333,4.00118856830545,0.781694593671014,-0.0262409685829363,-0.249684502234921,0.103055951929631,0.202
"607",100,2,0,0.333333333333333,1.46873269474574,0.634238875230874,0.0143559255548627,0.229241525586785,0.170205776941619,0.205
"608",100,3,0,0.333333333333333,2.49698435152607,0.699487388191815,0.0120395983687779,0.229666092507788,0.148186780327316,0
"609",100,4,0,0.333333333333333,4.07876566164417,0.729037604126174,0.0145679309395056,0.23021257375391,0.135789592474269,0
"610",100,2,0,0.333333333333333,1.55713544306618,0.569485276537673,0.1068192205112,-0.552748729067913,0.215885271864171,0.264
"611",100,3,0,0.333333333333333,2.52503349248179,0.618554596160377,0.107950602086564,-0.557728396820763,0.196328240041223,0
"612",100,4,0,0.333333333333333,4.05243919147104,0.643059556613915,0.10853920012202,-0.551618320980846,0.179129060234556,0
"613",100,2,0,0.333333333333333,1.44277128635515,0.492968585852821,0.0337236831509118,-0.00293988659280247,0.222586936165766,0.212
"614",100,3,0,0.333333333333333,2.47073584844311,0.539353930379399,0.0333569509585636,-0.00295889234544793,0.196517973185327,0.264
"615",100,4,0,0.333333333333333,3.94733701636477,0.567621886761748,0.0343927164005721,-0.00297294437027436,0.180029736507127,0
"616",100,2,0,0.333333333333333,1.4883389086293,0.634745713119045,-0.00861970450204991,-0.16486024424125,0.150080797150996,0.147
"617",100,3,0,0.333333333333333,2.45989178120319,0.70377239956416,-0.00865013798435894,-0.163741124539528,0.131114886220542,0.195
"618",100,4,0,0.333333333333333,3.98253038582753,0.7343775161637,-0.0102474885314115,-0.163113014904018,0.119405332083266,0.222
"619",100,2,0,0.333333333333333,1.44961554143295,0.634342999947326,0.144738681488779,-0.338732854694695,0.139965764791923,0.161
"620",100,3,0,0.333333333333333,2.46717892477846,0.709421131787841,0.145305620858991,-0.338669875965696,0.120308036038386,0.144
"621",100,4,0,0.333333333333333,3.97619844075597,0.747312244003207,0.146590898569325,-0.33771063488898,0.110203841679819,0
"622",100,2,0,0.333333333333333,1.50953888640285,0.635677917201961,-0.0842880124669389,-0.0436672598951516,0.153800301806764,0
"623",100,3,0,0.333333333333333,2.49634652260077,0.696962898788832,-0.085937725943834,-0.0437987035692476,0.135130016530974,0
"624",100,4,0,0.333333333333333,4.05927057200227,0.728519415145049,-0.0879225824292033,-0.0435308720714291,0.123058575789342,Inf
"625",100,2,0,0.333333333333333,1.49911966774542,0.638370891959986,-0.0569766233608011,-0.0576926323032013,0.153928350639474,0.182
"626",100,3,0,0.333333333333333,2.51352389805534,0.710500439196735,-0.0568955751833251,-0.0573205054619628,0.134779391549293,0.147
"627",100,4,0,0.333333333333333,4.02921857827,0.740179306798337,-0.055976963367299,-0.0571942554973431,0.123125883365498,0.246
"628",100,2,0,0.333333333333333,1.42933487054667,0.598906273504469,-0.14575509567273,0.401231682389831,0.1653401122932,0.154
"629",100,3,0,0.333333333333333,2.46326031404392,0.666859903592666,-0.144465297189373,0.397164759088641,0.143225424030257,0.165
"630",100,4,0,0.333333333333333,3.91195785685749,0.696019614297381,-0.145432484146301,0.401874677110181,0.129457689988048,0.186
"631",100,2,0,0.333333333333333,1.51484389531936,0.621636212273307,-0.135539972105187,0.309139533705879,0.167716449107614,0.166
"632",100,3,0,0.333333333333333,2.47827370684901,0.67509251771849,-0.13627870106023,0.312694698945826,0.145750452106753,0
"633",100,4,0,0.333333333333333,4.08472262282676,0.706942153292046,-0.134065268713423,0.313277645367596,0.133742428534141,0.212
"634",100,2,0,0.333333333333333,1.59757930363816,0.575738531485559,-0.0351101126758183,0.177245606780071,0.324055527454613,0.34
"635",100,3,0,0.333333333333333,2.58618479937089,0.623232111609325,-0.0359867253486137,0.177401608480922,0.29773161167415,0.344
"636",100,4,0,0.333333333333333,4.12948068543614,0.64679839602868,-0.0365800477301641,0.180585880742063,0.278323518356479,0.333
"637",100,2,0,0.333333333333333,1.53963155461244,0.561563511904375,-0.0649632759641953,-0.197101213388112,0.205951415453298,0.188
"638",100,3,0,0.333333333333333,2.51749623478462,0.601421470065443,-0.0643293969649789,-0.199271824765431,0.183470764586556,0.229
"639",100,4,0,0.333333333333333,4.13068633621793,0.629072339128958,-0.0640226781897857,-0.197796016881487,0.170662494566687,0
"640",100,2,0,0.333333333333333,1.64612756195299,0.464715464983949,0.0509166551161263,-0.66139606758375,0.763627852438024,0.595
"641",100,3,0,0.333333333333333,2.61203744341761,0.488770902109305,0.0471388597879586,-0.658618198440383,0.712803771632877,0
"642",100,4,0,0.333333333333333,4.18994440982183,0.507970035869382,0.049930119422867,-0.655871314639005,0.666839026326948,0
"643",100,2,0,0.333333333333333,1.39386204532051,0.524764634079327,0.102929730881429,-0.240330570263091,0.182046679782556,0.184
"644",100,3,0,0.333333333333333,2.37395652041629,0.600694231350312,0.103213499044238,-0.238609481729989,0.158921029529054,Inf
"645",100,4,0,0.333333333333333,3.82530673339133,0.625285197086357,0.103314372854774,-0.238717373304872,0.142564401652145,0
"646",100,2,0,0.333333333333333,1.48023184803604,0.645641041723388,0.0579766255303201,-0.164780917005543,0.143430702219706,0
"647",100,3,0,0.333333333333333,2.52279120499301,0.70880305424755,0.0574785979475249,-0.165227314621559,0.126749642918239,0
"648",100,4,0,0.333333333333333,4.01502356181014,0.749104873054048,0.0585268271638717,-0.162828551451243,0.114963219594915,0.312
"649",100,2,0,0.333333333333333,1.3685709472822,0.172277709669913,-0.0180451613221486,-0.348475262615092,0.415913093977247,0.356
"650",100,3,0,0.333333333333333,2.14833692840103,0.174539364937239,-0.0169505253955967,-0.354443378465175,0.366347601454387,0.333
"651",100,4,0,0.333333333333333,3.47597654642694,0.183782751851366,-0.0155231073203221,-0.353202474285649,0.317625892767234,0.302
"652",100,2,0,0.333333333333333,1.45434163219232,0.635746903585991,-0.126114792366992,-0.141027702921416,0.150421805315174,0.168
"653",100,3,0,0.333333333333333,2.48130605356845,0.712736732549775,-0.125485574622898,-0.142061977648384,0.131010259969444,0.175
"654",100,4,0,0.333333333333333,4.01192254667571,0.752032701314989,-0.125308796796313,-0.139946996540715,0.119676250476959,0.22
"655",100,2,0,0.333333333333333,1.49884454998278,0.63252747871726,0.0116904541285128,-0.176054954142791,0.157480250931571,0.187
"656",100,3,0,0.333333333333333,2.53220478755401,0.695147235362003,0.0121092758876437,-0.178398828846013,0.138790625542774,0.159
"657",100,4,0,0.333333333333333,4.13207575864235,0.720993820232942,0.0113566001457394,-0.177093917098508,0.127508780001149,0.25
"658",100,2,0,0.333333333333333,1.45452595766267,0.668352783995218,0.00752707004411495,0.364941842666002,0.134163720107092,0.116
"659",100,3,0,0.333333333333333,2.46435682082028,0.740461357053348,0.00443354028985342,0.368356382588352,0.115868288537534,0.173
"660",100,4,0,0.333333333333333,4.00491606864566,0.769456799215249,0.00543080807522696,0.367817806337753,0.106158776296815,0
"661",100,2,0,0.333333333333333,1.44503560914887,0.595033108728433,0.0695534637442051,-0.0726373115995099,0.159016960319233,0.115
"662",100,3,0,0.333333333333333,2.48236194483123,0.665342837002484,0.0704147731156645,-0.072183003135494,0.139254810667631,0.174
"663",100,4,0,0.333333333333333,4.00013998784117,0.714577690288469,0.0694857588074543,-0.0724974657437896,0.125012246351515,0
"664",100,2,0,0.333333333333333,1.60833076319904,0.449310348218614,0.0869921182784457,-0.1105036149117,0.343530701579075,0.318
"665",100,3,0,0.333333333333333,2.58058016386253,0.47307841859339,0.0867459210631799,-0.109701587114871,0.31739193881564,0.346
"666",100,4,0,0.333333333333333,4.07338262639573,0.487124235854918,0.0857897441535044,-0.108542008646742,0.296899072283484,0.266
"667",100,2,0,0.333333333333333,1.73872321145972,0.566753757753837,0.0788683347484953,0.0111625402313204,0.557433416074714,0.447
"668",100,3,0,0.333333333333333,2.74804232369719,0.603272397708415,0.0800746135302896,0.0111245236246661,0.530219434152886,0.413
"669",100,4,0,0.333333333333333,4.33978246054884,0.619670448376306,0.0796345333990895,0.011007555615958,0.513058705322382,0
"670",100,2,0,0.333333333333333,1.38841611855927,0.46893651233616,-0.131520102880765,0.0263853689122142,0.19515450544847,0.218
"671",100,3,0,0.333333333333333,2.35671553907397,0.531220509290901,-0.131099340496462,0.0266582742369322,0.167945256495071,0.177
"672",100,4,0,0.333333333333333,3.92603821611592,0.572141856574662,-0.130584208578348,0.0265787695282477,0.152852968163575,0
"673",100,2,0,0.333333333333333,1.48376448310997,0.651731891924484,-0.180421641161852,0.0847156269260839,0.139477076671356,0.121
"674",100,3,0,0.333333333333333,2.51390493781294,0.720954246319379,-0.179751351321273,0.0860531937451124,0.120292910797781,0.188
"675",100,4,0,0.333333333333333,4.06953460148761,0.76438671403318,-0.179879686912149,0.0845323228512979,0.111643998120495,0
"676",100,2,0,0.333333333333333,1.51865622066236,0.669720915897157,-0.0844024339748819,-0.262680945458076,0.132973116869233,0.171
"677",100,3,0,0.333333333333333,2.46767827508229,0.737216536905783,-0.0844038227225097,-0.258529439391385,0.115777235910381,0
"678",100,4,0,0.333333333333333,4.01432722662481,0.774949780232709,-0.0852328336974102,-0.260678272211236,0.105104642457946,0.183
"679",100,2,0,0.333333333333333,1.53205045601669,0.548698376803091,0.0255521137446792,0.162681979598342,0.191037507818462,0.374
"680",100,3,0,0.333333333333333,2.54034028160487,0.598814137216309,0.0258302445123674,0.160295920288252,0.169481338947421,0.22
"681",100,4,0,0.333333333333333,4.06587019983182,0.617961656091051,0.0263365314210232,0.160874281853986,0.156757122938648,0.349
"682",100,2,0,0.333333333333333,1.46490667157658,0.495983657133932,-0.0250855489063935,0.324434818379998,0.233055814832559,0.164
"683",100,3,0,0.333333333333333,2.44407735060135,0.540318143638892,-0.0227847804161681,0.323044388204607,0.204220215153527,0
"684",100,4,0,0.333333333333333,4.02645886120719,0.578481840833353,-0.0225237374768311,0.320249024596003,0.187865285572992,0.271
"685",100,2,0,0.333333333333333,1.65862227874017,0.40388727953144,-0.121129898611786,-0.215383703856225,0.558891926159545,0.668
"686",100,3,0,0.333333333333333,2.58147009426732,0.428046156563113,-0.119938563112042,-0.216907790194748,0.519539099455622,0.353
"687",100,4,0,0.333333333333333,4.06387198306376,0.44403994067643,-0.12178043177965,-0.217452044745499,0.490568025819774,0
"688",100,2,0,0.333333333333333,1.53710277043758,0.582093802796951,-0.0717581626141141,0.247029422708989,0.205293375506519,0.176
"689",100,3,0,0.333333333333333,2.50400378900591,0.618950793432554,-0.0720574175555623,0.247975198301774,0.181250136125862,0.231
"690",100,4,0,0.333333333333333,4.07434382040791,0.647607845603396,-0.072647071431355,0.248397969127634,0.168200250977547,0.344
"691",100,2,0,0.333333333333333,1.65369544019527,0.55358898040365,-0.0154635765394143,0.24527927859157,0.436536177906648,0.366
"692",100,3,0,0.333333333333333,2.65188986268776,0.587345044094626,-0.0169309223871017,0.24578431955448,0.407308172679704,0.344
"693",100,4,0,0.333333333333333,4.27721882475504,0.618233290801343,-0.0184325222597385,0.247212612978303,0.383679011592152,0.363
"694",100,2,0,0.333333333333333,1.56040920657448,0.417138905776667,-0.0774842442790055,-0.292906438174061,1.05772546704398,0
"695",100,3,0,0.333333333333333,2.50089807567914,0.452141922578935,-0.0765121841638249,-0.297235218792382,0.973167190531893,0.312
"696",100,4,0,0.333333333333333,4.0385121006965,0.468481794559791,-0.0756384762743218,-0.298347174177875,0.913361702764011,0
"697",100,2,0,0.333333333333333,1.38624234095318,0.533317147020914,0.0598310897967075,-0.0480716380295182,0.171906454674045,0.176
"698",100,3,0,0.333333333333333,2.34709315288777,0.594164442927193,0.0602960153045906,-0.0481296606535565,0.148335061550728,0.17
"699",100,4,0,0.333333333333333,3.93411415316657,0.64193694536928,0.0596015610163377,-0.0480227853492117,0.133577601514238,0
"700",100,2,0,0.333333333333333,1.55093330751668,0.66768860285112,-0.00935883887049394,0.120543119318548,0.164490938274489,0.206
"701",100,3,0,0.333333333333333,2.5548377265377,0.716551424579377,-0.00829385139795008,0.120723623988058,0.143406847680462,0.193
"702",100,4,0,0.333333333333333,4.09719906673165,0.7584271627337,-0.00628313509865928,0.121121617455997,0.133470251440321,0
"703",100,2,0,0.333333333333333,1.49166524418822,0.662236065879333,0.190335443789584,-0.316065484920797,0.139275803090464,0.155
"704",100,3,0,0.333333333333333,2.46537030990899,0.7337151242977,0.191259068269538,-0.314011489836297,0.119154281724502,0.167
"705",100,4,0,0.333333333333333,4.0165481387541,0.766491298910898,0.190833374167631,-0.321627759464493,0.108032466674914,0.253
"706",100,2,0,0.333333333333333,1.43301783146215,0.681484720326201,0.066071506142685,-0.115270057865037,0.130586649705813,0
"707",100,3,0,0.333333333333333,2.47490360542315,0.747700260813292,0.0638204845999705,-0.117287955972034,0.114598837959872,0
"708",100,4,0,0.333333333333333,4.05437091929511,0.798446533623809,0.063075761805147,-0.117715213710902,0.103863441204143,0.252
"709",100,2,0,0.333333333333333,1.45593956676849,0.60443556638136,-0.0885203702028212,-0.0681061138112674,0.149754544402084,0.083
"710",100,3,0,0.333333333333333,2.4788428392112,0.683015484582206,-0.0883424830528889,-0.0685695525679129,0.128955996503258,0.353
"711",100,4,0,0.333333333333333,4.02972826484669,0.702758308891964,-0.0881640176419168,-0.0681544803793978,0.118365088235718,0.036
"712",100,2,0,0.333333333333333,1.55363274838006,0.63033661562849,0.018176469282603,0.0585898071567832,0.168085339379645,0.18
"713",100,3,0,0.333333333333333,2.52810751898967,0.680365766663857,0.0154914135129887,0.0577271904696238,0.149824370593966,0
"714",100,4,0,0.333333333333333,4.08825831140079,0.719526026283951,0.0137820569846847,0.0586717777745852,0.135539054840839,0.2
"715",100,2,0,0.333333333333333,1.40387433310625,0.25082395072832,0.055493377114946,0.307151140302529,0.315998534285247,0.301
"716",100,3,0,0.333333333333333,2.28851288804014,0.267603700452885,0.0542964373269049,0.312617226216771,0.276379704779674,0
"717",100,4,0,0.333333333333333,3.64211905108242,0.274513151718245,0.0555019233101696,0.310338689772228,0.252414563878699,0.257
"718",100,2,0,0.333333333333333,1.55518076924943,0.575746106064179,0.0654818318493016,0.0689780747140998,0.294779380976917,0
"719",100,3,0,0.333333333333333,2.59024733656163,0.630225998024679,0.0650818707844236,0.0685497175147976,0.266262906173274,0.252
"720",100,4,0,0.333333333333333,4.17538952230494,0.662638810710857,0.067609261404008,0.0687019024191404,0.245988795097416,0.281
"721",100,2,0,0.333333333333333,1.48113000500251,0.607672381204234,0.184988611526639,-0.012321899310775,0.166108030848786,0.183
"722",100,3,0,0.333333333333333,2.50289296071756,0.673837894152374,0.182104788615817,-0.0122679895960422,0.145053378543246,0
"723",100,4,0,0.333333333333333,4.07626006426291,0.718195308421954,0.183070456606949,-0.0122720847557171,0.132603566109784,0.255
"724",100,2,0,0.333333333333333,1.62152193327688,0.471875645778588,0.0316235039662149,-0.0348516979910866,0.390447947627041,2.337
"725",100,3,0,0.333333333333333,2.6347884197474,0.492148478371666,0.0336768000149626,-0.034397322134745,0.364698047454415,0
"726",100,4,0,0.333333333333333,4.18860127581715,0.510526836211682,0.0336006682673737,-0.0352793213769237,0.340033797299862,0
"727",100,2,0,0.333333333333333,1.60287668306415,0.478144142650496,0.0647902951130974,0.210129681971627,0.330308913192421,0.326
"728",100,3,0,0.333333333333333,2.6558919911391,0.510430531721515,0.0631087849534981,0.212583213439932,0.304893640472124,0.312
"729",100,4,0,0.333333333333333,4.20244305217033,0.523555097499408,0.0646819747038991,0.211453996651295,0.283259036820678,0.358
"730",100,2,0,0.333333333333333,1.55074914168646,0.539620256926931,-0.116347786803437,-0.0577689470939705,0.219683701820908,0.254
"731",100,3,0,0.333333333333333,2.47671538629184,0.576776601747951,-0.118593978252638,-0.0578513532448857,0.194971332008784,0.164
"732",100,4,0,0.333333333333333,4.09931711115127,0.603757403759629,-0.120878912663453,-0.0582533364998894,0.180656311239299,0.279
"733",100,2,0,0.333333333333333,1.50369464298028,0.618244970285005,0.0711259691760688,0.0103293730293534,0.163967407997799,0.166
"734",100,3,0,0.333333333333333,2.5006614563757,0.676665239998699,0.070413373096216,0.00996286802516711,0.144561432126726,0
"735",100,4,0,0.333333333333333,4.05309960552919,0.718767295013263,0.071948247935043,0.010113859954193,0.133591610679605,0.142
"736",100,2,0,0.333333333333333,1.42461503713535,0.556585599484003,0.0128512681260243,-0.165228544559642,0.162024743814957,0.162
"737",100,3,0,0.333333333333333,2.41864021611729,0.637707003866194,0.0128718292887937,-0.16508146101462,0.140549962841488,0
"738",100,4,0,0.333333333333333,3.91376803781728,0.672235734097249,0.011406132211214,-0.166055435443532,0.127881737797207,0
"739",100,2,0,0.333333333333333,1.59110310802128,0.378330996703112,0.05385083963678,0.323051942164305,0.675365669490699,0.719
"740",100,3,0,0.333333333333333,2.54754932576223,0.400472606264338,0.0528152230868262,0.325957428199583,0.632475370570033,0.364
"741",100,4,0,0.333333333333333,4.12062879924668,0.416897570231005,0.0546283467353924,0.323362319893587,0.590377670813231,0
"742",100,2,0,0.333333333333333,1.59384518503525,0.556048320170391,0.00922581084481897,-0.0592024209219772,0.343456526357033,0.296
"743",100,3,0,0.333333333333333,2.61522897542257,0.599291325236413,0.0105790193985933,-0.058864836998002,0.316748255091239,0
"744",100,4,0,0.333333333333333,4.13605208143547,0.629152336992373,0.0120230889214609,-0.0586779873994374,0.294605398663935,0.279
"745",100,2,0,0.333333333333333,1.44482222614105,0.336128382672763,-0.0854859394712849,-0.0306032607064466,0.35040792781088,0.271
"746",100,3,0,0.333333333333333,2.36736963043283,0.358716983691755,-0.0850666650183179,-0.0305981811966305,0.306855050329219,0.32
"747",100,4,0,0.333333333333333,3.91065157801302,0.371527751681699,-0.0858969749488004,-0.030652516789483,0.285395450156347,0.242
"748",100,2,0,0.333333333333333,1.62271757780597,0.443972257172831,-0.118235049342247,0.180410860362674,0.798950348428789,0.572
"749",100,3,0,0.333333333333333,2.58938459531057,0.472096646505265,-0.116486292250788,0.181098855867921,0.740816430089257,0.37
"750",100,4,0,0.333333333333333,4.15709388442059,0.490015290940455,-0.115919412872055,0.183093202840419,0.691467217251426,0
"751",100,2,0.5,0.333333333333333,2.13401309460631,0.478947513327675,0.234103173507933,0.114442475278576,45.4663921386096,21.624
"752",100,3,0.5,0.333333333333333,3.16964174636538,0.484182073854173,0.23439917365409,0.113403767547856,47.3845130192318,2.758
"753",100,4,0.5,0.333333333333333,4.96891817131047,0.495245674814149,0.233525159550258,0.114573384192507,47.1573781786174,1.198
"754",100,2,0.5,0.333333333333333,1.45017375199317,0.594744845848042,0.0964849697217015,-1.11436930077778,0.198431777626753,0.092
"755",100,3,0.5,0.333333333333333,2.47125183139528,0.655221266847971,0.098164399886123,-1.11677305386006,0.174113811507002,0
"756",100,4,0.5,0.333333333333333,3.99878447978746,0.70109652896728,0.0983442379444544,-1.11518272341352,0.1583696920606,0.168
"757",100,2,0.5,0.333333333333333,1.52147491290577,0.533199566760105,-0.00855499293746583,-0.0485161599277533,0.256612036527079,0.262
"758",100,3,0.5,0.333333333333333,2.53962956302813,0.567261236026803,-0.00896118218812803,-0.0476047726901353,0.226864423476695,0
"759",100,4,0.5,0.333333333333333,4.12950755339182,0.599319912043158,-0.00833128841638503,-0.0481282233650866,0.209103844858448,0.292
"760",100,2,0.5,0.333333333333333,1.59318042861612,0.574245155056019,0.10392773779288,-0.375933931177252,0.343673655941172,0.418
"761",100,3,0.5,0.333333333333333,2.57331205121303,0.614401064820254,0.105135429498784,-0.374933921821177,0.315221896028572,0.235
"762",100,4,0.5,0.333333333333333,4.10817544379493,0.650745521728369,0.102381413576138,-0.382229196677482,0.293522885623625,0
"763",100,2,0.5,0.333333333333333,1.47969246786874,0.682613285772114,0.193764842932855,-0.47755004684819,0.130208923911554,0.133
"764",100,3,0.5,0.333333333333333,2.48963509076883,0.762264337196659,0.19420731196777,-0.478229037475236,0.113718292961015,0
"765",100,4,0.5,0.333333333333333,4.05054506175645,0.785567451807729,0.191325339541911,-0.477007146225071,0.103953978346776,0
"766",100,2,0.5,0.333333333333333,1.47363305774018,0.64562820325112,0.418981680019867,0.0458979224564534,0.150639113438716,0.162
"767",100,3,0.5,0.333333333333333,2.47718513667077,0.702848368240373,0.416864882715201,0.0458490818664572,0.13069818535123,0
"768",100,4,0.5,0.333333333333333,4.01290592964103,0.74244650262725,0.417435123668404,0.0465404543508331,0.119243862512311,0
"769",100,2,0.5,0.333333333333333,1.74577818509547,0.43953146787315,-0.0774515073700147,0.706568911116844,2.80563713920611,2.108
"770",100,3,0.5,0.333333333333333,2.64597278741065,0.458727622649902,-0.0757666604190944,0.709424855962544,2.71873664564487,0
"771",100,4,0.5,0.333333333333333,4.24659437594678,0.476430532715365,-0.0765586662541574,0.712972263794872,2.57407952088154,0
"772",100,2,0.5,0.333333333333333,1.55935522455243,0.473862035848589,0.288737987876871,0.0525704979779365,0.281321024034871,0.278
"773",100,3,0.5,0.333333333333333,2.57956325171228,0.507155075686154,0.28835736330956,0.0531237853516814,0.25309907388758,0.283
"774",100,4,0.5,0.333333333333333,4.03082277748647,0.518614059121644,0.290457135371531,0.0523030946579773,0.232835918174742,0.314
"775",100,2,0.5,0.333333333333333,1.48533978941382,0.636955140933021,0.0294951245243548,-0.0822360362681519,0.152687597827741,0.158
"776",100,3,0.5,0.333333333333333,2.48077384778384,0.702123996001663,0.0288975829366605,-0.0824265421432311,0.13114703973303,0.195
"777",100,4,0.5,0.333333333333333,4.01414507134541,0.724946346984483,0.031874283243415,-0.0818850000089552,0.12036495124292,0.477
"778",100,2,0.5,0.333333333333333,1.4479900035437,0.650143459575426,-0.341210952585587,-0.162105955961706,0.143011831092174,0.175
"779",100,3,0.5,0.333333333333333,2.45628507228987,0.716402861154759,-0.341348620447706,-0.159872224234624,0.124364024751229,0.173
"780",100,4,0.5,0.333333333333333,3.97566184838817,0.745375130545511,-0.343804619026711,-0.16053276585578,0.111379924589853,0.223
"781",100,2,0.5,0.333333333333333,1.51152896271515,0.637889796816919,0.64913249416951,0.737997809424045,0.182203390994763,0.181
"782",100,3,0.5,0.333333333333333,2.55295653770582,0.694955605921878,0.650053258581676,0.742311833205283,0.159793978592647,0
"783",100,4,0.5,0.333333333333333,4.0936499166049,0.726338637223577,0.650395288276899,0.747720283210997,0.146832654812109,0
"784",100,2,0.5,0.333333333333333,1.5399094586095,0.539648280426122,0.171893424811321,0.107669568509741,0.214060114849984,0.241
"785",100,3,0.5,0.333333333333333,2.49488334582293,0.576561403438954,0.170086362011468,0.105964059734012,0.191807499234492,0.198
"786",100,4,0.5,0.333333333333333,4.02968109244109,0.604577836903614,0.170420592726209,0.105658381277044,0.173965808508303,0
"787",100,2,0.5,0.333333333333333,1.77814369236643,0.403924550915377,0.296222536485503,-1.55615550191978,1.61441986311385,0.916
"788",100,3,0.5,0.333333333333333,2.7435914413117,0.428290843331262,0.29704009284461,-1.55868430401649,1.57806324202751,0.519
"789",100,4,0.5,0.333333333333333,4.34954639450368,0.450192671745931,0.296782280905701,-1.55229958928616,1.52044669375894,0
"790",100,2,0.5,0.333333333333333,1.54486681788834,0.630023004208744,-0.198167389518661,0.0587835094925172,0.180373918796656,0.228
"791",100,3,0.5,0.333333333333333,2.53943614489136,0.67181784621202,-0.198312248781146,0.0588113211578422,0.162958292538111,0.136
"792",100,4,0.5,0.333333333333333,4.16442867227661,0.706553216535125,-0.19681594861526,0.0582679367570085,0.149306698062797,0.311
"793",100,2,0.5,0.333333333333333,1.65578738177992,0.467512700072099,0.071993399635892,-0.345067677939587,0.509396120924124,0.469
"794",100,3,0.5,0.333333333333333,2.64275767816654,0.500655510656869,0.0715929602673485,-0.341063848128848,0.480883930839565,0.352
"795",100,4,0.5,0.333333333333333,4.19332201771789,0.524506397961745,0.0727680352290199,-0.340335055011242,0.445245383912123,0
"796",100,2,0.5,0.333333333333333,1.60792606223985,0.603509165871495,0.16787365946053,0.182519512638348,0.251221631100241,0.242
"797",100,3,0.5,0.333333333333333,2.60098325426861,0.650781137206385,0.169782684093,0.177560522582619,0.22612140944284,0
"798",100,4,0.5,0.333333333333333,4.12939732241066,0.679355635181345,0.167713906115723,0.178981226682016,0.209429186507563,0.401
"799",100,2,0.5,0.333333333333333,1.80524026707269,0.488592658318871,0.0908803350106978,-0.804887116686406,4.12674185174421,1.972
"800",100,3,0.5,0.333333333333333,2.82766084053953,0.514888412029645,0.0930665604214451,-0.808533812220738,4.07963278324238,0
"801",100,4,0.5,0.333333333333333,4.37157053690802,0.532342298784209,0.0929070098768545,-0.807197158044069,3.91441197181667,0.545
"802",100,2,0.5,0.333333333333333,1.49386500555836,0.640653245273633,-0.435331732236516,0.63902076127881,0.150499851333016,0.193
"803",100,3,0.5,0.333333333333333,2.46305320367589,0.706898253691069,-0.434912886993934,0.629767593226764,0.131633533829879,Inf
"804",100,4,0.5,0.333333333333333,4.03180349680866,0.742902522261871,-0.433822879760417,0.636360726956238,0.120194815406688,0
"805",100,2,0.5,0.333333333333333,1.38965466708614,0.481415529231503,-0.303476356615938,0.304010516086707,0.215718328583474,0.239
"806",100,3,0.5,0.333333333333333,2.35419526479433,0.551461081657248,-0.303825154110964,0.30394014756777,0.188721022615766,0.281
"807",100,4,0.5,0.333333333333333,3.78635429358357,0.58116539209124,-0.300576280040586,0.301661067908377,0.167465965772656,0
"808",100,2,0.5,0.333333333333333,1.61940517342374,0.553289396627109,-0.473516973148405,-0.333097779349065,0.356431809464722,0.35
"809",100,3,0.5,0.333333333333333,2.6147692010744,0.590833768373039,-0.474013240186203,-0.330872155447125,0.329405264582988,0
"810",100,4,0.5,0.333333333333333,4.24490441586032,0.610284099080723,-0.475079398701283,-0.334524835941551,0.310078300049885,0.356
"811",100,2,0.5,0.333333333333333,1.53625203376692,0.478340924161126,0.178478241966314,1.96386339266529,0.29114811159344,0
"812",100,3,0.5,0.333333333333333,2.56027648507758,0.51836196064029,0.177492695482603,1.96618189604614,0.261567030865188,0.283
"813",100,4,0.5,0.333333333333333,4.06336543019878,0.525444060634616,0.178461559027227,1.96804143126048,0.241250748490236,0.171
"814",100,2,0.5,0.333333333333333,1.56004845179417,0.632916502706033,-0.039348302993361,-0.0752522570730352,0.188476675436642,0.198
"815",100,3,0.5,0.333333333333333,2.57125289192664,0.694810742936387,-0.037679537722075,-0.0753044737365905,0.171139788664446,0.27
"816",100,4,0.5,0.333333333333333,4.13928792421973,0.722039192660176,-0.0391101249138344,-0.0762884878996371,0.157183494296148,0.269
"817",100,2,0.5,0.333333333333333,1.55498269881866,0.591226669134079,0.288029314799215,0.752182869323399,0.251637047185421,0.197
"818",100,3,0.5,0.333333333333333,2.58286869727755,0.641022084511133,0.287525802947042,0.756379894999562,0.228625806852468,0.25
"819",100,4,0.5,0.333333333333333,4.08351871671178,0.667964136830765,0.290200562404392,0.75246929162957,0.214227851159992,0.238
"820",100,2,0.5,0.333333333333333,1.49858229948615,0.595789239170967,0.519006332521174,1.25946679659106,0.175935214397574,0.219
"821",100,3,0.5,0.333333333333333,2.49979014169628,0.650937399677666,0.517124085316753,1.26295038948479,0.156413211956656,0.216
"822",100,4,0.5,0.333333333333333,4.0928566761358,0.67654057158879,0.517424576060919,1.26335972516197,0.144052477785959,0.224
"823",100,2,0.5,0.333333333333333,2.03862257743813,0.498812790545131,0.106651897238881,0.152964351384815,46.1730261038181,9.644
"824",100,3,0.5,0.333333333333333,3.05228875107184,0.515936740419514,0.106598839638358,0.154194045874019,47.3569675075728,1.153
"825",100,4,0.5,0.333333333333333,4.79440057100162,0.524737553582573,0.107005469966389,0.152380745358229,47.1712856593119,0.763
"826",100,2,0.5,0.333333333333333,1.82295983391836,0.391931932877804,1.05513348594004,0.925053359772229,91.5483576439154,14.303
"827",100,3,0.5,0.333333333333333,2.73503758814259,0.405271062123938,1.05593995736131,0.923803238494503,91.8914562487594,1.457
"828",100,4,0.5,0.333333333333333,4.3114385589701,0.418760550321585,1.05606392323474,0.920997144744581,88.5383464292645,0.6
"829",100,2,0.5,0.333333333333333,1.78301741982964,0.531350988338827,-0.184470633861082,0.896229740256157,0.990452414579975,1.08
"830",100,3,0.5,0.333333333333333,2.77656094140781,0.561817579804522,-0.186121646989095,0.901496672588109,0.961148323788042,0.547
"831",100,4,0.5,0.333333333333333,4.44026921457923,0.57760177141207,-0.186394260423827,0.896096901092427,0.91444809478469,0.462
"832",100,2,0.5,0.333333333333333,1.61397312829486,0.423995883130836,0.808509899050683,1.89115192897503,0.505716849063705,0.676
"833",100,3,0.5,0.333333333333333,2.55665842937991,0.447691254432637,0.807408769308059,1.89231542697086,0.468053989805176,0.354
"834",100,4,0.5,0.333333333333333,4.10669306015898,0.46526259483429,0.807288473489001,1.88971846269763,0.439020672471531,0
"835",100,2,0.5,0.333333333333333,1.74647744554802,0.38965697815549,0.358460814178816,1.00733933727651,0.880051264387793,0.775
"836",100,3,0.5,0.333333333333333,2.70165958629005,0.412530824364638,0.361281847083712,1.00896756324982,0.849839834468427,0.471
"837",100,4,0.5,0.333333333333333,4.24552768581625,0.431286692899996,0.358710538058177,1.00764092077234,0.812721288078779,0.497
"838",100,2,0.5,0.333333333333333,1.56448693077257,0.48308956995218,0.369770586926059,-0.720348588416059,0.421774871077808,0.496
"839",100,3,0.5,0.333333333333333,2.54375151036028,0.517301222335896,0.370467093693544,-0.723741496312237,0.38650546812872,0
"840",100,4,0.5,0.333333333333333,4.05289217850887,0.544038602722718,0.371002231958948,-0.721527958476352,0.357342890238486,0
"841",100,2,0.5,0.333333333333333,1.66926572057735,0.274856463497821,-0.0606187799408481,-0.18917744791826,6.93730979439311,1.653
"842",100,3,0.5,0.333333333333333,2.53391244042599,0.287169910615186,-0.0595890777504698,-0.187769600131262,6.77044628113388,0.753
"843",100,4,0.5,0.333333333333333,4.0379518401105,0.295422287144321,-0.0591306311382978,-0.190619348418036,6.44538076425344,0.479
"844",100,2,0.5,0.333333333333333,1.64250795920035,0.430024366221233,0.530115593909088,-0.0953234553437747,0.610585820906769,0.421
"845",100,3,0.5,0.333333333333333,2.64563266235833,0.447679561991708,0.529081795991127,-0.0953052632796765,0.566875319360358,0.461
"846",100,4,0.5,0.333333333333333,4.18309312362666,0.461704148288271,0.530099203881258,-0.0938627434658668,0.533441646039425,0.354
"847",100,2,0.5,0.333333333333333,1.45751214620811,0.636894784347949,0.483800506243144,-1.03162486979412,0.145928187289533,0
"848",100,3,0.5,0.333333333333333,2.44076284581795,0.685493593157337,0.483994794052859,-1.02908532696687,0.126868665280585,0.156
"849",100,4,0.5,0.333333333333333,3.98702459842893,0.741163648504447,0.484385709845512,-1.03024459551755,0.115484614785458,0.185
"850",100,2,0.5,0.333333333333333,1.7425624016072,0.399550684440727,0.28690996252242,-0.0594796297945786,0.64717682016561,1.211
"851",100,3,0.5,0.333333333333333,2.74568369379701,0.411551024438972,0.289213999427865,-0.0613052580194622,0.606532673142559,0.531
"852",100,4,0.5,0.333333333333333,4.37560096900223,0.426335111210203,0.28930083232826,-0.0609809250991956,0.582240459909355,0.578
"853",100,2,0.5,0.333333333333333,1.5874706869311,0.452279314467838,0.541918563353327,0.0453102891382845,0.914342280784938,0.684
"854",100,3,0.5,0.333333333333333,2.53974104080286,0.486883369721067,0.543874665472855,0.045623387882846,0.838444610612258,0
"855",100,4,0.5,0.333333333333333,4.0301560940214,0.512735419098139,0.542739372953013,0.0450745532521222,0.769910326073602,0
"856",100,2,0.5,0.333333333333333,1.52212968982333,0.615793492807345,0.283985985001595,-0.00575906039900152,0.159698165624607,0.184
"857",100,3,0.5,0.333333333333333,2.46205631101996,0.663813161053357,0.282881990270261,-0.00573357391088485,0.14017259180253,0.222
"858",100,4,0.5,0.333333333333333,4.06300393237284,0.704611091846288,0.285155552496482,-0.00566585501663765,0.129425708820258,0.237
"859",100,2,0.5,0.333333333333333,1.58957933953804,0.540848860022071,0.515374418824961,0.0986381701783356,0.283636277636621,0
"860",100,3,0.5,0.333333333333333,2.598299419444,0.573781733183748,0.516042544498991,0.0990362325250297,0.257188952560845,0.285
"861",100,4,0.5,0.333333333333333,4.18944604426352,0.602550913102969,0.516059726180745,0.0983359214173345,0.239717244662659,0.323
"862",100,2,0.5,0.333333333333333,1.61825919143991,0.310363451045663,0.118989379130608,-0.966949149415705,1.65440831452721,1.141
"863",100,3,0.5,0.333333333333333,2.52212493593568,0.329948740634733,0.11663195305343,-0.974254810002843,1.58746550538052,0.427
"864",100,4,0.5,0.333333333333333,3.98327740820987,0.345984801160778,0.116009973799634,-0.971075212730666,1.47477840798635,0.537
"865",100,2,0.5,0.333333333333333,1.49166415412242,0.598911947589771,0.00215106393009576,-0.255789902741406,0.16614604435894,0.033
"866",100,3,0.5,0.333333333333333,2.45752362817972,0.654878197788934,0.00388122896049856,-0.255658280552594,0.146055877482561,0.094
"867",100,4,0.5,0.333333333333333,4.08884196864193,0.698086221723237,0.0045170284017694,-0.253702238755273,0.134514075896836,0
"868",100,2,0.5,0.333333333333333,1.53610813006205,0.554299445859561,-0.292622834914253,-1.13323063591222,0.229222757794792,0.233
"869",100,3,0.5,0.333333333333333,2.50571551420501,0.605231842421768,-0.291809345203392,-1.13348116236924,0.203438685858289,0
"870",100,4,0.5,0.333333333333333,4.10826402941596,0.649646399684756,-0.292533366717664,-1.13319486608923,0.186003139385981,0.306
"871",100,2,0.5,0.333333333333333,1.53414142572766,0.654462585349992,-0.278447792101477,-0.0384793858124151,0.164270122027369,0
"872",100,3,0.5,0.333333333333333,2.51504133595542,0.710247693203765,-0.276728478069283,-0.0383579641570595,0.144892547104389,0
"873",100,4,0.5,0.333333333333333,4.06500564017231,0.747631791768585,-0.276188900307577,-0.0387868714582497,0.13226598020833,0
"874",100,2,0.5,0.333333333333333,1.5960896560674,0.582989078932652,-0.468544495285746,0.133895624582587,0.320694600624975,0.265
"875",100,3,0.5,0.333333333333333,2.56077155205228,0.627015881479234,-0.471269965608818,0.133474161911694,0.291926135657333,0.245
"876",100,4,0.5,0.333333333333333,4.11272128040044,0.650385368431141,-0.469783066231386,0.13601512374695,0.268096070203743,0
"877",100,2,0.5,0.333333333333333,1.69603867386223,0.594563823302029,0.24212199571434,0.889835007673036,0.3593464425073,0.07
"878",100,3,0.5,0.333333333333333,2.68171448136909,0.633520276760827,0.243766023252103,0.886688720681856,0.333044545685237,0.383
"879",100,4,0.5,0.333333333333333,4.27440362281418,0.649684922245542,0.24494308080858,0.889962917050019,0.314193736777325,0
"880",100,2,0.5,0.333333333333333,1.72805684674456,0.392130492536698,-0.0212849460336631,0.857847751521579,17.3379695256277,104.502
"881",100,3,0.5,0.333333333333333,2.63041845891726,0.41000016329523,-0.0237807488281851,0.862999901511081,16.8907948184382,2.753
"882",100,4,0.5,0.333333333333333,4.07926083090394,0.42391661086429,-0.0215030801433977,0.862760422791937,16.1691911507652,0.393
"883",100,2,0.5,0.333333333333333,1.53404282057909,0.451259033844935,0.0277137630075278,-0.662246463142603,0.337211918951573,0.264
"884",100,3,0.5,0.333333333333333,2.52586500794826,0.471589387804211,0.029081164969377,-0.666019255826722,0.310097192559343,0
"885",100,4,0.5,0.333333333333333,4.10281440262422,0.495046331085847,0.0267982254233622,-0.656330423565029,0.283176010974527,0.272
"886",100,2,0.5,0.333333333333333,1.52144476407544,0.620088575334923,-0.0834396339972135,-1.12755041585315,0.166834071242348,0.189
"887",100,3,0.5,0.333333333333333,2.57555025094385,0.682159875292887,-0.0826529477051018,-1.12845759788204,0.14839917982396,0.031
"888",100,4,0.5,0.333333333333333,4.10826344218464,0.708116704712925,-0.0804788190883898,-1.13069285718833,0.136508715923975,0
"889",100,2,0.5,0.333333333333333,1.49924494002385,0.59887768282019,0.34969693844851,-0.255462561498922,0.168948932979763,0.241
"890",100,3,0.5,0.333333333333333,2.54184941896723,0.655235317822496,0.350431871352024,-0.253442490847713,0.151043080102616,0.206
"891",100,4,0.5,0.333333333333333,4.05760496520319,0.682549077977179,0.34892594204989,-0.252756871310397,0.137093194523773,0.319
"892",100,2,0.5,0.333333333333333,1.48987988358174,0.577069898900973,-0.492802270048549,-0.102292588824236,0.176167971724761,0.179
"893",100,3,0.5,0.333333333333333,2.50148418503053,0.623741360374676,-0.492778960686644,-0.10136261759207,0.154760484382245,0.174
"894",100,4,0.5,0.333333333333333,4.05633624619686,0.668249254333849,-0.491963097460189,-0.101403136076556,0.142262452920484,0.337
"895",100,2,0.5,0.333333333333333,1.47760140073516,0.284887149854973,0.493838404094017,-0.952587106716396,2.52828479452899,2.552
"896",100,3,0.5,0.333333333333333,2.35220313790634,0.304516755151814,0.493329703184521,-0.955884663617145,2.33226612103529,0.385
"897",100,4,0.5,0.333333333333333,3.79037270547346,0.318266309285704,0.49467771472838,-0.956780645260472,2.14610340218547,0.305
"898",100,2,0.5,0.333333333333333,1.67798962359844,0.57255483907945,0.334668131293841,0.240028724260675,0.396459394044128,0.376
"899",100,3,0.5,0.333333333333333,2.63695266576512,0.60642528198424,0.334874160716964,0.239792013868458,0.367480042068567,0.26
"900",100,4,0.5,0.333333333333333,4.26355004568191,0.640362318814244,0.333534055249127,0.241308146454882,0.347974375246712,0
"901",100,2,2.5,0.333333333333333,3.34876238357981,0.414642069130435,0.806925355987618,0.124427823611258,379869851684544,3396.762
"902",100,3,2.5,0.333333333333333,5.2203041750892,0.39521452085953,0.808940191455602,0.125432856071691,380801603694766,290.608
"903",100,4,2.5,0.333333333333333,8.78685162403354,0.393747884943485,0.810848922795748,0.12194940129652,397416229714779,0
"904",100,2,2.5,0.333333333333333,1.76832376168425,0.374780096058229,0.546148188136478,-5.39738877790972,108.86438027302,16.162
"905",100,3,2.5,0.333333333333333,2.67866171246487,0.397882624692138,0.546721174521052,-5.4027337903842,108.632066286351,1.672
"906",100,4,2.5,0.333333333333333,4.26601673114721,0.418838052231997,0.546867402444842,-5.39616877877159,103.715712056331,0
"907",100,2,2.5,0.333333333333333,1.85590031995925,0.303998221846793,-0.47305665096989,0.491279287622088,207076.979195374,65.262
"908",100,3,2.5,0.333333333333333,2.713224674064,0.311218691903352,-0.476260433624697,0.496508428984644,215580.630089933,2.554
"909",100,4,2.5,0.333333333333333,4.21376309455125,0.318667268884561,-0.474607887898696,0.493351217824115,212372.12592837,0
"910",100,2,2.5,0.333333333333333,2.58269848355452,0.332642322805072,0.480915557330205,-4.75606728979581,1196273415482.62,181.503
"911",100,3,2.5,0.333333333333333,3.84193993860199,0.326943656121939,0.480618879122485,-4.75593087558398,1294582245794.33,201.311
"912",100,4,2.5,0.333333333333333,5.85938524589541,0.327914990580843,0.480914070857938,-4.75924164713975,1357449402412.08,22.052
"913",100,2,2.5,0.333333333333333,1.57143307464063,0.559235834573063,0.861825697421245,-2.24886453127864,0.206359705226886,0.26
"914",100,3,2.5,0.333333333333333,2.53018803209948,0.589307403137653,0.863753109434126,-2.24762267180144,0.188694847836555,0.222
"915",100,4,2.5,0.333333333333333,4.11352378383676,0.619214717112646,0.861171630954087,-2.25190024240221,0.173266422150047,0.246
"916",100,2,2.5,0.333333333333333,1.7566069363346,0.350338780229492,1.42878133298262,-0.148324759141699,16.0596761287367,37.838
"917",100,3,2.5,0.333333333333333,2.68078254639682,0.36223466597238,1.43194927006097,-0.151212673546502,15.7674444161688,0.876
"918",100,4,2.5,0.333333333333333,4.18101613376193,0.373783841907639,1.43026414171913,-0.149630476822935,14.9897346405333,0.5
"919",100,2,2.5,0.333333333333333,2.59672009532266,0.272956814121002,-0.886012154875718,4.55138556001222,3.85447238894695e+21,683.934
"920",100,3,2.5,0.333333333333333,3.90989491866726,0.268765448577816,-0.885182718862088,4.54943309707229,4.34858688238604e+21,1132.694
"921",100,4,2.5,0.333333333333333,6.05876578684675,0.270475731429659,-0.888332890990184,4.55353339001596,4.64582693964593e+21,46.488
"922",100,2,2.5,0.333333333333333,1.93904789012292,0.36881687095256,1.20018421950421,-1.63981844430739,7.79007303055691,5.695
"923",100,3,2.5,0.333333333333333,2.91219077202302,0.378584556403118,1.20061934051458,-1.6415219744887,7.89590958786867,0
"924",100,4,2.5,0.333333333333333,4.50136376703873,0.383063322669584,1.2028824987135,-1.64278742279254,7.69376337320584,0.606
"925",100,2,2.5,0.333333333333333,1.46721633379868,0.643848630140749,0.389198281817167,-1.0424133414971,0.143059642075406,0.062
"926",100,3,2.5,0.333333333333333,2.48708077402618,0.716062631509656,0.390908716503482,-1.04589148225345,0.123973920441216,0
"927",100,4,2.5,0.333333333333333,3.98467116806428,0.745763251333615,0.38933300773341,-1.04458286783628,0.11352839559551,0
"928",100,2,2.5,0.333333333333333,1.88954308750657,0.464501827824388,-0.902838383305063,0.876247516971889,26.5607699312869,7.075
"929",100,3,2.5,0.333333333333333,2.88970719130623,0.486576565228018,-0.902652112083559,0.88107887716296,26.5212860143059,0.781
"930",100,4,2.5,0.333333333333333,4.45063202234152,0.500553421957991,-0.901193404195143,0.878318385558741,25.8877672229454,0.689
"931",100,2,2.5,0.333333333333333,1.98681218073936,0.487760657131093,2.0630843249475,5.20823004010163,15.0012113481615,9.63
"932",100,3,2.5,0.333333333333333,3.01291914957211,0.4974670989044,2.05977614652617,5.20295552418855,15.1507366978343,1.126
"933",100,4,2.5,0.333333333333333,4.68051432261919,0.511620611346049,2.06518519673332,5.21547697203356,14.9726384125728,1.215
"934",100,2,2.5,0.333333333333333,1.72687908225325,0.552947864659217,0.493837965511116,1.82602074358472,0.849632182181992,0.465
"935",100,3,2.5,0.333333333333333,2.69314974540298,0.582278050898478,0.495313323232242,1.8280669099559,0.818305626048133,0.487
"936",100,4,2.5,0.333333333333333,4.30968103970133,0.60717038083394,0.494262021567866,1.82896593514782,0.767333296563446,0.392
"937",100,2,2.5,0.333333333333333,1.69941425381196,0.230055061006813,0.744926636465802,-6.88894514046163,4.06536166713509,3.359
"938",100,3,2.5,0.333333333333333,2.63231968120994,0.237632767337227,0.747574789705094,-6.89436382733411,3.98113383738375,0.909
"939",100,4,2.5,0.333333333333333,4.06046501869824,0.24028805880485,0.746078258164286,-6.91778876035258,3.80570493899989,0.636
"940",100,2,2.5,0.333333333333333,1.96308903622592,0.486532489133028,-1.6502003095601,-1.33562636906424,4.71092492326572,20.525
"941",100,3,2.5,0.333333333333333,3.00283430553196,0.505368966781766,-1.65149329463579,-1.33399408887557,4.78359898339916,0.96
"942",100,4,2.5,0.333333333333333,4.69168101859554,0.518181972546524,-1.65368232458154,-1.33474126090833,4.6643615595638,1.077
"943",100,2,2.5,0.333333333333333,2.82408063455445,0.315243160439024,-0.44859278402859,-4.98874534619497,40480520561658.6,0
"944",100,3,2.5,0.333333333333333,4.3105269993408,0.305452291408289,-0.45060278939757,-4.97898205221969,43918415739149.2,1848540.02
"945",100,4,2.5,0.333333333333333,6.7975009412175,0.304247692106806,-0.450036668354217,-4.98043617049015,45550429182055.6,0
"946",100,2,2.5,0.333333333333333,1.80371314371544,0.484699687777029,0.898110195889006,0.20137123963832,3.8699693778469,2.399
"947",100,3,2.5,0.333333333333333,2.78279404545104,0.506805780455944,0.900814076938723,0.199022394043346,3.8201962496497,0.546
"948",100,4,2.5,0.333333333333333,4.40826964758769,0.523146889307222,0.898716449130572,0.198406086074471,3.65248696303135,0
"949",100,2,2.5,0.333333333333333,1.8717070031587,0.296694950662613,0.385062598201337,-4.36505840935445,999246.31618577,23.217
"950",100,3,2.5,0.333333333333333,2.7689441884367,0.300013715653922,0.386433355208503,-4.37769151493721,1050833.97042587,9.209
"951",100,4,2.5,0.333333333333333,4.23646272902016,0.307698472925454,0.38684742371238,-4.37677264661018,1046125.82226308,1.115
"952",100,2,2.5,0.333333333333333,1.85827601120245,0.477755535796075,-2.00551259008019,3.84646250948344,8.16834642134912,1.396
"953",100,3,2.5,0.333333333333333,2.79019872752937,0.493415607793368,-2.00554988152947,3.84773715897146,8.09818726185721,0.557
"954",100,4,2.5,0.333333333333333,4.39745415957516,0.509311355951248,-2.00738264703661,3.84492307015359,7.88588114769107,0
"955",100,2,2.5,0.333333333333333,2.0707876721768,0.199665423583269,-2.03343469272995,-1.29723833357992,1113071968.18135,34098.581
"956",100,3,2.5,0.333333333333333,3.00807523492945,0.200786652881589,-2.03997648849907,-1.29806827484788,1243297625.5522,48.928
"957",100,4,2.5,0.333333333333333,4.5591669611505,0.202373372962364,-2.04517812829356,-1.30285897969657,1266944631.95755,5.163
"958",100,2,2.5,0.333333333333333,1.50672837620743,0.64940630740504,-1.37482557472853,-1.88817613578995,0.149876134108698,0.174
"959",100,3,2.5,0.333333333333333,2.52999832664352,0.703849345317085,-1.37862638436931,-1.88843227891734,0.131364995176602,0
"960",100,4,2.5,0.333333333333333,4.07235225938218,0.73020304712726,-1.37496426292125,-1.88809158314462,0.120409503606264,0
"961",100,2,2.5,0.333333333333333,2.00230888874826,0.255845959222563,0.561286571340944,8.34388652067548,3553708.70218802,234.485
"962",100,3,2.5,0.333333333333333,2.94248877331638,0.259757433267619,0.557083842974393,8.34537703051772,3824810.72590159,2.469
"963",100,4,2.5,0.333333333333333,4.46615066605909,0.262996761782131,0.559735222386881,8.35656897704401,3839235.02043467,4.686
"964",100,2,2.5,0.333333333333333,2.08913070458686,0.340653097031415,-0.0645854272007722,-2.24346050608366,9133.92153538381,350.061
"965",100,3,2.5,0.333333333333333,3.1235965455421,0.348104877138704,-0.0666753985803429,-2.25436968667294,9729.42420815573,27.06
"966",100,4,2.5,0.333333333333333,4.70201935761843,0.348165818604308,-0.0668756063501122,-2.25279828384734,9822.37318678874,2.576
"967",100,2,2.5,0.333333333333333,1.8172305030797,0.33501549876479,1.08393126709062,2.85448037392525,90.863787781306,15.254
"968",100,3,2.5,0.333333333333333,2.74720935418152,0.351726098210033,1.0854509616767,2.85757547489177,92.3310071516821,1.479
"969",100,4,2.5,0.333333333333333,4.2952170775112,0.365247443612715,1.08620841421708,2.85695606054354,90.8102228328368,0.878
"970",100,2,2.5,0.333333333333333,2.24449010584591,0.29212215975335,2.62994683484786,9.2053759430247,148397.00144199,1710.357
"971",100,3,2.5,0.333333333333333,3.34946501540168,0.29575270491379,2.6232794159698,9.19079389889068,158368.564656114,0
"972",100,4,2.5,0.333333333333333,5.0685986697921,0.297269135547786,2.62653194002966,9.20369055789297,162019.773458436,3.883
"973",100,2,2.5,0.333333333333333,2.84511594200833,0.397414390600577,1.41919695729374,2.9373046314819,1314946132015533,0
"974",100,3,2.5,0.333333333333333,4.33395620064387,0.385286207114497,1.42002977186148,2.93478474078728,1399046017067354,1031.219
"975",100,4,2.5,0.333333333333333,6.81491208469552,0.385179813236692,1.42015113706804,2.93882143821146,1475099197769800,0
"976",100,2,2.5,0.333333333333333,2.84450127736388,0.302606246300292,4.14907119408254,6.55862330860366,3.34559293854343e+24,8050.984
"977",100,3,2.5,0.333333333333333,4.30354014973907,0.297036461488774,4.1433692590072,6.54930463931575,3.63479340537665e+24,90053.272
"978",100,4,2.5,0.333333333333333,6.7162164122766,0.295322415776656,4.15566943896722,6.56459811587168,3.84981831526635e+24,141.429
"979",100,2,2.5,0.333333333333333,2.21705480639771,0.295108853432218,-0.844224853811368,4.36889131765621,11986.398856619,103.644
"980",100,3,2.5,0.333333333333333,3.23122402276522,0.296415308182971,-0.844523743125755,4.36933336889866,12959.9701978294,0
"981",100,4,2.5,0.333333333333333,4.97047158158227,0.297039954857137,-0.845236025796662,4.37091839376231,13062.4830531243,1.614
"982",100,2,2.5,0.333333333333333,2.90684389530699,0.289534531084273,3.50090763973743,11.8965705341581,144458524332976,2031.465
"983",100,3,2.5,0.333333333333333,4.429943771565,0.281681905128599,3.50060272812353,11.9108173805964,154211448465640,0
"984",100,4,2.5,0.333333333333333,6.93487783255629,0.281050075716257,3.49941752051232,11.895135236865,162337948164401,11.558
"985",100,2,2.5,0.333333333333333,2.01217040300578,0.214099973778137,1.54535599365602,4.450428421248,38.6127444571754,14.394
"986",100,3,2.5,0.333333333333333,2.97919659245086,0.216752050500822,1.54499229464632,4.45030950293836,41.2428056210791,2.174
"987",100,4,2.5,0.333333333333333,4.51734150558179,0.219397855766558,1.54705792008546,4.45328276533979,41.1688150539595,6.673
"988",100,2,2.5,0.333333333333333,1.4619326974778,0.63524179472081,1.82660237577498,-1.47242733283129,0.153219222814187,0.16
"989",100,3,2.5,0.333333333333333,2.4907084071028,0.705656031061268,1.82865503779614,-1.46994895122989,0.134329402580273,0.246
"990",100,4,2.5,0.333333333333333,4.04032322576428,0.728525647979439,1.8284075906554,-1.46980929199403,0.122718787338503,0.176
"991",100,2,2.5,0.333333333333333,2.52202523496469,0.255167567240235,-0.30603905952153,0.865384542626541,267740477468716064,2053.964
"992",100,3,2.5,0.333333333333333,3.73303909573808,0.251607072673331,-0.307395121091443,0.863787869042772,301125359439742336,19.072
"993",100,4,2.5,0.333333333333333,5.74661076985743,0.252036932308317,-0.306661137234722,0.86436897401832,317112560009756736,Inf
"994",100,2,2.5,0.333333333333333,2.22274529269652,0.298106312646837,2.51213132963398,-2.18284235544976,242949.94566049,289.982
"995",100,3,2.5,0.333333333333333,3.27803502668144,0.298033108029201,2.50676070199456,-2.1771653153818,261869.482193576,Inf
"996",100,4,2.5,0.333333333333333,5.04081216583636,0.300710235723885,2.51261585698801,-2.18178074015417,265406.104259874,2.028
"997",100,2,2.5,0.333333333333333,1.65284971189881,0.398945644648101,0.961770916432976,-4.44102616534956,0.812234413482538,0.794
"998",100,3,2.5,0.333333333333333,2.67121124190142,0.420167602942836,0.964120174743656,-4.44293614379482,0.769472235353684,0
"999",100,4,2.5,0.333333333333333,4.17911542515785,0.433253761568055,0.962936890780426,-4.44519898698186,0.725911433415174,0.412
"1000",100,2,2.5,0.333333333333333,2.75365574663716,0.274718194374684,1.85821453644008,-0.820898120228362,93852747068.9766,1478.456
"1001",100,3,2.5,0.333333333333333,4.10630499519526,0.2677260016439,1.85519847232292,-0.824012374640347,100034150270.536,47.556
"1002",100,4,2.5,0.333333333333333,6.49451391285979,0.268200197940117,1.8586516044717,-0.825385775505988,106227626011.866,9.023
"1003",100,2,2.5,0.333333333333333,2.23038232295407,0.30105650134113,3.19425595449319,-0.454618504955639,59987867009.9023,273923.096
"1004",100,3,2.5,0.333333333333333,3.28599318380979,0.301636624488862,3.19006013785568,-0.452323105329705,65776228501.8862,16.656
"1005",100,4,2.5,0.333333333333333,4.97604968348009,0.305726153555491,3.19200899553682,-0.449121408194926,68118505300.5755,8.993
"1006",100,2,2.5,0.333333333333333,2.23374138754446,0.30299733645599,1.95443146651996,2.97344748059536,1055686.93910929,0
"1007",100,3,2.5,0.333333333333333,3.2451901026597,0.299878320468276,1.95843349236467,2.96824421738045,1150818.23027826,4.247
"1008",100,4,2.5,0.333333333333333,4.95884884150591,0.302758896389035,1.9595436507696,2.97914580677966,1169338.30006149,3.836
"1009",100,2,2.5,0.333333333333333,2.1853624092721,0.288892188345634,2.29660105737544,0.95167164073888,875746430837.553,523.305
"1010",100,3,2.5,0.333333333333333,3.2078582621613,0.287583009876079,2.29861814559597,0.950081688137779,976430233448.418,26534.849
"1011",100,4,2.5,0.333333333333333,4.89585646913352,0.291206808924709,2.30173679331265,0.951111481296949,1015306373262.34,5.642
"1012",100,2,2.5,0.333333333333333,2.20005463874869,0.23347439366012,0.37872291544732,-6.27626737704926,9112303.54228112,117.264
"1013",100,3,2.5,0.333333333333333,3.23311053969345,0.232871731309993,0.378215992662573,-6.27944268671681,9955056.38636223,8.726
"1014",100,4,2.5,0.333333333333333,4.93811406375697,0.233097424416897,0.38018103315085,-6.29243057406149,10272509.4512598,2.751
"1015",100,2,2.5,0.333333333333333,1.67916202601331,0.471106814014149,-0.315769938174649,-1.98062233359854,0.472411589865674,0.388
"1016",100,3,2.5,0.333333333333333,2.69458719451259,0.496967306112091,-0.31743345834919,-1.98356316209415,0.450259539296997,0.415
"1017",100,4,2.5,0.333333333333333,4.22281589688987,0.509790057515701,-0.319826893392108,-1.9887633501247,0.421876246172434,0.413
"1018",100,2,2.5,0.333333333333333,1.57741953301263,0.322882723054561,-1.32926964697877,-6.02113690907012,1.49078993240451,0.876
"1019",100,3,2.5,0.333333333333333,2.49488001928954,0.340869720730411,-1.32755866540175,-6.02052183441445,1.40139382775988,0
"1020",100,4,2.5,0.333333333333333,3.93048471939334,0.349411869432105,-1.32672212751384,-6.0183336570992,1.30153474742664,0.385
"1021",100,2,2.5,0.333333333333333,1.63825031139036,0.559171241513485,-1.92907366186764,-0.117783002840109,0.523616869944601,0
"1022",100,3,2.5,0.333333333333333,2.64035262336011,0.59134693742398,-1.92714983240464,-0.115785192005097,0.484487877132529,0.353
"1023",100,4,2.5,0.333333333333333,4.21490829564007,0.621424780108124,-1.93019890088233,-0.115995874507306,0.451100887604034,0
"1024",100,2,2.5,0.333333333333333,2.06921140286814,0.348931177016628,-2.31851747473693,0.66312576484888,12479966.9366113,83765.012
"1025",100,3,2.5,0.333333333333333,3.04150961677599,0.352940302120694,-2.32252087674154,0.666143156534421,13491322.8104384,0
"1026",100,4,2.5,0.333333333333333,4.64324199328016,0.360226556108352,-2.32249318021433,0.666216396709537,13643727.9600205,2.109
"1027",100,2,2.5,0.333333333333333,2.87187052412267,0.411343511873929,1.11555376532911,3.39666508886891,455701382.851402,95.273
"1028",100,3,2.5,0.333333333333333,4.29623265008727,0.399681672330995,1.11179976191643,3.39066864183912,477430835.742242,13.403
"1029",100,4,2.5,0.333333333333333,6.84637986131883,0.396002216945365,1.11196493267782,3.39394225272023,498540272.349462,12.374
"1030",100,2,2.5,0.333333333333333,3.1654934147312,0.25393630610206,0.23126232006404,6.11062959764736,1.27959852905114e+35,7656.435
"1031",100,3,2.5,0.333333333333333,5.01044459843884,0.248371900949634,0.229271141287112,6.08617070206856,1.3575203324721e+35,11764.962
"1032",100,4,2.5,0.333333333333333,8.22005008308951,0.246719561382268,0.229355997511408,6.09034383199226,1.43285427692046e+35,2078.473
"1033",100,2,2.5,0.333333333333333,1.5331389429097,0.471067354106211,0.205271683250682,-2.26807689019659,0.291527704734419,0.307
"1034",100,3,2.5,0.333333333333333,2.4740073441858,0.508923866749728,0.204751441070522,-2.26847874207416,0.262455781455303,0.233
"1035",100,4,2.5,0.333333333333333,4.08559051595943,0.530392095370513,0.205367422435886,-2.2691921392002,0.243697956934914,0.293
"1036",100,2,2.5,0.333333333333333,2.21742632664461,0.337243812218147,-0.402115724938108,-6.65142590942661,877.812172770227,69.048
"1037",100,3,2.5,0.333333333333333,3.2659393150202,0.336679004913939,-0.403874599527307,-6.65955023951204,939.086583919171,2.643
"1038",100,4,2.5,0.333333333333333,5.06913113300775,0.341106023880035,-0.403127793408086,-6.66783793220594,959.391578549505,0
"1039",100,2,2.5,0.333333333333333,2.04698086470397,0.293896409663651,2.05028824391313,-0.307152733944986,711076769.87098,21016.794
"1040",100,3,2.5,0.333333333333333,3.00204443089323,0.298391291901794,2.05134060091408,-0.308524929142313,781587624.352286,15.119
"1041",100,4,2.5,0.333333333333333,4.57471861582511,0.305558941237701,2.04917803707514,-0.310164921724071,790855338.786453,1.977
"1042",100,2,2.5,0.333333333333333,1.78946287711414,0.4405731308737,-1.79254799960873,1.57719695858814,1.9911220413212,2.017
"1043",100,3,2.5,0.333333333333333,2.75975203513341,0.460019843383305,-1.78879249030242,1.57710044633238,1.94834335880037,0
"1044",100,4,2.5,0.333333333333333,4.35312074226033,0.473954462702059,-1.79326666217945,1.57895274002293,1.87291787620927,0
"1045",100,2,2.5,0.333333333333333,2.33220079459413,0.26370451495374,2.62301433412881,-3.20658108510063,29623391975489948,10514.616
"1046",100,3,2.5,0.333333333333333,3.421743714444,0.261179482098861,2.62593231127501,-3.20977805791,33427279667206564,397.373
"1047",100,4,2.5,0.333333333333333,5.1809606077484,0.26261413190449,2.63093022508472,-3.21408547639159,35513018398128984,59.515
"1048",100,2,2.5,0.333333333333333,2.51454640188392,0.411175708377822,1.29681553081935,2.05979693492353,577988.887827609,368.104
"1049",100,3,2.5,0.333333333333333,3.78983617600532,0.403378643085243,1.29453615439878,2.06260522807075,620563.534218084,9.876
"1050",100,4,2.5,0.333333333333333,5.83120310601454,0.407235643007294,1.29812742167731,2.05943675808926,647135.282946866,3.378
"1051",100,2,3,0.333333333333333,3.694459082596,0.407591118086516,0.938887899767324,0.135353275690564,552931464739143488,0
"1052",100,3,3,0.333333333333333,6.06494142993563,0.388650869144096,0.94175711139434,0.134349442317297,526259350354587712,53.583
"1053",100,4,3,0.333333333333333,10.3222057009146,0.381331918121308,0.940025896323894,0.13553793363872,554261390554468736,63.983
"1054",100,2,3,0.333333333333333,1.80987541933858,0.351697794116356,0.680055485790411,-6.35810597914356,1238.70345303566,23.175
"1055",100,3,3,0.333333333333333,2.77577024622731,0.374402259008971,0.68057084195129,-6.36125384894314,1277.26523405646,14.534
"1056",100,4,3,0.333333333333333,4.2249630044348,0.391041557545611,0.682114785271482,-6.3671007785881,1238.99609950323,0.728
"1057",100,2,3,0.333333333333333,2.00136190780714,0.290067191717069,-0.618383630604761,0.657812547219713,699979117.456221,35388.264
"1058",100,3,3,0.333333333333333,2.87346172544123,0.292108702752894,-0.618355130224317,0.653980894285611,757404792.988456,140.167
"1059",100,4,3,0.333333333333333,4.47398083689707,0.297196388387292,-0.620605216686789,0.658420266802598,761424957.466638,0
"1060",100,2,3,0.333333333333333,2.82041616978556,0.326720921350477,0.701531404968622,-5.55828650652484,46422094380937576,0
"1061",100,3,3,0.333333333333333,4.25729771880708,0.319413850722384,0.703057243518166,-5.54652044006048,49818277147942152,25.83
"1062",100,4,3,0.333333333333333,6.76335594260823,0.318430995717908,0.700751902378022,-5.55583192483481,52450682727456288,25.086
"1063",100,2,3,0.333333333333333,1.66343990523533,0.503800995970511,1.10320755660951,-2.54709245864082,0.329847287218308,0.358
"1064",100,3,3,0.333333333333333,2.62887384118406,0.525632033058997,1.1071698415206,-2.55195090934972,0.312611569430977,0.305
"1065",100,4,3,0.333333333333333,4.24890486738803,0.540930906379979,1.10458895741002,-2.54622671769314,0.292132406190146,0
"1066",100,2,3,0.333333333333333,1.85921097893282,0.301314702786942,1.59935472500764,-0.310537557754703,1734.51632772307,5.138
"1067",100,3,3,0.333333333333333,2.8031914553811,0.309788104371961,1.59826106316882,-0.307157534076929,1799.75816435338,Inf
"1068",100,4,3,0.333333333333333,4.28847931545288,0.317224065191848,1.60085704772297,-0.314169354307645,1734.88781934993,0
"1069",100,2,3,0.333333333333333,2.85295022888208,0.268342313238404,-1.03528756522029,5.61902630782649,7.75065210326618e+26,355475.685
"1070",100,3,3,0.333333333333333,4.38599572449877,0.264070431761963,-1.03428109321165,5.60764128572758,8.47148271552811e+26,0
"1071",100,4,3,0.333333333333333,6.91065369270267,0.263207797664933,-1.03387527775356,5.61030221718984,8.98165590410621e+26,30.549
"1072",100,2,3,0.333333333333333,2.00861070266059,0.35551347276847,1.36675644254133,-2.2719827476586,31.6338608079595,71.673
"1073",100,3,3,0.333333333333333,3.00658418024027,0.362937361278496,1.36757876701544,-2.27583706616737,32.9055147488165,0
"1074",100,4,3,0.333333333333333,4.67784093152695,0.369069506735128,1.366940500859,-2.26954377165154,32.4501130105447,0
"1075",100,2,3,0.333333333333333,1.44554339313785,0.638052528799818,0.46911390072427,-1.37464479518021,0.146145575654441,0.136
"1076",100,3,3,0.333333333333333,2.48464941089,0.709655505955558,0.46708023766866,-1.37701499986658,0.12732374306818,0
"1077",100,4,3,0.333333333333333,4.06684108976501,0.745732534018073,0.468151932120235,-1.37450044241523,0.116536687676216,0.182
"1078",100,2,3,0.333333333333333,2.00651735697917,0.438544462520057,-1.0596151808772,1.20597057774538,457.935012345965,23.765
"1079",100,3,3,0.333333333333333,2.95030278449151,0.453184796028116,-1.06188628597861,1.20714966751219,474.028658534509,0
"1080",100,4,3,0.333333333333333,4.595408335566,0.461427565946907,-1.06181800807655,1.20238476443775,466.585556521833,0.648
"1081",100,2,3,0.333333333333333,2.05296789600358,0.479850872756545,2.32820407440312,6.1314250482511,41.0215565890739,0
"1082",100,3,3,0.333333333333333,3.07828541552233,0.483833614021097,2.33109177897799,6.13162450001477,42.0224656614118,2.071
"1083",100,4,3,0.333333333333333,4.8070124010174,0.501317422282667,2.33251579825648,6.14631048052251,42.1516185175939,0
"1084",100,2,3,0.333333333333333,1.83422478524958,0.530307941241457,0.652038128451806,2.49244679376375,2.24362789698074,2.016
"1085",100,3,3,0.333333333333333,2.8017568681629,0.555422783679845,0.654589223628987,2.50064740617871,2.20629471425135,0.56
"1086",100,4,3,0.333333333333333,4.44467196155488,0.572864258213851,0.654982035413787,2.49936093193382,2.13459785484662,0.535
"1087",100,2,3,0.333333333333333,1.78272759419343,0.221814858837587,0.882621043098362,-8.18542839539062,17.6235771804021,24.053
"1088",100,3,3,0.333333333333333,2.70110330016388,0.226644087575446,0.880458779875755,-8.19165469238283,17.7733789145998,1.329
"1089",100,4,3,0.333333333333333,4.09206216850164,0.231367718656295,0.881190570438983,-8.18905194579979,17.2453739798051,2.086
"1090",100,2,3,0.333333333333333,2.04741028420939,0.451460786179239,-2.06450660715288,-1.97358387590281,13.0344854361457,46.373
"1091",100,3,3,0.333333333333333,3.06846130783164,0.461148023436818,-2.06661622456007,-1.97954475859682,13.3816686980869,0
"1092",100,4,3,0.333333333333333,4.74089519744452,0.475581225128993,-2.06516491009974,-1.97943384215953,13.2559263049488,0.722
"1093",100,2,3,0.333333333333333,3.07594516108586,0.308922607715984,-0.556714663504005,-6.06540286397136,329631362018407744,4515.763
"1094",100,3,3,0.333333333333333,4.80047250395117,0.298571025318247,-0.553711848210636,-6.06479445391079,346964996517565568,138.064
"1095",100,4,3,0.333333333333333,7.96282109626165,0.30029320528315,-0.556432205263638,-6.0724197222209,360730078989455360,32.054
"1096",100,2,3,0.333333333333333,1.88041175921349,0.454695492145738,1.13915929887086,0.263893178296078,18.6165170564297,2.151
"1097",100,3,3,0.333333333333333,2.8620662175958,0.4708590133489,1.14008834554695,0.265886144583532,18.7151582897582,1.037
"1098",100,4,3,0.333333333333333,4.5053877522892,0.484733340476676,1.13780833536626,0.265804478969591,18.2656012904873,0.618
"1099",100,2,3,0.333333333333333,1.87222360560706,0.282725573681519,0.606575750893307,-5.0706379883931,1712563.81530651,175.628
"1100",100,3,3,0.333333333333333,2.75231831712729,0.287522287909887,0.605028772516724,-5.06486319951832,1800201.74295252,8.855
"1101",100,4,3,0.333333333333333,4.18904202544043,0.293050238640105,0.605056621841271,-5.06426510188079,1779165.85956716,0
"1102",100,2,3,0.333333333333333,1.96794212660473,0.4583864786401,-2.30060769941858,4.73970897036252,40.3915970119541,9.585
"1103",100,3,3,0.333333333333333,2.95298922384743,0.471384838129359,-2.30919838486983,4.74291785373787,41.2717973799731,1.027
"1104",100,4,3,0.333333333333333,4.59490637053639,0.487475003218267,-2.30330546081858,4.74670064510887,40.3291419862041,0.659
"1105",100,2,3,0.333333333333333,2.20288295175678,0.196744326518194,-2.52351582939847,-1.89008996012918,2495952026716.85,832.751
"1106",100,3,3,0.333333333333333,3.2293579716213,0.195228299957181,-2.52705825630231,-1.89176630005403,2790860104617.19,67.369
"1107",100,4,3,0.333333333333333,4.93470275969064,0.197580925646705,-2.52435940850661,-1.89142615612195,2916627996163.06,0
"1108",100,2,3,0.333333333333333,1.50723727841402,0.626973773651446,-1.63132184310415,-2.42303863064118,0.146437768407975,0.177
"1109",100,3,3,0.333333333333333,2.50681050028232,0.696164194011362,-1.62528524984951,-2.42023151709219,0.12735479324025,0
"1110",100,4,3,0.333333333333333,4.03058344341397,0.724473566900424,-1.62577928658717,-2.42155090793476,0.115947559574453,0.25
"1111",100,2,3,0.333333333333333,2.11474065203884,0.246201955441398,0.682215475157414,9.91211554522914,723919222.967373,58.882
"1112",100,3,3,0.333333333333333,3.11051974866693,0.247044456794818,0.68124560388372,9.91504285707861,783727655.43877,1171.082
"1113",100,4,3,0.333333333333333,4.69535143634229,0.24966823144903,0.683504151619994,9.91852916174941,806437257.84157,61.911
"1114",100,2,3,0.333333333333333,2.14108038736348,0.325149406742643,0.0458820311833791,-2.63333633375439,142935.460758846,526.019
"1115",100,3,3,0.333333333333333,3.16399418317749,0.326292748735274,0.045849255542781,-2.63386260827435,155330.740009677,Inf
"1116",100,4,3,0.333333333333333,4.90325875174142,0.333209890115092,0.0458471558979921,-2.62943979704705,157972.892216515,1.619
"1117",100,2,3,0.333333333333333,1.85851708294904,0.295588713521122,1.27875486358979,3.30641223341457,1601.93342049774,5.103
"1118",100,3,3,0.333333333333333,2.8110231220599,0.304866188536991,1.27633320841355,3.30493072963388,1662.32407334967,3.857
"1119",100,4,3,0.333333333333333,4.24327077617102,0.309323798699826,1.28137909029423,3.31246710002848,1650.71690677356,0.918
"1120",100,2,3,0.333333333333333,2.39547968942348,0.283177859093529,3.12287269546243,11.0092711502271,34959027.6743646,236.745
"1121",100,3,3,0.333333333333333,3.53771977862061,0.280217356473319,3.12468432356113,11.0078003159983,37602816.3235438,21.478
"1122",100,4,3,0.333333333333333,5.38880440002735,0.281713834210491,3.1179266497996,11.0008375575764,39309327.389756,0
"1123",100,2,3,0.333333333333333,3.07712131003348,0.384238720597296,1.78426554194308,3.64351028332903,17511250577589241856,101477.898
"1124",100,3,3,0.333333333333333,4.79427032248613,0.371774046886194,1.78014225590115,3.63895523995096,18133687080767531008,752.726
"1125",100,4,3,0.333333333333333,7.70749686792543,0.370623320774779,1.7785929365896,3.63047187437891,19273760763917430784,139.103
"1126",100,2,3,0.333333333333333,3.07076231215767,0.297132182283916,4.89680863300349,7.89462407497883,4.07729428701372e+29,1685.231
"1127",100,3,3,0.333333333333333,4.86461317850396,0.291001325829286,4.89149873766454,7.88184895691821,4.25267402281967e+29,371184.218
"1128",100,4,3,0.333333333333333,7.98301359497194,0.290903470382277,4.89341889315733,7.88828115001059,4.45532957605435e+29,25.975
"1129",100,2,3,0.333333333333333,2.37747755590252,0.287660049449558,-0.980292276464796,5.13989494097061,3492010.23468416,426.232
"1130",100,3,3,0.333333333333333,3.52025538870063,0.283554050328457,-0.98166463538731,5.1544019623269,3820590.81742307,0
"1131",100,4,3,0.333333333333333,5.40313547144868,0.287426778199371,-0.981536224023379,5.14806327172853,3923248.5903695,0
"1132",100,2,3,0.333333333333333,3.27766826151372,0.285299097563421,4.28590721053075,14.6771842358515,7965567560947223552,142210.418
"1133",100,3,3,0.333333333333333,5.14729316491485,0.278012429985588,4.28069330580926,14.6663016446795,8086330746604532736,0
"1134",100,4,3,0.333333333333333,8.78864688529312,0.276268867072272,4.28695363887755,14.6850198809205,8490558067801934848,0
"1135",100,2,3,0.333333333333333,2.08271102999108,0.208124802471988,1.78762195166361,5.29126834942851,160.822228129679,21.348
"1136",100,3,3,0.333333333333333,3.02516040790788,0.207321038484869,1.78169882134673,5.29136184553459,173.863673020281,7.189
"1137",100,4,3,0.333333333333333,4.68439810482622,0.210653635665288,1.78439259472295,5.29607841677217,176.094149624606,0
"1138",100,2,3,0.333333333333333,1.47527639064777,0.62727321938072,2.20041386360666,-1.63620345016735,0.145268690713689,0.179
"1139",100,3,3,0.333333333333333,2.53820054985733,0.691754061905834,2.20179933412283,-1.63538597244354,0.127122891489442,0.176
"1140",100,4,3,0.333333333333333,4.04511943861852,0.725494628845182,2.20645585941306,-1.63914375777203,0.117038005482835,0.035
"1141",100,2,3,0.333333333333333,2.72091870505202,0.255374746142065,-0.194506080171633,1.61386714228571,1.83235279570554e+21,2204.022
"1142",100,3,3,0.333333333333333,4.07277320006789,0.249036148853585,-0.194218969555539,1.61289535814156,2.03394533879398e+21,38166.652
"1143",100,4,3,0.333333333333333,6.43809968171898,0.249423107221171,-0.193638763262715,1.60738290793756,2.14100723714471e+21,85.265
"1144",100,2,3,0.333333333333333,2.33375158571489,0.286232793102263,3.01434915938792,-2.6687308122736,13620041.9540594,177.798
"1145",100,3,3,0.333333333333333,3.48599240724724,0.28688919112175,3.01771834602354,-2.67487474492749,14916840.5801749,23.808
"1146",100,4,3,0.333333333333333,5.26495854133378,0.28817064747241,3.01977796482797,-2.67721251376936,15415381.3080271,3.111
"1147",100,2,3,0.333333333333333,1.78989920106766,0.377801607198945,1.10816811645666,-5.20631379876998,1.96382383322569,1.699
"1148",100,3,3,0.333333333333333,2.74525929098557,0.390102848736242,1.10713938600591,-5.20085559030425,1.93831070788625,0
"1149",100,4,3,0.333333333333333,4.29189835419652,0.395858537769747,1.10958087522098,-5.21558491780889,1.83214421167194,0
"1150",100,2,3,0.333333333333333,2.97127833807104,0.270181928594141,2.27501273166794,-1.02153182844781,141261046972807,522.894
"1151",100,3,3,0.333333333333333,4.50731276057004,0.260598274389355,2.27402169999671,-1.02213815978285,146168089086618,44.163
"1152",100,4,3,0.333333333333333,7.21898962422333,0.259618855267342,2.27514077274245,-1.02045647193377,157247799642806,11.989
"1153",100,2,3,0.333333333333333,2.33903353140104,0.285930966675083,3.71234453213462,-0.817484971415486,12129786247863.7,926487.953
"1154",100,3,3,0.333333333333333,3.42158647416439,0.283185902891777,3.71266351098592,-0.817505071801726,13532886266558.8,14.511
"1155",100,4,3,0.333333333333333,5.26983404721967,0.284504901252462,3.72116969993083,-0.823475188518759,14117705829605.9,36.543
"1156",100,2,3,0.333333333333333,2.45656826317804,0.294045904570388,2.45138329032994,3.90197472742791,4821954198.21881,267.488
"1157",100,3,3,0.333333333333333,3.57607997405199,0.288524101948927,2.45475823104277,3.91033577853638,5362433670.54593,42.344
"1158",100,4,3,0.333333333333333,5.60686455749493,0.293291410826518,2.45408924026391,3.90688503683476,5539742960.08227,3.837
"1159",100,2,3,0.333333333333333,2.34868359986076,0.274912151169464,2.69204269876941,1.097404165641,8014409221256648,416.102
"1160",100,3,3,0.333333333333333,3.45713724858027,0.274433535826707,2.68193824889556,1.09390875670942,8963331645384400,252.971
"1161",100,4,3,0.333333333333333,5.28779730016157,0.275287215003402,2.6890800121763,1.10288605626838,9411851675216778,13.131
"1162",100,2,3,0.333333333333333,2.3338270441866,0.224886708492085,0.50770327568035,-7.56547721216698,1409861109.10646,2788.344
"1163",100,3,3,0.333333333333333,3.42188875290676,0.223161583625413,0.507229721304429,-7.57764348777084,1563880604.18406,11.762
"1164",100,4,3,0.333333333333333,5.30665411198386,0.225580237532569,0.506231436980833,-7.573638179848,1639000737.69829,5.159
"1165",100,2,3,0.333333333333333,1.71723652330428,0.432284355697605,-0.432742565165175,-2.56512198627726,0.734497890331262,0.45
"1166",100,3,3,0.333333333333333,2.69503813578383,0.444950106326751,-0.43369460565153,-2.56714391421126,0.716893287223296,0
"1167",100,4,3,0.333333333333333,4.3360715146712,0.463647342749841,-0.432476154769328,-2.57069239994182,0.679056629068025,0.543
"1168",100,2,3,0.333333333333333,1.6582605807609,0.315348474301684,-1.55742582062902,-7.27169523347537,4.48149193554928,2.236
"1169",100,3,3,0.333333333333333,2.58386652737875,0.332243902117452,-1.55492224272363,-7.28090313819581,4.40202679515207,0.643
"1170",100,4,3,0.333333333333333,4.06659350682374,0.342349914947862,-1.55806326694526,-7.27105147228072,4.1331904950991,0
"1171",100,2,3,0.333333333333333,1.68188237209948,0.533944900170066,-2.33762214632365,-0.147115880134896,0.774989174618479,0.604
"1172",100,3,3,0.333333333333333,2.65427535672618,0.571331051236353,-2.33947818414926,-0.145829843696748,0.726946743111941,0
"1173",100,4,3,0.333333333333333,4.30127307305388,0.604306412092283,-2.34066926287916,-0.147190095397986,0.685981279791952,0.399
"1174",100,2,3,0.333333333333333,2.1985538271671,0.326682999944486,-2.67606256236847,0.997615330231815,56181777593.6142,438.822
"1175",100,3,3,0.333333333333333,3.2321173751743,0.325354710476926,-2.67247799859766,1.00173466923626,61704458847.6905,284.175
"1176",100,4,3,0.333333333333333,4.91654570445067,0.330628091214002,-2.67646388434076,0.999770463527541,63476616281.6425,4.969
"1177",100,2,3,0.333333333333333,3.14279954356026,0.371387154170114,1.44024923484562,4.29102527475531,1087643607345.83,63.068
"1178",100,3,3,0.333333333333333,4.75153314357094,0.355028820379746,1.43878001745064,4.28433611461248,1115117990129.19,29.471
"1179",100,4,3,0.333333333333333,7.74548577352362,0.356414219799203,1.4398705064387,4.2838688096593,1178374992218.36,11.356
"1180",100,2,3,0.333333333333333,3.54652442980214,0.252298783461284,0.186648026860043,7.19065850874613,1.72241993244925e+41,6321.766
"1181",100,3,3,0.333333333333333,5.92650538406473,0.246594825418021,0.187409509404549,7.16912084330141,1.69881239100427e+41,335.64
"1182",100,4,3,0.333333333333333,10.3845683218505,0.245573191653682,0.188917799544961,7.18135145223653,1.77391842715331e+41,1268.054
"1183",100,2,3,0.333333333333333,1.5584169712508,0.48076746827291,0.212113230966485,-2.74698404677369,0.304394440673539,0.259
"1184",100,3,3,0.333333333333333,2.51868563949657,0.511125991826268,0.21134298481917,-2.74711291575407,0.27389403171058,0.296
"1185",100,4,3,0.333333333333333,4.08156606549956,0.528195432542138,0.210994858327555,-2.74268696841836,0.251691202786291,0.306
"1186",100,2,3,0.333333333333333,2.39553480873402,0.322358511660076,-0.521774208129831,-8.06859529656714,70553.2381606047,79.933
"1187",100,3,3,0.333333333333333,3.53022383183593,0.32267185154737,-0.523627442898909,-8.07723341267372,76072.944993425,Inf
"1188",100,4,3,0.333333333333333,5.55640853009736,0.324235286257629,-0.522346851037763,-8.06239568216988,79025.2316043883,2.472
"1189",100,2,3,0.333333333333333,2.17694136658121,0.272954779794916,2.44781969443173,-0.344055652930172,2880111859342.89,0
"1190",100,3,3,0.333333333333333,3.17260020904483,0.274123139511548,2.44544666979709,-0.343681060081479,3207934519838.38,305.981
"1191",100,4,3,0.333333333333333,4.77760885901097,0.277561932246862,2.44860385665562,-0.342378290427931,3330727394344.23,Inf
"1192",100,2,3,0.333333333333333,1.86478322874236,0.37993152504421,-2.16393313194551,1.87963693659402,9.57632130604246,13.24
"1193",100,3,3,0.333333333333333,2.79675439663031,0.392182064423973,-2.16788650174966,1.88333415142782,9.68620150160089,0
"1194",100,4,3,0.333333333333333,4.39829748312875,0.407473361475156,-2.16490775364878,1.88817504262461,9.42308424195767,0.722
"1195",100,2,3,0.333333333333333,2.49215844983989,0.264269447329193,3.02582435854298,-3.96112357384597,1.00481381632805e+20,19519.927
"1196",100,3,3,0.333333333333333,3.77334758837439,0.262183620638927,3.02335997863523,-3.95447587087429,1.12462364546627e+20,127235.809
"1197",100,4,3,0.333333333333333,5.66192538121541,0.263616971900515,3.0263876876347,-3.95765098365757,1.2137000696508e+20,0
"1198",100,2,3,0.333333333333333,2.77581780114266,0.383928452247285,1.44311516001088,2.21160749664911,134476757.546368,692.635
"1199",100,3,3,0.333333333333333,4.15464473089814,0.371789581569398,1.4398457708758,2.20796169488922,143605998.638019,37.454
"1200",100,4,3,0.333333333333333,6.5597532494566,0.373679127919871,1.4414850835663,2.21297537619982,148883307.786331,0
