delta_true,N,order,method,epsilon,median_log_bf10,mean_log_bf10,sd_log_bf10,q05_log_bf10,q25_log_bf10,q75_log_bf10,q95_log_bf10,n_valid
1,20,d0,ecdf,0.01,-0.9356470392901688,-0.9632970093972811,0.3632268567335441,-1.5020425142109703,-1.1492211395882277,-0.7814963594629105,-0.4120504698078377,50
1,20,d0,ecdf,0.02,-0.9356545480374954,-0.9496010182914764,0.24119171905503595,-1.3737924253805134,-1.0898052278647534,-0.7603757104852147,-0.6139377316866284,50
1,20,d0,ecdf,0.03,-0.9435412409357748,-0.9352645223068747,0.190402523104114,-1.2416164144202444,-1.065701894582543,-0.7815163826244469,-0.6426799377702311,50
1,20,d0,ecdf,0.04,-0.9176477109729184,-0.9131538408321566,0.16921366884574948,-1.1828129338686713,-1.034764547569695,-0.7883836460055769,-0.6775981132022041,50
1,20,d0,ecdf,0.05,-0.9067195703207762,-0.9166723373667384,0.15253239351578513,-1.1554428359158724,-1.0244954654075664,-0.817020072468948,-0.6871720656148155,50
1,20,d0,ecdf,0.06,-0.919701776117723,-0.9111808428439956,0.13646792015730952,-1.1237660258106914,-0.997292529731275,-0.8356511781748591,-0.6923480005357912,50
1,20,d0,ecdf,0.06999999999999999,-0.9323541878207824,-0.9069562925745627,0.12363178842989452,-1.0758075146863564,-0.9887597004964924,-0.8300233075724625,-0.7018553351865826,50
1,20,d0,ecdf,0.08,-0.9268315284078683,-0.9070223137058957,0.11855219256142432,-1.072685758127033,-0.9809002177807113,-0.8322812004057952,-0.6930125857496997,50
1,20,d0,ecdf,0.09,-0.9278470765234685,-0.9097710255357241,0.11079834202799466,-1.0558508640014708,-0.9848797828649132,-0.8545882000288222,-0.7231454449989163,50
1,20,d0,ecdf,0.1,-0.926325337817192,-0.9123309867936612,0.10217986642957495,-1.0549446480017206,-0.9812758503342704,-0.842366172157792,-0.7523650147478758,50
1,20,d0,ecdf,0.11,-0.9294302771135057,-0.9149309300495815,0.10235989863631821,-1.0770259296564877,-0.9793488034751805,-0.8524633306342604,-0.7421670025999618,50
1,20,d0,ecdf,0.12,-0.9300327148356061,-0.9150530557931926,0.09781506940192682,-1.0578223862289668,-0.9834592817685318,-0.8381048352852204,-0.7435282815714073,50
1,20,d0,ecdf,0.13,-0.9250175788721862,-0.917786485189989,0.08701655896403618,-1.0463501196462714,-0.9825690061043366,-0.8560247073852346,-0.7685710570314083,50
1,20,d0,ecdf,0.14,-0.9258725490752842,-0.9149888977660176,0.0858463374933333,-1.039754612492755,-0.9662879919602528,-0.840738425378785,-0.7718116925444838,50
1,20,d0,ecdf,0.15000000000000002,-0.9202071473643204,-0.9129897723231816,0.08448090206525882,-1.0389892007495447,-0.971290857006151,-0.8525198833311954,-0.7676094491321677,50
1,20,d0,ecdf,0.16,-0.928815599907814,-0.9154100628651494,0.0844777504973005,-1.0487630018191365,-0.973528420024681,-0.85815387917367425,-0.7740616617836173,50
1,20,d0,ecdf,0.17,-0.9179914485015288,-0.9180351246189571,0.07978551710499451,-1.0405382716173772,-0.9775256138000128,-0.8584808442165264,-0.799869295739712,50
1,20,d0,ecdf,0.18000000000000002,-0.9204547144802672,-0.9173993402840693,0.07931699799088102,-1.0268046998741212,-0.972184130046309,-0.8623470836729865,-0.801703359140495,50
1,20,d0,ecdf,0.19,-0.9213925178831295,-0.9143000667910595,0.07752582434913305,-1.018775100984394,-0.9746393784594671,-0.8617475757229597,-0.7976054922237359,50
1,20,d0,ecdf,0.2,-0.9246659584564441,-0.9118387355040128,0.07534025406748528,-1.0161231873294718,-0.96655003447605,-0.85546019609131,-0.8014759969599254,50
1,20,d0,ecdf,0.21,-0.9149694950190812,-0.9075991444662264,0.07420208552523673,-1.009522868141128,-0.9624738624799094,-0.8491175338063023,-0.8018471716318039,50
1,20,d0,ecdf,0.22,-0.9193873009749244,-0.9064114849744072,0.06883616067742386,-0.9998084980419444,-0.9556168471219159,-0.8504290737856275,-0.7933601587160246,50
1,20,d0,ecdf,0.23,-0.9139207932921478,-0.9039367250815029,0.06403954187634593,-0.9937027448801559,-0.948288682969359,-0.8544588555701181,-0.8019560991285691,50
1,20,d0,ecdf,0.24,-0.9078925354869456,-0.9037451510662005,0.06176411240449286,-0.995964949622067,-0.9464649695046857,-0.8640429908114345,-0.8078500834344085,50
1,20,d0,ecdf,0.25,-0.9150585579966043,-0.90166290181199,0.06153040216897546,-0.993303052818051,-0.9410095512249992,-0.8753303238578269,-0.8057908192037192,50
1,20,d0,ecdf,0.26,-0.9141707847316508,-0.9018730034252705,0.058624615346120554,-0.9857743807094959,-0.9345823425937424,-0.8710852568165298,-0.8124501593146518,50
1,20,d0,ecdf,0.27,-0.9097491159985127,-0.9018192947886894,0.05736756165355681,-0.9826336691663484,-0.9405483685585438,-0.8624034931918004,-0.8106146852368292,50
1,20,d0,ecdf,0.28,-0.9047562535104049,-0.8996432358139537,0.05724236015961821,-0.9811927208095139,-0.9401510033850119,-0.8671476678402459,-0.8069841292170941,50
1,20,d0,ecdf,0.29000000000000004,-0.8983853979425379,-0.8966596268722281,0.05542691796466919,-0.9765554831245384,-0.9365120281177297,-0.867167917145375,-0.8059426224377436,50
1,20,d0,ecdf,0.3,-0.902347559896266,-0.895216542001902,0.053519914615790004,-0.9716790149139627,-0.9315244016116668,-0.8680491912955373,-0.8097798139312484,50
1,20,d0,ecdf,0.31,-0.8988855158262354,-0.8924375765250807,0.05277315475328277,-0.9683055576132562,-0.9311087207161928,-0.86558996192958,-0.8026891452937497,50
1,20,d0,ecdf,0.32,-0.8948593742271183,-0.8902446843106834,0.051521467903664526,-0.9616398562720562,-0.9288589069447379,-0.8600798350224548,-0.8009478303717147,50
1,20,d0,ecdf,0.33,-0.90012540818385,-0.8897119311900574,0.04957474859595971,-0.9614689983134665,-0.9278482926281966,-0.8525339256083485,-0.8013398040716206,50
1,20,d0,ecdf,0.34,-0.8970640544050608,-0.8872532178403394,0.04831212799410071,-0.9524408708942074,-0.9240724685796888,-0.8530469098560824,-0.7980941783000819,50
1,20,d0,ecdf,0.35000000000000003,-0.8934770916754777,-0.8867106943919743,0.04727316136322225,-0.9483170760571682,-0.9236224955414047,-0.8505792997238892,-0.7975564355305302,50
1,20,d0,ecdf,0.36000000000000004,-0.8893905569843847,-0.8845108560305963,0.04629875189547345,-0.9422485683448252,-0.920189310405542,-0.8522305567572901,-0.8006116566353331,50
1,20,d0,ecdf,0.37,-0.8909484151369128,-0.8828485799842459,0.04403746582190657,-0.9449019341175414,-0.9162826807606372,-0.8499420920198565,-0.8124408497281398,50
1,20,d0,ecdf,0.38,-0.8891425267595874,-0.8806100841200728,0.043339167807789625,-0.9406269363679871,-0.9125794788294388,-0.8484707683831724,-0.8137769190595998,50
1,20,d0,ecdf,0.39,-0.8867982712458166,-0.8782606789747626,0.0427337581732107,-0.9379099589786217,-0.9122102342773097,-0.8460808305421437,-0.8132435963563351,50
1,20,d0,ecdf,0.4,-0.8852059041351038,-0.8759272277709462,0.04109540101751385,-0.9301887449931436,-0.9091146138683619,-0.8487236354836846,-0.8103727681088098,50
1,20,d0,ecdf,0.41,-0.8830916079150662,-0.8745936307243287,0.03855270390051635,-0.923563931648238,-0.9076793324506617,-0.8451976472205951,-0.8181497220887521,50
1,20,d0,ecdf,0.42,-0.8792798656187026,-0.8719216016738853,0.03819974214800047,-0.9228938674038728,-0.9027969493144394,-0.8433965355746941,-0.807466179734827,50
1,20,d0,ecdf,0.43,-0.8774165204792318,-0.8703973441778544,0.036675934383297,-0.9192166327231792,-0.8978427583101691,-0.8447531900503201,-0.8084460267724973,50
1,20,d0,ecdf,0.44,-0.8715977540909542,-0.8670687141967464,0.03584167823962379,-0.9147683083979193,-0.8925364695375914,-0.8427787410777372,-0.8033571527731769,50
1,20,d0,ecdf,0.45,-0.8694331426478825,-0.8642218704308686,0.03469731565541352,-0.9106187074320952,-0.8921826954574337,-0.8382707826673095,-0.8057362153589014,50
1,20,d0,ecdf,0.46,-0.8673715181844437,-0.861376096430161,0.03539841181414648,-0.9088930032465308,-0.888593248364827,-0.8353862279591091,-0.8014536393699266,50
1,20,d0,ecdf,0.47,-0.8664992434206613,-0.8591779144326828,0.035002871220233496,-0.9025757350693928,-0.8875641915700728,-0.8354552176468383,-0.7999660975737537,50
1,20,d0,ecdf,0.48,-0.8651419552157016,-0.8564785651807562,0.035158498691790586,-0.90100094964159,-0.8839683818775578,-0.8313886435646716,-0.7953522682983605,50
1,20,d0,ecdf,0.49,-0.8596399976797788,-0.8536074417687134,0.035658978540696676,-0.9011948835428503,-0.8810358036379446,-0.8244848609817199,-0.7949248870053323,50
1,20,d0,ecdf,0.5,-0.8574583843917375,-0.8509344060221434,0.0351154581492545,-0.8974685922693899,-0.8777185251223356,-0.8237360208275495,-0.7936859353420257,50
1,20,d0,ecdf,0.51,-0.8553681172295653,-0.8482057886454419,0.03467244042262686,-0.8907768597736033,-0.8752825389335426,-0.8225038869534173,-0.7869289677988298,50
1,20,d0,ecdf,0.52,-0.8488563379787446,-0.8456090186178736,0.03418116750518236,-0.887655667148058,-0.875888398685065,-0.8218484533477383,-0.7858763785631528,50
1,20,d0,ecdf,0.53,-0.8450379478856451,-0.8435797846675075,0.03290805747794193,-0.8876906900862314,-0.8697436571014481,-0.8191995428207862,-0.7847640337322006,50
1,20,d0,ecdf,0.54,-0.8452574384255656,-0.8413023877617243,0.032912601229617394,-0.882799033051423,-0.8676124305419249,-0.8171570718315828,-0.7849941975226006,50
1,20,d0,ecdf,0.55,-0.8406996683316583,-0.8377716971177592,0.032284987562381934,-0.8788130766756067,-0.8650991641248474,-0.8142129053161387,-0.7834058115807954,50
1,20,d0,ecdf,0.56,-0.8396031002223052,-0.8360365737981011,0.03159389484878057,-0.8775534948372904,-0.8608386582169602,-0.8121062076377074,-0.7837815176021271,50
1,20,d0,ecdf,0.5700000000000001,-0.8362317146239233,-0.8331352334218658,0.031163254693461224,-0.8751423219692025,-0.8571774996949928,-0.813180848762169,-0.7791472475790511,50
1,20,d0,ecdf,0.5800000000000001,-0.8339026459466211,-0.8297399742171214,0.03105949487265676,-0.8752887178674956,-0.8525180897980409,-0.810955676483331,-0.7743253566995796,50
1,20,d0,ecdf,0.59,-0.8321082036919447,-0.8274832018709831,0.031381875815809604,-0.8751403668377493,-0.8493386164121258,-0.8081207817650248,-0.7753099832998573,50
1,20,d0,ecdf,0.6,-0.8281573534491271,-0.8247947415436894,0.030979801069758214,-0.8724547661521997,-0.8458332768808281,-0.8053855645715045,-0.7745854772136742,50
1,20,d0,ecdf,0.61,-0.823891418694391,-0.8213403240583791,0.030432317547997044,-0.8677973309519992,-0.8387587509691031,-0.8027457522374742,-0.7726914577943529,50
1,20,d0,ecdf,0.62,-0.8180175971172148,-0.8174174623374934,0.03007299040144844,-0.8662050859358272,-0.8374514524866479,-0.7966376093942159,-0.7711445728971135,50
1,20,d0,ecdf,0.63,-0.8166149201270567,-0.8147148561509355,0.030469860966378912,-0.8638863422645349,-0.8355655379382867,-0.7893739444928607,-0.7658648068859821,50
1,20,d0,ecdf,0.64,-0.811020195760759,-0.8119959847952388,0.02986420467830374,-0.8623765093491631,-0.8331240577816189,-0.7899351772453229,-0.762523425750996,50
1,20,d0,ecdf,0.65,-0.8110432365797617,-0.8083872086206211,0.029997546993770826,-0.8576504441231391,-0.828088713869888,-0.7881397830923257,-0.7566334568099944,50
1,20,d0,ecdf,0.66,-0.8061123789519593,-0.8055832311467945,0.029036104802443476,-0.8539730642016611,-0.8236007611720229,-0.787255841021242,-0.7549719998168103,50
1,20,d0,ecdf,0.67,-0.8033690002822333,-0.8028694023146212,0.029194984362563653,-0.851142302318119,-0.822663296182591,-0.7841111637440187,-0.7553072097873099,50
1,20,d0,ecdf,0.68,-0.7999005022918388,-0.8000764572528831,0.028868311304179294,-0.8467757607975289,-0.8191857979970909,-0.7792009391097728,-0.7545887928979034,50
1,20,d0,ecdf,0.6900000000000001,-0.7945247374300624,-0.7968357669948893,0.028113405428355415,-0.8446306308013596,-0.8183636180992429,-0.7774905217859007,-0.7538197461435232,50
1,20,d0,ecdf,0.7000000000000001,-0.791674091930537,-0.7929356110320194,0.028247244564131246,-0.844184859710463,-0.8109699064858356,-0.7762475793459118,-0.7496904335556838,50
1,20,d0,ecdf,0.7100000000000001,-0.7869403222346606,-0.790363888451268,0.02795617900161382,-0.838876993774226,-0.8095357517843081,-0.77285269013400415,-0.7462906093352585,50
1,20,d0,ecdf,0.72,-0.7850567764396802,-0.787463098050398,0.02834746584332129,-0.8343259180149748,-0.8089135400790669,-0.7701489966288225,-0.743715739560667,50
1,20,d0,ecdf,0.73,-0.7820795527154096,-0.7843141437030186,0.027361252383623913,-0.8296022159833865,-0.8056905645431559,-0.7657620185880916,-0.7430210201995953,50
1,20,d0,ecdf,0.74,-0.7784232634920063,-0.7815005319432473,0.027363826801683477,-0.8295002997078915,-0.8016252329943072,-0.7634256413992342,-0.7382768531099775,50
1,20,d0,ecdf,0.75,-0.778636738496829,-0.778815480603927,0.02665621978276209,-0.826870559941258,-0.7980329605674281,-0.7607757987991338,-0.7377748942762401,50
1,20,d0,ecdf,0.76,-0.7743881395205576,-0.7764085278517199,0.02678457178965881,-0.8221819768652908,-0.7958140897004866,-0.7570619057146476,-0.7327171515268891,50
1,20,d0,ecdf,0.77,-0.7706137423222371,-0.7731788228137315,0.02660853974986569,-0.8168982144393765,-0.7920328823124085,-0.7541954630752837,-0.7304380312160921,50
1,20,d0,ecdf,0.78,-0.7687662861642526,-0.7702797491709632,0.025966136361844683,-0.8129592018670198,-0.7887053860691604,-0.7530818761106608,-0.7282247731098499,50
1,20,d0,ecdf,0.79,-0.7651619878358973,-0.7673680146469551,0.02543057210089347,-0.8141417980508217,-0.7859959509625213,-0.7501681725196371,-0.7266437456515589,50
1,20,d0,ecdf,0.8,-0.7620065888482027,-0.764228491628667,0.025022316579147712,-0.8104541112462509,-0.78177390296519,-0.7467833880119141,-0.7252975503303655,50
1,20,d0,ecdf,0.81,-0.7600001582091056,-0.7617795591015768,0.025237325299285608,-0.8079374231441154,-0.7793975150772806,-0.7460137206940224,-0.7221108069737096,50
1,20,d0,ecdf,0.8200000000000001,-0.7562867452459859,-0.7589308855582114,0.025482256995309416,-0.8041805360978618,-0.7765670431838515,-0.7424149864028021,-0.719077838829517,50
1,20,d0,ecdf,0.8300000000000001,-0.7533613910625956,-0.7555693460266694,0.025125833602426213,-0.8012441138708697,-0.7714049062565307,-0.7403213700502796,-0.7161943281463301,50
1,20,d0,ecdf,0.8400000000000001,-0.7494673455183224,-0.752694229759071,0.024601877416180213,-0.7977601416932232,-0.7680558224932219,-0.7365276541682308,-0.7129863832841494,50
1,20,d0,ecdf,0.85,-0.7487598495000907,-0.7504212803561177,0.024846552186345492,-0.7952707786816648,-0.7659697926415153,-0.7328203722749429,-0.7134230152363182,50
1,20,d0,ecdf,0.86,-0.748420613695885,-0.7478264786516043,0.024563515948037434,-0.792066106833151,-0.7615950235659319,-0.7298901200943757,-0.7116790008986464,50
1,20,d0,ecdf,0.87,-0.7454065648645207,-0.745198593353978,0.025004450718719564,-0.7886450950300422,-0.7579790396490792,-0.725308867674207,-0.7089710142060757,50
1,20,d0,ecdf,0.88,-0.7428051428650091,-0.7417566035490442,0.024713012612078013,-0.7854295492450869,-0.7539477100083936,-0.7232167370174449,-0.704245916039461,50
1,20,d0,ecdf,0.89,-0.7392683663549573,-0.7383579075404109,0.0247270874462853,-0.7834322687934624,-0.7519700869232062,-0.719993297253377,-0.700306078980535,50
1,20,d0,ecdf,0.9,-0.7367969398403342,-0.7351307006440925,0.02459034242056692,-0.779500723646474,-0.746790966772884,-0.7180191385053427,-0.6978198389836544,50
1,20,d0,ecdf,0.91,-0.7334060935537279,-0.7319394095135054,0.024872688024311033,-0.7766558353779536,-0.7457531087500611,-0.7147645976002596,-0.6919926879012905,50
1,20,d0,ecdf,0.92,-0.7310632421484973,-0.7287918965074863,0.02465199878085594,-0.7719148478269685,-0.7436299211674782,-0.7114164550463371,-0.6886051119189778,50
1,20,d0,ecdf,0.93,-0.7268447204970636,-0.7255507628803495,0.024223992221587404,-0.7707884298251733,-0.7383795125215658,-0.7071548923370896,-0.686633057857085,50
1,20,d0,ecdf,0.94,-0.7217461516997992,-0.722509084622072,0.024269829513752672,-0.7690249839143382,-0.7360720489105835,-0.7054238020337098,-0.6875030992094797,50
1,20,d0,ecdf,0.95,-0.7189717143697195,-0.7191713267962144,0.024051649513695962,-0.7639043844542173,-0.7327216027375851,-0.7009881310671274,-0.6842907984256683,50
1,20,d0,ecdf,0.96,-0.7165733057218577,-0.7157262843771925,0.02383293890214244,-0.759904454868847,-0.7286608854755641,-0.6976017940548449,-0.6804916468527622,50
1,20,d0,ecdf,0.97,-0.7123484683139725,-0.712837930743409,0.02321671739800208,-0.7546854906333416,-0.7287017317328782,-0.6960423590338201,-0.678652149333455,50
1,20,d0,ecdf,0.98,-0.7094509594638936,-0.7097767922354624,0.023056130253432065,-0.7518317520700051,-0.7264603093534564,-0.6908771502921198,-0.6771192859266421,50
1,20,d0,ecdf,0.99,-0.7047551499304006,-0.7067693190719359,0.022800920261950526,-0.7482106944526048,-0.7236621140390642,-0.6887999042729975,-0.6744431056250221,50
1,20,d0,ecdf,1,-0.6992127436352319,-0.70357064745596,0.022876998452688084,-0.7436522605922188,-0.721979352380915,-0.6858326897033927,-0.6724596725090586,50
1,20,d0,logspline,0.01,-1.021084363620507,-1.0241360747492028,0.16614647030086843,-1.3012188591198801,-1.0740374803658572,-0.939178917188979,-0.7579284263229475,50
1,20,d0,logspline,0.02,-1.0172139274674272,-1.011912873203106,0.13740574751956708,-1.2454047738544665,-1.0698515389022527,-0.9364062211645552,-0.7601012039468626,50
1,20,d0,logspline,0.03,-1.0133535292709446,-1.0014043817117606,0.1176316953171251,-1.1728926786554816,-1.0656764897309892,-0.9336413739189131,-0.7629709287035848,50
1,20,d0,logspline,0.04,-1.0095031687080898,-0.992649896080837,0.10546752650932069,-1.14041789495896,-1.0615123325011004,-0.930884095585996,-0.7658485054619881,50
1,20,d0,logspline,0.05,-1.0056628453267331,-0.985477954335885,0.09845115264551654,-1.1151590951745851,-1.052467944646072,-0.9281332640622025,-0.7687339338356509,50
1,20,d0,logspline,0.06,-1.0000338387058103,-0.9796844782387423,0.09431215994196035,-1.1078007880013256,-1.0392678227253291,-0.9253873311706999,-0.7716272133277966,50
1,20,d0,logspline,0.06999999999999999,-0.9950112036189402,-0.9750645028605689,0.09149296184617488,-1.0955332661245487,-1.0351584314084867,-0.9226446257711736,-0.774528343331294,50
1,20,d0,logspline,0.08,-0.9903047602805122,-0.9713731648291094,0.08920260067052764,-1.0861431281032132,-1.029112421844764,-0.9199034366069954,-0.7774373231286958,50
1,20,d0,logspline,0.09,-0.986348611108012,-0.9682930835150626,0.08719594450431244,-1.0778815603727918,-1.0247884141256491,-0.9171621928535071,-0.7803541518922792,50
1,20,d0,logspline,0.1,-0.9843135322084392,-0.9654689957508399,0.08541730119345631,-1.0716576748878666,-1.0204759247476016,-0.9144198402444614,-0.7832788286840907,50
1,20,d0,logspline,0.11,-0.9804093909599823,-0.9626811260224167,0.08378689643149424,-1.0672439732264443,-1.01617495228844,-0.9116757476583268,-0.7862113444365391,50
1,20,d0,logspline,0.12,-0.977074049049509,-0.9598797610715021,0.08223301887766342,-1.062842135111505,-1.011885495176533,-0.9089295330705647,-0.7891507810292875,50
1,20,d0,logspline,0.13,-0.9738614156692407,-0.9570704561729465,0.08071840095031244,-1.0584521587573839,-1.0107295573478536,-0.9058731326501535,-0.7920926273369094,50
1,20,d0,logspline,0.14,-0.9706575634568138,-0.9542573878995861,0.07922421201673839,-1.0540740422235175,-1.0066959776035405,-0.9026963606501581,-0.7950289222848335,50
1,20,d0,logspline,0.15000000000000002,-0.9674624908234928,-0.9514422916852919,0.07774157853829404,-1.0497077834145445,-1.0038575126581426,-0.8995281943615976,-0.7979487199313782,50
1,20,d0,logspline,0.16,-0.9640814836066569,-0.9486259364343266,0.07626718262252034,-1.0453533800804005,-1.0030160226790987,-0.8963686142783863,-0.8008384936067519,50
1,20,d0,logspline,0.17,-0.9603615241703901,-0.9458085295031616,0.07480073577516161,-1.041010829816432,-1.000175117808884,-0.8932175869981649,-0.8036840440828603,50
1,20,d0,logspline,0.18000000000000002,-0.9566515843025218,-0.9429899255296442,0.07334359309829451,-1.0366801300635147,-0.9947801282735941,-0.8900750691618559,-0.8064708466580979,50
1,20,d0,logspline,0.19,-0.9529516617477566,-0.9401697475851238,0.07189795851325635,-1.032361278108174,-0.9895683671280397,-0.8885540818668618,-0.8091841266458176,50
1,20,d0,logspline,0.2,-0.9492617541226169,-0.9373474584694733,0.07046642202728122,-1.0280542710827203,-0.9845142985302381,-0.8880813340799865,-0.8118089228696146,50
1,20,d0,logspline,0.21,-0.9455818589155554,-0.9345224135261309,0.06905167795864801,-1.0238045164848892,-0.9800854496685732,-0.8875339619324802,-0.8136462037919854,50
1,20,d0,logspline,0.22,-0.941911973487075,-0.9316938979248032,0.06765635445197037,-1.0203018991183082,-0.9759109065983856,-0.8869120384989202,-0.8140211539406459,50
1,20,d0,logspline,0.23,-0.9382520950698602,-0.9288611524975479,0.06628291160035944,-1.0166869968324224,-0.9717786591726058,-0.8862158246077465,-0.814342508209503,50
1,20,d0,logspline,0.24,-0.9346022207689058,-0.9260233918029285,0.06493358193372419,-1.0129774571608712,-0.9680333743822649,-0.885445732399023,-0.8146092275931736,50
1,20,d0,logspline,0.25,-0.9309623475616566,-0.9231798201124092,0.06361033571701007,-1.0091879862180377,-0.9644445909433024,-0.8846022973750677,-0.8148205833650295,50
1,20,d0,logspline,0.26,-0.927332472298156,-0.9203296496957831,0.06231485921920571,-1.0053309322084436,-0.9608657359389015,-0.8828779084333626,-0.8149761001986602,50
1,20,d0,logspline,0.27,-0.9237125917011928,-0.9174721117058351,0.06104855225062686,-1.0014167353616739,-0.9572968060785969,-0.881659896389198,-0.8150755116933384,50
1,20,d0,logspline,0.28,-0.9201027023664624,-0.9146065366745767,0.05981245569619461,-0.9974542786623766,-0.9541961681558322,-0.8816619051967207,-0.8151187252140885,50
1,20,d0,logspline,0.29000000000000004,-0.9173703409486071,-0.9117325210076531,0.05860711838258737,-0.9934511639941924,-0.9511277364981575,-0.8816055991455303,-0.815105793807213,50
1,20,d0,logspline,0.3,-0.9147459637618887,-0.9088499256287398,0.0574326907531967,-0.9894139315719283,-0.9480679958435276,-0.8814899888848993,-0.8150368935479397,50
1,20,d0,logspline,0.31,-0.9121296211032861,-0.9059588352150345,0.05628903616606042,-0.9853482358019502,-0.9450169427683504,-0.8813141105112938,-0.8149123051000781,50
1,20,d0,logspline,0.32,-0.9086373901156282,-0.9030595219584547,0.05517582182816789,-0.9812589873422586,-0.9419745737347405,-0.880428337056617,-0.8146103472171146,50
1,20,d0,logspline,0.33,-0.9047655695657775,-0.9001524117039262,0.05409259296136382,-0.9771504687065864,-0.9389408850906888,-0.877453699667524,-0.8141999907591024,50
1,20,d0,logspline,0.34,-0.9009046771327709,-0.8972380213960705,0.053038857708323756,-0.9730264289877523,-0.9359158730702483,-0.8740244544019821,-0.8137457460775972,50
1,20,d0,logspline,0.35000000000000003,-0.8970547080653674,-0.8943168449283855,0.05201419581680926,-0.9688901619717665,-0.932899533793715,-0.8706048392233625,-0.8132476008460634,50
1,20,d0,logspline,0.36000000000000004,-0.8932156575514654,-0.8913893236632572,0.05101827279583572,-0.9647445709438043,-0.9298918632678224,-0.8671948498511641,-0.8127054360458127,50
1,20,d0,logspline,0.37,-0.890525922359296,-0.8884558764406618,0.05005082117823575,-0.9605922227579389,-0.9268928573859355,-0.8637944818832984,-0.8121190417022347,50
1,20,d0,logspline,0.38,-0.8880185752685763,-0.8855169963221773,0.04911162269984888,-0.9564353931896779,-0.9236357975227365,-0.8604037307963031,-0.8111223098421823,50
1,20,d0,logspline,0.39,-0.8856644323990279,-0.8825730959666988,0.048200529402198544,-0.9522761051677238,-0.919912783178571,-0.8570225919455545,-0.8091084023895727,50
1,20,d0,logspline,0.4,-0.8834797873878735,-0.8796242203026061,0.047317614551843294,-0.9481161611557425,-0.9162003667094657,-0.8536510605654952,-0.8070963171831694,50
1,20,d0,logspline,0.41,-0.8812615862282356,-0.8766701879536652,0.046463016043243766,-0.9439571707021566,-0.9124985427421695,-0.8502891317698587,-0.8050849479281523,50
1,20,d0,logspline,0.42,-0.8788739533054469,-0.8737108352826786,0.04563675442655619,-0.9398005739784208,-0.9088073057709278,-0.8469368005519051,-0.803073206689003,50
1,20,d0,logspline,0.43,-0.8764581593134528,-0.8707460488127022,0.04483873864047905,-0.9356476619707907,-0.9051266501577394,-0.84359406178466,-0.8010601145111255,50
1,20,d0,logspline,0.44,-0.8740135627787002,-0.8677757620143602,0.04406878409053174,-0.9314995938675018,-0.9014741937661517,-0.8402609102211598,-0.7989031954857033,50
1,20,d0,logspline,0.45,-0.870238247407271,-0.8647999389299356,0.04332662057531501,-0.9273574120852566,-0.898056721908242,-0.8374728340066622,-0.7967118441554951,50
1,20,d0,logspline,0.46,-0.8664522909503933,-0.8618185430286047,0.042611876255971175,-0.923222055300404,-0.8947770824854538,-0.8352708304183907,-0.7945190502252293,50
1,20,d0,logspline,0.47,-0.8627475757572196,-0.8588315310970793,0.041924070511605994,-0.9190943697869453,-0.8915991557937619,-0.8331272354965109,-0.7923243122889547,50
1,20,d0,logspline,0.48,-0.8598456646143221,-0.8558388536987301,0.041262613234568125,-0.9149751193123372,-0.8884261803184736,-0.8309087213216123,-0.7898027203760292,50
1,20,d0,logspline,0.49,-0.8569456283811003,-0.8528404530300004,0.040626804865915,-0.9108649938004306,-0.8852554234005334,-0.8282548951996782,-0.786887247893556,50
1,20,d0,logspline,0.5,-0.8540695368996811,-0.8498362405557989,0.040015847043689844,-0.906764616936856,-0.8819144284666658,-0.8251618605627999,-0.7839797466855325,50
1,20,d0,logspline,0.51,-0.8512370450243898,-0.8468260811783185,0.03942884810491305,-0.9026745528642552,-0.8782902666697694,-0.822061367469642,-0.7810801771621665,50
1,20,d0,logspline,0.52,-0.8486322011671653,-0.8438098093946469,0.03886482878406018,-0.8985953120917424,-0.8747174071944315,-0.8189545437370787,-0.7781884996845203,50
1,20,d0,logspline,0.53,-0.8460278134560668,-0.8407872901880044,0.038322768069692606,-0.8945273567239149,-0.8717179777926312,-0.8157997856027498,-0.7753046745934271,50
1,20,d0,logspline,0.54,-0.842851501515095,-0.8377584628468221,0.03780162492761721,-0.8911318239992109,-0.8689064371595521,-0.8124896440841813,-0.7724286622352994,50
1,20,d0,logspline,0.55,-0.8391035557442352,-0.834723328508766,0.03730035016026185,-0.8877818934446023,-0.8662430233487314,-0.8091496435782177,-0.7695604229852284,50
1,20,d0,logspline,0.56,-0.8353686774233813,-0.831681930040221,0.03681789429615733,-0.8844418416395861,-0.863163916671323,-0.805784476930941,-0.7672491595403707,50
1,20,d0,logspline,0.5700000000000001,-0.8316469123442766,-0.8286343494222659,0.03635321219501476,-0.8811113550069614,-0.8597533899452289,-0.8024312942881462,-0.7657536168986292,50
1,20,d0,logspline,0.5800000000000001,-0.8281026072615605,-0.8255807026162094,0.03590527359349131,-0.8777899938298456,-0.856200673079859,-0.8001544796170587,-0.7642268441555512,50
1,20,d0,logspline,0.59,-0.8248790617563415,-0.8225211385774593,0.035473070859706975,-0.8744772045623612,-0.8525178361218225,-0.7980342793383984,-0.7626360680831985,50
1,20,d0,logspline,0.6,-0.8216764571674835,-0.8194558450288655,0.0350556234305573,-0.8711723310114305,-0.8488460264854419,-0.795094806287828,-0.7608202753546728,50
1,20,d0,logspline,0.61,-0.8184711499017581,-0.8163850475727823,0.03465198450476992,-0.8678746245444773,-0.8451852357266849,-0.791716554905024,-0.7589769984727297,50
1,20,d0,logspline,0.62,-0.8152954748030254,-0.8133090053319565,0.03426124790228327,-0.8645832534563967,-0.8415354552678473,-0.788353269791613,-0.7568179973974063,50
1,20,d0,logspline,0.63,-0.8122038655172692,-0.8102280068728613,0.0338825530736524,-0.8612973116108629,-0.837896676397957,-0.785007363284317,-0.7540489113376905,50
1,20,d0,logspline,0.64,-0.8088471680422105,-0.8071423658848433,0.03351508912204691,-0.8580158264553592,-0.8342688902731812,-0.7816785957342511,-0.7512820743149032,50
1,20,d0,logspline,0.65,-0.805500577285799,-0.8040524174615723,0.03315809741250071,-0.8547699496482735,-0.8306520879172414,-0.7783666298899562,-0.7485176861809062,50
1,20,d0,logspline,0.66,-0.8021640865799751,-0.8009585169922006,0.03281087067379386,-0.8516147415379998,-0.8270462602218307,-0.7750711202851513,-0.7457559322801335,50
1,20,d0,logspline,0.67,-0.7988376892006135,-0.7978610361502533,0.032472750370551945,-0.8484584111045204,-0.8234513979470436,-0.7717917409342709,-0.7429969842749358,50
1,20,d0,logspline,0.68,-0.7955213783607555,-0.7947603487761071,0.032143110316022364,-0.8448625742934466,-0.819867491721803,-0.768528184274194,-0.7402410011890836,50
1,20,d0,logspline,0.6900000000000001,-0.7922151472044849,-0.7916568206223056,0.03182134331382191,-0.8409271195323802,-0.816294532044299,-0.7652801598344237,-0.7374881303597283,50
1,20,d0,logspline,0.7000000000000001,-0.7889189888013817,-0.7885508083835725,0.03150685996479542,-0.837006262184038,-0.8127325092824328,-0.7622364958768307,-0.7347385083070692,50
1,20,d0,logspline,0.7100000000000001,-0.7856328961414881,-0.7854426601336696,0.03119908909714998,-0.8331000246772253,-0.8091814136742608,-0.7601469265983687,-0.7319922615299241,50
1,20,d0,logspline,0.72,-0.7823568621307541,-0.7823327158090426,0.030897478187446304,-0.8292084287266831,-0.8056449715648826,-0.7580441139381757,-0.72924950723449,50
1,20,d0,logspline,0.73,-0.7790908795869016,-0.779221307720004,0.030601493807941374,-0.8253314953398754,-0.8021211677914715,-0.7556507566933441,-0.7265103540027563,50
1,20,d0,logspline,0.74,-0.7758349412356784,-0.7761087614485913,0.03031062242402847,-0.8214692448239787,-0.7986086017554535,-0.7528951572264861,-0.7237749024063478,50
1,20,d0,logspline,0.75,-0.7725890397074601,-0.7729953965325467,0.03002437098143376,-0.8176216967930543,-0.7951167479924192,-0.7501415575515648,-0.7210432455709315,50
1,20,d0,logspline,0.76,-0.7693531675341714,-0.7698815262568234,0.02974226717534959,-0.8137888701753921,-0.791642942217578,-0.7470944574172688,-0.7183448301536961,50
1,20,d0,logspline,0.77,-0.7661273171464966,-0.7667674567132922,0.02946385969423238,-0.8099707832210091,-0.788196683949845,-0.7442852321594198,-0.7160441846005918,50
1,20,d0,logspline,0.78,-0.7629114808713577,-0.7636534868875506,0.029188718268831824,-0.8061674535092953,-0.784726859309424,-0.7414662176539661,-0.7137307639975401,50
1,20,d0,logspline,0.79,-0.7597056509408462,-0.7605399089550774,0.028916433612652434,-0.8025951404050509,-0.7812872222703846,-0.738638546062207,-0.7114051523748463,50
1,20,d0,logspline,0.8,-0.7565098196655416,-0.7574270081726392,0.028646617108076932,-0.7992516141181474,-0.7778593827344951,-0.7356046854119279,-0.7090679258571875,50
1,20,d0,logspline,0.81,-0.7533239796452742,-0.7543150627457718,0.028378901165934327,-0.7959573842369208,-0.7744433213038727,-0.7333584184061304,-0.7067196527992924,50
1,20,d0,logspline,0.8200000000000001,-0.7503201212782014,-0.7512043431332063,0.028112940562823718,-0.7929251985530914,-0.7710390184863425,-0.7307790818443767,-0.7043608939124173,50
1,20,d0,logspline,0.8300000000000001,-0.7473473884514386,-0.7480951121496797,0.02784841329627563,-0.7899700052631043,-0.7676464546962424,-0.7279806499086194,-0.701992202382808,50
1,20,d0,logspline,0.8400000000000001,-0.74437718377246,-0.7449876255078965,0.02758502123006671,-0.787004605906396,-0.7642656102552197,-0.7249518616760703,-0.6996141239831986,50
1,20,d0,logspline,0.85,-0.741409801670587,-0.7418821360577273,0.027322498204664872,-0.7840296441340789,-0.7608190383027632,-0.7218596132238453,-0.6972271971782986,50
1,20,d0,logspline,0.86,-0.7384455217509696,-0.7387789082173202,0.02706063571417294,-0.7810457408617979,-0.7572656216811148,-0.7187779205561695,-0.6948130410288742,50
1,20,d0,logspline,0.87,-0.7354846096630498,-0.7356782227660499,0.02679928942281274,-0.7780534954841618,-0.7538415150745521,-0.715706740308174,-0.6923576417339093,50
1,20,d0,logspline,0.88,-0.7325273179082242,-0.7325803736125858,0.026538378054218135,-0.7750534870018664,-0.7504745639660125,-0.7126460304937616,-0.6898971422125844,50
1,20,d0,logspline,0.89,-0.7295738865916185,-0.7294856651818326,0.026277880369488398,-0.7720462750688084,-0.7471183426362157,-0.7095957504231344,-0.6874319852522774,50
1,20,d0,logspline,0.9,-0.7264985045159977,-0.7263944108421475,0.02601782995982483,-0.7690324009658227,-0.743772838948449,-0.7065558606258209,-0.6849626068038713,50
1,20,d0,logspline,0.91,-0.7234243498383452,-0.7233069308197386,0.025758307552845347,-0.7660123885070617,-0.7404380406462234,-0.7035263227787827,-0.6824894361184483,50
1,20,d0,logspline,0.92,-0.7203608494425682,-0.7202235494082162,0.025499433347608718,-0.7629867448844714,-0.7371145448545042,-0.7005070996392113,-0.6800128958782274,50
1,20,d0,logspline,0.93,-0.7173079641164788,-0.7171445936816421,0.025241361857520277,-0.7599559614553457,-0.733803023511747,-0.6974981549819623,-0.677533402322406,50
1,20,d0,logspline,0.94,-0.7145420966562154,-0.714070392609062,0.02498427710058405,-0.7569205144774784,-0.7305021630843009,-0.6944994536394677,-0.6750513653652315,50
1,20,d0,logspline,0.95,-0.7119513621519895,-0.7110012761881632,0.024728388085826756,-0.7536597973875565,-0.7272119508518644,-0.691510961916563,-0.6725671873405948,50
1,20,d0,logspline,0.96,-0.7093587474225476,-0.70793757432574,0.024473925145052616,-0.750349608766244,-0.7239323739772671,-0.68853264774481715,-0.670081256268042,50
1,20,d0,logspline,0.97,-0.7067643720976258,-0.7048796161206662,0.024221136031430307,-0.7470440297561547,-0.7206634195070446,-0.6855644805907886,-0.667593942846703,50
1,20,d0,logspline,0.98,-0.7041683573241968,-0.7018277295158318,0.023970281951522128,-0.7437432245232525,-0.7174053941015646,-0.6826064313618856,-0.6651056012386369,50
1,20,d0,logspline,0.99,-0.7012224657051482,-0.698782241087801,0.02372163398960062,-0.7404473565497816,-0.7142091579382084,-0.6796584723180085,-0.662616569935425,50
1,20,d0,logspline,1,-0.6980202104841523,-0.695743475966111,0.023475469990886497,-0.7371565885312652,-0.7110345887514063,-0.6767205769885785,-0.6601271725705875,50
1,20,d1,ecdf,0.01,Inf,Inf,NA,-2.814963657552124,Inf,Inf,Inf,5
1,20,d1,ecdf,0.02,Inf,Inf,NA,-2.1218584113587213,-1.4287112307987762,Inf,Inf,18
1,20,d1,ecdf,0.03,-0.6178509024021868,Inf,NA,-2.0041452635220773,-1.7164631910702963,Inf,Inf,37
1,20,d1,ecdf,0.04,-0.7357317751452711,Inf,NA,-1.9884947436406393,-1.4288789557052164,-0.21587138972531217,Inf,46
1,20,d1,ecdf,0.05,-0.9827176335707613,Inf,NA,-1.9992852216815913,-1.3881827416789256,-0.28957045301081585,0.4035767275491295,49
1,20,d1,ecdf,0.06,-1.023693344460111,-0.919634407163312,0.606576798339174,-1.83764261737814,-1.39971269365418,-0.6182282363519465,0.07491894420799887,50
1,20,d1,ecdf,0.06999999999999999,-0.8697243076738337,-0.9068633521281516,0.5298959098132562,-1.6964028808583016,-1.226399251612566,-0.5332520710526206,-0.15188337988993225,50
1,20,d1,ecdf,0.08,-0.959546025203646,-0.9202553677007351,0.44868647528940314,-1.5770696618044167,-1.221910289671137,-0.6362539294210442,-0.2663988446437007,50
1,20,d1,ecdf,0.09,-0.9865816804573112,-0.933371166850006,0.39037388181137755,-1.4173645965497654,-1.2396895115978817,-0.7242174159898201,-0.2133917922238294,50
1,20,d1,ecdf,0.1,-1.014077675980161,-0.9316934180707298,0.3460529176253652,-1.389230473180108,-1.155615621998603,-0.6090719156305329,-0.45581345221440406,50
1,20,d1,ecdf,0.11,-0.9909351339202548,-0.9444687223719688,0.3308050010775501,-1.3910000970530665,-1.188263434303286,-0.7288997086622493,-0.3663241814660313,50
1,20,d1,ecdf,0.12,-1.0456126611811363,-0.9607996792500675,0.28965960732298335,-1.3298081486395041,-1.1429846995773922,-0.7915868127395037,-0.4862051631883221,50
1,20,d1,ecdf,0.13,-1.0014320227780233,-0.9634565666982171,0.2734260417156886,-1.3249974944146423,-1.1531472374879834,-0.8002066322939799,-0.5206246787444729,50
1,20,d1,ecdf,0.14,-1.0053080252733275,-0.9590526575180024,0.24405598116964394,-1.313416473190748,-1.094920183963015,-0.7682531256301223,-0.5353043960275922,50
1,20,d1,ecdf,0.15000000000000002,-0.9855098431896164,-0.9612271629506758,0.2504451820977727,-1.3140139101616526,-1.1336361351221098,-0.777762122638901,-0.5374851206626562,50
1,20,d1,ecdf,0.16,-0.9869182234018886,-0.960047256791475,0.2307498819587709,-1.29869784743273,-1.1019875531866756,-0.7773169589514812,-0.5691830227019096,50
1,20,d1,ecdf,0.17,-0.9702088936615358,-0.9700217994416568,0.20765095712035558,-1.289835885257638,-1.0989461476489804,-0.7966369818590294,-0.6182928533315549,50
1,20,d1,ecdf,0.18000000000000002,-0.9802625517849243,-0.9662247085212836,0.18546986574615051,-1.2728343807293072,-1.0817791439665978,-0.8229175100503089,-0.6763140358584335,50
1,20,d1,ecdf,0.19,-0.9828560128275774,-0.959342378629892,0.1826763134312034,-1.2364340845988393,-1.0976830076567035,-0.8229291717477191,-0.6555248385519776,50
1,20,d1,ecdf,0.2,-0.9561997660430832,-0.9620400232429192,0.15939860412508,-1.2190125006034904,-1.0739634386843255,-0.858841966007991,-0.7299768974015018,50
1,20,d1,ecdf,0.21,-0.9661622771854952,-0.9619594544807729,0.15157266016129817,-1.182172797327748,-1.0461881310415113,-0.8751904989797686,-0.6918711789064758,50
1,20,d1,ecdf,0.22,-0.9834194729804496,-0.9732486457247059,0.1520308685253234,-1.2096617754641525,-1.0340632057992043,-0.873720555724025,-0.690491603181657,50
1,20,d1,ecdf,0.23,-0.9939876466383156,-0.9740239735939775,0.1425171943703995,-1.1966426274379733,-1.059433437618203,-0.8885636020351455,-0.708534761116379,50
1,20,d1,ecdf,0.24,-0.9886591197477566,-0.9746874260847896,0.13450997074914994,-1.1902583350732963,-1.0695281447234324,-0.9006459559537807,-0.7435366617147716,50
1,20,d1,ecdf,0.25,-0.981027263679205,-0.9686825258334781,0.13109193887649295,-1.1779634978747433,-1.0587362480065212,-0.8773371084262861,-0.7412519291743009,50
1,20,d1,ecdf,0.26,-0.9856543160968845,-0.9686433676982418,0.11982998814792094,-1.152361371762413,-1.044372733698317,-0.9158320540052052,-0.7495798079817229,50
1,20,d1,ecdf,0.27,-0.9870195147864154,-0.9716900936232675,0.11582807003099653,-1.1434467428634294,-1.0435728513926779,-0.9155605508042703,-0.760082812975988,50
1,20,d1,ecdf,0.28,-0.9736414378483468,-0.9765974299175335,0.11206806903209432,-1.1593222147963633,-1.0648731162924794,-0.9193208819221192,-0.7864298957602006,50
1,20,d1,ecdf,0.29000000000000004,-0.9936220869311908,-0.9782460128165199,0.10918607169337878,-1.1552727213643865,-1.053155034831766,-0.896085842469777,-0.8056309005410968,50
1,20,d1,ecdf,0.3,-0.9809063680028416,-0.9789866729067138,0.10429323022627573,-1.1343480572529412,-1.0489598312478574,-0.8829013391415819,-0.8163055144502399,50
1,20,d1,ecdf,0.31,-0.99078241513153,-0.9789720596712895,0.0998601038455071,-1.1282643792756595,-1.0417488587235575,-0.903766283290615,-0.8278789441946771,50
1,20,d1,ecdf,0.32,-0.969758098075558,-0.9706299527819476,0.09752437453396741,-1.1136827690753472,-1.0437558360842836,-0.9049987780113543,-0.8169434348240996,50
1,20,d1,ecdf,0.33,-0.9816538929175498,-0.9726102606810522,0.09593294666210066,-1.1151895354900103,-1.0383191042896427,-0.9059790784797248,-0.8068881758354939,50
1,20,d1,ecdf,0.34,-0.976792144698584,-0.9672456402055483,0.09434188262760404,-1.1061712822223395,-1.0435625757371998,-0.8962889258495135,-0.8145772728122587,50
1,20,d1,ecdf,0.35000000000000003,-0.9709219581933706,-0.965755518351437,0.0928975733476605,-1.1136995772127734,-1.0418321872040657,-0.8903085761054697,-0.8238752066483832,50
1,20,d1,ecdf,0.36000000000000004,-0.969216479742496,-0.9636665392393441,0.0875929443909207,-1.1075656929967872,-1.0213158110564464,-0.9049990618460034,-0.8217968333037368,50
1,20,d1,ecdf,0.37,-0.9639787661254188,-0.9627179752370435,0.08250417455912694,-1.1104428378655347,-1.0181688067125112,-0.906678592829731,-0.8402801807761772,50
1,20,d1,ecdf,0.38,-0.9602380225380053,-0.9577124669374002,0.08027357709240909,-1.0878396126811363,-1.0022356913647827,-0.9033455524959648,-0.8299897696815058,50
1,20,d1,ecdf,0.39,-0.9491761328522206,-0.9516166759694941,0.07850096668829752,-1.081081655307491,-0.9978653492864126,-0.8945668526756682,-0.812232531188802,50
1,20,d1,ecdf,0.4,-0.9358341317449691,-0.9471234783018418,0.07936220409160646,-1.0941689364074858,-0.9888084207496596,-0.9082626408273938,-0.8107522987352496,50
1,20,d1,ecdf,0.41,-0.9325689997686204,-0.942703673359332,0.0808590480901519,-1.0900724241698205,-0.97849656155787,-0.9021034328471892,-0.811302389583664,50
1,20,d1,ecdf,0.42,-0.932398039468029,-0.940883969816071,0.0797305683811208,-1.0820194160168843,-0.973525330891892,-0.9053170808653584,-0.8103505805984839,50
1,20,d1,ecdf,0.43,-0.9367455965457704,-0.9350787026252756,0.07885549106069652,-1.0704722552512107,-0.9776418306135308,-0.8912624147738122,-0.8006696427627998,50
1,20,d1,ecdf,0.44,-0.9328563176110066,-0.9351430516928119,0.07809316619488048,-1.0763577717614354,-0.973817675242072,-0.8991901769472308,-0.8090094198903488,50
1,20,d1,ecdf,0.45,-0.9300862747084684,-0.9316310701644223,0.07369737467149252,-1.0689799069077075,-0.9686360526318891,-0.8960749822400977,-0.8073130727354746,50
1,20,d1,ecdf,0.46,-0.9331398853928704,-0.9283098384199616,0.07270018770020283,-1.0567826258404773,-0.9638138236558115,-0.8831814176187922,-0.8045756833652316,50
1,20,d1,ecdf,0.47,-0.93515690790787,-0.9264719539418862,0.07401786689695954,-1.0532796751795477,-0.9682426324936354,-0.8793457690537236,-0.7985247467755732,50
1,20,d1,ecdf,0.48,-0.924471466877595,-0.9223529681924886,0.07447182149599399,-1.0515016592554987,-0.9701473731247304,-0.8797152764892038,-0.8044920676984963,50
1,20,d1,ecdf,0.49,-0.9195465930464384,-0.9178915645577931,0.0750015511927804,-1.0387802435330429,-0.9650503794612487,-0.8711111457755527,-0.792450051521806,50
1,20,d1,ecdf,0.5,-0.9129109747847639,-0.9155466699765212,0.07103502877971817,-1.0234808050598343,-0.9576651673412564,-0.8725802561732536,-0.7944917858725384,50
1,20,d1,ecdf,0.51,-0.9181085521651873,-0.9130909965758782,0.06807555151026706,-1.0124352264132348,-0.958453226536697,-0.8822819793540578,-0.7957296653580866,50
1,20,d1,ecdf,0.52,-0.9068887669544421,-0.908542841902847,0.06523220687642708,-1.0044290689988666,-0.9548763248987227,-0.8773495410324172,-0.7943118544118932,50
1,20,d1,ecdf,0.53,-0.9082902003470674,-0.9064028078813339,0.06483607118369104,-1.0043995278974331,-0.9557224795021164,-0.8740949854430082,-0.7924428433649078,50
1,20,d1,ecdf,0.54,-0.9090451191008995,-0.903866806148628,0.06502922651698666,-0.993483261270095,-0.9559457821647307,-0.8692481452284958,-0.7813718650898808,50
1,20,d1,ecdf,0.55,-0.9068873641762082,-0.9008020441915778,0.06320231411115869,-0.9915829705889246,-0.9506321237893677,-0.8593144218916768,-0.7853747762403417,50
1,20,d1,ecdf,0.56,-0.9021060160996347,-0.8959623938795903,0.06318635845993921,-0.9866958201026945,-0.9435107627964151,-0.8600855631216098,-0.7871731762840539,50
1,20,d1,ecdf,0.5700000000000001,-0.8982141032959475,-0.8920170215056429,0.061964862694721505,-0.9792080416448207,-0.9342196271844906,-0.8546150383806853,-0.7777607577499221,50
1,20,d1,ecdf,0.5800000000000001,-0.8972917428719622,-0.889200383515821,0.06164750355388229,-0.9786373823259148,-0.9342074229836289,-0.8512214757304395,-0.7678422440647867,50
1,20,d1,ecdf,0.59,-0.8949414912817322,-0.8849825238450062,0.05917002932377654,-0.974237291994865,-0.9258067328302035,-0.8421854135592354,-0.7743764635457819,50
1,20,d1,ecdf,0.6,-0.8872963552270685,-0.8791587017583509,0.05914323222034759,-0.9682840091344673,-0.918891429758153,-0.8405860791165033,-0.7647421684145043,50
1,20,d1,ecdf,0.61,-0.8855197508506757,-0.875885983626253,0.05834548969736232,-0.9642284085614241,-0.9124177115018317,-0.8356080977037367,-0.7631326288348508,50
1,20,d1,ecdf,0.62,-0.8806044120284768,-0.8716207621127988,0.057239509532971716,-0.9600060914901648,-0.9100541541168541,-0.8300058046409771,-0.7670947882011365,50
1,20,d1,ecdf,0.63,-0.8737184503353463,-0.8664183512572023,0.05426273918860343,-0.95486772890115,-0.9020545161075252,-0.8296771950993701,-0.7675187853526135,50
1,20,d1,ecdf,0.64,-0.8713623276817205,-0.8618819275618288,0.0522919310466861,-0.9488858424558965,-0.8949768174076629,-0.8266441876549716,-0.765962017479757,50
1,20,d1,ecdf,0.65,-0.8634920914435922,-0.8571621693193677,0.050392308376484986,-0.9400149035187932,-0.8917765182055248,-0.8302938034578117,-0.7654332746716679,50
1,20,d1,ecdf,0.66,-0.8591285919639459,-0.8518013688622847,0.049861719979417206,-0.9327352401953324,-0.888411505578882,-0.8191472876455196,-0.757196581946822,50
1,20,d1,ecdf,0.67,-0.8555035202572547,-0.8485399868834455,0.048177542956183914,-0.9241730535345537,-0.8820364594190436,-0.8182651636592035,-0.7574932038444497,50
1,20,d1,ecdf,0.68,-0.8459965325116745,-0.843129471749039,0.04786846444043121,-0.9150047974922134,-0.8784682790666032,-0.8166937531154161,-0.7534804341039577,50
1,20,d1,ecdf,0.6900000000000001,-0.8414686730563893,-0.839967090686346,0.047727718260930384,-0.912798111043861,-0.8696953214188854,-0.8082597549310443,-0.7546621706707342,50
1,20,d1,ecdf,0.7000000000000001,-0.8384498381308162,-0.8363363207338246,0.04680790905429672,-0.9106663093658265,-0.8709856281822137,-0.8056248593614321,-0.7570315487162929,50
1,20,d1,ecdf,0.7100000000000001,-0.829905719522811,-0.8335750244476205,0.0456269200602191,-0.9029226748579552,-0.8641168805092883,-0.8091978755984983,-0.7591684234460907,50
1,20,d1,ecdf,0.72,-0.8358007270088097,-0.8298038563257711,0.04330378169480795,-0.8976665776316326,-0.859120632036966,-0.8034478187448515,-0.764316754078719,50
1,20,d1,ecdf,0.73,-0.8250094607104053,-0.8245081584434731,0.042458312100765346,-0.8874941159751861,-0.8569652072572167,-0.7965638375331757,-0.7599052574708405,50
1,20,d1,ecdf,0.74,-0.8223679047180665,-0.8196817143783596,0.04202872442162023,-0.8829773895764476,-0.8487125815959853,-0.7904793433877121,-0.7573071275157706,50
1,20,d1,ecdf,0.75,-0.8182019907784833,-0.8149593711225958,0.041992528106099006,-0.8835830482814808,-0.8433192534547138,-0.7869759491633419,-0.7559463762475921,50
1,20,d1,ecdf,0.76,-0.8153759101259966,-0.8101093315295776,0.042587949090176644,-0.878155967162533,-0.8376051267521805,-0.7794722576850301,-0.7494929854529929,50
1,20,d1,ecdf,0.77,-0.8124670834430552,-0.8074066843252667,0.04107925920621935,-0.8732063805436798,-0.8368789947916879,-0.7762749993312739,-0.7406874778741014,50
1,20,d1,ecdf,0.78,-0.8028216392038668,-0.8021985689573771,0.039992077024030626,-0.8654266263099265,-0.8298229751093624,-0.7747268748363264,-0.7358053891260855,50
1,20,d1,ecdf,0.79,-0.7972717181095584,-0.7980014761880728,0.03950100099233597,-0.8563929259772861,-0.8231644540484793,-0.7703570881504305,-0.7368582818283559,50
1,20,d1,ecdf,0.8,-0.7930436466977336,-0.7933091895658448,0.03877974346086125,-0.8505981239289804,-0.8197095343183751,-0.7672965828187657,-0.7296140902561121,50
1,20,d1,ecdf,0.81,-0.7862706703257274,-0.7873972303092789,0.03835504748897967,-0.8415725577931921,-0.8159026367331778,-0.7593109657449434,-0.7242694740122846,50
1,20,d1,ecdf,0.8200000000000001,-0.7833057767451446,-0.7834855177555431,0.038943751077286023,-0.8372895424585014,-0.8120828757441834,-0.7540002031041556,-0.723057966051665,50
1,20,d1,ecdf,0.8300000000000001,-0.7778556485029273,-0.7778320628749015,0.03930331683806049,-0.8310261940800314,-0.8091266482933634,-0.7474658995221548,-0.7232933075924872,50
1,20,d1,ecdf,0.8400000000000001,-0.7724437971505996,-0.7745941338111133,0.037977153589953266,-0.8289774817014712,-0.8017573893131613,-0.746569819466207,-0.719991352704165,50
1,20,d1,ecdf,0.85,-0.772970592207648,-0.7701762560939982,0.03714671249609785,-0.8224591578909544,-0.7967883300312826,-0.7428325863100351,-0.7173482148460579,50
1,20,d1,ecdf,0.86,-0.7704426251905403,-0.7661135654715839,0.03714991197087014,-0.8168381720360058,-0.7915683275269813,-0.7340104937795624,-0.7104412688615673,50
1,20,d1,ecdf,0.87,-0.7621833215386469,-0.7621226662626046,0.036558677912281214,-0.8089921008116192,-0.7891674081059081,-0.7329876092227692,-0.7112206066025112,50
1,20,d1,ecdf,0.88,-0.7568652865198544,-0.7574943840364218,0.03516402752775909,-0.8051743981324117,-0.7886206072267695,-0.7286949144837187,-0.705452920019559,50
1,20,d1,ecdf,0.89,-0.7504915346819483,-0.7528747358973662,0.03502841484544497,-0.8052897487289047,-0.7804679127909816,-0.725840097380492,-0.6970113480243265,50
1,20,d1,ecdf,0.9,-0.7452910813791871,-0.7485605121768214,0.034530151243889966,-0.8015828366429503,-0.7745700003228511,-0.7240747911070513,-0.6941090916728332,50
1,20,d1,ecdf,0.91,-0.7406809443780541,-0.7447225949906433,0.03464588421014743,-0.795131999239236,-0.7726552738211263,-0.7211575476959555,-0.6925445300821318,50
1,20,d1,ecdf,0.92,-0.7350486166509638,-0.7397074415603795,0.033836442934556385,-0.7872126989381474,-0.7688968072870119,-0.7182234347985732,-0.6866283145702365,50
1,20,d1,ecdf,0.93,-0.7320868733446322,-0.735529186446246,0.033772595483434996,-0.7836794399799977,-0.7621226340738697,-0.7150124644313371,-0.6785612593288128,50
1,20,d1,ecdf,0.94,-0.7316898866712835,-0.7315387328319417,0.03324252816385888,-0.781564989365954,-0.756196428261895,-0.7102339757088927,-0.6751860507463894,50
1,20,d1,ecdf,0.95,-0.7261608374573012,-0.7273902825696246,0.03280507256492594,-0.7788622131732577,-0.7515807461419359,-0.7029210142093985,-0.6732465754368757,50
1,20,d1,ecdf,0.96,-0.7231912416955601,-0.722839575609099,0.03295347564674423,-0.7704176208963935,-0.7487083311311988,-0.6995543406186036,-0.6674413851457699,50
1,20,d1,ecdf,0.97,-0.7182623267077416,-0.7182285746255446,0.03213078096210495,-0.7638011082589742,-0.743923501582089,-0.6974486339363528,-0.6633229582962066,50
1,20,d1,ecdf,0.98,-0.7143571422469737,-0.7136538925917021,0.03174815169863528,-0.7602435003999425,-0.7380131201221216,-0.6940871320408003,-0.6601600184573642,50
1,20,d1,ecdf,0.99,-0.7119158759552057,-0.7099732069476494,0.03185441180655922,-0.7582963178338931,-0.733352889246595,-0.6924427852517986,-0.656102910911057,50
1,20,d1,ecdf,1,-0.7066507911987152,-0.7058568182016169,0.031120689507243882,-0.7522993494625768,-0.7271356788313273,-0.6902892523761976,-0.6579287071847506,50
1,20,d1,logspline,0.01,-2.9559964326597923,-2.897262393850023,0.8578651630756341,-3.788378249052175,-3.473663717943657,-2.6004080576752084,-1.795619231322187,50
1,20,d1,logspline,0.02,-2.303777097252407,-2.263454339587392,0.8019022801549877,-3.113707025591707,-2.8107895334263504,-1.988482125615144,-1.2441010673560369,50
1,20,d1,logspline,0.03,-1.943752326537834,-1.9192318935901032,0.7425236114441439,-2.726857354164138,-2.435914542987722,-1.6663001556732884,-0.9794966523220847,50
1,20,d1,logspline,0.04,-1.7021759810044301,-1.6945334622988824,0.6805658879646943,-2.457929383770951,-2.1800960537272913,-1.4586985073215646,-0.798767877403956,50
1,20,d1,logspline,0.05,-1.5257948392825336,-1.535812136566672,0.6173062621223115,-2.2536760395811273,-1.989151624635476,-1.3012951578919152,-0.6703239827405447,50
1,20,d1,logspline,0.06,-1.390855806827311,-1.4188454651525158,0.5547690255382216,-2.0903770000255766,-1.8392364070878402,-1.1804735846359475,-0.584507515252058,50
1,20,d1,logspline,0.06999999999999999,-1.2846379251941396,-1.3303145128647225,0.49546086420863256,-1.9553767883312712,-1.7176442580409212,-1.083791537614295,-0.5283265330712215,50
1,20,d1,logspline,0.08,-1.2029948482184745,-1.2619293043203295,0.44181263357824246,-1.8411191203790018,-1.6167651601750497,-1.0088124586983402,-0.5712627562559598,50
1,20,d1,logspline,0.09,-1.1374887854876912,-1.2080745843757081,0.3956514526030002,-1.7452164562547159,-1.5316666095351217,-0.9560730375044585,-0.5632490023855445,50
1,20,d1,logspline,0.1,-1.122737886742585,-1.1647373179666607,0.3577291987840513,-1.6645480363899758,-1.458960963554255,-0.9374293377639096,-0.552967219001697,50
1,20,d1,logspline,0.11,-1.1200365114889277,-1.1290280318320018,0.32748819916480953,-1.5940682346805786,-1.3962231461360783,-0.9091445434911556,-0.5942225020294525,50
1,20,d1,logspline,0.12,-1.0958292656313842,-1.0989574434944605,0.30328015229184707,-1.5320116071932866,-1.341874273381346,-0.8793413344223284,-0.5930202231830362,50
1,20,d1,logspline,0.13,-1.0853875486214286,-1.073369811436852,0.28307384371071986,-1.4771013444729557,-1.294551995127783,-0.869484977229334,-0.5992867614661124,50
1,20,d1,logspline,0.14,-1.074480680715769,-1.0516191102413042,0.26536481548819324,-1.429087103514565,-1.2529914940568065,-0.8466893228594554,-0.6100585444477731,50
1,20,d1,logspline,0.15000000000000002,-1.054103865765634,-1.0331972273634689,0.24931933373642418,-1.3862650700764068,-1.2166983001289684,-0.8371495930447268,-0.6226536783447916,50
1,20,d1,logspline,0.16,-1.0334861362454433,-1.017636756340297,0.23449700501888468,-1.347956224301834,-1.187378173189585,-0.8444318541304408,-0.63695419646288,50
1,20,d1,logspline,0.17,-1.012473376629765,-1.004529701252689,0.2206573304976631,-1.313601256665999,-1.179002828146572,-0.8538674398357619,-0.6443667927896268,50
1,20,d1,logspline,0.18000000000000002,-1.0000215097969052,-0.9935298968467785,0.20767092397193934,-1.2827330607218144,-1.1637607844844915,-0.8525595843610275,-0.6539796805003897,50
1,20,d1,logspline,0.19,-0.9922916185125452,-0.9843441800114555,0.19547450033174676,-1.254956684090526,-1.149586481547988,-0.8448370167600526,-0.6661267039935231,50
1,20,d1,logspline,0.2,-0.9843836901663111,-0.9767182824483059,0.18403668173679058,-1.24032057507817,-1.1212934393630625,-0.8539733455916028,-0.6761640704730251,50
1,20,d1,logspline,0.21,-0.9727741224657875,-0.9704298861806536,0.17333957036117378,-1.228314160942448,-1.1049863464635652,-0.8567553106498523,-0.6853157910806118,50
1,20,d1,logspline,0.22,-0.9629188360355996,-0.9652842232174266,0.16336966579423556,-1.2125061311355472,-1.1001272591486475,-0.8576921608681165,-0.6953547526016843,50
1,20,d1,logspline,0.23,-0.9652441059530183,-0.9611088165408689,0.15411074106707473,-1.197974974982051,-1.0883681852242468,-0.8594746569338697,-0.7097023308145236,50
1,20,d1,logspline,0.24,-0.9725743281181478,-0.9577507119848038,0.145541425132772,-1.1842553045023783,-1.075768082039282,-0.8671553274631685,-0.7246957689349485,50
1,20,d1,logspline,0.25,-0.9671649607060364,-0.9550743965161511,0.13763492637239608,-1.1759751627897708,-1.0649469313291529,-0.8729242233663793,-0.7330126367622297,50
1,20,d1,logspline,0.26,-0.9590345499739161,-0.9529597242885718,0.13035976135612537,-1.1626486179462878,-1.0543009178669926,-0.8762750344659878,-0.7381639613049763,50
1,20,d1,logspline,0.27,-0.9532665784797516,-0.9512994812595178,0.12368189635973803,-1.1489972262579145,-1.0436822010329108,-0.8719417780215806,-0.7446902059860409,50
1,20,d1,logspline,0.28,-0.9511434958808642,-0.9499975339801942,0.11756651524000782,-1.1366896050499902,-1.0312126645583157,-0.8684618676075707,-0.7526612064113627,50
1,20,d1,logspline,0.29000000000000004,-0.9563171287607768,-0.9489675766264163,0.1119789503054407,-1.1247994828108436,-1.0262299946075557,-0.8685421052615541,-0.7591944633959611,50
1,20,d1,logspline,0.3,-0.9530759113147356,-0.9481319975555869,0.10688517092669131,-1.1143306914570343,-1.0227776585997301,-0.8696437497082614,-0.7654503792897491,50
1,20,d1,logspline,0.31,-0.9505604996674805,-0.9474212848061425,0.10225247306702645,-1.1078079602282505,-1.0206471180648438,-0.8706803023264353,-0.7713823702995037,50
1,20,d1,logspline,0.32,-0.9481110873701389,-0.9467745197007577,0.09805127422189862,-1.1013744812439565,-1.017267454297181,-0.8690917429069795,-0.7769544402660351,50
1,20,d1,logspline,0.33,-0.9452321335838384,-0.9461394567671109,0.09425635488880708,-1.0950408039368136,-1.0198289757617067,-0.8703865390426724,-0.7826632257644875,50
1,20,d1,logspline,0.34,-0.9425351174412766,-0.9454712769167886,0.09084589565014758,-1.0883777478969554,-1.0218078230065313,-0.8679350251699677,-0.790303435697957,50
1,20,d1,logspline,0.35000000000000003,-0.9415753248809713,-0.9447314562004653,0.08779958199567925,-1.0818823432551117,-1.018081971091556,-0.8769877448084787,-0.797736597995023,50
1,20,d1,logspline,0.36000000000000004,-0.9429237090443927,-0.9438869316510637,0.08509648055975517,-1.0769495928354043,-1.0162595623609034,-0.8825911335735435,-0.8053752262717666,50
1,20,d1,logspline,0.37,-0.9419208367243779,-0.9429099648329471,0.08271361126619603,-1.0714844416863376,-1.0087162648093868,-0.8861602629339371,-0.8087440861835963,50
1,20,d1,logspline,0.38,-0.9392371694641708,-0.941778062994676,0.08062508974720266,-1.0661178577990427,-1.0002489550001725,-0.886362760456749,-0.8069342770372537,50
1,20,d1,logspline,0.39,-0.9352495145514577,-0.9404746237583379,0.07880146770966485,-1.062802294754062,-0.9923697286582195,-0.8863089195435558,-0.8050086145074727,50
1,20,d1,logspline,0.4,-0.9366092973330281,-0.9389914835482114,0.07721058757055287,-1.061662197852947,-0.9859639310278637,-0.8859968480159964,-0.8066709591101165,50
1,20,d1,logspline,0.41,-0.9378339105931925,-0.9373278080309864,0.07581973810126053,-1.0600664915559639,-0.9798243729246935,-0.8882180199608043,-0.8078370548467988,50
1,20,d1,logspline,0.42,-0.9313173759407881,-0.9354862201122469,0.07459628831628792,-1.0580764014331632,-0.9772755261840552,-0.8904759313446073,-0.8099114790875044,50
1,20,d1,logspline,0.43,-0.9262939575672589,-0.9334700416826768,0.07350751923385206,-1.055825490551826,-0.9737110336306674,-0.8909881556770245,-0.8113069939193576,50
1,20,d1,logspline,0.44,-0.9205844592364159,-0.9312824778161168,0.0725217944274787,-1.0531014179634792,-0.9698646681937313,-0.8922690376170964,-0.8121199263858586,50
1,20,d1,logspline,0.45,-0.9147496505426539,-0.9289270441143341,0.07160956303028451,-1.0499347678284734,-0.9685586832044161,-0.8937733943703694,-0.812617489967343,50
1,20,d1,logspline,0.46,-0.9111774601020892,-0.9264087782191689,0.07074378148678889,-1.046356165205134,-0.9674327910422714,-0.8883335364139259,-0.8128207171455109,50
1,20,d1,logspline,0.47,-0.9103345886494132,-0.9237336870267291,0.06990284481305302,-1.0423961502971602,-0.9659295655051506,-0.8817345802569668,-0.8127485982737155,50
1,20,d1,logspline,0.48,-0.910712004640576,-0.9209078948515248,0.06907184147256146,-1.0384125257450856,-0.9635824861127534,-0.8784925374003185,-0.8124182566012357,50
1,20,d1,logspline,0.49,-0.9102805806880105,-0.9179374713756645,0.06824192720267211,-1.0351008940563091,-0.9616681733533253,-0.8780725613208749,-0.8118452535322223,50
1,20,d1,logspline,0.5,-0.9095743075812259,-0.9148289509286777,0.06740850165399062,-1.0318154247345226,-0.9599199265379468,-0.8771353119425584,-0.8108679805772999,50
1,20,d1,logspline,0.51,-0.9070444396016507,-0.9115896022793235,0.06656960465385933,-1.028378893877809,-0.9571908291215075,-0.8757943297502024,-0.8095293223828667,50
1,20,d1,logspline,0.52,-0.9044231116588379,-0.9082273793899732,0.06572477760074376,-1.0247912129320675,-0.9541230411558331,-0.8720720339545553,-0.8079815227048375,50
1,20,d1,logspline,0.53,-0.9017621190785249,-0.9047509461897024,0.06487410594577368,-1.0198601125555196,-0.9507432447798203,-0.8679108645273483,-0.8062483669336538,50
1,20,d1,logspline,0.54,-0.8984019218486987,-0.9011696534134147,0.06401746813769309,-1.01464788107952,-0.9470785586017927,-0.8635951617657232,-0.8043507801699232,50
1,20,d1,logspline,0.55,-0.8948369557296324,-0.8974935075528329,0.06315398107818868,-1.009267052279244,-0.9422155866161503,-0.8609015859780824,-0.8023072066239647,50
1,20,d1,logspline,0.56,-0.8920827199811905,-0.8937325398460152,0.062281975483799434,-1.0037277048416806,-0.9375555001320428,-0.8580560806841476,-0.8001339323910741,50
1,20,d1,logspline,0.5700000000000001,-0.8894797994997503,-0.8898959548451232,0.06139957549555869,-0.9978068115679146,-0.9329061023031975,-0.8549114055818696,-0.7978453611110117,50
1,20,d1,logspline,0.5800000000000001,-0.885370436613468,-0.8859921007637189,0.06050523009163279,-0.9915201410050771,-0.9281297729640667,-0.8503516650227277,-0.7954542502414668,50
1,20,d1,logspline,0.59,-0.8804956377148354,-0.8820285445023432,0.05959807280237537,-0.9850463876370361,-0.9232419125042963,-0.8482227326516213,-0.7929719142630555,50
1,20,d1,logspline,0.6,-0.8777565135013379,-0.8780122631484606,0.05867815263412802,-0.9784022187291604,-0.9182575093404775,-0.8460276563959791,-0.790408400005379,50
1,20,d1,logspline,0.61,-0.8750359079529523,-0.8739495696989147,0.05774667653100677,-0.9716045446415189,-0.9131902917530875,-0.8433696181355154,-0.787772638377509,50
1,20,d1,logspline,0.62,-0.8723275849086319,-0.8698458429535811,0.05680614154466727,-0.9646704586824625,-0.9081302841133947,-0.8398351800475783,-0.7850725760543003,50
1,20,d1,logspline,0.63,-0.86962581546318,-0.865705291798406,0.05586022275701919,-0.9576171900326622,-0.9036480638112236,-0.8360439855969706,-0.7823152900757435,50
1,20,d1,logspline,0.64,-0.8667711989220218,-0.8615315677037808,0.054913037576952636,-0.9504620687904597,-0.8989628680751177,-0.831858130119129,-0.7794060176052922,50
1,20,d1,logspline,0.65,-0.8628599243036472,-0.8573282582864762,0.053968548404446454,-0.9437997601053807,-0.8941476503923764,-0.8275899256189678,-0.7764420395849767,50
1,20,d1,logspline,0.66,-0.8589009824201761,-0.8530989701451194,0.05303036551086726,-0.9378908905164798,-0.8892678575043772,-0.8251842976764332,-0.7734360196824444,50
1,20,d1,logspline,0.67,-0.8548970064121959,-0.8488473782043598,0.05210166722375223,-0.9319152696021535,-0.8843105860619088,-0.823053715302746,-0.7702920983215362,50
1,20,d1,logspline,0.68,-0.8509543571469982,-0.8445772630463478,0.05118520807843087,-0.9258803753670541,-0.8787468517207331,-0.8184679537258289,-0.7664317511303679,50
1,20,d1,logspline,0.6900000000000001,-0.8472386337619098,-0.8402925360015311,0.05028339964014768,-0.9197934724006638,-0.8731930916296828,-0.8141127940928667,-0.7625049619691414,50
1,20,d1,logspline,0.7000000000000001,-0.8433051395866905,-0.8359972468577466,0.04939844474656215,-0.9136616257683218,-0.8676697388194723,-0.8099311721032518,-0.7585198156867794,50
1,20,d1,logspline,0.7100000000000001,-0.8390716102324617,-0.831695596063558,0.048532538330942246,-0.9074917135699384,-0.8623362174043719,-0.8059053587070873,-0.7544841232986249,50
1,20,d1,logspline,0.72,-0.834697825325488,-0.8273919651247562,0.04768814101983718,-0.9016783405198426,-0.8579694741378668,-0.8016425162489051,-0.7504054450685518,50
1,20,d1,logspline,0.73,-0.8302170943038383,-0.8230909273384288,0.04686829824290605,-0.895941692901532,-0.8526123502089177,-0.796945175345875,-0.7462448341105978,50
1,20,d1,logspline,0.74,-0.8248356958825624,-0.8187969588554158,0.046077088097091844,-0.890173675996401,-0.8468442257951954,-0.7923382789826379,-0.7420065905764055,50
1,20,d1,logspline,0.75,-0.8193277063634946,-0.8145120382728644,0.045320374875633146,-0.8843793632797454,-0.8419182591107738,-0.7876985727790916,-0.7377436958964094,50
1,20,d1,logspline,0.76,-0.8138302565198594,-0.8102333763583737,0.04460485184296487,-0.8785638433270468,-0.836587021747931,-0.7830290519887322,-0.7334638145456847,50
1,20,d1,logspline,0.77,-0.8118309169247158,-0.8059533890483259,0.043934939543328624,-0.8727322163183455,-0.8307608136241456,-0.7781197186889662,-0.7298571641301922,50
1,20,d1,logspline,0.78,-0.8085280262216727,-0.8016603453656653,0.04330945378201787,-0.8668895915712669,-0.8249896299230375,-0.7735057152512762,-0.7275455790981119,50
1,20,d1,logspline,0.79,-0.8042804185622121,-0.7973435549144231,0.04272041314107986,-0.8610410860745568,-0.8194153996107363,-0.7692586492135572,-0.7250259390016058,50
1,20,d1,logspline,0.8,-0.800841544225086,-0.7930030967052177,0.04215803179799882,-0.8551918239977883,-0.8149947658939423,-0.7649303414095558,-0.7224352999409152,50
1,20,d1,logspline,0.81,-0.795890602097487,-0.7886442409728553,0.04161561601631119,-0.8493469371568776,-0.8102455137604013,-0.7600469228490906,-0.7198337664920864,50
1,20,d1,logspline,0.8200000000000001,-0.790817923977507,-0.7842720026310019,0.0410887592860876,-0.8435115664192033,-0.8060027006945516,-0.7560645695119305,-0.7172211170489567,50
1,20,d1,logspline,0.8300000000000001,-0.7852818913867494,-0.7798906206736684,0.04057456200998467,-0.8377115110520827,-0.8023607085060531,-0.7520912693426096,-0.7140902159597331,50
1,20,d1,logspline,0.8400000000000001,-0.7805083019807725,-0.775503638666777,0.04007117793264633,-0.8323867465112496,-0.7987187077910426,-0.7481277907727064,-0.7102087249239839,50
1,20,d1,logspline,0.85,-0.775356716115522,-0.7711139736289357,0.039577451159909696,-0.8270502195929836,-0.7950758646255743,-0.744174806794375,-0.7063438939624276,50
1,20,d1,logspline,0.86,-0.7702326324732282,-0.7667239772392659,0.039092616418634984,-0.8217090214854745,-0.7915514099810592,-0.7402329046115796,-0.7024962504350865,50
1,20,d1,logspline,0.87,-0.7651403844798286,-0.7623355531623051,0.03861607200191952,-0.8165181308295224,-0.7884733088947967,-0.7363025943356385,-0.6986662428277237,50
1,20,d1,logspline,0.88,-0.7600842799032661,-0.7579504704574112,0.03814728228378026,-0.8114264591801448,-0.7853734982722792,-0.7323843168262067,-0.6948542484127307,50
1,20,d1,logspline,0.89,-0.7550686077314255,-0.7535705248005613,0.037685719984376934,-0.8066975896756743,-0.7807935899089392,-0.7283819259550401,-0.6910605801917405,50
1,20,d1,logspline,0.9,-0.7500976455082875,-0.7491975631267629,0.0372308260231202,-0.8016977150947865,-0.7759614759086422,-0.7243204264186998,-0.687285493191796,50
1,20,d1,logspline,0.91,-0.7451756671567205,-0.7448334960361571,0.03678200236295782,-0.7961713056520461,-0.7709999755359502,-0.7205992447064271,-0.6835291901790732,50
1,20,d1,logspline,0.92,-0.7405051061484516,-0.7404803034406945,0.03633862430427475,-0.7906665179972958,-0.7667854192535434,-0.7168948052265379,-0.6797918268472389,50
1,20,d1,logspline,0.93,-0.7360691984037833,-0.736140033989739,0.035900059735198435,-0.7851838154563402,-0.7629820392170534,-0.7131825190201077,-0.6760735165314287,50
1,20,d1,logspline,0.94,-0.7316803848317446,-0.7318147925197309,0.03546568954752515,-0.779725944791313,-0.7593204471080078,-0.7094629493170628,-0.6723743344934545,50
1,20,d1,logspline,0.95,-0.7272088637346688,-0.7275066260484994,0.03503485587615504,-0.775032577904935,-0.7556808507793215,-0.7057366485842422,-0.6686943218190747,50
1,20,d1,logspline,0.96,-0.7229173555084109,-0.723217402791492,0.03460679633663042,-0.7706125291951872,-0.7508910212683008,-0.7014261950843632,-0.6650334889639442,50
1,20,d1,logspline,0.97,-0.718637796777573,-0.7189487698730047,0.034180727326010366,-0.7661671535093924,-0.7461045017769833,-0.6982660190191756,-0.6613918189811201,50
1,20,d1,logspline,0.98,-0.7139064119468497,-0.7147019972122463,0.033756173720904364,-0.7616981358122872,-0.741323229126964,-0.6943913240437579,-0.6577692704596563,50
1,20,d1,logspline,0.99,-0.709011320033927,-0.7104779099599349,0.0333331526417306,-0.7572525595616846,-0.7369780731390283,-0.6894529314254407,-0.6541657802008725,50
1,20,d1,logspline,1,-0.7043188600933802,-0.706276947757731,0.03291220346289653,-0.7531515836204357,-0.7329616023263312,-0.6844831364680005,-0.6505812656562393,50
1,20,d2,ecdf,0.01,Inf,Inf,NA,Inf,Inf,Inf,Inf,0
1,20,d2,ecdf,0.02,Inf,Inf,NA,Inf,Inf,Inf,Inf,2
1,20,d2,ecdf,0.03,Inf,Inf,NA,Inf,Inf,Inf,Inf,3
1,20,d2,ecdf,0.04,Inf,Inf,NA,-3.337487366845896,Inf,Inf,Inf,4
1,20,d2,ecdf,0.05,Inf,Inf,NA,-2.6683898804525854,Inf,Inf,Inf,8
1,20,d2,ecdf,0.06,Inf,Inf,NA,-2.5030632841867955,Inf,Inf,Inf,13
1,20,d2,ecdf,0.06999999999999999,Inf,Inf,NA,-2.5760143195445115,-1.659861329525076,Inf,Inf,14
1,20,d2,ecdf,0.08,Inf,Inf,NA,-2.3584343271541077,-1.259822038485998,Inf,Inf,22
1,20,d2,ecdf,0.09,-0.9071016057904844,Inf,NA,-2.1639390343070732,-1.6002487863504296,Inf,Inf,28
1,20,d2,ecdf,0.1,-0.5917224466324811,Inf,NA,-1.9780168077523717,-1.2848696271924265,Inf,Inf,32
1,20,d2,ecdf,0.11,-0.9997151066364744,Inf,NA,-2.183110269209576,-1.4051802147446388,-0.306567926076529,Inf,38
1,20,d2,ecdf,0.12,-0.7395305344929946,Inf,NA,-1.9229256970660962,-1.43267771505294,-0.04638335393304922,Inf,42
1,20,d2,ecdf,0.13,-0.9057905187615126,Inf,NA,-1.7530883791487162,-1.1934725912132935,-0.5003254106533481,Inf,47
1,20,d2,ecdf,0.14,-0.828303969946512,Inf,NA,-1.788021139955163,-1.3776101142805668,-0.27899782561245723,Inf,47
1,20,d2,ecdf,0.15000000000000002,-0.9893794901049896,Inf,NA,-1.7349472695573138,-1.3258517267262029,-0.478553866338999,0.30814219107713336,49
1,20,d2,ecdf,0.16,-0.979228121222254,Inf,NA,-1.5853639247925695,-1.2669101936740348,-0.5737630131140896,0.11938416744585573,49
1,20,d2,ecdf,0.17,-0.9527205306143204,-0.8737456510473836,0.5570109802197478,-1.5717597390205436,-1.2040349588952262,-0.6162482939931073,0.11758313923237268,50
1,20,d2,ecdf,0.18000000000000002,-1.033848127960564,-0.9121371049166849,0.48392571200786955,-1.613513480351258,-1.2345188234227151,-0.6283830198523996,-0.0646927718957565,50
1,20,d2,ecdf,0.19,-0.9783680559796044,-0.960710630223409,0.4019275010254774,-1.620221942151999,-1.2407323204470952,-0.621693112040872,-0.285220875419659,50
1,20,d2,ecdf,0.2,-1.0082433131623862,-0.9840930553461508,0.34908855888652557,-1.614379116732702,-1.2141386466048583,-0.7205612407106055,-0.46924681242969946,50
1,20,d2,ecdf,0.21,-0.9434214528847392,-0.9977082853907261,0.33212305609796616,-1.6396764929162737,-1.1510608176629835,-0.776367368221573,-0.5109160031484115,50
1,20,d2,ecdf,0.22,-0.9485403407028944,-0.9871950769032757,0.33024598017739604,-1.5942752892168177,-1.1714123134495558,-0.805439497062221,-0.5430752325947301,50
1,20,d2,ecdf,0.23,-0.9991566848665367,-0.9884342120283032,0.30950352257797553,-1.5602339155285376,-1.1533073646937952,-0.7650904744573687,-0.4542596008763643,50
1,20,d2,ecdf,0.24,-1.027350390015225,-0.9672980788672498,0.3188563262721135,-1.5536699961128986,-1.1914982785299386,-0.7554166745315831,-0.41987834473550617,50
1,20,d2,ecdf,0.25,-0.9531978857467102,-0.9729832448293537,0.3012045168431259,-1.4730733450326188,-1.1485572163970115,-0.766043995602128,-0.4604533773191062,50
1,20,d2,ecdf,0.26,-0.9848443268528169,-0.9773860941953625,0.2928811710958543,-1.4620721898150992,-1.1475555270701308,-0.7542879600043244,-0.5189468676477568,50
1,20,d2,ecdf,0.27,-0.9672776989101276,-0.9918609603124887,0.2736652851222383,-1.4755429980955483,-1.1831743660060243,-0.823332517712933,-0.6025941503757619,50
1,20,d2,ecdf,0.28,-0.993713139374399,-0.9914200335834532,0.26572244216094815,-1.4400002420028184,-1.1655633963010583,-0.7955088565918662,-0.6390229830898637,50
1,20,d2,ecdf,0.29000000000000004,-0.9656352742883503,-0.990595550367496,0.2603787298187128,-1.451759111899177,-1.1564262116241661,-0.8259783628977182,-0.6436568061037634,50
1,20,d2,ecdf,0.3,-0.9628106769021928,-0.9966992082529671,0.24307079062464543,-1.4388404664487235,-1.153865913664902,-0.8291953194297075,-0.6374268230570299,50
1,20,d2,ecdf,0.31,-0.9902735979178764,-0.9966795328393443,0.23240798198031695,-1.3879565655839858,-1.155948458124595,-0.8731535135515149,-0.6450262841568155,50
1,20,d2,ecdf,0.32,-1.0073168225658904,-1.002083331447362,0.2145192372419361,-1.3859376710994895,-1.1250998582222738,-0.8737854299413678,-0.6755207278671246,50
1,20,d2,ecdf,0.33,-0.9779846246483672,-0.9951046411071562,0.2082981386861987,-1.3576067463108883,-1.1486987510304545,-0.8636927596792957,-0.6690776157552383,50
1,20,d2,ecdf,0.34,-0.9843794152026148,-0.9896124175294411,0.19957078983344761,-1.3227430153346436,-1.1021624508589984,-0.8760013867196565,-0.6834436893823507,50
1,20,d2,ecdf,0.35000000000000003,-0.9689064905253691,-0.9869770962474936,0.19611790444262128,-1.2899321049761892,-1.0940696334793754,-0.886399739911409,-0.6812244180735881,50
1,20,d2,ecdf,0.36000000000000004,-0.9746360300127437,-0.9803358815220927,0.19938712454913965,-1.289257394823247,-1.1493238507413042,-0.861533422517052,-0.6730947142008343,50
1,20,d2,ecdf,0.37,-0.9897185721630511,-0.9824805182404639,0.18686342666977473,-1.2417513613280802,-1.1167041772632953,-0.8912565910753301,-0.6621879122438299,50
1,20,d2,ecdf,0.38,-0.9795558164284706,-0.9777282251262241,0.18450736672455376,-1.2518120255757768,-1.1073398294968184,-0.8877917953721348,-0.6690668950046664,50
1,20,d2,ecdf,0.39,-0.9914114471852636,-0.9746123566867156,0.17941857469684103,-1.2436089590758368,-1.1037171936715682,-0.8913279886282811,-0.6787857469075624,50
1,20,d2,ecdf,0.4,-0.9870423561056215,-0.9752278135723718,0.16600700136600627,-1.210867452716578,-1.1099893995155163,-0.8849963381623905,-0.6905682357857803,50
1,20,d2,ecdf,0.41,-0.9910186461642566,-0.9730156804463646,0.1620703344731783,-1.2180681006438323,-1.0913961755434194,-0.8735451695146506,-0.7128896522343653,50
1,20,d2,ecdf,0.42,-0.9913788460451868,-0.9768568346789669,0.15197094485715318,-1.201087656450483,-1.080983737877771,-0.8795874400570702,-0.7220962513639229,50
1,20,d2,ecdf,0.43,-0.9707419474525574,-0.9714852827252809,0.14491319940631095,-1.1967993281279954,-1.0895796787068668,-0.877068585092205,-0.7208416736721406,50
1,20,d2,ecdf,0.44,-0.9799305643466709,-0.973887955048304,0.14257502441125466,-1.174516370743227,-1.0811081726933065,-0.8793602514372507,-0.7232739005914377,50
1,20,d2,ecdf,0.45,-0.981625193491888,-0.9697666860759304,0.1352299659755761,-1.1662783594415023,-1.0747628666899334,-0.8700484795144046,-0.7433860683284541,50
1,20,d2,ecdf,0.46,-0.9769777420726976,-0.9675844173690042,0.1347516835991616,-1.1691981152937672,-1.0564419134269445,-0.8761950573366635,-0.7310195129923163,50
1,20,d2,ecdf,0.47,-0.9706145126108234,-0.9651440244816071,0.12558869471432832,-1.153199712082271,-1.0558512775095226,-0.8852257604787591,-0.7299661478934664,50
1,20,d2,ecdf,0.48,-0.9560541120936286,-0.9561932797330986,0.121823259879057,-1.1366575664960796,-1.0562852671660798,-0.8856024511430173,-0.7344674146753136,50
1,20,d2,ecdf,0.49,-0.9376346586894826,-0.9534187263261906,0.1175750206861263,-1.130517529124554,-1.0517672041697026,-0.8856486995395622,-0.7505654048841879,50
1,20,d2,ecdf,0.5,-0.9345863482552266,-0.9471274215885733,0.11397048833866188,-1.113280903044135,-1.0304610940093242,-0.8756058691296194,-0.773339665673014,50
1,20,d2,ecdf,0.51,-0.9359029917800156,-0.9414007600991264,0.11112431230418575,-1.1101481224604788,-1.017283379964503,-0.8709708879488416,-0.7563603017672493,50
1,20,d2,ecdf,0.52,-0.9353063011142311,-0.9386071057671871,0.10882425990052444,-1.1085946534509876,-1.0189773909747792,-0.8754084917057176,-0.7488230396065435,50
1,20,d2,ecdf,0.53,-0.9357747147067099,-0.9321352715630509,0.1047795653082649,-1.0892712111490521,-1.0115906462162378,-0.8665050333159223,-0.7544090061830518,50
1,20,d2,ecdf,0.54,-0.9395403687854809,-0.9306636576729008,0.10429737507561493,-1.0813902619633002,-1.0091063671852916,-0.871596185388499,-0.7351031594664776,50
1,20,d2,ecdf,0.55,-0.9368159774489051,-0.9281205291142527,0.10257069274650397,-1.082403767640912,-0.9942398252299056,-0.8708608040694008,-0.7314366020180909,50
1,20,d2,ecdf,0.56,-0.9260410273339588,-0.9231269088846088,0.09880881822733427,-1.0679725977691765,-0.9951837132868446,-0.8566400075327988,-0.7407469694630477,50
1,20,d2,ecdf,0.5700000000000001,-0.9191522213104046,-0.9194522881626556,0.09436485162383194,-1.053691309461951,-0.984509775616414,-0.8550496880884755,-0.7423484754677314,50
1,20,d2,ecdf,0.5800000000000001,-0.9136255736971359,-0.916631282696609,0.090763251899732,-1.0558309584133783,-0.9792733057096635,-0.8687963396146248,-0.740559843835695,50
1,20,d2,ecdf,0.59,-0.9032906281670108,-0.911153912344712,0.08894264467806612,-1.0508102869881115,-0.9694593142250193,-0.8726467403428209,-0.7328709064462686,50
1,20,d2,ecdf,0.6,-0.8983756398957243,-0.9052016556494827,0.08737973592512135,-1.0456578318338767,-0.9564938502423548,-0.8630084960584329,-0.7311779995795307,50
1,20,d2,ecdf,0.61,-0.9019340415605928,-0.9012801450830642,0.08545387355414459,-1.0309673414106015,-0.9477491782700517,-0.8616151649605566,-0.7249777097422936,50
1,20,d2,ecdf,0.62,-0.9093327556633878,-0.8951691247219751,0.08360581496602927,-1.0153561105736992,-0.944484710056691,-0.8546353746074262,-0.7235822980556508,50
1,20,d2,ecdf,0.63,-0.9016245102913466,-0.891165715335089,0.08189266340387082,-1.005092073026273,-0.9492567012905613,-0.8533392691318846,-0.7291148548318123,50
1,20,d2,ecdf,0.64,-0.888588704961979,-0.8835364570450805,0.07837415510693804,-0.9950565365484093,-0.9379975111163478,-0.8460019894114845,-0.7358046668692232,50
1,20,d2,ecdf,0.65,-0.8880966617421957,-0.8753390258731439,0.07461811408142463,-0.9772354306395533,-0.9280405278738396,-0.8349827473400588,-0.7291151671468474,50
1,20,d2,ecdf,0.66,-0.8791506341277483,-0.8700427395140138,0.07440057948112626,-0.9770195227645386,-0.9156541036326328,-0.8349404640307523,-0.7132059013165379,50
1,20,d2,ecdf,0.67,-0.8669915259369784,-0.8638839167568528,0.07421323116858689,-0.9807257771313358,-0.9046225941546252,-0.8309515894537814,-0.6989140082962513,50
1,20,d2,ecdf,0.68,-0.8718400152681658,-0.8623222469127789,0.06976597619685194,-0.9675325265838227,-0.9064945120181408,-0.8315445614368772,-0.7134312513252363,50
1,20,d2,ecdf,0.6900000000000001,-0.8618765558865098,-0.8557352237257579,0.06758180961882211,-0.9502943823871475,-0.8995154073864445,-0.8284352667155988,-0.7148686650460325,50
1,20,d2,ecdf,0.7000000000000001,-0.8557570949504648,-0.8516611261442776,0.06422321666375963,-0.9305766962020023,-0.8973117742568274,-0.834985141942417,-0.7225407854764718,50
1,20,d2,ecdf,0.7100000000000001,-0.8544200051439818,-0.8472015046594185,0.06357976323776503,-0.9339855663993214,-0.8858866257842337,-0.8258836978790476,-0.7260317528824104,50
1,20,d2,ecdf,0.72,-0.8536833415630805,-0.8424239894914836,0.0602776941124435,-0.9272865502513963,-0.8756340166222264,-0.8127844207037024,-0.7263954826640389,50
1,20,d2,ecdf,0.73,-0.8451307220472503,-0.8377037036958658,0.05780099141173525,-0.9243623236533691,-0.8758325843418486,-0.8078721656244549,-0.7178791193572364,50
1,20,d2,ecdf,0.74,-0.8410899276890953,-0.8339174610278303,0.05746722928783763,-0.9166588851694172,-0.868587220498595,-0.8044271943337301,-0.7130052303187365,50
1,20,d2,ecdf,0.75,-0.83667610433598,-0.8296145232212835,0.05591494095342425,-0.9072646827693119,-0.8633443514181414,-0.8046367505913635,-0.7133571316726088,50
1,20,d2,ecdf,0.76,-0.8242357678769024,-0.8241548786469511,0.05484125791867381,-0.8985430242569252,-0.8599352582837934,-0.801398061198778,-0.715731512531313,50
1,20,d2,ecdf,0.77,-0.8183295839628167,-0.8170336564787206,0.05444016141850765,-0.8937145397874409,-0.8520192725937432,-0.7988718030553555,-0.7035723165296528,50
1,20,d2,ecdf,0.78,-0.816364494899493,-0.8121914333082304,0.05452494920217509,-0.8917589998845703,-0.8465090342740293,-0.7922168004447931,-0.6983001660880399,50
1,20,d2,ecdf,0.79,-0.8119612638137642,-0.8076278768047054,0.0551046533795322,-0.8890442184447163,-0.8402849240285035,-0.7796937649339973,-0.6969879893560862,50
1,20,d2,ecdf,0.8,-0.8063136156900025,-0.8020691203433126,0.05405366178252085,-0.8818519833517356,-0.8315078530425892,-0.777946548163305,-0.688535802395094,50
1,20,d2,ecdf,0.81,-0.8014373092549538,-0.7969416048052039,0.05518699587241876,-0.8729221501123083,-0.8268988295708358,-0.7787337440785409,-0.6783974887474972,50
1,20,d2,ecdf,0.8200000000000001,-0.8009939953837245,-0.7938203792472399,0.05335322552380607,-0.8688821745993281,-0.821159664978319,-0.7804132876837039,-0.6795571786526822,50
1,20,d2,ecdf,0.8300000000000001,-0.795609725220116,-0.7892301602905061,0.05205072546038518,-0.8611908954917795,-0.817039116676015,-0.7760143401372694,-0.67743342590809,50
1,20,d2,ecdf,0.8400000000000001,-0.7883094152318374,-0.7850193172937265,0.049084552242171314,-0.858288114721303,-0.8148475271520706,-0.7723090738853963,-0.6819863524721312,50
1,20,d2,ecdf,0.85,-0.7852580985888016,-0.7789146313957253,0.04855509537366243,-0.8436889939069907,-0.8060701655477199,-0.7618097156741673,-0.6769309121215683,50
1,20,d2,ecdf,0.86,-0.7802892291119686,-0.7736053026387472,0.04848406779351834,-0.8388425378635426,-0.8005985313597589,-0.7548381451662639,-0.6744177143313228,50
1,20,d2,ecdf,0.87,-0.7751831458455413,-0.7671890638050461,0.0476364677789207,-0.8343086049204644,-0.7938150437910337,-0.749087267650461,-0.6660105582081481,50
1,20,d2,ecdf,0.88,-0.773148915061049,-0.7620585359102677,0.04697933852468587,-0.8250904224149043,-0.7920732551763936,-0.7391334774366753,-0.6647371541850038,50
1,20,d2,ecdf,0.89,-0.7622877934923651,-0.7567690311700609,0.04611657148715791,-0.8180560891271197,-0.7854906905720289,-0.7321028171539675,-0.6648808195520066,50
1,20,d2,ecdf,0.9,-0.7653066831929919,-0.751928719809062,0.04497948016031184,-0.8097307111750791,-0.7769981007622997,-0.7313528042626479,-0.6585031764808887,50
1,20,d2,ecdf,0.91,-0.7574576562903055,-0.7467837632768627,0.04298970822623986,-0.8026974434656944,-0.7692921139373082,-0.7303066672243546,-0.6594448347245325,50
1,20,d2,ecdf,0.92,-0.7489116306181391,-0.7407556917444462,0.0427157805436246,-0.7964721112352862,-0.7634146366468213,-0.7218880170599491,-0.653760281338913,50
1,20,d2,ecdf,0.93,-0.7468672793951567,-0.7353030561090542,0.04248619578322943,-0.7875790959475737,-0.7610213099327782,-0.7219697816474254,-0.6490814676082962,50
1,20,d2,ecdf,0.94,-0.7376435761458657,-0.7301620555973692,0.04246243483240887,-0.7873237801505593,-0.7546668096011913,-0.7066842427213791,-0.6460302110328752,50
1,20,d2,ecdf,0.95,-0.7292087374622132,-0.7246092433178668,0.041802532049605205,-0.7789177025525731,-0.749322686789735,-0.7044566231714376,-0.6423430943896791,50
1,20,d2,ecdf,0.96,-0.7255822247128099,-0.7204880545403173,0.03995298934060985,-0.7723816356694437,-0.7472455667974925,-0.7006783100311593,-0.6401844416419247,50
1,20,d2,ecdf,0.97,-0.7244942250548607,-0.7158737963152336,0.039323748502117964,-0.7697671804965027,-0.7414557060136248,-0.698496152732244,-0.6377038207695405,50
1,20,d2,ecdf,0.98,-0.7161109273767929,-0.7115780995722154,0.03862901559610813,-0.7636377462400628,-0.7359788936581436,-0.6925354238511149,-0.6371064063583463,50
1,20,d2,ecdf,0.99,-0.7141715060189437,-0.7066773914652814,0.03770976727992862,-0.7540006713381607,-0.7311159655630332,-0.6924184102996017,-0.6292788246205747,50
1,20,d2,ecdf,1,-0.7071225510387424,-0.7021505559227872,0.03612193433423528,-0.7474316741332057,-0.7289718767312808,-0.6854202159021341,-0.6244070356020516,50
1,20,d2,logspline,0.01,-6.144345000944588,-5.898923308221391,1.1328863694392248,-7.215122279348927,-6.644589547138228,-5.381070837138987,-3.7050665578420743,50
1,20,d2,logspline,0.02,-4.805202984642777,-4.570335282983061,1.1002047387253546,-5.857404063273536,-5.293203154745082,-4.05219862842752,-2.4458547159613704,50
1,20,d2,logspline,0.03,-4.042203289452461,-3.818523509494577,1.0659412659202776,-5.075387806129966,-4.5196289754121155,-3.299798231875923,-1.7668200840227848,50
1,20,d2,logspline,0.04,-3.515546329768106,-3.303673745698778,1.0301711687467927,-4.529274862961195,-3.9821302528770794,-2.7840683524773704,-1.328097033232161,50
1,20,d2,logspline,0.05,-3.118740968163971,-2.919275143098781,0.9929896269865378,-4.112574253084291,-3.577568996634394,-2.3985154775697204,-1.0231045189788048,50
1,20,d2,logspline,0.06,-2.8043514549864508,-2.617867397160992,0.9545104159473908,-3.7778499016208595,-3.2553986602250506,-2.095700834034485,-0.8042953912040107,50
1,20,d2,logspline,0.06999999999999999,-2.5470722812776065,-2.3741149611660974,0.9148648617687284,-3.4997942855932127,-2.990138953877162,-1.8503152634108584,-0.646234055622602,50
1,20,d2,logspline,0.08,-2.331796428988895,-2.1728753126801696,0.8742017135251504,-3.263295863637191,-2.7666644073585074,-1.659400857032093,-0.5336678229264611,50
1,20,d2,logspline,0.09,-2.15011377948373,-2.0043619788112217,0.8326875495743328,-3.05860244120245,-2.575205825407597,-1.5064778754183439,-0.4566924278549199,50
1,20,d2,logspline,0.1,-2.008009011977303,-1.8618714631778295,0.7905085585886896,-2.879050653474148,-2.4091934777502995,-1.3864947701153478,-0.42516401047468144,50
1,20,d2,logspline,0.11,-1.887013157074046,-1.7405986963515445,0.7478749774819945,-2.719883367300889,-2.2575806891227184,-1.2984094770516992,-0.4374823731030644,50
1,20,d2,logspline,0.12,-1.78349610063387,-1.6369607625311577,0.7050451777746621,-2.5775838237308557,-2.1215385071279376,-1.2359596524859324,-0.4652195869469972,50
1,20,d2,logspline,0.13,-1.6823417762269006,-1.548177327046056,0.6623629110283166,-2.4494772193347885,-1.999835522500855,-1.1832287486816084,-0.45166807939545084,50
1,20,d2,logspline,0.14,-1.592961741665299,-1.472015686191906,0.6202613078327783,-2.3334803617378572,-1.8903912450388773,-1.1340216060341144,-0.43566622744761474,50
1,20,d2,logspline,0.15000000000000002,-1.514270091791107,-1.4066226463092197,0.5792704574786939,-2.2279379091008438,-1.791552479409662,-1.065445727344223,-0.4431084889776949,50
1,20,d2,logspline,0.16,-1.4448703124532174,-1.3504243508239144,0.5399671559197806,-2.1315115755855176,-1.7020741673201967,-1.0096496793039418,-0.4563927730632294,50
1,20,d2,logspline,0.17,-1.3836025509715573,-1.3020631071618007,0.502906150339588,-2.0431029923498256,-1.6248667826793728,-1.006171463251514,-0.47503699085943807,50
1,20,d2,logspline,0.18000000000000002,-1.3294889559000773,-1.2603541151990119,0.46855522658032717,-1.9617986591688679,-1.5565259821031736,-0.9967892381470621,-0.4651535302088281,50
1,20,d2,logspline,0.19,-1.2816939151800324,-1.224254797523864,0.43724011419560815,-1.8868298083057946,-1.4947071832273926,-0.980555984843629,-0.45516118625929913,50
1,20,d2,logspline,0.2,-1.2759113393856087,-1.1928443606727093,0.4091021275797328,-1.8175425846266522,-1.455110554508208,-0.9396744126169156,-0.4884457821967986,50
1,20,d2,logspline,0.21,-1.2370958534291403,-1.1653232464178913,0.3840837939426267,-1.7533755182958621,-1.417301590999205,-0.9134466811153177,-0.48934129615707467,50
1,20,d2,logspline,0.22,-1.2027477401442321,-1.1410217790034445,0.36196589309241317,-1.6938422947922458,-1.381821913594074,-0.9090534600222883,-0.4816988288382422,50
1,20,d2,logspline,0.23,-1.172396175493382,-1.1193956257307172,0.34240930628419236,-1.6385191076096435,-1.3349774695352525,-0.8955625149878148,-0.47800383802454033,50
1,20,d2,logspline,0.24,-1.1567999875929296,-1.1000335307810591,0.32500024192593807,-1.5870350760242546,-1.2920108430991708,-0.9123807702384932,-0.478584486232708,50
1,20,d2,logspline,0.25,-1.1288129566630003,-1.0826337112360882,0.30933929719358594,-1.5403159833874454,-1.2525694125439437,-0.9264127778829341,-0.49268542117151504,50
1,20,d2,logspline,0.26,-1.1038630303119075,-1.0669685742096946,0.2950959384673461,-1.5164344787264246,-1.2173660097975143,-0.9314686715121423,-0.5125163748661236,50
1,20,d2,logspline,0.27,-1.0849336022939942,-1.052855132749092,0.282009472755943,-1.4918032181485188,-1.1907905725866075,-0.9215505280837223,-0.5402266024011555,50
1,20,d2,logspline,0.28,-1.068142754903392,-1.0401401177197958,0.2698831505803604,-1.4681203969531178,-1.163406168594117,-0.918654857592744,-0.5683349410236216,50
1,20,d2,logspline,0.29000000000000004,-1.053220701313071,-1.028690918597923,0.25857494633125905,-1.4461977201065301,-1.1413359064019684,-0.9066219911444032,-0.5889706802551683,50
1,20,d2,logspline,0.3,-1.0354340900610994,-1.0183867878039503,0.247982712511109,-1.4241190308076301,-1.1407169288415504,-0.8963423636022634,-0.6053246190522366,50
1,20,d2,logspline,0.31,-1.0195049194512809,-1.0091136341450733,0.23802921269080715,-1.4021188477230337,-1.1474162632641216,-0.8869161028928171,-0.6210594530800496,50
1,20,d2,logspline,0.32,-1.0058685324945216,-1.000763200241405,0.22865358766081406,-1.3826781626074787,-1.1385438264253782,-0.874413347194852,-0.6292296686366743,50
1,20,d2,logspline,0.33,-0.9987818932366008,-0.993233268254414,0.21980616270911824,-1.3632468893550795,-1.140103456104823,-0.8633483731792755,-0.6318380902245112,50
1,20,d2,logspline,0.34,-0.9898461713515735,-0.9864285277297569,0.2114450874672703,-1.344762238154563,-1.138818688312581,-0.8583199321752075,-0.6343077599633699,50
1,20,d2,logspline,0.35000000000000003,-0.9738023072593853,-0.9802610885840253,0.20353389518260712,-1.3271356436053727,-1.124378363373348,-0.8549622271219295,-0.6379860713801844,50
1,20,d2,logspline,0.36000000000000004,-0.9647768604940411,-0.9746506166908715,0.19604008822852478,-1.310288969043599,-1.1109984071035641,-0.8523648403262716,-0.6442429051007272,50
1,20,d2,logspline,0.37,-0.9564298659712493,-0.9695239868011539,0.18893461932255562,-1.2965897155307595,-1.0953024696591915,-0.8482898411682085,-0.6565564537534321,50
1,20,d2,logspline,0.38,-0.9458950738801175,-0.9648147581526134,0.18219165885245844,-1.2900318425169188,-1.077363488197905,-0.8508452330362903,-0.6686595797723189,50
1,20,d2,logspline,0.39,-0.9481977230420434,-0.9604626381363968,0.17578839244307407,-1.282488344648542,-1.0604932553778466,-0.8470918265015992,-0.6804449781726322,50
1,20,d2,logspline,0.4,-0.9463188702436084,-0.9564129638532046,0.16970479338181088,-1.2740124553717544,-1.0481505195389422,-0.8476079768506175,-0.6866354803273229,50
1,20,d2,logspline,0.41,-0.9387964111008409,-0.9526162589108327,0.16392329412992607,-1.2641352217544508,-1.0409468772608625,-0.8461546169333282,-0.691489732922595,50
1,20,d2,logspline,0.42,-0.9316347236006872,-0.9490280329330466,0.158428170695451,-1.247230666883539,-1.0391695783215504,-0.8444208154763693,-0.6962242724696118,50
1,20,d2,logspline,0.43,-0.9309956327101665,-0.9456084747230962,0.15320516065725331,-1.2303272537470111,-1.0401911267468886,-0.8514207336682531,-0.7008023111518689,50
1,20,d2,logspline,0.44,-0.9278542545660202,-0.9423220159970348,0.14824129672942746,-1.2132068970088496,-1.0385139944465018,-0.8571258092094769,-0.7036150460748042,50
1,20,d2,logspline,0.45,-0.9230044507983759,-0.9391369104169425,0.1435246722804197,-1.195920208159355,-1.0332566115392208,-0.8535880264032688,-0.7035858225228276,50
1,20,d2,logspline,0.46,-0.9183672862779035,-0.9360245818651033,0.13904377528155606,-1.1785184552183638,-1.0282404191760643,-0.8515512403153306,-0.7023343807066984,50
1,20,d2,logspline,0.47,-0.9159393801786004,-0.9329591154403712,0.13478687240943568,-1.1610530954917948,-1.0234146003016773,-0.8496302282817253,-0.7039638687190846,50
1,20,d2,logspline,0.48,-0.9144248994206003,-0.9299171092161965,0.13074196498648905,-1.1435754414020831,-1.020186948297975,-0.8450185424128629,-0.7098015405585434,50
1,20,d2,logspline,0.49,-0.9129486456083193,-0.926877508464349,0.1268968122473618,-1.12613644441444,-1.0162008590138671,-0.840688879927697,-0.7149827091861951,50
1,20,d2,logspline,0.5,-0.9135965172797086,-0.9238214482014319,0.12323896284103872,-1.1115893311955847,-1.0075162453423987,-0.8366566010072913,-0.7195205249167087,50
1,20,d2,logspline,0.51,-0.9109948521068602,-0.9207321139077413,0.11975580470911244,-1.0973070742748723,-0.9998183336002163,-0.8335128697146048,-0.7233776970834809,50
1,20,d2,logspline,0.52,-0.9096546618904147,-0.9175946498471639,0.11643467097167771,-1.083170324197033,-0.99349017181832,-0.8349420629068985,-0.726674525012976,50
1,20,d2,logspline,0.53,-0.9094085710467608,-0.9143960946358917,0.113262871933785,-1.0698191113170756,-0.9903732635237936,-0.83618680826226,-0.7294496135953866,50
1,20,d2,logspline,0.54,-0.9088711631347433,-0.9111256756786884,0.11022791386297484,-1.0614284074958729,-0.990078428208012,-0.8372084293316941,-0.7316017322483634,50
1,20,d2,logspline,0.55,-0.9080397524939006,-0.9077753048510547,0.1073182943237202,-1.0577512250739542,-0.9893106445838049,-0.8380029422437673,-0.7332151341261682,50
1,20,d2,logspline,0.56,-0.906913341582628,-0.904339624404724,0.10452403738791889,-1.0539247085714343,-0.9878528443589035,-0.8385685964325866,-0.7343161494194086,50
1,20,d2,logspline,0.5700000000000001,-0.9054924604810396,-0.900815810228206,0.1018368100190755,-1.0458973356516732,-0.9845102451707322,-0.8388986251843795,-0.7349323011131093,50
1,20,d2,logspline,0.5800000000000001,-0.9037790201921976,-0.8972032332227098,0.09924975577571761,-1.038170234498582,-0.9756921486791896,-0.8378209282840043,-0.7379896733928103,50
1,20,d2,logspline,0.59,-0.901776178391961,-0.8935028461831094,0.09675693174533316,-1.0318402488130327,-0.9657899070327267,-0.8366693054349233,-0.7407512096770943,50
1,20,d2,logspline,0.6,-0.8994882164413219,-0.8897166653207387,0.09435283426080286,-1.0266809648643758,-0.9548446487898056,-0.8354359644610858,-0.7415646155396519,50
1,20,d2,logspline,0.61,-0.8969204266167397,-0.8858475109272141,0.09203223311435821,-1.02151870002958,-0.9503648941912566,-0.8328241696644296,-0.7421104728281736,50
1,20,d2,logspline,0.62,-0.8940790086368897,-0.881898762806311,0.08979021144503616,-1.0163367792980853,-0.9448408707881153,-0.827516315538992,-0.7423867358581757,50
1,20,d2,logspline,0.63,-0.890970974671059,-0.8778741345202312,0.08762219310431123,-1.0111203786528555,-0.9383220030627702,-0.8223211649329831,-0.740097801955234,50
1,20,d2,logspline,0.64,-0.8876040621074514,-0.8737776650339935,0.08552385947713935,-1.005692797988625,-0.9330935513195133,-0.8172989053049202,-0.737705268932678,50
1,20,d2,logspline,0.65,-0.8839866534408911,-0.8696136223504307,0.08349104285487004,-0.9997946322899565,-0.9284710260133593,-0.815040676203509,-0.7352211681823755,50
1,20,d2,logspline,0.66,-0.8772141879451522,-0.8653863474905283,0.08151989856608605,-0.9937868638100642,-0.9237724753346752,-0.8140743904323581,-0.7326571640476776,50
1,20,d2,logspline,0.67,-0.8719760036249831,-0.8611001577450287,0.07960709317048985,-0.9860745956159902,-0.9190153049050536,-0.812165277046443,-0.7300234610768523,50
1,20,d2,logspline,0.68,-0.8684277754029792,-0.8567592858554841,0.07774978367708106,-0.9784525045832697,-0.9135505191114215,-0.8096101512287729,-0.727328847080772,50
1,20,d2,logspline,0.6900000000000001,-0.8641458783931819,-0.85236780543942,0.07594550274811045,-0.9709113003371078,-0.9082481103748684,-0.8067582672423594,-0.72458089108421,50
1,20,d2,logspline,0.7000000000000001,-0.8570162413261737,-0.8479296213752796,0.07419211021939569,-0.963441876617842,-0.9028949956533335,-0.8033565115403452,-0.7217861121757057,50
1,20,d2,logspline,0.7100000000000001,-0.8511304208497059,-0.8434484628968547,0.07248772125127549,-0.9563253130128802,-0.8954770008973145,-0.7999866509235561,-0.7189501239036253,50
1,20,d2,logspline,0.72,-0.8467595425761709,-0.8389278620310805,0.07083059437935149,-0.9493578695982463,-0.8907431271137014,-0.7966451206119276,-0.7160777581000362,50
1,20,d2,logspline,0.73,-0.8418366715584158,-0.834371135590856,0.06921898707231383,-0.9424161384986562,-0.8857843801656027,-0.7933284836778519,-0.7131731713322704,50
1,20,d2,logspline,0.74,-0.8366725838871336,-0.8297814210002146,0.06765098860514088,-0.9354903773177319,-0.8783771154413517,-0.7900334366404678,-0.7102399366320653,50
1,20,d2,logspline,0.75,-0.8313398174752953,-0.8251617176495444,0.06612435540808657,-0.9285712266347046,-0.8710472212682145,-0.7867568135326755,-0.7072811227061766,50
1,20,d2,logspline,0.76,-0.8254056750295268,-0.8205149529664155,0.06463638652520323,-0.9209112396042594,-0.8637966025154996,-0.7834955886663448,-0.7042993624688906,50
1,20,d2,logspline,0.77,-0.8206638335028679,-0.8158440714508006,0.06318387973661757,-0.9129454567041049,-0.8572191022731672,-0.7802468782892567,-0.7012969124392725,50
1,20,d2,logspline,0.78,-0.8169476784638734,-0.8111520858671178,0.06176328030711434,-0.9050352085071915,-0.8520990446802765,-0.7766770666453352,-0.6982757043012331,50
1,20,d2,logspline,0.79,-0.8130066913802679,-0.8064411561234591,0.0603713556610057,-0.8971843530954278,-0.8471529069835005,-0.7729996236721408,-0.6952373897223851,50
1,20,d2,logspline,0.8,-0.8082170005123175,-0.8017113806843674,0.05900610092449198,-0.8893962142091807,-0.8421926448132855,-0.7693199080698361,-0.6921833793600358,50
1,20,d2,logspline,0.81,-0.8029096754193152,-0.7969609942824757,0.057667124733214656,-0.8816736388376356,-0.8355171153574401,-0.7656362859090701,-0.6891148768431654,50
1,20,d2,logspline,0.8200000000000001,-0.7967410888121247,-0.7921878578354161,0.05635529933287525,-0.8740190482818377,-0.8281028931832042,-0.761947267930617,-0.6860329084026966,50
1,20,d2,logspline,0.8300000000000001,-0.7928057466713729,-0.7873907519403177,0.05507208126795293,-0.8666378549710877,-0.821110927938782,-0.7582515057305846,-0.6829383487246402,50
1,20,d2,logspline,0.8400000000000001,-0.7876587553478687,-0.7825694275317453,0.05381920650893632,-0.8596747766942471,-0.8151593578911771,-0.7545477877374155,-0.6798319435185576,50
1,20,d2,logspline,0.85,-0.7824749986244293,-0.7777245220776403,0.052598495038993484,-0.8527462577910498,-0.8079853363122363,-0.7513408735774765,-0.6767143292244169,50
1,20,d2,logspline,0.86,-0.7772851335769579,-0.7728574718768512,0.0514116812805654,-0.8458548356009136,-0.8015343003713273,-0.7490317021540543,-0.673586050222255,50
1,20,d2,logspline,0.87,-0.7721976027857564,-0.7679704192973303,0.05026026247150346,-0.8390027427365119,-0.7959811151106737,-0.7460664102018417,-0.6704475738592592,50
1,20,d2,logspline,0.88,-0.7682247805074727,-0.7630661358022073,0.04914536568207156,-0.8321919375559816,-0.7906642692376527,-0.7414082378250348,-0.6672993035664758,50
1,20,d2,logspline,0.89,-0.764194102065008,-0.7581479540597253,0.04806762953345814,-0.82542413149269,-0.7853240129347976,-0.7351042990833339,-0.6641415903012021,50
1,20,d2,logspline,0.9,-0.7598331760369117,-0.7532197099860185,0.04702709947456853,-0.8187008135958392,-0.7800459141414827,-0.7302574510320399,-0.6609747425201487,50
1,20,d2,logspline,0.91,-0.7547668607267435,-0.7482856964608998,0.04602313709720293,-0.812023272591283,-0.7750825812386407,-0.725634958875373,-0.6577990348619385,50
1,20,d2,logspline,0.92,-0.7503966355836387,-0.7433506118437516,0.045054351000524656,-0.8053926167340751,-0.7702939567182798,-0.7209480240657096,-0.6546147156946716,50
1,20,d2,logspline,0.93,-0.746068982751948,-0.7384194409726175,0.04411857492967348,-0.7988097916914978,-0.7655614268125861,-0.7162648205341962,-0.6514220136646428,50
1,20,d2,logspline,0.94,-0.741751178619044,-0.7334973916665268,0.04321287873355292,-0.7922755966669119,-0.7607644979757131,-0.7129987547348248,-0.6482211433653109,50
1,20,d2,logspline,0.95,-0.7370261806646152,-0.7285899255657684,0.04233359216575902,-0.7857906989500798,-0.7559798435420039,-0.7086209567248793,-0.6450123102309456,50
1,20,d2,logspline,0.96,-0.7322117037297371,-0.7237028103211631,0.041476376748729116,-0.7793556470581082,-0.7513018603005018,-0.7030771807250358,-0.6417957147466316,50
1,20,d2,logspline,0.97,-0.7275232314507301,-0.7188421657490668,0.04063638019744921,-0.7729708826123891,-0.7463919065852126,-0.6990136450972326,-0.6385715560552505,50
1,20,d2,logspline,0.98,-0.7221090104566721,-0.7140141717107472,0.03980841646104524,-0.7666367510805228,-0.7408397824908701,-0.694918032203262,-0.6353400350324466,50
1,20,d2,logspline,0.99,-0.716735555454457,-0.7092237477248063,0.03898800789905353,-0.760353511497811,-0.7355896676031249,-0.6907926350386183,-0.6321013568921734,50
1,20,d2,logspline,1,-0.7114122208151819,-0.7044699916707159,0.03817514951070936,-0.7541213452703059,-0.7303925644368898,-0.6864542511151535,-0.6288557333780942,50
1,20,d3,ecdf,0.01,Inf,Inf,NA,Inf,Inf,Inf,Inf,0
1,20,d3,ecdf,0.02,Inf,Inf,NA,Inf,Inf,Inf,Inf,0
1,20,d3,ecdf,0.03,Inf,Inf,NA,Inf,Inf,Inf,Inf,0
1,20,d3,ecdf,0.04,Inf,Inf,NA,Inf,Inf,Inf,Inf,0
1,20,d3,ecdf,0.05,Inf,Inf,NA,Inf,Inf,Inf,Inf,0
1,20,d3,ecdf,0.06,Inf,Inf,NA,Inf,Inf,Inf,Inf,0
1,20,d3,ecdf,0.06999999999999999,Inf,Inf,NA,Inf,Inf,Inf,Inf,0
1,20,d3,ecdf,0.08,Inf,Inf,NA,Inf,Inf,Inf,Inf,0
1,20,d3,ecdf,0.09,Inf,Inf,NA,Inf,Inf,Inf,Inf,2
1,20,d3,ecdf,0.1,Inf,Inf,NA,Inf,Inf,Inf,Inf,2
1,20,d3,ecdf,0.11,Inf,Inf,NA,-2.278717056567954,Inf,Inf,Inf,4
1,20,d3,ecdf,0.12,Inf,Inf,NA,-1.9325642817362896,Inf,Inf,Inf,8
1,20,d3,ecdf,0.13,Inf,Inf,NA,-2.3075961373838303,-1.614448956823885,Inf,Inf,15
1,20,d3,ecdf,0.14,Inf,Inf,NA,-2.4188471858943714,-1.320234897226262,Inf,Inf,20
1,20,d3,ecdf,0.15000000000000002,-1.0466430796609578,Inf,NA,-2.432937440780848,-1.0466430796609578,Inf,Inf,27
1,20,d3,ecdf,0.16,-0.7910299848769904,Inf,NA,-2.3000532992196963,-1.4841771654369356,Inf,Inf,29
1,20,d3,ecdf,0.17,-0.5512332570312466,Inf,NA,-2.0602565713739525,-1.244380437591192,Inf,Inf,35
1,20,d3,ecdf,0.18000000000000002,-0.32546154565080304,Inf,NA,-2.1199591882265705,-1.3227075572918716,-0.32546154565080304,Inf,39
1,20,d3,ecdf,0.19,-0.8053613516159275,Inf,NA,-2.131566586054783,-1.426588014062928,-0.11221417105598216,Inf,43
1,20,d3,ecdf,0.2,-0.6033686004754737,Inf,NA,-1.9896629615953645,-1.296515781035419,0.08977858008447158,Inf,45
1,20,d3,ecdf,0.21,-0.8170117115720603,Inf,NA,-1.9205699178066018,-1.327837335338051,-0.4115466034638959,0.28160057709604946,49
1,20,d3,ecdf,0.22,-0.9221099001233334,Inf,NA,-1.8908212308898673,-1.4431880181019419,-0.22896271956338807,0.4641844609965573,49
1,20,d3,ecdf,0.23,-0.9710993533525412,-0.9034445578745931,0.6855060000447998,-1.8074129710611073,-1.407720134442146,-0.5321942476994956,0.6383385590815592,50
1,20,d3,ecdf,0.24,-0.986991402189803,-0.9821843117525554,0.6032882550454591,-1.7241620719701936,-1.4978170259557937,-0.637312181910191,-0.0708384121703684,50
1,20,d3,ecdf,0.25,-0.981818245032514,-0.977044574084978,0.6153627054429058,-1.7129115049102825,-1.4338033687755711,-0.6453460084113012,-0.13452038464531038,50
1,20,d3,ecdf,0.26,-1.0803683174689185,-1.0096940917747292,0.5845560505746222,-1.7502501036821425,-1.4480930975942357,-0.7134408793175684,0.01824397119919146,50
1,20,d3,ecdf,0.27,-1.0390395089223354,-0.98118702936222435,0.5643130977891295,-1.6590531712082819,-1.3755117455435484,-0.7157474131397337,-0.12274877704818028,50
1,20,d3,ecdf,0.28,-1.0803150745675831,-1.0155016485581132,0.4630208700598569,-1.594893306152364,-1.3034586258817928,-0.7926330021158023,-0.2868910377709634,50
1,20,d3,ecdf,0.29000000000000004,-1.167669608978021,-1.027282330385377,0.4598361971016887,-1.6185214117352986,-1.2928327519320273,-0.8575146806741815,-0.3808358097071681,50
1,20,d3,ecdf,0.3,-1.101328914308628,-1.0629091291039356,0.38016826123807657,-1.5476160169370474,-1.324472465622838,-0.7483883091146248,-0.5259647694050662,50
1,20,d3,ecdf,0.31,-1.035670989393693,-1.0411751735003916,0.3458287020433358,-1.5013135680435061,-1.293500098695793,-0.8415149749527356,-0.5479323192434691,50
1,20,d3,ecdf,0.32,-1.076220622957036,-1.0471519024825335,0.31732909015738264,-1.501926219436808,-1.2585421797509908,-0.9137016934592612,-0.42596302330903724,50
1,20,d3,ecdf,0.33,-1.0758432731907606,-1.0471429178091243,0.30485222274403834,-1.4914447750261215,-1.2947794487222315,-0.9198372413103559,-0.39962533099073205,50
1,20,d3,ecdf,0.34,-1.1065795232651523,-1.0609403059442049,0.29159269792412135,-1.4470713595032434,-1.314218888043397,-0.8930054229670935,-0.4778277223435106,50
1,20,d3,ecdf,0.35000000000000003,-1.1052941674457029,-1.0502682123319766,0.2823048078034436,-1.4037958090987674,-1.2860995147303298,-0.840153731460253,-0.49014715980089596,50
1,20,d3,ecdf,0.36000000000000004,-1.096660734041669,-1.053090498685134,0.25461828759416255,-1.3577505513147337,-1.241842743886167,-0.8890213692634245,-0.6115984020960756,50
1,20,d3,ecdf,0.37,-1.0679366099350762,-1.0545805718099484,0.24723429819716655,-1.3357204202145083,-1.2406543835865964,-0.9028535347876829,-0.6500637788208621,50
1,20,d3,ecdf,0.38,-1.0638911081764857,-1.0483355315630971,0.22702982752356668,-1.33084950135703,-1.2104945823683613,-0.9302757507040005,-0.6339533569130809,50
1,20,d3,ecdf,0.39,-1.0540605381394577,-1.0304209194546379,0.2188686054320999,-1.3090122823544252,-1.1996407065535104,-0.9188083776487582,-0.6141045228170436,50
1,20,d3,ecdf,0.4,-1.0175346781000598,-1.0280574588709892,0.19938328328362478,-1.3031899930758333,-1.1651706769061247,-0.9222244982957352,-0.6954664093085455,50
1,20,d3,ecdf,0.41,-1.0120908676645186,-1.0271609474037648,0.18566933835774818,-1.2781687914824371,-1.1662415474917769,-0.9475523465269472,-0.733245062452679,50
1,20,d3,ecdf,0.42,-1.0212442849412413,-1.0292328668493869,0.17183542476352517,-1.2718226276435467,-1.1618262355624307,-0.9478233463291259,-0.7247731228031982,50
1,20,d3,ecdf,0.43,-1.0151664569100043,-1.0171228981092701,0.159672991938486,-1.261361867498589,-1.133930540981165,-0.9146630363009468,-0.7450775017476229,50
1,20,d3,ecdf,0.44,-1.0213198613886665,-1.0113379336645285,0.1540922705714878,-1.2430122239019261,-1.1230831926834677,-0.938628145543553,-0.7470854500874479,50
1,20,d3,ecdf,0.45,-1.0146589832164847,-0.9994019471780862,0.14448002007126226,-1.1963489836383148,-1.0856107191887692,-0.9262857484220799,-0.7654431915924998,50
1,20,d3,ecdf,0.46,-0.9908917185803828,-0.9892028047749369,0.1359309674608604,-1.1915624140425338,-1.0804886955869915,-0.9226219904015784,-0.7746686101107467,50
1,20,d3,ecdf,0.47,-0.9855789232901202,-0.9803629863828804,0.12709698073321452,-1.1679212921717383,-1.0541624068150803,-0.9014982365534829,-0.7767430983051352,50
1,20,d3,ecdf,0.48,-0.9771269525842866,-0.9790300126843314,0.11594075332889058,-1.1734794463717626,-1.0636626518511756,-0.8923602902086725,-0.8068541715798623,50
1,20,d3,ecdf,0.49,-0.9774839757961062,-0.9725598162672958,0.11560476620754359,-1.1569807230336546,-1.0553812375093998,-0.8899802030291568,-0.7661340697405101,50
1,20,d3,ecdf,0.5,-0.9743045479906832,-0.9665782297746304,0.11178273377471672,-1.1348851917292218,-1.0591088661983985,-0.8872931710010534,-0.7765514581449706,50
1,20,d3,ecdf,0.51,-0.9682286675220727,-0.9660001253462389,0.10883854490397674,-1.134960625620331,-1.045645509197474,-0.8816725490351232,-0.8094287985403332,50
1,20,d3,ecdf,0.52,-0.9779918557756272,-0.9632399844368084,0.11044573639013383,-1.1204919183829103,-1.0454754304133564,-0.8860452454153056,-0.7902502315123335,50
1,20,d3,ecdf,0.53,-0.9750520870854672,-0.9538654665020659,0.11092669735232183,-1.116832236083562,-1.036429935248348,-0.8914959105260136,-0.7737748990059373,50
1,20,d3,ecdf,0.54,-0.953661738340305,-0.9470693361175775,0.10474615297398099,-1.0968996634226358,-1.0312199726861797,-0.8804768167842968,-0.78734052289279155,50
1,20,d3,ecdf,0.55,-0.9509063300745164,-0.9490758188962818,0.10027696534699278,-1.0985423288805811,-1.0221646732836334,-0.8883859730931826,-0.8033871655433956,50
1,20,d3,ecdf,0.56,-0.9494710251817484,-0.9435220932873591,0.10140722017522469,-1.1013839943543642,-1.0082161746334712,-0.8737200373299868,-0.7768502193150462,50
1,20,d3,ecdf,0.5700000000000001,-0.952463603591978,-0.9394817654950111,0.09562761386790913,-1.0866988721693183,-1.0044233425226892,-0.8726791790159518,-0.8085639273351601,50
1,20,d3,ecdf,0.5800000000000001,-0.9337848243995079,-0.936667167740242,0.09389898009358376,-1.0742308979251294,-1.0091489491437053,-0.8728614266256666,-0.7966855218780704,50
1,20,d3,ecdf,0.59,-0.929909782458098,-0.9298729996062268,0.0897274472744438,-1.0520517681841226,-0.9970928839033651,-0.8643682682487828,-0.7953935562040813,50
1,20,d3,ecdf,0.6,-0.9328824355385472,-0.9243521374793263,0.09209667552879619,-1.0534523997008873,-0.9921827133591161,-0.8469054062299135,-0.7729395268431218,50
1,20,d3,ecdf,0.61,-0.9335364059362978,-0.9217742717213431,0.08613762953030107,-1.045741359516428,-0.9933757913469392,-0.8584003551501829,-0.783719416849235,50
1,20,d3,ecdf,0.62,-0.9271027435708076,-0.9191262617703833,0.0848077872032031,-1.0426156306926522,-0.9853213424326213,-0.8543646378582423,-0.7926584422419352,50
1,20,d3,ecdf,0.63,-0.9194597554913551,-0.9119654933828641,0.08391868775911593,-1.0257693165116906,-0.9807948172748508,-0.852810757774418,-0.7721064914266835,50
1,20,d3,ecdf,0.64,-0.9061363169921344,-0.905684809604037,0.08059713133323441,-1.0147370586847775,-0.9727882118745728,-0.8595027921380474,-0.7725168382355805,50
1,20,d3,ecdf,0.65,-0.8923107934712388,-0.89746930684006,0.0795767174541712,-1.0048391132697474,-0.9596568904765144,-0.8498493448425714,-0.762149882221965,50
1,20,d3,ecdf,0.66,-0.8909751098859067,-0.8916071841436741,0.07802467426463501,-1.0005593370565677,-0.9570999145368091,-0.8439534675898261,-0.7543729613290618,50
1,20,d3,ecdf,0.67,-0.8862109536002782,-0.8874293356219081,0.07673186797391406,-0.9911240297350891,-0.950426466233203,-0.8487928780131059,-0.7524181272511308,50
1,20,d3,ecdf,0.68,-0.8882034384978874,-0.8833274594933634,0.07137649847442398,-0.9791053408264405,-0.9364459706098781,-0.8313803316890109,-0.7703810059823053,50
1,20,d3,ecdf,0.6900000000000001,-0.8830731703395469,-0.8756881434688932,0.07142530651194014,-0.9688821580470676,-0.9381169457812294,-0.8277700461978661,-0.7511758223291383,50
1,20,d3,ecdf,0.7000000000000001,-0.8663147456862244,-0.8683973414146239,0.06984137933290481,-0.959011878289284,-0.9282135315098725,-0.8155943855381649,-0.7463377181284767,50
1,20,d3,ecdf,0.7100000000000001,-0.8651242105572721,-0.8649864779457573,0.06942845585422705,-0.9618439137615777,-0.9186545955200688,-0.8203256286561906,-0.7465072474045531,50
1,20,d3,ecdf,0.72,-0.8545710625522559,-0.8608276216312473,0.06508935739512096,-0.9495799233141302,-0.9141234172841556,-0.8156833444709028,-0.7434561906045533,50
1,20,d3,ecdf,0.73,-0.8516361523510676,-0.8562248549138418,0.06221273949858985,-0.9431834777939561,-0.9132969716514455,-0.8110904676624044,-0.7453786495419877,50
1,20,d3,ecdf,0.74,-0.8493810659620109,-0.8488254246411954,0.06033814192962166,-0.9272158526995444,-0.9028062326355916,-0.8089400964035002,-0.7392438032712494,50
1,20,d3,ecdf,0.75,-0.8374158158926,-0.8435172427533886,0.059545428657620164,-0.9224682908591743,-0.9003818803325959,-0.8036163447298413,-0.7390678661989273,50
1,20,d3,ecdf,0.76,-0.8366827399392099,-0.8388489375165835,0.06064981609304192,-0.9182536847539204,-0.9011340926518852,-0.7962188029537245,-0.7330254184545831,50
1,20,d3,ecdf,0.77,-0.8282223912792646,-0.8322959360009704,0.057384738480015095,-0.91251003566773,-0.8809181765595429,-0.7969087631097531,-0.7318008801665774,50
1,20,d3,ecdf,0.78,-0.8220866966747289,-0.8258572719216263,0.05549328439139524,-0.9084556237070148,-0.8780312656085937,-0.7939130481062008,-0.7333380813984759,50
1,20,d3,ecdf,0.79,-0.8180610190216053,-0.8200350530701822,0.05430758722323004,-0.8965358883262498,-0.867816916825767,-0.7843386381767183,-0.7214483191066081,50
1,20,d3,ecdf,0.8,-0.8171709923790054,-0.8140967525046704,0.05181780590836639,-0.8906100214174831,-0.85214214859275,-0.7758346162239906,-0.7227852776187451,50
1,20,d3,ecdf,0.81,-0.8131836417144886,-0.8086274149537158,0.05019425203391417,-0.8840704531615108,-0.8458205710275113,-0.775146493740425,-0.720888683591234,50
1,20,d3,ecdf,0.8200000000000001,-0.7994917844743473,-0.8010642841478147,0.04947239616730399,-0.8766584815108112,-0.8380441215280676,-0.768376994112004,-0.7194785206075616,50
1,20,d3,ecdf,0.8300000000000001,-0.7982240681835084,-0.7964792093347075,0.0488430841260415,-0.8663082754979692,-0.8364947148781201,-0.7636304376318572,-0.719020551351025,50
1,20,d3,ecdf,0.8400000000000001,-0.7931050094361882,-0.7903349576428478,0.04812478546078465,-0.8592261758001118,-0.8302058897142409,-0.7607309340289937,-0.7074694567066079,50
1,20,d3,ecdf,0.85,-0.7886985252698292,-0.785063514270537,0.04610171447350316,-0.8488757030605203,-0.8236394169451459,-0.7551827335572712,-0.7099349456746431,50
1,20,d3,ecdf,0.86,-0.7869663901250388,-0.7807398513136239,0.046236245161493994,-0.8426962541716203,-0.8183213942886287,-0.7530280254339262,-0.699852640749177,50
1,20,d3,ecdf,0.87,-0.7798389446902967,-0.7740132501506434,0.04570907797428651,-0.8372541286985458,-0.8079556766907172,-0.7514152911589087,-0.6956660375066289,50
1,20,d3,ecdf,0.88,-0.7735066060760476,-0.7684116442913171,0.04431838980712095,-0.8320817136079415,-0.7975924495382278,-0.742436145602308,-0.6990009127819626,50
1,20,d3,ecdf,0.89,-0.7669916129279939,-0.7622515105124833,0.044739999621012175,-0.8324128945449922,-0.7908890028347378,-0.738209342520879,-0.6966693866775342,50
1,20,d3,ecdf,0.9,-0.7612287336703489,-0.7580291050192555,0.04419655299413518,-0.8296877708242771,-0.7893345549161779,-0.7281061292584805,-0.6918155496023919,50
1,20,d3,ecdf,0.91,-0.7579303063872774,-0.7542264316413215,0.042679409677035506,-0.8201866707129479,-0.7822370586114387,-0.7257846814138609,-0.684455109470427,50
1,20,d3,ecdf,0.92,-0.7534839918636718,-0.749251557628724,0.040713740479984294,-0.8108666912906457,-0.7762990825957894,-0.721349518993727,-0.6816492990302803,50
1,20,d3,ecdf,0.93,-0.7479890772468223,-0.7452286276593377,0.04051633171399467,-0.8076129931791615,-0.7730758915096829,-0.7218469491397702,-0.679776165411132,50
1,20,d3,ecdf,0.94,-0.7423698611038275,-0.7386036970649997,0.038965673452996445,-0.7972411320308683,-0.7644455762846015,-0.7152178297906965,-0.6723584890765655,50
1,20,d3,ecdf,0.95,-0.7342444195426325,-0.7330685765569686,0.038696672811441776,-0.795131428791265,-0.7604854567431316,-0.7085207880689481,-0.6694104630494206,50
1,20,d3,ecdf,0.96,-0.7276834905405617,-0.7271588737081114,0.038105013038369454,-0.7895980975382759,-0.7529422994526631,-0.7041529931303675,-0.6618404380586198,50
1,20,d3,ecdf,0.97,-0.7225870242981944,-0.7225659684952453,0.03663712669177709,-0.781483851803183,-0.7487179927165456,-0.6984719423619346,-0.6649846971888822,50
1,20,d3,ecdf,0.98,-0.7166490974615665,-0.7177758812770451,0.035534118533144005,-0.7749334461639177,-0.7393050636727734,-0.693092731866923,-0.6610298135770494,50
1,20,d3,ecdf,0.99,-0.7121034108902903,-0.7115550758324919,0.036096870937467655,-0.7711133918254157,-0.7366929219999199,-0.6843043916856737,-0.6518117934581125,50
1,20,d3,ecdf,1,-0.7095715099850175,-0.7066696293255812,0.035604066324035614,-0.7636177296191142,-0.7311378411251573,-0.6803152563592452,-0.649204676343761,50
1,20,d3,logspline,0.01,-9.33544020848732,-9.291815412267267,1.2571937896326264,-10.78134653574315,-10.058302958331844,-8.885937026171417,-7.675933994041273,50
1,20,d3,logspline,0.02,-7.312351474814078,-7.269033455968238,1.230620617871965,-8.731144023166872,-8.02539034338527,-6.86632358494673,-5.6878338747848645,50
1,20,d3,logspline,0.03,-6.153469288609925,-6.11065741149933,1.2027228054302248,-7.54442523747293,-6.856372542529911,-5.711040787708135,-4.56548866781427,50
1,20,d3,logspline,0.04,-5.349093441863836,-5.306978741081208,1.1735526137791414,-6.711492754392843,-6.0415509410434804,-4.910387622153895,-3.7983527275784037,50
1,20,d3,logspline,0.05,-4.739486078914993,-4.698248542831011,1.1431760258402706,-6.072612591511633,-5.4211898972340204,-4.304625117087856,-3.224859850911493,50
1,20,d3,logspline,0.06,-4.256203398086718,-4.213298500432442,1.111670575849982,-5.556634605717031,-4.92413714716677,-3.822596773726159,-2.7763250721363644,50
1,20,d3,logspline,0.06999999999999999,-3.8587593082010905,-3.8141537526335942,1.07912306502391,-5.125604757421814,-4.512436078129598,-3.426340872599505,-2.4147567641619387,50
1,20,d3,logspline,0.08,-3.5243858301433377,-3.478135858349026,1.045627418366243,-4.7568674676356615,-4.157386075413716,-3.0931928815184717,-2.1174562509642394,50
1,20,d3,logspline,0.09,-3.2384599515413868,-3.1906067632529074,1.01128288982473,-4.435809012243089,-3.849612456244913,-2.80852891023752,-1.8697617890538518,50
1,20,d3,logspline,0.1,-2.990992758213315,-2.9415625964789878,0.9761927471668791,-4.152450670553351,-3.5797835236174738,-2.562359077960546,-1.6616424924978208,50
1,20,d3,logspline,0.11,-2.7748551757329327,-2.723859730327843,0.9404635137569026,-3.899674013862607,-3.340779355739911,-2.347553264300157,-1.4859246563020962,50
1,20,d3,logspline,0.12,-2.584779024890742,-2.5322158472748253,0.9042048648785382,-3.672221944812337,-3.127341663316528,-2.1588421814642613,-1.3372934010291655,50
1,20,d3,logspline,0.13,-2.4167576062238743,-2.3626119733792716,0.867530399046196,-3.4661010898323634,-2.9354760444573924,-1.99221970100868,-1.2116955585513352,50
1,20,d3,logspline,0.14,-2.2636606422549983,-2.2119125133738318,0.8305693257361526,-3.2782062863461072,-2.7620763954404364,-1.8466777208150682,-1.1059646911322143,50
1,20,d3,logspline,0.15000000000000002,-2.1256043728688496,-2.077611038762403,0.7934868978800849,-3.1060749325860764,-2.604867812686584,-1.7330095025274126,-1.017575975474877,50
1,20,d3,logspline,0.16,-2.001888720713927,-1.957664158004693,0.7564761328445363,-2.9477206434907313,-2.4622667694620506,-1.6217789133808338,-0.9444805053821148,50
1,20,d3,logspline,0.17,-1.8908483184016842,-1.850378155424707,0.7197437297545478,-2.801517058432985,-2.331397114610021,-1.518944733403212,-0.8849900355127684,50
1,20,d3,logspline,0.18000000000000002,-1.7910860848702868,-1.7543286000335752,0.6834988883047748,-2.666115173724919,-2.2064948260075505,-1.4275870235981467,-0.8376948118376464,50
1,20,d3,logspline,0.19,-1.703774694267502,-1.6683011588626318,0.6479446042316431,-2.540661071701827,-2.091427522473922,-1.3465255792680673,-0.7996227182047387,50
1,20,d3,logspline,0.2,-1.6294899553755173,-1.591246761784826,0.6132716385489273,-2.4252297431958563,-1.9852331725296535,-1.2747418164400275,-0.7484033008761873,50
1,20,d3,logspline,0.21,-1.5854931171457243,-1.5222466129945302,0.5796549403257681,-2.31770981395546,-1.8870864312962827,-1.2113466968440318,-0.705308761956284,50
1,20,d3,logspline,0.22,-1.5219119062658608,-1.460486879690219,0.5472481971343255,-2.2173919490245657,-1.796273061150977,-1.1555561903803813,-0.6701270440468869,50
1,20,d3,logspline,0.23,-1.4649045137169527,-1.4052384661417918,0.5161791393170189,-2.1236593943641258,-1.7121700398375415,-1.1066722801040012,-0.6417188621120177,50
1,20,d3,logspline,0.24,-1.4121694351854743,-1.3558419136931312,0.4865458278659528,-2.0364317810352577,-1.635515012837435,-1.0607661536048942,-0.6199951052786403,50
1,20,d3,logspline,0.25,-1.3538668836461913,-1.3116925045352565,0.4584253061227523,-1.955767080441781,-1.5920563486805284,-1.018008013412613,-0.6060714995115026,50
1,20,d3,logspline,0.26,-1.305678316192262,-1.2722289852299475,0.43187821563739043,-1.880253521410002,-1.5491499119994927,-0.9794384926702093,-0.5888124538094519,50
1,20,d3,logspline,0.27,-1.267901033970802,-1.2369288129102192,0.4069386932307021,-1.8095130826878085,-1.4930175167285555,-0.9476465257507592,-0.5734274982668615,50
1,20,d3,logspline,0.28,-1.2340966092245629,-1.2053061280029929,0.3836055681006475,-1.743206788220387,-1.4413645399255977,-0.9588485395899335,-0.5613099910856545,50
1,20,d3,logspline,0.29000000000000004,-1.2038428855703862,-1.1769142591924322,0.36184053143682576,-1.681029181935884,-1.3938613076220203,-0.947294099830383,-0.5530250886627757,50
1,20,d3,logspline,0.3,-1.17370674655987,-1.151354664474021,0.3415694236349483,-1.6232063743066123,-1.3502062013552543,-0.9318851741962431,-0.5484486798560354,50
1,20,d3,logspline,0.31,-1.16775009696247,-1.1282883179949141,0.32269616563762893,-1.5748279427672842,-1.3101219464944174,-0.9194823887163269,-0.5471977912572241,50
1,20,d3,logspline,0.32,-1.1409192379841184,-1.107426958356651,0.3051232424659028,-1.5464934925282454,-1.2739664922431952,-0.9097436748082189,-0.5489087471617062,50
1,20,d3,logspline,0.33,-1.1132854297262553,-1.0885284192754612,0.28875048898196565,-1.51830857457968,-1.2562760005028029,-0.8999392643951596,-0.5855540945278976,50
1,20,d3,logspline,0.34,-1.1116013943026255,-1.0713944738681975,0.2734732816108143,-1.4903574923067948,-1.2297295807638542,-0.894696661675436,-0.624425774197467,50
1,20,d3,logspline,0.35000000000000003,-1.1002644371034092,-1.0558586437577073,0.25919285064510833,-1.4585068280331908,-1.1959943746918111,-0.8938831633151628,-0.6375994383314183,50
1,20,d3,logspline,0.36000000000000004,-1.086480620346086,-1.0417721893414476,0.24581627454016633,-1.415738728707113,-1.1766095985166167,-0.8989217173952685,-0.6432209866424916,50
1,20,d3,logspline,0.37,-1.064719572969203,-1.0289994234907178,0.23325571074348594,-1.3754318801910916,-1.1643637474912287,-0.8969362501933867,-0.6499742564409818,50
1,20,d3,logspline,0.38,-1.0435218244508844,-1.0174169424485777,0.22143036744814656,-1.3402439514257005,-1.14169916694623,-0.8983948981658593,-0.6583010499011288,50
1,20,d3,logspline,0.39,-1.0254326676834757,-1.0069126694671442,0.2102685443507704,-1.3075676916512458,-1.1244744501115198,-0.9010120014705804,-0.6679736795700641,50
1,20,d3,logspline,0.4,-1.0122122493693113,-0.9973846988586412,0.19970877190224687,-1.2766580966229433,-1.1127607297278457,-0.8885136866832012,-0.6787745603150979,50
1,20,d3,logspline,0.41,-1.0003340283508957,-0.9887402201239448,0.18970008897674742,-1.2533699758138588,-1.1005575542421262,-0.8771617013846916,-0.6897781752381986,50
1,20,d3,logspline,0.42,-0.9856589680217434,-0.9808942775168583,0.18020253245491463,-1.239454372950362,-1.090783329414567,-0.8811498693894279,-0.695012902276051,50
1,20,d3,logspline,0.43,-0.972794349169395,-0.9737676200236343,0.1711899977734942,-1.2255409816906,-1.0804083353767342,-0.8773804713855373,-0.7000362873174449,50
1,20,d3,logspline,0.44,-0.97054128475127,-0.9672847446982953,0.1626505502626249,-1.211703456264504,-1.0722759763919572,-0.8706711529270096,-0.7060773913266082,50
1,20,d3,logspline,0.45,-0.9640694160062622,-0.9613727086893178,0.15458399362396827,-1.1979973636601284,-1.066972880479074,-0.8677886102995148,-0.7129903355176048,50
1,20,d3,logspline,0.46,-0.9578611120485994,-0.9559612334257,0.1469984049873718,-1.1844642249987543,-1.0561693281457571,-0.8709273309909508,-0.7155843952516282,50
1,20,d3,logspline,0.47,-0.9469812144992324,-0.9509828183729472,0.13990631284635885,-1.1723209087298248,-1.0458301975898077,-0.8857481781258909,-0.7145116537627371,50
1,20,d3,logspline,0.48,-0.9410935329747139,-0.9463731572922502,0.13331876132958764,-1.1613557342799634,-1.0334068294717844,-0.8852599232124698,-0.7142795691491428,50
1,20,d3,logspline,0.49,-0.9398245859795407,-0.942072950075121,0.12723859664219322,-1.1500933264490307,-1.0188823108750324,-0.8814156223507699,-0.7147831139452058,50
1,20,d3,logspline,0.5,-0.9352884151132443,-0.9380284100452243,0.12165910855308582,-1.138624295114113,-1.0130990707180167,-0.8718569534957074,-0.7159216114528639,50
1,20,d3,logspline,0.51,-0.9336007515273257,-0.9341908735663549,0.11656475128048487,-1.1270234832105874,-1.0103234161472012,-0.8668576656826232,-0.7175985576521176,50
1,20,d3,logspline,0.52,-0.9297606867759437,-0.930516395175523,0.11193220078715906,-1.1153527765455302,-1.007357618925016,-0.8586983377457462,-0.7238372504301127,50
1,20,d3,logspline,0.53,-0.9269429076904427,-0.9269653241881853,0.10773162275495204,-1.1015758385737682,-1.0034724038469478,-0.8547953044150193,-0.7384192317425271,50
1,20,d3,logspline,0.54,-0.9216571814910015,-0.9235019005024032,0.10392807429806294,-1.0878067074098947,-0.9985257110778384,-0.857713498700498,-0.7521670819002526,50
1,20,d3,logspline,0.55,-0.9201898851971374,-0.9200938905962908,0.10048296684948765,-1.0744048083880045,-0.9948879561051845,-0.8578346820685666,-0.7556423746504579,50
1,20,d3,logspline,0.56,-0.9139745922184983,-0.916712318596937,0.0973555141841694,-1.0615126667675487,-0.9928196971066218,-0.854051659583652,-0.7572004169872649,50
1,20,d3,logspline,0.5700000000000001,-0.9085734657703082,-0.9133315015531546,0.09450408282944647,-1.0491805619645946,-0.9898450351974681,-0.8525209273701668,-0.7580423697184921,50
1,20,d3,logspline,0.5800000000000001,-0.907411864804591,-0.9099289830250238,0.09188749876576277,-1.03769372586737,-0.9851413748448703,-0.8483187120668896,-0.7588364465541653,50
1,20,d3,logspline,0.59,-0.907769545835257,-0.9064853039025194,0.08946633884367243,-1.029670684742071,-0.9798818988661803,-0.8482835149418462,-0.7542645987644636,50
1,20,d3,logspline,0.6,-0.9051460101871247,-0.9029840887221127,0.08720434287081145,-1.022040599468496,-0.9746566130808626,-0.8493828601342005,-0.7484371400272236,50
1,20,d3,logspline,0.61,-0.9020559177194244,-0.8994119640649347,0.08506934454419054,-1.0132557550258325,-0.9687192160677868,-0.8513352178143946,-0.7430797510448719,50
1,20,d3,logspline,0.62,-0.8997368876414391,-0.8957584708223277,0.08303338430478278,-1.0045096234420852,-0.9625309482546591,-0.8530665359699776,-0.7409788055017148,50
1,20,d3,logspline,0.63,-0.8961982842416998,-0.8920159294737441,0.08107270757023771,-0.9976578364452979,-0.9561873080305198,-0.8524757856098688,-0.7410598361919142,50
1,20,d3,logspline,0.64,-0.8939334355002173,-0.8881791064032529,0.07916781956734102,-0.9890080601013747,-0.9501078187335696,-0.8515197716107665,-0.7408117590246672,50
1,20,d3,logspline,0.65,-0.8918382766822657,-0.8842449123052606,0.07730334779498607,-0.9804166330185631,-0.9458369217659823,-0.8500111828951574,-0.7400000542379017,50
1,20,d3,logspline,0.66,-0.8896266944986169,-0.8802122755791733,0.0754678268729833,-0.9737192262233245,-0.9418335313016043,-0.8470918957284459,-0.7392648104877046,50
1,20,d3,logspline,0.67,-0.8872917461483029,-0.8760825107721851,0.07365360665035697,-0.9668429304522166,-0.9347007933968408,-0.8441801800061054,-0.7385663827868744,50
1,20,d3,logspline,0.68,-0.8848276568722955,-0.8718589964022534,0.07185629791101093,-0.961340334641124,-0.9290074081417621,-0.8405089992619905,-0.7333478048941231,50
1,20,d3,logspline,0.6900000000000001,-0.8810113186429639,-0.8675464357459077,0.07007406239947027,-0.9559667478038875,-0.9233640074432139,-0.8353556971318233,-0.7285741991013528,50
1,20,d3,logspline,0.7000000000000001,-0.8756425953518991,-0.8631498875192299,0.06830680471630628,-0.9505321659537038,-0.9158539813684552,-0.8297591106006011,-0.7242157409705237,50
1,20,d3,logspline,0.7100000000000001,-0.8724366100832956,-0.8586741092395246,0.06655554697014165,-0.9450298980896649,-0.9078934688345164,-0.8252036621933693,-0.7202435606206892,50
1,20,d3,logspline,0.72,-0.8687253826300754,-0.8541233858748883,0.06482215551934445,-0.9395863985658508,-0.9023763758585711,-0.8230582154785722,-0.7166297056340585,50
1,20,d3,logspline,0.73,-0.8641422309927209,-0.8495016751782569,0.06310909719828331,-0.9328937574489476,-0.8958561163715003,-0.8231999162715951,-0.7133471069653676,50
1,20,d3,logspline,0.74,-0.8600468795590482,-0.8448127092412688,0.061419191915362235,-0.925106783208185,-0.8890342631424356,-0.8196373416613963,-0.7103695476115206,50
1,20,d3,logspline,0.75,-0.8563783068284925,-0.8400600319607892,0.05975540529013754,-0.9173475975155807,-0.88297364953152635,-0.8155563941607962,-0.7076716338216864,50
1,20,d3,logspline,0.76,-0.8524526126814549,-0.8352470170904474,0.05812069190315422,-0.9095114276329666,-0.8759584753422359,-0.811144673762306,-0.705139601183583,50
1,20,d3,logspline,0.77,-0.8460284141236145,-0.8303769141665609,0.056517892945042274,-0.902260262293166,-0.8692831304981867,-0.8067241479412598,-0.7026768642375585,50
1,20,d3,logspline,0.78,-0.8372763860534744,-0.8254528902866386,0.05494966347390176,-0.8962753702246848,-0.863959693326166,-0.8017950085865433,-0.7026391976676487,50
1,20,d3,logspline,0.79,-0.8302583723600552,-0.8204780639709399,0.05341842091422431,-0.890320396749646,-0.8586369183950183,-0.7977362880362039,-0.7028055883538141,50
1,20,d3,logspline,0.8,-0.8224032688065985,-0.8154555327949119,0.05192631131667139,-0.884247008463032,-0.8536627526073173,-0.7934085918153377,-0.7027618075681963,50
1,20,d3,logspline,0.81,-0.817642750097294,-0.8103883961369106,0.05047519170180568,-0.8780128586245948,-0.846801904539014,-0.7886819208510059,-0.7026619119099828,50
1,20,d3,logspline,0.8200000000000001,-0.8122335010189567,-0.8052797740148462,0.04906662809292005,-0.8716324356660077,-0.8417909309770765,-0.7838731838320223,-0.7024845144050724,50
1,20,d3,logspline,0.8300000000000001,-0.8080095518073225,-0.8001328143512548,0.04770190319354195,-0.8651214105211613,-0.8353898631124587,-0.7785456253788796,-0.7022091639805361,50
1,20,d3,logspline,0.8400000000000001,-0.8036711251939554,-0.7949506802613235,0.046382028080100175,-0.8593261037010569,-0.8289210921113264,-0.7727103321893899,-0.7018163394982007,50
1,20,d3,logspline,0.85,-0.8006875444096655,-0.7897365564592941,0.0451077905399211,-0.8534069756034652,-0.8223959081227835,-0.7670083564152067,-0.7012874448883469,50
1,20,d3,logspline,0.86,-0.7950603233885991,-0.7844936477694968,0.043879808609510115,-0.8474370229129804,-0.8158283086656652,-0.761362435639799,-0.7006048052640697,50
1,20,d3,logspline,0.87,-0.7900109310408543,-0.7792251390216286,0.04269854553758253,-0.8417053030151467,-0.8086917819025143,-0.7556696833844602,-0.6997516638975235,50
1,20,d3,logspline,0.88,-0.7852576811314398,-0.7739342907921122,0.04156450371770029,-0.8353432533726071,-0.8016972378751757,-0.7500230191669993,-0.6987121799391189,50
1,20,d3,logspline,0.89,-0.7804125510920245,-0.7686244956533008,0.04047854404315236,-0.828305990486683,-0.7972479977487557,-0.7444531990489622,-0.6974714267835498,50
1,20,d3,logspline,0.9,-0.7748169244552183,-0.7632992103948719,0.039441967776207995,-0.821252228604518,-0.7910841691164154,-0.7386968213149946,-0.6960155978964664,50
1,20,d3,logspline,0.91,-0.7685218576594439,-0.7579620003727466,0.03845631373944209,-0.8141922965679856,-0.7848836257753952,-0.732824949682938,-0.6942002707641319,50
1,20,d3,logspline,0.92,-0.76076511459390606,-0.7526165560738125,0.03752312847537048,-0.8071354295797757,-0.7791068344084457,-0.7281072369531382,-0.6920862991992545,50
1,20,d3,logspline,0.93,-0.7523044134970482,-0.7472666457930643,0.03664376995756325,-0.8000898805081187,-0.7729907452472887,-0.723255556586947,-0.6889745688842766,50
1,20,d3,logspline,0.94,-0.7442341143095335,-0.741916085823638,0.03581913304390214,-0.793063018616283,-0.7664301139107645,-0.7183346976639273,-0.6845848257386471,50
1,20,d3,logspline,0.95,-0.7370442220240898,-0.7365687237641082,0.035049325559211385,-0.7877844210883982,-0.7600186463519021,-0.7133538595837717,-0.6800378047409643,50
1,20,d3,logspline,0.96,-0.7314051158389978,-0.7312281888718588,0.03433337199754146,-0.7825204223088229,-0.7537490582424842,-0.707949096482652,-0.6753446291952676,50
1,20,d3,logspline,0.97,-0.7273940123791216,-0.725897350668554,0.033669150414162165,-0.777454445723532,-0.7475639483886324,-0.702031830218776,-0.6705182302901725,50
1,20,d3,logspline,0.98,-0.7231279334595908,-0.7205782605172977,0.033053521300330624,-0.7722729377399871,-0.7425213861346696,-0.6968714544973693,-0.6655730482586575,50
1,20,d3,logspline,0.99,-0.7173736139506293,-0.7152722256105745,0.03248247984018169,-0.7669583961779527,-0.7359037831422663,-0.6928087082069996,-0.6614963603263904,50
1,20,d3,logspline,1,-0.711875716471074,-0.7099799299407942,0.03195126905178057,-0.7615190962339466,-0.729719116135409,-0.6869623227593935,-0.6582376968768303,50
1,50,d0,ecdf,0.01,0.6110092616562588,Inf,NA,-0.49876020457756154,0.1629652493779409,1.314361940846268,2.1088753984332542,48
1,50,d0,ecdf,0.02,0.4994299772518273,0.5660984300936001,0.5605218611418026,-0.2709120770703953,0.23706571278433633,0.8561049211905597,1.5739458489744609,50
1,50,d0,ecdf,0.03,0.4994174628376174,0.5203269703837358,0.43052395476217975,-0.1807173281058448,0.263028684773387,0.7878195468940494,1.2615575148845142,50
1,50,d0,ecdf,0.04,0.450609778834084,0.47757021116298476,0.3489437642760194,-0.11578569608671734,0.2864618903193701,0.707387338863617,0.9301828590959704,50
1,50,d0,ecdf,0.05,0.4993774180952942,0.4692843518511009,0.2899974596957834,0.01579285192485428,0.28426603847834875,0.6272107896051791,0.9183834409063178,50
1,50,d0,ecdf,0.06,0.4665600657344901,0.4513448484816537,0.26197525609177924,0.05039966850957782,0.24347949569080507,0.6330156502024425,0.8619254157536989,50
1,50,d0,ecdf,0.06999999999999999,0.4170792566963683,0.4399463330846578,0.25001816331263205,0.11215983647702249,0.25362114061544905,0.6206782119376079,0.8405923676217169,50
1,50,d0,ecdf,0.08,0.3927332101344905,0.4169016620256327,0.22458476803763702,0.11831432308474643,0.26128429607849996,0.5705742975640161,0.7908523234679041,50
1,50,d0,ecdf,0.09,0.4039781160935668,0.4152761001891961,0.21507400308286215,0.10797419328603038,0.31691572129867884,0.5446996521693906,0.8128827852458308,50
1,50,d0,ecdf,0.1,0.39487030390031574,0.40596014990224283,0.18914395480247614,0.1269602956952859,0.30033887771081474,0.49423907963193486,0.7766051491714614,50
1,50,d0,ecdf,0.11,0.37133582340689963,0.38662571750242897,0.18416030269160563,0.12806235329571483,0.2615723214388777,0.4766937941152123,0.7349249802305349,50
1,50,d0,ecdf,0.12,0.366617108774726,0.37864083873214455,0.17531270639848326,0.0849534300183442,0.2528868121995633,0.5075526646887918,0.6925126972578987,50
1,50,d0,ecdf,0.13,0.3426710398398576,0.37147035261042693,0.18095648850712104,0.07450673357693202,0.24558162904455394,0.4877370014104341,0.6761632211612258,50
1,50,d0,ecdf,0.14,0.32860420575251836,0.36324354098007017,0.1639156619446469,0.09176090989173186,0.25880844381697643,0.4744186324670874,0.6456620654489709,50
1,50,d0,ecdf,0.15000000000000002,0.3277287803827316,0.3517857913424406,0.15740902209139881,0.11352887431522643,0.25201695864703527,0.4343385154409898,0.6199433632744027,50
1,50,d0,ecdf,0.16,0.3322403046354856,0.33574857815123393,0.14186738747473465,0.1068002276953752,0.24853619707746338,0.40066443827906817,0.5588779004743067,50
1,50,d0,ecdf,0.17,0.32132157541036854,0.32176357195646577,0.1380942715822945,0.09934471355194754,0.24088787468071757,0.41687693439803963,0.5225276326765358,50
1,50,d0,ecdf,0.18000000000000002,0.2979587740004631,0.3103773897728856,0.13711464504932866,0.07207715041239672,0.23626520499512327,0.41347166112230754,0.5047747847915831,50
1,50,d0,ecdf,0.19,0.311848568282196,0.2940960369977212,0.13437009347814674,0.048407866434915715,0.20248416198855548,0.38897476254900143,0.48806566519323247,50
1,50,d0,ecdf,0.2,0.2955069585340078,0.2853304633172008,0.13182102303458657,0.054488133641523995,0.18185070010933402,0.3918372897788207,0.47531746971053435,50
1,50,d0,ecdf,0.21,0.2809314573264807,0.2651965488704025,0.12351309110327753,0.04377998692198176,0.1790358797744401,0.36694946313788657,0.43970862454846543,50
1,50,d0,ecdf,0.22,0.26784608792247533,0.24922023984542047,0.11784232940172486,0.04119509936924315,0.18807460297016773,0.33889749270475145,0.4083825057251168,50
1,50,d0,ecdf,0.23,0.24246992505265552,0.23313462472520768,0.11540189908324357,0.040050913482925686,0.15700087223703882,0.3157955297502379,0.39708615668616476,50
1,50,d0,ecdf,0.24,0.2356353975532896,0.2241234039841266,0.10954180131994967,0.04390064853935676,0.15707637375970682,0.29336389627774556,0.3851046856996385,50
1,50,d0,ecdf,0.25,0.23245961578807178,0.21518184698080087,0.10485207160222824,0.03843317873850196,0.13602747157568404,0.28923839490273395,0.3602104658642137,50
1,50,d0,ecdf,0.26,0.21780675788695525,0.19706848531621154,0.10047683271383383,0.024638394214267438,0.1261969178787961,0.2593388594865939,0.3414038125408983,50
1,50,d0,ecdf,0.27,0.2043952804506664,0.18054009548526362,0.0985103648462242,0.019986677119896275,0.11844214905465411,0.24383701250196316,0.30703886408341974,50
1,50,d0,ecdf,0.28,0.1764324473595829,0.16220264041582244,0.09516716526913052,0.005468725660679413,0.100402905093465,0.22827408223115658,0.28705399192242426,50
1,50,d0,ecdf,0.29000000000000004,0.16580397178081704,0.14530732422690662,0.0950193371341369,-0.020500514332545475,0.06806919783661654,0.20492816024358884,0.2847670524517532,50
1,50,d0,ecdf,0.3,0.14419187912279346,0.13193968413986482,0.09345747433380343,-0.021246376457917316,0.06108859782212173,0.18848347932066734,0.27431734694493193,50
1,50,d0,ecdf,0.31,0.13105466770084623,0.11692385798604071,0.08874088389190324,-0.03135499597643938,0.05360055390541299,0.1698255512307628,0.2504587136059154,50
1,50,d0,ecdf,0.32,0.10610913304414689,0.10022494745090987,0.08981899354865762,-0.05028366444071351,0.03570703367873504,0.15929546668213257,0.2451969736446053,50
1,50,d0,ecdf,0.33,0.08120371986952737,0.08564078410053468,0.08724491290040826,-0.05241473028245355,0.028616684431762324,0.13883283270616356,0.23716683393414156,50
1,50,d0,ecdf,0.34,0.06019648931374442,0.069452455113377,0.08424145356451494,-0.07025219304780456,0.024716969882864058,0.1260047853852426,0.2068572232364299,50
1,50,d0,ecdf,0.35000000000000003,0.0498660791343235,0.05225417113749813,0.08077074150139273,-0.0948876331832007,0.00168381416121745,0.11307593113628232,0.17916924565896117,50
1,50,d0,ecdf,0.36000000000000004,0.036676908271309115,0.039194032512033364,0.07938554645256435,-0.10080023813541487,-0.011283640628848,0.08981375829313212,0.15702657792179986,50
1,50,d0,ecdf,0.37,0.02265052019550592,0.027157642348407975,0.07876528918859305,-0.10562309043245117,-0.022610767893985244,0.08069612089986468,0.14882499713585587,50
1,50,d0,ecdf,0.38,0.01601063511458968,0.015727643178191593,0.07529863040269093,-0.11640138917380376,-0.030915557239023467,0.05842971811282059,0.13540493840575632,50
1,50,d0,ecdf,0.39,-0.00279904400818495,-0.00117627587153804,0.07321070545735786,-0.12704338075139626,-0.038748530592624106,0.04179433153463366,0.11300603288224353,50
1,50,d0,ecdf,0.4,-0.01287556356489458,-0.0141617653195288,0.07063971874588951,-0.1348867960493737,-0.054840112841003846,0.027009558012434123,0.10223465096923866,50
1,50,d0,ecdf,0.41,-0.023838907342269844,-0.025900947673959934,0.06838119813220438,-0.1441669119605093,-0.0706238284727717,0.010125113181941755,0.09243136022105097,50
1,50,d0,ecdf,0.42,-0.03418814693916582,-0.039559390586004016,0.06315694971341886,-0.14617007070646043,-0.07674874489647762,-0.01578804510679048,0.06310174949765951,50
1,50,d0,ecdf,0.43,-0.05073431464303706,-0.051250785269993236,0.06343074352642097,-0.14493814233164937,-0.08452654642328544,-0.0261800965130999,0.062299034868182224,50
1,50,d0,ecdf,0.44,-0.06240193495160877,-0.06426983901982872,0.06101889854872913,-0.16302189423637248,-0.10009683720590075,-0.03199711327588655,0.02902019125706404,50
1,50,d0,ecdf,0.45,-0.07470537816144435,-0.07677839902965644,0.06209060653010403,-0.17591361820752047,-0.10566839487398376,-0.04275456946341454,0.018177738414662813,50
1,50,d0,ecdf,0.46,-0.08756683492682646,-0.08630815913412454,0.06265273651765499,-0.1794451641556375,-0.11690168918948374,-0.04664431790506768,0.01389968505846609,50
1,50,d0,ecdf,0.47,-0.10092282092403856,-0.09776147029239259,0.06264843660872553,-0.19281273232356555,-0.13098288772983965,-0.05591015733765485,-8.941247721234684e-4,50
1,50,d0,ecdf,0.48,-0.11244081705999304,-0.10901121074656331,0.060969805771016135,-0.20059683546172632,-0.14155088436978852,-0.06889204391847525,-0.017736145930134277,50
1,50,d0,ecdf,0.49,-0.12117984633958044,-0.12054354004468726,0.06161047518266116,-0.21115321794425726,-0.158531311442552,-0.08235197176717096,-0.018791237838993235,50
1,50,d0,ecdf,0.5,-0.13058826587747724,-0.13131315551732622,0.059034588836214034,-0.2236554450197134,-0.15911692388214224,-0.0856497720002697,-0.03748222241493917,50
1,50,d0,ecdf,0.51,-0.14060556987497877,-0.14183201442218998,0.05626192504732873,-0.22850620870608562,-0.16932449830832008,-0.10349895971384544,-0.052615543687906954,50
1,50,d0,ecdf,0.52,-0.15117412863985163,-0.15140292645569492,0.054581938180862946,-0.2311167016922304,-0.17906438262168403,-0.11098159181922747,-0.06129302144625373,50
1,50,d0,ecdf,0.53,-0.16223933977812394,-0.16063938485774062,0.0534461013697312,-0.24487034204876218,-0.19169988962926557,-0.127811729161806,-0.0730298476682087,50
1,50,d0,ecdf,0.54,-0.16993836704242837,-0.17114085105481885,0.0517047010171258,-0.2542479866620225,-0.19586239969478583,-0.13988324042792774,-0.08297739297304177,50
1,50,d0,ecdf,0.55,-0.17918138983640053,-0.1793482638163795,0.050302258636866055,-0.26293467690647254,-0.20487087595171133,-0.14754400400412673,-0.09476835728388401,50
1,50,d0,ecdf,0.56,-0.18712576345223514,-0.18808430796783737,0.048144039338129704,-0.27067429126092685,-0.21657019161057206,-0.15303711296299552,-0.11278203221318608,50
1,50,d0,ecdf,0.5700000000000001,-0.1938695727488904,-0.1966738454463413,0.044405464184842494,-0.2697812160879095,-0.21746214564707367,-0.16607299958681004,-0.12382336544524689,50
1,50,d0,ecdf,0.5800000000000001,-0.19862652878592776,-0.2036655423014759,0.0441739703078107,-0.28103251829383685,-0.2259277186242971,-0.1736609007691138,-0.13190202928770592,50
1,50,d0,ecdf,0.59,-0.21080920922964153,-0.21050816302407901,0.04439973814543884,-0.2848796295198579,-0.23035826434043333,-0.18570657055233836,-0.13661032982146482,50
1,50,d0,ecdf,0.6,-0.21590862825642398,-0.21876407445651858,0.04319770707499503,-0.28845287178483137,-0.24706856458185153,-0.1934547551600474,-0.14869816553946363,50
1,50,d0,ecdf,0.61,-0.217610313989716,-0.22558612469013015,0.04198487084555788,-0.2910905040146702,-0.2537036333027583,-0.2029639984724769,-0.15923332505222612,50
1,50,d0,ecdf,0.62,-0.2248082782058881,-0.23277885708902482,0.042572615418969874,-0.30522738311412756,-0.2623732930303274,-0.21009927862635816,-0.16437320224306767,50
1,50,d0,ecdf,0.63,-0.2348295001651198,-0.23994680721981743,0.043339835438310034,-0.3074158099993647,-0.27552841018771185,-0.21541049254894323,-0.16877154282628248,50
1,50,d0,ecdf,0.64,-0.2376880382146167,-0.24526140007140546,0.04366771402623375,-0.3144833386655901,-0.28236788106786215,-0.22285018604170592,-0.1792934272621743,50
1,50,d0,ecdf,0.65,-0.24785793248453392,-0.2518660985298931,0.04268916005475612,-0.3205515592930679,-0.28045694170604735,-0.22777459689663437,-0.1869835401246452,50
1,50,d0,ecdf,0.66,-0.25476460356200303,-0.25706249781507645,0.04261536951198209,-0.32399200455050603,-0.2873655604262627,-0.22700533392772831,-0.19202575080026352,50
1,50,d0,ecdf,0.67,-0.26073268091388546,-0.26280776863217264,0.04033126274590394,-0.3254151941459862,-0.2854755770475304,-0.23861286999086512,-0.1990840859764415,50
1,50,d0,ecdf,0.68,-0.26443281675182184,-0.2679818524952398,0.040865951616022585,-0.3345912032385895,-0.2924499218303147,-0.24165284014544625,-0.2044311358608271,50
1,50,d0,ecdf,0.6900000000000001,-0.26938801542707047,-0.27313588449179027,0.04063409221256927,-0.34033743128088834,-0.2978723391481143,-0.24982519271206277,-0.20892884032542486,50
1,50,d0,ecdf,0.7000000000000001,-0.27219624697969746,-0.2784496254331184,0.041138584093203076,-0.3443148267866462,-0.30377781902999645,-0.25330229761973583,-0.2155699399270578,50
1,50,d0,ecdf,0.7100000000000001,-0.27755814800582457,-0.28404702140515287,0.039700636457000435,-0.34726773233878505,-0.3063208979446811,-0.25935950094216453,-0.2245609360159122,50
1,50,d0,ecdf,0.72,-0.282118030742635,-0.28709608990361773,0.039677361256228186,-0.35587604366270126,-0.3066065135140721,-0.2639234595238167,-0.22541354981478157,50
1,50,d0,ecdf,0.73,-0.2915977998759039,-0.2923108438394791,0.03759415805982429,-0.3554001352424042,-0.3109192595916546,-0.26448351203566406,-0.23726417335019978,50
1,50,d0,ecdf,0.74,-0.2939614445353366,-0.2973091028934522,0.035973564935904874,-0.36235917707255616,-0.31572101952518783,-0.274254671076156,-0.24434010761863784,50
1,50,d0,ecdf,0.75,-0.29810716576496393,-0.30159788737999665,0.03539907439449517,-0.36402099133647525,-0.3191981037853091,-0.278426333731099,-0.249047804543531,50
1,50,d0,ecdf,0.76,-0.2997434359962277,-0.3058339604392708,0.033760780813413056,-0.3625547761389647,-0.32288248659148794,-0.2843188263862161,-0.255478180603362,50
1,50,d0,ecdf,0.77,-0.30312343149117715,-0.30992996064947553,0.03373648820478756,-0.37087974018783243,-0.32589831292447363,-0.2885463873438124,-0.261008996282489,50
1,50,d0,ecdf,0.78,-0.3070038591269969,-0.31410409934116046,0.033810304629428196,-0.3745690403055406,-0.33253232674402255,-0.2926656857111189,-0.26584012321293105,50
1,50,d0,ecdf,0.79,-0.30849900255905893,-0.31662379754854264,0.033347103783265754,-0.3756483203191475,-0.33507692565969854,-0.2984187581379477,-0.2686912858601565,50
1,50,d0,ecdf,0.8,-0.31448205197650253,-0.3205551608498226,0.03326453380007463,-0.3768188387412835,-0.3394904599834235,-0.302878732371097,-0.271930008151096,50
1,50,d0,ecdf,0.81,-0.3175340936859729,-0.3239005780180869,0.03405452822224539,-0.3847106573374073,-0.3435236839860899,-0.30526400109415835,-0.2723406895677854,50
1,50,d0,ecdf,0.8200000000000001,-0.31942602144531995,-0.3257466002708851,0.03390465763963546,-0.387615783442926,-0.3442616126985176,-0.3051082846409842,-0.27492385336622577,50
1,50,d0,ecdf,0.8300000000000001,-0.323977910643636,-0.32935574717631344,0.033836675724402486,-0.39293762287267286,-0.34736719920023706,-0.3063408014728298,-0.28218044293301525,50
1,50,d0,ecdf,0.8400000000000001,-0.32682935899188637,-0.33125229323625793,0.03273167347852023,-0.38991470896318875,-0.3449563898513891,-0.31294649295316934,-0.2806581243830775,50
1,50,d0,ecdf,0.85,-0.3285770574166276,-0.3342953526165406,0.0331221345427729,-0.39545386013251516,-0.35108405092613665,-0.3159383744990907,-0.2862490290675076,50
1,50,d0,ecdf,0.86,-0.33132891276810567,-0.3370745869350921,0.03337250261770465,-0.3998869392889344,-0.3527692440059751,-0.3188660567813608,-0.29017782092408984,50
1,50,d0,ecdf,0.87,-0.33554987235892025,-0.33932203405777556,0.032745357150181294,-0.39989386007227834,-0.35592147666145435,-0.31967412421215957,-0.2943135338311046,50
1,50,d0,ecdf,0.88,-0.335666784006186,-0.3410187970841412,0.0330770829894399,-0.4052283956538071,-0.3582718728404256,-0.32353367203276645,-0.29337638189398135,50
1,50,d0,ecdf,0.89,-0.34075205883658544,-0.34343847969666264,0.033440605146410354,-0.40563013348001836,-0.35912595926151275,-0.32580409740071237,-0.29236649014540816,50
1,50,d0,ecdf,0.9,-0.34083486654841433,-0.3460697046187696,0.032551965072734404,-0.4050392782043958,-0.3602158496349157,-0.32927302274112613,-0.2941152210321759,50
1,50,d0,ecdf,0.91,-0.34335083005359207,-0.3477497988850536,0.03225523324148995,-0.40628998427311336,-0.3620073117043102,-0.3302280365577929,-0.2973039739633565,50
1,50,d0,ecdf,0.92,-0.34629692408079193,-0.3502990884506377,0.03192555619980084,-0.4092389106658413,-0.3616618713870826,-0.33359151747881194,-0.3004300577943755,50
1,50,d0,ecdf,0.93,-0.3487176668791602,-0.3522292625580936,0.031411274100146894,-0.4101952723233243,-0.3666640538175215,-0.3356981056223274,-0.30428109379917667,50
1,50,d0,ecdf,0.94,-0.3501677412247308,-0.35431768041176986,0.030824715712575453,-0.4126636164234496,-0.36447562466559413,-0.33871235181484277,-0.30771551639554906,50
1,50,d0,ecdf,0.95,-0.3534372539271561,-0.3557498423381124,0.03032515049309816,-0.413513705904137,-0.3639321356852269,-0.33911467018600655,-0.30734482441943733,50
1,50,d0,ecdf,0.96,-0.35709765791328457,-0.35763406760644484,0.029875268288449164,-0.4119600671293984,-0.3674508142368865,-0.34113349003557847,-0.3106978538869435,50
1,50,d0,ecdf,0.97,-0.3588991447223166,-0.3600827416798839,0.029374051800774594,-0.4132161854367772,-0.37288881950452823,-0.34221339101513965,-0.31356706172910104,50
1,50,d0,ecdf,0.98,-0.3615608439466063,-0.36141692536689596,0.029429863135643424,-0.41332498421136843,-0.37537829712545456,-0.3466533838394565,-0.3156899979752684,50
1,50,d0,ecdf,0.99,-0.3633048753961995,-0.36307126606524287,0.029403462081653908,-0.4163028665892585,-0.37696651670638076,-0.3456832740463801,-0.3151273334993685,50
1,50,d0,ecdf,1,-0.3645946043569471,-0.3640200372146077,0.029764460648956003,-0.4172990305889771,-0.37768354071798466,-0.3462852648260301,-0.3160902459632186,50
1,50,d0,logspline,0.01,0.3990921955994964,0.38842106075889016,0.348637343542025,-0.11933034215117189,0.24894422292429444,0.5716265529649758,0.8378409906291344,50
1,50,d0,logspline,0.02,0.3886875403542277,0.3905334911030977,0.3055500554905023,-0.052433360800074214,0.24244393780462686,0.5562589775002929,0.8166438386097096,50
1,50,d0,logspline,0.03,0.3792282208764592,0.38929511063014494,0.2766042536300569,-0.025372668235214956,0.2359246173124158,0.5407272390120509,0.7953011346276793,50
1,50,d0,logspline,0.04,0.36973434292863383,0.38564309170089495,0.25594996614129045,-0.00874486914497389,0.22938626229769968,0.5251116749720813,0.7738377069404396,50
1,50,d0,logspline,0.05,0.3602059106593612,0.3801225161518625,0.24040605209795862,0.024013970182279683,0.22282887395039308,0.5094149286852151,0.7522863523701493,50
1,50,d0,logspline,0.06,0.35064292940137737,0.37317242423635444,0.2279925151684178,0.0622452830620951,0.22363037623876614,0.49364112478039496,0.7306826408565561,50
1,50,d0,logspline,0.06999999999999999,0.341045405670617,0.36512799690568065,0.21754708274043225,0.05980929261844553,0.21590638239162147,0.47779497741753413,0.7090599851953888,50
1,50,d0,logspline,0.08,0.3314133471651025,0.356249479371598,0.20838751908939143,0.05439071468468326,0.208704913598522,0.4618815381532393,0.6874407017660276,50
1,50,d0,logspline,0.09,0.3301746883182514,0.34672744754820156,0.20010646500747517,0.0489575463886042,0.2066436159392187,0.4459796194157214,0.6658389728368423,50
1,50,d0,logspline,0.1,0.3202511707416944,0.33669920251127583,0.1924481631845897,0.04350978958436654,0.2074325636327916,0.43040565518350204,0.6442648034656412,50
1,50,d0,logspline,0.11,0.3111126946093128,0.32626848442671497,0.185244162990337,0.038047446343898575,0.19817860044835522,0.41478867156628957,0.6227258551135493,50
1,50,d0,logspline,0.12,0.30208979267452385,0.3155119346557613,0.17838747971757904,0.03257051895677095,0.19434797561243766,0.3991891427297317,0.6026923621143864,50
1,50,d0,logspline,0.13,0.29303683621972654,0.3044865463390723,0.17181116596884466,0.027079009930068156,0.19421360038528873,0.38667288080904666,0.583015325592201,50
1,50,d0,logspline,0.14,0.28276256127826493,0.29323596519466216,0.16547316240318344,0.02157292198823391,0.18575303567692747,0.37488827134673514,0.5634323553895284,50
1,50,d0,logspline,0.15000000000000002,0.27217499455198974,0.28179449837309417,0.15934733983793922,0.016052258072910868,0.17635649812626755,0.3634225603831305,0.5439500801050745,50
1,50,d0,logspline,0.16,0.2615761842785089,0.2701897292237278,0.1534180258309069,0.012661435301217433,0.16585633329321003,0.35193441354065275,0.5245748099209915,50
1,50,d0,logspline,0.17,0.25096876043470545,0.25844441611117847,0.14767639717805572,0.01052725109230157,0.15537029577435532,0.34042568178122823,0.5053126045124403,50
1,50,d0,logspline,0.18000000000000002,0.2403554009452515,0.24657793043226559,0.14211811420960918,0.008046579705753133,0.14490247587338528,0.32889824948794477,0.4861693182359149,50
1,50,d0,logspline,0.19,0.2285053554022285,0.23460730174790417,0.13674231380272336,0.004973466082225469,0.13626062298221978,0.31730985466597283,0.46557946569983466,50
1,50,d0,logspline,0.2,0.21997760041635595,0.22254788460329156,0.13155081167151167,0.0011785308146877635,0.1294520794497233,0.30119327875873153,0.4368178604526139,50
1,50,d0,logspline,0.21,0.2110213078132645,0.2104137669399634,0.12654729328027867,-0.0029140376846315957,0.12212543335193748,0.2850536674996219,0.4166495307835202,50
1,50,d0,logspline,0.22,0.201777314492883,0.19821808420946027,0.1217366860615793,-0.007303400358581761,0.11394542053268711,0.2689013480623962,0.39292258771593513,50
1,50,d0,logspline,0.23,0.19132388987813326,0.18597330834349465,0.11712475815600597,-0.011987209595904534,0.10506937072967942,0.2527470857632411,0.375062984550419,50
1,50,d0,logspline,0.24,0.17986170413207725,0.17369151134473068,0.11271780885796834,-0.016961858025786748,0.09378677682202737,0.23660203824857395,0.35764587812952764,50
1,50,d0,logspline,0.25,0.16685050950741281,0.16138448454729515,0.10852224220190297,-0.02222265095568153,0.08332383566959609,0.22232134837032017,0.34027962062895045,50
1,50,d0,logspline,0.26,0.1535330440656137,0.1490638145532689,0.10454413518252657,-0.02776392430078914,0.07536523181611166,0.2095559508779934,0.3229723891281761,50
1,50,d0,logspline,0.27,0.14017504642511813,0.13674094081796923,0.10078881664511309,-0.03357912342891478,0.06739558605311688,0.1958537023151819,0.3057324622487484,50
1,50,d0,logspline,0.28,0.1255352825183643,0.12442719667147831,0.09726045381903237,-0.03966085402249843,0.05800791692491747,0.18387989592425696,0.28856821183749337,50
1,50,d0,logspline,0.29000000000000004,0.11374940284336554,0.11213382183464449,0.09396165202756462,-0.04600091310495797,0.04819446764075623,0.16672848274055424,0.2714880943068739,50
1,50,d0,logspline,0.3,0.10204352181163182,0.09987196617878348,0.0908930879776553,-0.05252720878359879,0.03839634845362838,0.15185125774921215,0.2545006416442571,50
1,50,d0,logspline,0.31,0.0874372201912136,0.08765269106337142,0.08805319417369567,-0.058416079871743215,0.02697445397865235,0.13839546971137484,0.23761445210237608,50
1,50,d0,logspline,0.32,0.07436091831796607,0.07548696434456331,0.08543790785776739,-0.06453094048880009,0.016670264737582284,0.12491548958713955,0.22083818058365623,50
1,50,d0,logspline,0.33,0.06128973827279943,0.06338563099361576,0.08304053228400278,-0.07086045455427484,0.00522333561925651,0.10962193256751616,0.20418052873146053,50
1,50,d0,logspline,0.34,0.0499990834643577,0.051359355915671014,0.08085171369881833,-0.0773925055115966,-0.004689491592257328,0.09788804141470842,0.18765023474158737,50
1,50,d0,logspline,0.35000000000000003,0.03863419137437288,0.03941810788083164,0.07885987334771585,-0.08411419768654674,-0.017882932258563678,0.08538778193279176,0.17125606290762524,50
1,50,d0,logspline,0.36000000000000004,0.027231799136097034,0.02757071204347799,0.07705229660057329,-0.09101186074696008,-0.035244676836591715,0.07438628118429694,0.15500679291394942,50
1,50,d0,logspline,0.37,0.01598986877144354,0.015825490693557747,0.0754163103287123,-0.09807105853391074,-0.043795834202994904,0.06255398560076299,0.13932359385814155,50
1,50,d0,logspline,0.38,0.00354991757178513,0.004190727921873143,0.07393985897093013,-0.10527660330915903,-0.04975753061715195,0.052613158042055255,0.1258074092189856,50
1,50,d0,logspline,0.39,-0.008136258174751785,-0.007325235627146386,0.07261152415598972,-0.11261257626867992,-0.05839807761379175,0.04211340815887497,0.11239327096375286,50
1,50,d0,logspline,0.4,-0.018937943290127726,-0.018713918078646537,0.07142027104663425,-0.1203351518194859,-0.07022011230687061,0.02941122538236583,0.09908687853979208,50
1,50,d0,logspline,0.41,-0.031408996143013714,-0.029966472087060117,0.07035476566430242,-0.13170619227871133,-0.07801487804800517,0.016736799951859158,0.08589392992608452,50
1,50,d0,logspline,0.42,-0.040568252856195156,-0.04107395475253137,0.06940281374111638,-0.1461536616768524,-0.08762988882036284,0.00410299618503505,0.07316302114985812,50
1,50,d0,logspline,0.43,-0.05133202608360907,-0.05202767295787801,0.06855129241041172,-0.1554366784788609,-0.09656016888005811,-0.005927785341736793,0.060705521837526755,50
1,50,d0,logspline,0.44,-0.06510681167941432,-0.06281929391322714,0.0677863113358607,-0.16420356657481405,-0.10757170306072995,-0.015413734329332095,0.04637848307249172,50
1,50,d0,logspline,0.45,-0.07647727613307687,-0.07344119581961155,0.06709366242943701,-0.17333154905110804,-0.12066177182652797,-0.02488683774346358,0.03222141374253865,50
1,50,d0,logspline,0.46,-0.08377228615463747,-0.08388671076634552,0.06645940522896784,-0.1831637467927328,-0.13620513339056453,-0.035315079698966405,0.018440968604626087,50
1,50,d0,logspline,0.47,-0.09096130439247538,-0.09415004470229724,0.06587026762915443,-0.1944554506179062,-0.14996673650987088,-0.050518972957500415,0.006128426829487706,50
1,50,d0,logspline,0.48,-0.09804355855219474,-0.10422617887891011,0.06531391666257036,-0.2055350309635922,-0.16022585747822668,-0.06198271508691937,-0.005975987279070517,50
1,50,d0,logspline,0.49,-0.1053658151971963,-0.11411077982082095,0.06477911689859514,-0.21637300913311838,-0.16753201821509814,-0.071796643973167,-0.017870827087419622,50
1,50,d0,logspline,0.5,-0.11510363952682945,-0.12380009329397204,0.06425581739326774,-0.22694011948249596,-0.17472842733476693,-0.07934948444261741,-0.02955472613645109,50
1,50,d0,logspline,0.51,-0.12471709878162755,-0.13329079943771321,0.06373529973562807,-0.23720868631036895,-0.18181510945869528,-0.08678098137645851,-0.041026397711492996,50
1,50,d0,logspline,0.52,-0.1340437270501531,-0.14257994814004557,0.06321021322018494,-0.24715474944919535,-0.19011784618727562,-0.0941977242048679,-0.05228463448844997,50
1,50,d0,logspline,0.53,-0.14447945813462199,-0.1516648582369765,0.06267437925435088,-0.2567581911230873,-0.19865775656971102,-0.10224426227969594,-0.0633283082542665,50
1,50,d0,logspline,0.54,-0.15243948796858062,-0.16054298270706205,0.06212258879234203,-0.26600243898477766,-0.20860551000665134,-0.11211705427170164,-0.07415636969967429,50
1,50,d0,logspline,0.55,-0.15918558536513985,-0.16921193334979046,0.06155036180379005,-0.2748741768256123,-0.21828429387356674,-0.1215276228286537,-0.08476784828205292,50
1,50,d0,logspline,0.56,-0.16527899151134007,-0.17767007418521222,0.06095394325480084,-0.28336306694852154,-0.22585305328402966,-0.13161335291784973,-0.09511651325869534,50
1,50,d0,logspline,0.5700000000000001,-0.1742291060494885,-0.18591670034874427,0.060330495677341694,-0.29146148655002485,-0.2332143583656185,-0.1384813004294064,-0.1052251591239034,50
1,50,d0,logspline,0.5800000000000001,-0.18243103279070721,-0.19395189516798542,0.05967824874830948,-0.29916427971149273,-0.24036935205561696,-0.14666170142970492,-0.11512194764399528,50
1,50,d0,logspline,0.59,-0.19016983089895484,-0.20177627795154593,0.058996497776752255,-0.3064685259864516,-0.2478344858906124,-0.15675329295751644,-0.12480557573806915,50
1,50,d0,logspline,0.6,-0.19773588241536177,-0.20939060616449573,0.05828546361299475,-0.3131905802139894,-0.25517235639990676,-0.16394744377119366,-0.1342748208556729,50
1,50,d0,logspline,0.61,-0.20521106348405915,-0.21679563064205726,0.057546128026597664,-0.3189330970277411,-0.2622053615468323,-0.1709777003628386,-0.14352854212817126,50
1,50,d0,logspline,0.62,-0.2126868438429029,-0.22399209674144285,0.056780090035288035,-0.32439828689639116,-0.26894012697169667,-0.1796997010165778,-0.1525656815615331,50
1,50,d0,logspline,0.63,-0.2194200949275319,-0.23098073447875,0.05598941284999484,-0.3295852831483648,-0.275383913889164,-0.18826911266393426,-0.1613852652666969,50
1,50,d0,logspline,0.64,-0.22597636784058728,-0.23776225652341987,0.055176439057530884,-0.3344935873996729,-0.28154453243402944,-0.19643136343017276,-0.16861437366432286,50
1,50,d0,logspline,0.65,-0.23235754335027176,-0.24433742359952623,0.05434363191589786,-0.3391230715948768,-0.2859965367778853,-0.2044803287256595,-0.17484342803113642,50
1,50,d0,logspline,0.66,-0.23856557767853026,-0.2507070180464562,0.05349352755343789,-0.3434740715271321,-0.2902598248817492,-0.211834519623921,-0.180841849789448,50
1,50,d0,logspline,0.67,-0.24460249608911389,-0.25687188655027116,0.05262905974895948,-0.34755062249469326,-0.2962842065793312,-0.21880681712213437,-0.18671938715185588,50
1,50,d0,logspline,0.68,-0.25047038689075507,-0.2628334524083738,0.05175410813505694,-0.35136669571516044,-0.30246887139836376,-0.22591050398537643,-0.19247335102591295,50
1,50,d0,logspline,0.6900000000000001,-0.256171395821798,-0.2685937859723732,0.05087341376617802,-0.354946182982817,-0.3084486476407793,-0.23139108207843467,-0.1981011128976385,50
1,50,d0,logspline,0.7000000000000001,-0.26276627896241644,-0.27415555919940443,0.049992331541829235,-0.35832144284270706,-0.3139253289948176,-0.23652229987323556,-0.20338139247915168,50
1,50,d0,logspline,0.7100000000000001,-0.2693317507273719,-0.27952212012401173,0.04911637976197773,-0.36153226398298177,-0.3189430962233169,-0.24197006810004837,-0.20829002249602166,50
1,50,d0,logspline,0.72,-0.27488740230706077,-0.2846975419530248,0.048250954176580325,-0.36462531418938676,-0.32400282130108465,-0.2488977274485454,-0.21312021593732836,50
1,50,d0,logspline,0.73,-0.27995866742543585,-0.289686613297122,0.04740126938102913,-0.36778279294339034,-0.3288374134381718,-0.2556106993375471,-0.2178699048683969,50
1,50,d0,logspline,0.74,-0.28485823224431667,-0.2944948346025131,0.04657239409961619,-0.3713979418561127,-0.33345329528397616,-0.26210378417921926,-0.2225727909089707,50
1,50,d0,logspline,0.75,-0.28959011379661814,-0.2991284608184928,0.0457693778347874,-0.3748545135115987,-0.3378567143031896,-0.26837300397235336,-0.2288978388832659,50
1,50,d0,logspline,0.76,-0.29415824068357255,-0.30359421547245646,0.04499717522712437,-0.3775284841797302,-0.3418094220700015,-0.27420751309055735,-0.2350347455515172,50
1,50,d0,logspline,0.77,-0.2985664578476342,-0.30789832607974027,0.04425992219360552,-0.3800317499747259,-0.34533739425820154,-0.27976646124833005,-0.2409831593815268,50
1,50,d0,logspline,0.78,-0.30281853086929067,-0.31204618460650285,0.04356096398735092,-0.38273355026377937,-0.3487074576555977,-0.2851089970666905,-0.24674340603476552,50
1,50,d0,logspline,0.79,-0.3069675044347357,-0.31604225935690006,0.04290306430165474,-0.38527259857378615,-0.35192397119896135,-0.2902362745997607,-0.2520636128425583,50
1,50,d0,logspline,0.8,-0.31162352774131097,-0.3198899743049809,0.04228830893582314,-0.38851818376380914,-0.35499128259350177,-0.29502311467380504,-0.25676352022784454,50
1,50,d0,logspline,0.81,-0.31608659476974355,-0.32359158614743877,0.04171764801889283,-0.3921439419673224,-0.3579137243756407,-0.2991218147850691,-0.26129743683339723,50
1,50,d0,logspline,0.8200000000000001,-0.3197160217524382,-0.3271480976936737,0.041190092441311076,-0.39632107054373406,-0.36069561034720193,-0.30304479716713123,-0.2656681115077119,50
1,50,d0,logspline,0.8300000000000001,-0.32314215309560057,-0.3305592443141469,0.04070169972200055,-0.4004270230423269,-0.36327197108798537,-0.30679745222135496,-0.26987865507035524,50
1,50,d0,logspline,0.8400000000000001,-0.32645064329537193,-0.3338238207572396,0.040245089543356066,-0.4018534405691554,-0.3655439820266042,-0.310385020291964,-0.27393250078958464,50
1,50,d0,logspline,0.85,-0.32964266430614775,-0.3369409404729342,0.03981116076005932,-0.4031756756222633,-0.3675287879522803,-0.31358052384856433,-0.2778333680304256,50
1,50,d0,logspline,0.86,-0.33201718705573885,-0.3399107399404602,0.039390574875147806,-0.404963063998259,-0.36939392346024147,-0.3165987969611244,-0.2815852289390047,50
1,50,d0,logspline,0.87,-0.33549724907982215,-0.34273443159921585,0.03897454484881606,-0.4066903789391659,-0.37114424357456377,-0.3194900297050983,-0.28519227802746816,50
1,50,d0,logspline,0.88,-0.3384080332812799,-0.3454142320047374,0.03855551331382075,-0.4082970131013647,-0.3728618268560432,-0.322258698158444,-0.2886589045242853,50
1,50,d0,logspline,0.89,-0.3407101291079885,-0.34795325008304434,0.038127621509149404,-0.4097883537863609,-0.37479496758319053,-0.3249090756462932,-0.29198966735675946,50
1,50,d0,logspline,0.9,-0.3429017017119329,-0.35035536382169313,0.037686914493697536,-0.4111694928442267,-0.3766221840884757,-0.32747423161633527,-0.2951892672077977,50
1,50,d0,logspline,0.91,-0.3452183152291405,-0.35262500286420506,0.03723135921077783,-0.4124452467538402,-0.3783472623480797,-0.3306573120091457,-0.29826240307418866,50
1,50,d0,logspline,0.92,-0.34797415635124507,-0.3547669503120585,0.03676071959958016,-0.4136201750723426,-0.38004515900620023,-0.333698631904845,-0.3011887010696243,50
1,50,d0,logspline,0.93,-0.3507457507989158,-0.3567861991963402,0.03627632101582412,-0.4146985974075872,-0.38118413774196325,-0.3366011442774319,-0.30395140995005,50
1,50,d0,logspline,0.94,-0.35341330595865966,-0.3586878604909323,0.03578074651492736,-0.41568460905087923,-0.38223846195614586,-0.3385244439553162,-0.3066086241235639,50
1,50,d0,logspline,0.95,-0.3559784507858062,-0.3604770989427792,0.035277531706432254,-0.4165820953927879,-0.38328053082410335,-0.3395024329287049,-0.30916361782583285,50
1,50,d0,logspline,0.96,-0.35844281550976664,-0.36215909062065915,0.0347708965795508,-0.41739474523203257,-0.3842613454771933,-0.3404715160518988,-0.31119581667380175,50
1,50,d0,logspline,0.97,-0.3608080307359089,-0.3637390022154989,0.034265536119751694,-0.4181260630761216,-0.3851643648840243,-0.3423089314489263,-0.3131314743218689,50
1,50,d0,logspline,0.98,-0.36307572658276854,-0.3652219826889818,0.033766459636697124,-0.4187793805224436,-0.38599266747336886,-0.3440592364048495,-0.31506635825393103,50
1,50,d0,logspline,0.99,-0.36515377785442854,-0.36661287814375315,0.03327812849865608,-0.4193578667996135,-0.3867491845016256,-0.34579235210600434,-0.31721352879396236,50
1,50,d0,logspline,1,-0.36708996399107197,-0.36791566405272613,0.03280291707037085,-0.41986453854103367,-0.3874367087588587,-0.3475701221120802,-0.31948750260110753,50
1,50,d1,ecdf,0.01,Inf,Inf,NA,Inf,Inf,Inf,Inf,0
1,50,d1,ecdf,0.02,Inf,Inf,NA,-1.4287112307987762,Inf,Inf,Inf,4
1,50,d1,ecdf,0.03,Inf,Inf,NA,-0.6178509024021868,Inf,Inf,Inf,9
1,50,d1,ecdf,0.04,Inf,Inf,NA,-0.7357317751452711,Inf,Inf,Inf,13
1,50,d1,ecdf,0.05,Inf,Inf,NA,-0.6950355611189802,0.4035767275491295,Inf,Inf,21
1,50,d1,ecdf,0.06,Inf,Inf,NA,-0.7409571895747619,0.07491894420799887,Inf,Inf,24
1,50,d1,ecdf,0.06999999999999999,1.0761858413814798,Inf,NA,-0.5332520710526206,-0.02242644728663007,Inf,Inf,30
1,50,d1,ecdf,0.08,0.6498918872304545,Inf,NA,-0.4487204014376552,-0.04325529332949075,Inf,Inf,36
1,50,d1,ecdf,0.09,0.8852204964442802,Inf,NA,-0.2981746661288215,-0.03107023542987481,1.5783676770042256,Inf,39
1,50,d1,ecdf,0.1,0.6902110684997279,Inf,NA,-0.2906181845119983,-0.00293611206021741,1.6155365620278515,Inf,43
1,50,d1,ecdf,0.11,0.5928561313200703,Inf,NA,-0.276022368508063,0.07177801334146203,1.2860033118800156,1.979150492439961,48
1,50,d1,ecdf,0.12,0.5434142539928362,Inf,NA,-0.1497329265671091,0.20694201737162324,1.054239877758827,2.152852166426937,49
1,50,d1,ecdf,0.13,0.5208291960836883,Inf,NA,-0.172317984476257,0.11536408797552385,0.9262943041918524,1.619441484751798,49
1,50,d1,ecdf,0.14,0.3809863358465628,Inf,NA,-0.10926164616659365,0.1578427845323531,0.8509899650922984,1.7672806969664534,49
1,50,d1,ecdf,0.15000000000000002,0.348104260101361,0.5084798958119379,0.6032558420418987,-0.11004110583571668,0.11310244547849305,0.7677119560816238,1.722402616057873,50
1,50,d1,ecdf,0.16,0.3287585705040488,0.45388013802724736,0.5735653787752868,-0.10655950075379682,0.08759651368716055,0.6177665427084875,1.4985846220310073,50
1,50,d1,ecdf,0.17,0.2824936920066348,0.42325821809231506,0.4800591701549685,-0.07266568012664483,0.1393928483659614,0.5448579564741257,1.3607340902568859,50
1,50,d1,ecdf,0.18000000000000002,0.28771835850921784,0.4169605121131834,0.46811928620369203,-0.1347370059227138,0.07090036597178752,0.6348594859228253,1.3518342114338515,50
1,50,d1,ecdf,0.19,0.23567778230669129,0.398163953185849,0.43415961374856726,-0.1124629744827203,0.12445214719646708,0.670995853564537,1.3080407074492602,50
1,50,d1,ecdf,0.2,0.22649563983556809,0.3750280910003534,0.42474082697576115,-0.09026977849106277,0.09152216955241588,0.6059852615404718,1.2497182171706513,50
1,50,d1,ecdf,0.21,0.22342178968834112,0.3252787804493922,0.3681930416782326,-0.15128755680303624,0.10053030066851754,0.5437593960251612,1.0707196500755447,50
1,50,d1,ecdf,0.22,0.2248917329440847,0.28926475366977966,0.3390570609050977,-0.2104560949478623,0.06454908286890536,0.4700141909770697,0.9397369368688171,50
1,50,d1,ecdf,0.23,0.25019878224392755,0.27081056044695734,0.3113826031716621,-0.21713386178753782,0.055941616108765656,0.4914013070886726,0.8943891541417337,50
1,50,d1,ecdf,0.24,0.21910876921151717,0.23510458413839433,0.28431701001938,-0.16933093373735697,0.03662189583480364,0.4309740633002595,0.7332596552441066,50
1,50,d1,ecdf,0.25,0.21289520479322965,0.2116300326762651,0.2701148976621895,-0.19454551687683477,0.03761636724094907,0.38541158329886394,0.6763085965131981,50
1,50,d1,ecdf,0.26,0.16546519008001676,0.19118367416584253,0.26204566411318664,-0.20324480407172726,0.02826406856653187,0.3160544967907838,0.6263692699370534,50
1,50,d1,ecdf,0.27,0.11599677339193326,0.16355554310740986,0.25020144647527043,-0.22642905571499983,0.00537056062638703,0.3008347735202229,0.5885168459720037,50
1,50,d1,ecdf,0.28,0.10087329924070217,0.1380047209747295,0.2447334178977402,-0.22475485252890204,-0.006228132880747057,0.2550239790679606,0.5470977920334135,50
1,50,d1,ecdf,0.29000000000000004,0.09028325913377225,0.125986473998896,0.23712601968692198,-0.23666096685463112,0.01611490415285306,0.26385517093627864,0.5067378206013242,50
1,50,d1,ecdf,0.3,0.10371967869052803,0.10455764106992536,0.23481677382892982,-0.25918581499884047,-0.03241249563405198,0.24944161064679743,0.4392580084866051,50
1,50,d1,ecdf,0.31,0.088411787679478,0.08376787090900177,0.2197986880621828,-0.25407068981878833,-0.03788193764481405,0.18424455225138867,0.43180631823317106,50
1,50,d1,ecdf,0.32,0.05922964281692106,0.05701746300503598,0.2020693579884085,-0.2693785642525278,-0.0368537304034512,0.15103719207004396,0.4273262509288943,50
1,50,d1,ecdf,0.33,0.05205125956719565,0.04524963097341728,0.19626360243504345,-0.25887787480216923,-0.06753168100146446,0.13757343300535751,0.4043214984214365,50
1,50,d1,ecdf,0.34,0.03205014454081621,0.0162935267373994,0.17239023968559222,-0.26284908550896674,-0.06875455458114935,0.12322799885733836,0.3232227958419549,50
1,50,d1,ecdf,0.35000000000000003,0.0021571328153341257,-0.006168574409722893,0.16136413453812776,-0.2866088474869166,-0.10628728076653969,0.08160880909634147,0.2356755240756372,50
1,50,d1,ecdf,0.36000000000000004,-0.028989911261726883,-0.035696723651685296,0.15415299508556227,-0.3015643321890973,-0.10856282817373666,0.04362898716818862,0.19975388966558966,50
1,50,d1,ecdf,0.37,-0.03096124044595036,-0.054466217881999984,0.1481190408384739,-0.3175784079777235,-0.15797544561201826,0.027985784216698326,0.1409148451535629,50
1,50,d1,ecdf,0.38,-0.08154748067804221,-0.08118541104057507,0.14147846879294934,-0.32879208269871973,-0.1724509149709566,0.006406605901946429,0.1108511168778821,50
1,50,d1,ecdf,0.39,-0.10404747326431615,-0.10266472827437337,0.13931073951194206,-0.33993019104717925,-0.20928248272945324,-0.022519397279623713,0.0979340665307249,50
1,50,d1,ecdf,0.4,-0.1180790553730314,-0.1203310608147164,0.13559201894915665,-0.3429101492007189,-0.21296952434460073,-0.03409031174161884,0.04081099643149891,50
1,50,d1,ecdf,0.41,-0.13405142691009167,-0.13526617745643257,0.12963560855509465,-0.3566651117885536,-0.21512912663963052,-0.048252547863944055,0.02454372662578956,50
1,50,d1,ecdf,0.42,-0.13895759449552916,-0.15374877501473913,0.12403175663964178,-0.3649695271707864,-0.23733514072169137,-0.08255240700202665,0.017474817296281437,50
1,50,d1,ecdf,0.43,-0.16626829004301397,-0.1700708342106054,0.11883434800694816,-0.39333343008773675,-0.23814054068203472,-0.1056513576359558,6.77979188927094e-4,50
1,50,d1,ecdf,0.44,-0.16746856593771803,-0.18230266016064636,0.11192387099183926,-0.3853618902079286,-0.25010784427195987,-0.1254043657710026,-0.03638899398689156,50
1,50,d1,ecdf,0.45,-0.19592869413858305,-0.19521412274701208,0.11005944258579634,-0.40120413143485056,-0.2649722262859963,-0.13492307256609495,-0.04909087136853077,50
1,50,d1,ecdf,0.46,-0.20751687368331742,-0.20947248338413962,0.10659290916825537,-0.39837004675107945,-0.28068689565947935,-0.14276375245397777,-0.04316635806877204,50
1,50,d1,ecdf,0.47,-0.2203705522444436,-0.22210019093743444,0.10491819918957836,-0.4153005473859264,-0.2868602935132765,-0.15749316678653952,-0.041832649583723375,50
1,50,d1,ecdf,0.48,-0.22835251592849237,-0.23326807624766915,0.10421745019989499,-0.4189632443061194,-0.30288556779105913,-0.17486014199886374,-0.06312358655554795,50
1,50,d1,ecdf,0.49,-0.2349425240926828,-0.24399556912203824,0.10055639296937598,-0.4146475352977832,-0.30622168590365373,-0.1884386502472701,-0.09275928585924373,50
1,50,d1,ecdf,0.5,-0.25384762517713955,-0.2562390610364663,0.09529278384077806,-0.426907586830943,-0.3073514412543663,-0.20297816689663878,-0.11641450670191289,50
1,50,d1,ecdf,0.51,-0.25762024555977203,-0.26451041393365915,0.09299704673243694,-0.438229840311935,-0.3040828768898437,-0.21427854624478215,-0.15197736066974862,50
1,50,d1,ecdf,0.52,-0.27520080967113025,-0.277557686558326,0.09503573152881917,-0.45141578185187603,-0.3203957638347984,-0.2278723949376527,-0.16469349331612118,50
1,50,d1,ecdf,0.53,-0.29067752643204714,-0.28803954625404066,0.09044189657984326,-0.4529625102108783,-0.33801038049932547,-0.240965814609316,-0.17180268686168843,50
1,50,d1,ecdf,0.54,-0.28880542992590696,-0.2920856757199142,0.08714729035761642,-0.4479655680965529,-0.3356787925184116,-0.24430089636917138,-0.1666096492742356,50
1,50,d1,ecdf,0.55,-0.2993940295314603,-0.30004217256798327,0.08463306693524549,-0.4447703229530855,-0.3472722507128929,-0.2457416940497693,-0.17199606458421587,50
1,50,d1,ecdf,0.56,-0.30456867680359223,-0.30694502240796506,0.08254723801611431,-0.44838998266923236,-0.3486723950193807,-0.2552214920021122,-0.18013504878904335,50
1,50,d1,ecdf,0.5700000000000001,-0.30890216666322823,-0.31214832061690406,0.08350632645951593,-0.45777719968915975,-0.35703659757189904,-0.2676284276189116,-0.17728062027598773,50
1,50,d1,ecdf,0.5800000000000001,-0.3105620252558376,-0.3201226766193353,0.08112123268105317,-0.46185007871716094,-0.36071362300355686,-0.27862934383991583,-0.18273046780820043,50
1,50,d1,ecdf,0.59,-0.3190050685767054,-0.3252439802393381,0.07734425457305724,-0.45597150365855565,-0.3663147323148694,-0.28554102234535234,-0.2026146130094329,50
1,50,d1,ecdf,0.6,-0.3351734384455577,-0.33422284217625997,0.07312756652752822,-0.46011893241134316,-0.37864504230748075,-0.2897361471753539,-0.21963413953258654,50
1,50,d1,ecdf,0.61,-0.3363159921010883,-0.3398486901444603,0.07244158984298227,-0.46060955854456836,-0.3832579540419319,-0.2967593758063589,-0.23113730659752835,50
1,50,d1,ecdf,0.62,-0.33535410308638736,-0.3448485150416739,0.06991313373924142,-0.472416414806043,-0.38484678693650703,-0.3012270446423711,-0.23181015709582287,50
1,50,d1,ecdf,0.63,-0.3498326553161872,-0.3504357259673829,0.06788676856782956,-0.47500304245655517,-0.3821790568216167,-0.3033981789685025,-0.249161081777095,50
1,50,d1,ecdf,0.64,-0.3569225995816371,-0.35851261697942166,0.06673477801378688,-0.4736662926618759,-0.3961146545517308,-0.3121977013121421,-0.2545407615950376,50
1,50,d1,ecdf,0.65,-0.35882925357240125,-0.36298046512065907,0.06584484319675157,-0.4723111943060047,-0.40105303555753297,-0.3208349931989565,-0.2570309310108985,50
1,50,d1,ecdf,0.66,-0.36593855566042144,-0.36857400944446433,0.06443048142148035,-0.47508634305059727,-0.4080655770065922,-0.32785370399604663,-0.2728914849904143,50
1,50,d1,ecdf,0.67,-0.3709411177712256,-0.3724356175548063,0.06268345899988634,-0.480028716836966,-0.40645601785418756,-0.3305747026413544,-0.2794298125017225,50
1,50,d1,ecdf,0.68,-0.3713630954145155,-0.37844600937596684,0.06294479376350978,-0.4848088648398959,-0.4173699589668295,-0.34035906010362776,-0.2739286450291099,50
1,50,d1,ecdf,0.6900000000000001,-0.3766122363883213,-0.38268089964424973,0.06156198278178995,-0.48420106940590746,-0.4224028721810221,-0.35257747833925085,-0.27733125886656845,50
1,50,d1,ecdf,0.7000000000000001,-0.38499441710090465,-0.3881729209179933,0.06018945118725503,-0.4872213228995619,-0.4268631423192641,-0.3541709691747644,-0.2863055082795203,50
1,50,d1,ecdf,0.7100000000000001,-0.3938113912415293,-0.3931625419851332,0.06072259512128212,-0.4903910883869739,-0.4255983137360444,-0.3646859799827924,-0.2947578797960765,50
1,50,d1,ecdf,0.72,-0.39836701574853406,-0.3980006025283628,0.058399243198374126,-0.49135700577460806,-0.42977346951541134,-0.3629382374362331,-0.30216652475829076,50
1,50,d1,ecdf,0.73,-0.4069166186739746,-0.40014717201037703,0.05637436314077295,-0.4920836560019787,-0.4285441421575971,-0.36746959949635455,-0.30532060340977163,50
1,50,d1,ecdf,0.74,-0.404921207060731,-0.40152588000944417,0.05561281441274137,-0.489927931624792,-0.43140705584228445,-0.3709490326327223,-0.3136788112069226,50
1,50,d1,ecdf,0.75,-0.4049329069009838,-0.40428558955096594,0.054625037250886514,-0.497122721940059,-0.43025071488527367,-0.37180060059524805,-0.3104234493727225,50
1,50,d1,ecdf,0.76,-0.4057566179581214,-0.4060445166032681,0.05381945010220357,-0.4929736998509403,-0.4319720737112793,-0.3766920540676434,-0.3126984837819808,50
1,50,d1,ecdf,0.77,-0.41643623676534675,-0.4105328131077235,0.053164785712889406,-0.4979259565632721,-0.437341463674446,-0.3800681847023888,-0.32130470386255655,50
1,50,d1,ecdf,0.78,-0.4165287423350741,-0.4145815148073481,0.05113502589916598,-0.497810220642743,-0.44222595662920783,-0.38560397686083747,-0.32664326859701714,50
1,50,d1,ecdf,0.79,-0.4164193443245112,-0.41730936847983646,0.04998871964880373,-0.496073720059367,-0.4480645883440099,-0.3886711228118521,-0.33309731901334866,50
1,50,d1,ecdf,0.8,-0.417999135290281,-0.419258177064202,0.05052896790189358,-0.49639794402853865,-0.4470666153773562,-0.40004736275529523,-0.3367885493516376,50
1,50,d1,ecdf,0.81,-0.4266058463251714,-0.422760643473994,0.04863090946901559,-0.4960914690016739,-0.4481506653119472,-0.3975968091196521,-0.3431828566906798,50
1,50,d1,ecdf,0.8200000000000001,-0.42840657695903916,-0.42635100237741735,0.047395077660958976,-0.49876580979018,-0.445965545413487,-0.4064671207251943,-0.34715995079231454,50
1,50,d1,ecdf,0.8300000000000001,-0.4316849158480143,-0.427847820174012,0.04676361370895577,-0.49791921195396904,-0.45304304866296463,-0.40366206641470953,-0.3534895215496836,50
1,50,d1,ecdf,0.8400000000000001,-0.4278857166050669,-0.42927638493609266,0.04700549123690019,-0.5063981597400902,-0.4513563661077075,-0.4055855690194039,-0.34470685109146737,50
1,50,d1,ecdf,0.85,-0.42906217480059783,-0.4305393417882097,0.045351100908856634,-0.5025790698828697,-0.4608890127527393,-0.4089623705848781,-0.3485403488109087,50
1,50,d1,ecdf,0.86,-0.43003867623850567,-0.4307034164216761,0.044148145893533094,-0.5016891454058999,-0.4596056814117434,-0.40748088100837787,-0.35397925349641235,50
1,50,d1,ecdf,0.87,-0.43399722137472013,-0.4318992199084871,0.04419743328028193,-0.5037363316044796,-0.4613097734831935,-0.4034727631640742,-0.359021469759766,50
1,50,d1,ecdf,0.88,-0.4322190093834528,-0.43231035732960704,0.04363750768954646,-0.5049016684491549,-0.462426848520548,-0.405866435958497,-0.3586942460799539,50
1,50,d1,ecdf,0.89,-0.43037520483729863,-0.4327580038285783,0.042230301386383076,-0.51347465654518,-0.4589282686498971,-0.4091929866042431,-0.3694815901885639,50
1,50,d1,ecdf,0.9,-0.4307150899884967,-0.4324103390063899,0.04135192819010604,-0.5156407310952016,-0.45651531158752195,-0.40958163507946815,-0.3727521338906964,50
1,50,d1,ecdf,0.91,-0.429451324944449,-0.4343257366245261,0.04030264329787354,-0.5119730847730296,-0.45549893506706046,-0.4143060475578251,-0.37421179898378676,50
1,50,d1,ecdf,0.92,-0.4295532034550691,-0.43578787851001966,0.04000131904135716,-0.5102308551915162,-0.45964937269533973,-0.4150701522577195,-0.3751803845963659,50
1,50,d1,ecdf,0.93,-0.4323536407231096,-0.43760574069805425,0.040445841989509866,-0.5128206021455732,-0.4614617248811803,-0.41854547720226415,-0.3710067829525001,50
1,50,d1,ecdf,0.94,-0.4314841645851986,-0.4375082672706243,0.03972834479765602,-0.5075422934856556,-0.4627579573322995,-0.41757573453906655,-0.3715747273885695,50
1,50,d1,ecdf,0.95,-0.4257794832540923,-0.4358276119173665,0.040306234220119155,-0.5084881957361708,-0.4622567447198672,-0.4137772816761759,-0.3694847240973835,50
1,50,d1,ecdf,0.96,-0.42752536583553924,-0.43424544250024,0.04068777828483545,-0.5064886327561753,-0.4564934076385989,-0.41475230603789265,-0.361962272124281,50
1,50,d1,ecdf,0.97,-0.4317238587407844,-0.4349370734180578,0.03976076612287733,-0.5000706186272924,-0.4568761364154534,-0.4132654027302951,-0.3696816491083418,50
1,50,d1,ecdf,0.98,-0.4318214405936984,-0.435710973196327,0.03889916851308227,-0.500953511451195,-0.45777833781532873,-0.4156532138338815,-0.3716779864310212,50
1,50,d1,ecdf,0.99,-0.4318255883068761,-0.436090906346952,0.03875700850787701,-0.5030754558443262,-0.4603985963211022,-0.414024318728867,-0.37724186296753237,50
1,50,d1,ecdf,1,-0.4360684669721801,-0.43621885710811614,0.03874034851458235,-0.501800128205411,-0.4601291841960144,-0.41519853745570207,-0.37669007909968805,50
1,50,d1,logspline,0.01,-1.957032015046094,-1.5419256047800702,1.2177324849384386,-2.7469677237065047,-2.310259092126621,-1.235284781132308,0.7104674793764281,50
1,50,d1,logspline,0.02,-1.3021820020944679,-0.905044844802783,1.1799855110046964,-2.0847929642624132,-1.6484700957312384,-0.6088103341584518,1.275033591725641,50
1,50,d1,logspline,0.03,-0.9355116935119276,-0.557272547710211,1.1404243091701858,-1.7106376020219063,-1.2747079776495966,-0.27143328809831047,1.5473662988560477,50
1,50,d1,logspline,0.04,-0.6871213857549578,-0.32868958349246813,1.0991469691362847,-1.4546023082248332,-1.019073362621989,-0.05324841800980733,1.6837761280150505,50
1,50,d1,logspline,0.05,-0.5037656333528048,-0.16602335388855477,1.056277433122718,-1.2634419925261695,-0.8283201436836967,0.09901066731669664,1.7464439636256075,50
1,50,d1,logspline,0.06,-0.3617267170101027,-0.045521170265476786,1.0119650238926399,-1.1134358393136,-0.6787275919254974,0.209115975087681,1.7627620515480489,50
1,50,d1,logspline,0.06999999999999999,-0.24835206792955805,0.045511641736425607,0.9663844863147034,-0.9889083739452371,-0.5576388399003045,0.289796739621515,1.7455872550342102,50
1,50,d1,logspline,0.08,-0.15608839021564253,0.11467646516261928,0.9197372260561747,-0.8843195804073399,-0.457495650386908,0.3486979123731374,1.7175041954872148,50
1,50,d1,logspline,0.09,-0.0800624421322862,0.1669052537861849,0.8722607335643189,-0.7957249609787047,-0.37341976734071486,0.3907992420604357,1.6997025978884521,50
1,50,d1,logspline,0.1,-0.018512572499128375,0.2056250414452714,0.8242618923291626,-0.7197903606252976,-0.3020773995158538,0.4268744730888345,1.6668649864233018,50
1,50,d1,logspline,0.11,0.029995996178582653,0.23336180933097478,0.7761171076509983,-0.6541831797808505,-0.24108737834403993,0.46208946511421073,1.6404946981252255,50
1,50,d1,logspline,0.12,0.06971467076197826,0.2520815288702925,0.728260661658764,-0.5976283220949951,-0.18868787278306232,0.4882224691197723,1.58821676159569,50
1,50,d1,logspline,0.13,0.10150314064467292,0.263386415791396,0.6811541282808926,-0.5482579658847907,-0.14353734863099227,0.5067446559879808,1.5282332454695031,50
1,50,d1,logspline,0.14,0.1269364852137785,0.26862216784691306,0.6352343831873913,-0.5050265952523835,-0.10644958351224107,0.4794987511899832,1.4608544363542304,50
1,50,d1,logspline,0.15000000000000002,0.14823603319114653,0.26893922296913364,0.5908659569183211,-0.4671024212141499,-0.07483987413296952,0.48196969399797673,1.3876497590658765,50
1,50,d1,logspline,0.16,0.16473913025345588,0.2653294081901868,0.5483371572878125,-0.43381199060267694,-0.04789513373895072,0.479715484480359,1.310113172534391,50
1,50,d1,logspline,0.17,0.16454697379452415,0.25863058973962777,0.507933198383462,-0.4046016211347171,-0.025480662783979858,0.43161443340138905,1.229672212316026,50
1,50,d1,logspline,0.18000000000000002,0.16961352456136686,0.2495383472532379,0.4699516403798302,-0.3790098809110777,-0.007419908341015426,0.41413592474805716,1.147689592201831,50
1,50,d1,logspline,0.19,0.17136460899739797,0.238614515898761,0.4346735406900469,-0.3566475235750487,0.007465831890286477,0.36342728281007175,1.065460185565379,50
1,50,d1,logspline,0.2,0.15107074267634218,0.22631610521688242,0.4023307207383207,-0.33718258137364665,0.003438929808419699,0.3588965660855443,1.0046990409292818,50
1,50,d1,logspline,0.21,0.1487096344194601,0.21301859838235715,0.3730613563477932,-0.32230094408869303,0.013279847852922855,0.3517076121083711,0.9632671271510567,50
1,50,d1,logspline,0.22,0.1239601744169763,0.19901729173850918,0.34687280348859595,-0.3100418056667975,0.005924577177526885,0.3421448257308955,0.8901583544900962,50
1,50,d1,logspline,0.23,0.12455569397547576,0.18451861406065423,0.323605614532038,-0.2997865465020841,-0.017034720867899835,0.3276281646191808,0.791673393887105,50
1,50,d1,logspline,0.24,0.1231687387893062,0.16964679885930217,0.30294605689527543,-0.2913413231906804,-0.013829995646510641,0.30833908018361234,0.7117113275358047,50
1,50,d1,logspline,0.25,0.12099641327020207,0.1544763087821921,0.2845201672306709,-0.28453409267640517,-0.01736441973279282,0.2872818780381047,0.6655856400810926,50
1,50,d1,logspline,0.26,0.11550732162458897,0.1390550453319942,0.26795847011592444,-0.27921119214988044,-0.01758230459083767,0.2688758314681954,0.637739266009491,50
1,50,d1,logspline,0.27,0.10749220929064003,0.12341428200157668,0.25293305142520345,-0.2752345699475264,-0.0175841950733366,0.24589558537200037,0.6085834030898963,50
1,50,d1,logspline,0.28,0.08814157446567844,0.10757602439759137,0.23917506293531887,-0.2724795250100228,-0.018952798762874274,0.21460128252056787,0.5665887585140831,50
1,50,d1,logspline,0.29000000000000004,0.07208257872882134,0.09156066360812343,0.22647683716629682,-0.27083284754926196,-0.02226105493077523,0.19316261103894264,0.5166529760141321,50
1,50,d1,logspline,0.3,0.05606810114399126,0.07538868407379651,0.21468486867153258,-0.27019127911600105,-0.027977361678065867,0.166101404729847,0.4679527797528677,50
1,50,d1,logspline,0.31,0.042844891994378125,0.05908069675022692,0.20369012602835238,-0.2704602290834898,-0.032679778535055055,0.14905370760536923,0.42138979986771014,50
1,50,d1,logspline,0.32,0.0222512494681257,0.04266218368008082,0.1934185160204336,-0.27062031005937914,-0.03614941190970655,0.12668166985414775,0.3789945274753353,50
1,50,d1,logspline,0.33,0.00471401551561665,0.02616621369701444,0.18382014783146025,-0.2705380551447637,-0.05546891102180657,0.11037863831913365,0.33831996916496676,50
1,50,d1,logspline,0.34,-0.01196550106808059,0.009633560177583989,0.17486162950775055,-0.2725869069838888,-0.06517420688680493,0.09509516379585703,0.2994000795191607,50
1,50,d1,logspline,0.35000000000000003,-0.02480542055610132,-0.006888083156605476,0.16651953762909694,-0.27727659834036494,-0.07578988240880154,0.08164731912712264,0.2622475851190237,50
1,50,d1,logspline,0.36000000000000004,-0.03561746065220103,-0.02335028782829152,0.1587732379522396,-0.2820792990260827,-0.09078594837373877,0.06766604267139474,0.2268576934525809,50
1,50,d1,logspline,0.37,-0.04495870595338186,-0.03970731718945124,0.15160124555283888,-0.28700097540385966,-0.11219049975069761,0.05341369971515392,0.19321116957262174,50
1,50,d1,logspline,0.38,-0.06027775985935939,-0.0559166350770248,0.14497988923739277,-0.292042787966977,-0.13447184418798722,0.04082241505980043,0.1612768953938277,50
1,50,d1,logspline,0.39,-0.07377398717561202,-0.07193900120978945,0.13888280364715663,-0.29720214994231525,-0.14884112672841274,0.02780455268904315,0.1310140040917146,50
1,50,d1,logspline,0.4,-0.08836341403567324,-0.0877383828987041,0.13328093066935,-0.30247355256015024,-0.16413794653600824,0.006041713846512042,0.10237366396934702,50
1,50,d1,logspline,0.41,-0.10387770782348249,-0.10328179766536465,0.12814281858831475,-0.30784921317481684,-0.180031553220495,-0.014037023781267477,0.07530057161595032,50
1,50,d1,logspline,0.42,-0.11899649049303143,-0.11853912829787511,0.12343509254360777,-0.31521558314809384,-0.19526644105190272,-0.03190454759688251,0.049734202523366494,50
1,50,d1,logspline,0.43,-0.1337091766701966,-0.13348300542069608,0.11912302255838526,-0.3244495972276109,-0.20433866906746365,-0.04959099472839503,0.02560985798857729,50
1,50,d1,logspline,0.44,-0.14686057621034343,-0.1480890160228013,0.11517120084272067,-0.3336946981981975,-0.22551420282196824,-0.06657854754480863,0.004427772573447102,50
1,50,d1,logspline,0.45,-0.15929748069457098,-0.1623358555768005,0.1115441777309495,-0.34291078140898346,-0.24157911123647186,-0.08284776272016378,-0.013048510927733962,50
1,50,d1,logspline,0.46,-0.17239522284572667,-0.17620552634292075,0.10820686967072697,-0.353259091272922,-0.2583179991944754,-0.0958219541743231,-0.03378655432320852,50
1,50,d1,logspline,0.47,-0.1883238298820476,-0.18968321916110473,0.10512504313960874,-0.3631969672026091,-0.2666777911997017,-0.11128080036211696,-0.05545841023165411,50
1,50,d1,logspline,0.48,-0.20305784496845536,-0.20275697449420538,0.10226596398383624,-0.37266467780038,-0.2769286699534137,-0.12993954247002198,-0.07570972581321744,50
1,50,d1,logspline,0.49,-0.21519539104748606,-0.21541730833458567,0.09959896822063939,-0.37905789634342624,-0.2846136523291265,-0.14526718682400194,-0.09280927554756871,50
1,50,d1,logspline,0.5,-0.22825411486369737,-0.22765677336367798,0.09709598491421,-0.3874118358478343,-0.2929265040190911,-0.16004319634887043,-0.10884003018332472,50
1,50,d1,logspline,0.51,-0.23942871353232606,-0.23946970562930028,0.09473171977615767,-0.395846127629468,-0.3002892566566948,-0.1731088599089236,-0.12399408817045157,50
1,50,d1,logspline,0.52,-0.2485606503679998,-0.2508520392352894,0.09248363209166467,-0.40430751936450837,-0.3093664480338818,-0.18491911551226703,-0.13832829217428386,50
1,50,d1,logspline,0.53,-0.2583815114265646,-0.2618010088494555,0.09033172290750595,-0.4124872892412359,-0.3180110678867279,-0.19635366913844102,-0.15189488521206357,50
1,50,d1,logspline,0.54,-0.2698759265968718,-0.27231503948261543,0.08825851311017259,-0.4203729844984312,-0.3264831061534967,-0.20896471893730278,-0.16474216716709456,50
1,50,d1,logspline,0.55,-0.27969897355822904,-0.282394184420093,0.08624977703709814,-0.4279539192236661,-0.3361540989345177,-0.2211384485983784,-0.17605346874692462,50
1,50,d1,logspline,0.56,-0.2889808853760277,-0.29204044244510463,0.0842949306411748,-0.4352210100171673,-0.34400249202899064,-0.23160594140016655,-0.18575776089166507,50
1,50,d1,logspline,0.5700000000000001,-0.2973073818391945,-0.3012581595541904,0.08238703796941269,-0.44216662932015616,-0.3499659156611804,-0.24151708698777305,-0.19500887924751287,50
1,50,d1,logspline,0.5800000000000001,-0.3052548352211073,-0.3100546458303983,0.0805228364336317,-0.4487844744901921,-0.356873826206228,-0.251165989829597,-0.2039668978522547,50
1,50,d1,logspline,0.59,-0.31368972515085214,-0.3184400206742564,0.07870211183855597,-0.4550694509347353,-0.36336878882040957,-0.2605492928829731,-0.2126929952877153,50
1,50,d1,logspline,0.6,-0.32165311670837105,-0.3264264223905814,0.07692683843555059,-0.46101756781486813,-0.3686530646759283,-0.26995191854970035,-0.22118003346210496,50
1,50,d1,logspline,0.61,-0.3275880460897419,-0.33402719234413664,0.07520035342469972,-0.46662584500711723,-0.3736441632265112,-0.2822728337300848,-0.22942242071553332,50
1,50,d1,logspline,0.62,-0.33606969000679143,-0.3412558733924509,0.07352629816019732,-0.47189223016532533,-0.3783631302422794,-0.2942208110366685,-0.23741606016926964,50
1,50,d1,logspline,0.63,-0.3425877845565155,-0.34812587064628486,0.07190787628726575,-0.4768155254331241,-0.38282883445398647,-0.3026011567558749,-0.24515822022084804,50
1,50,d1,logspline,0.64,-0.3486893796305365,-0.3546500409319064,0.070347121381637,-0.4813955497206036,-0.387948411905244,-0.30797397845162106,-0.25256932380638203,50
1,50,d1,logspline,0.65,-0.35487401725710194,-0.3608406681795457,0.06884488377465633,-0.4856341818330637,-0.39338303707475036,-0.31635778145384674,-0.25948125636832575,50
1,50,d1,logspline,0.66,-0.36150562483336995,-0.3667095917439314,0.0674010487162466,-0.489535731634322,-0.3985366177165711,-0.3238027403059635,-0.26562930031207055,50
1,50,d1,logspline,0.67,-0.3665128365465137,-0.3722682825310875,0.06601470596382207,-0.49310668537168856,-0.40168948144813,-0.3305080922972025,-0.27147405313959233,50
1,50,d1,logspline,0.68,-0.3723990570787901,-0.37752789709901435,0.064684310281016,-0.49635545115609747,-0.40465077146227424,-0.3352394979436079,-0.27703311922087814,50
1,50,d1,logspline,0.6900000000000001,-0.37835237341432454,-0.38249931604800863,0.06340783387086454,-0.49929212719552707,-0.40844486725324,-0.34306896015990784,-0.28232312317416547,50
1,50,d1,logspline,0.7000000000000001,-0.3839810132250695,-0.3871931706446738,0.06218291072005028,-0.5019282919378731,-0.41206282187157056,-0.3494697543383959,-0.2873598122104558,50
1,50,d1,logspline,0.7100000000000001,-0.3889131819600524,-0.3916198606709401,0.061006972848773246,-0.5042768151439199,-0.41551238006357194,-0.35619685918073046,-0.2938085018908404,50
1,50,d1,logspline,0.72,-0.3910822911999462,-0.3957895645548016,0.059877380162065924,-0.5064322313610256,-0.4194197165500836,-0.362291617413278,-0.30047764773097485,50
1,50,d1,logspline,0.73,-0.3940654440968767,-0.39971223367190767,0.0587915598480882,-0.5083712742746367,-0.4240352108781995,-0.3680730137351582,-0.30675972721328904,50
1,50,d1,logspline,0.74,-0.3984413479153134,-0.40339758232562634,0.057747126271383016,-0.5100675132446358,-0.42847443511875816,-0.3730727432378693,-0.31266979238841874,50
1,50,d1,logspline,0.75,-0.4024772998815841,-0.4068550331962914,0.05674186637458066,-0.5115368038350818,-0.43268952234467617,-0.37773909913663134,-0.317449940967514,50
1,50,d1,logspline,0.76,-0.4061875820589794,-0.4100936410349705,0.05577365848273504,-0.5127943795737783,-0.43418085775104887,-0.3814233560082025,-0.32197393855077694,50
1,50,d1,logspline,0.77,-0.4095864707759419,-0.413122071406573,0.05484047864045252,-0.5138545002877196,-0.43756778893451226,-0.38383703732000163,-0.32629870509038905,50
1,50,d1,logspline,0.78,-0.4126882185360151,-0.4159486313636396,0.05394045278161133,-0.5147302843149077,-0.4415577004036746,-0.3871800167793826,-0.33043006129979846,50
1,50,d1,logspline,0.79,-0.41734667957993876,-0.4185812947191894,0.053071929267395346,-0.515433798329044,-0.44578363492967066,-0.39103788295458863,-0.33437366923101236,50
1,50,d1,logspline,0.8,-0.420347983647051,-0.42102759488339925,0.052233492596689336,-0.5159761568778912,-0.44968985270013706,-0.39438686779399,-0.3378529395154364,50
1,50,d1,logspline,0.81,-0.4228179622535996,-0.4232946071113889,0.051424024045506014,-0.5159393967483866,-0.45113817837022036,-0.39650481843131724,-0.34047645528040893,50
1,50,d1,logspline,0.8200000000000001,-0.4251122372076529,-0.42538896978250307,0.05064273603139989,-0.515327331328659,-0.45200490285681877,-0.3988516655963492,-0.3429945577378428,50
1,50,d1,logspline,0.8300000000000001,-0.4272353102255868,-0.42731689759167574,0.049889151943365295,-0.5145989212511093,-0.453738527356839,-0.40135270566352527,-0.34541124603786477,50
1,50,d1,logspline,0.8400000000000001,-0.4291917117690446,-0.42908420128396846,0.04916304978341178,-0.5137625668536983,-0.45615549338906136,-0.4038255058840404,-0.34773022317755137,50
1,50,d1,logspline,0.85,-0.4309859941654681,-0.4306963131432272,0.0484643771261012,-0.512892068097389,-0.4583326730676715,-0.40606224040374117,-0.34995492289647334,50
1,50,d1,logspline,0.86,-0.4326227252067649,-0.43215831414486905,0.04779314503166717,-0.5120685807523704,-0.46027878412009127,-0.4077828632153845,-0.35208853393273554,50
1,50,d1,logspline,0.87,-0.433394542855861,-0.433474997198639,0.04714930269887901,-0.5111276410140534,-0.46200252012283743,-0.4093725439592917,-0.35413402192639204,50
1,50,d1,logspline,0.88,-0.4325514176162367,-0.43465109985373995,0.04653258545121518,-0.5100776796797912,-0.4642642601369358,-0.41083487969607463,-0.35609414922233473,50
1,50,d1,logspline,0.89,-0.43268137823895214,-0.435691474401354,0.045942464678854385,-0.5089265108696879,-0.4652282730866765,-0.41217349394639424,-0.35797149279466,50
1,50,d1,logspline,0.9,-0.433227359733692,-0.4366011006815832,0.04537817145377904,-0.5076813840333237,-0.46548802533583544,-0.4133919265418422,-0.3599517152989984,50
1,50,d1,logspline,0.91,-0.43459034733273905,-0.4373850729016943,0.044838733362943146,-0.5063490308648763,-0.4658077610422173,-0.41449360075085023,-0.3619597773878173,50
1,50,d1,logspline,0.92,-0.43677452112456305,-0.43804858704083977,0.04432301690416958,-0.5049357076986503,-0.46629326268018967,-0.41546698548658145,-0.3638494004074885,50
1,50,d1,logspline,0.93,-0.43737876663874886,-0.43859692732718236,0.043829769707549086,-0.5037387748486892,-0.4666063985015947,-0.41594668085628395,-0.3656241550350011,50
1,50,d1,logspline,0.94,-0.43692708721497153,-0.439035452805458,0.04335765806715164,-0.5029487250112284,-0.46677580082631087,-0.4163106342847791,-0.3672876112179686,50
1,50,d1,logspline,0.95,-0.43756527949683643,-0.43936958388452313,0.04290529760655361,-0.502085605434797,-0.46690529404822745,-0.4165647991399919,-0.3688433357758385,50
1,50,d1,logspline,0.96,-0.4383320463553852,-0.43960474275633105,0.042471266985616554,-0.5013364501328247,-0.46691461105303184,-0.4166383691116662,-0.36999474285573797,50
1,50,d1,logspline,0.97,-0.43946453371350175,-0.4397462104470645,0.04205408056881421,-0.5009906589153614,-0.46676134487792237,-0.41616629134345007,-0.37096677781613274,50
1,50,d1,logspline,0.98,-0.4400613388716711,-0.43979908158573033,0.04165217120487052,-0.5005998716076188,-0.46636625000469667,-0.41565505855107626,-0.3718444533583563,50
1,50,d1,logspline,0.99,-0.44012265423705055,-0.43976826156117366,0.041263894124735516,-0.500417737735132,-0.4658648040922215,-0.4155219060229068,-0.3725730311121463,50
1,50,d1,logspline,1,-0.44074386837378415,-0.4396584378832573,0.040887573846178575,-0.5009510325246207,-0.46526356041588757,-0.41653716892782255,-0.3731512264465535,50
1,50,d2,ecdf,0.01,Inf,Inf,NA,Inf,Inf,Inf,Inf,0
1,50,d2,ecdf,0.02,Inf,Inf,NA,Inf,Inf,Inf,Inf,0
1,50,d2,ecdf,0.03,Inf,Inf,NA,Inf,Inf,Inf,Inf,0
1,50,d2,ecdf,0.04,Inf,Inf,NA,Inf,Inf,Inf,Inf,0
1,50,d2,ecdf,0.05,Inf,Inf,NA,Inf,Inf,Inf,Inf,3
1,50,d2,ecdf,0.06,Inf,Inf,NA,Inf,Inf,Inf,Inf,3
1,50,d2,ecdf,0.06999999999999999,Inf,Inf,NA,Inf,Inf,Inf,Inf,3
1,50,d2,ecdf,0.08,Inf,Inf,NA,-1.6410529877939677,Inf,Inf,Inf,7
1,50,d2,ecdf,0.09,Inf,Inf,NA,-1.6002487863504296,Inf,Inf,Inf,8
1,50,d2,ecdf,0.1,Inf,Inf,NA,-1.2848696271924265,Inf,Inf,Inf,9
1,50,d2,ecdf,0.11,Inf,Inf,NA,-1.4051802147446388,-0.306567926076529,Inf,Inf,15
1,50,d2,ecdf,0.12,Inf,Inf,NA,-1.1449956426011592,-0.04638335393304922,Inf,Inf,17
1,50,d2,ecdf,0.13,Inf,Inf,NA,-1.064015658609992,0.1928217699065972,Inf,Inf,21
1,50,d2,ecdf,0.14,0.41414935494748806,Inf,NA,-0.9721450061724024,0.41414935494748806,Inf,Inf,27
1,50,d2,ecdf,0.15000000000000002,0.6200584223291108,Inf,NA,-0.9892417482502703,0.10019803690915179,Inf,Inf,31
1,50,d2,ecdf,0.16,0.8125313480058011,Inf,NA,-0.8971834206649745,-0.18471466363526762,0.8125313480058011,Inf,38
1,50,d2,ecdf,0.17,0.9931896184409932,Inf,NA,-0.8013080241347744,-0.1054226702271166,0.9931896184409932,Inf,43
1,50,d2,ecdf,0.18000000000000002,0.47022926881571014,Inf,NA,-0.7866081597008789,0.06476416070754569,1.1633764493756555,Inf,44
1,50,d2,ecdf,0.19,0.6310698564544962,Inf,NA,-0.7599160475953702,-0.06207732410544916,1.3242170370144415,Inf,45
1,50,d2,ecdf,0.2,0.3780510479575044,Inf,NA,-0.6074697479841977,-0.07698868797993404,0.7835161560656687,Inf,46
1,50,d2,ecdf,0.21,0.2352335434569069,Inf,NA,-0.5226943067140494,0.01208999214269711,0.827014446989811,1.6215279045767974,48
1,50,d2,ecdf,0.22,0.3732154992794251,Inf,NA,-0.5430752325947301,0.013330780369749256,0.6608975717312059,1.7595098603993158,49
1,50,d2,ecdf,0.23,0.28177716059552743,Inf,NA,-0.5936915767583726,-0.05469507602568554,0.7206822662485728,1.1980678924696826,49
1,50,d2,ecdf,0.24,0.225412578480143,0.3311518392406533,0.6205547540209774,-0.5117580913002472,-0.06226949397163786,0.6308776865883075,1.3240248671482528,50
1,50,d2,ecdf,0.25,0.19193441855629223,0.27716020355012866,0.5698927947107182,-0.5012127620036531,-0.1384003964679834,0.5284066551775053,1.4446973870516604,50
1,50,d2,ecdf,0.26,0.1742003129121886,0.2609682216233498,0.5344197684509187,-0.4233615543410573,-0.04894323840202121,0.5986235529594355,1.155029565923915,50
1,50,d2,ecdf,0.27,0.16770223392885691,0.20960654598813336,0.4850186037037121,-0.44100545297374405,-0.11997983852292388,0.41901666220976297,1.1368575899936646,50
1,50,d2,ecdf,0.28,0.1694376704312818,0.18449955076732752,0.4648847700621119,-0.5006275276542658,-0.09292659403620916,0.3925812217454917,0.7805401504339471,50
1,50,d2,ecdf,0.29000000000000004,0.17732374596606687,0.13266391497380836,0.4311084615131139,-0.4948894275581768,-0.13283118233777283,0.3779944414282179,0.7140917436141156,50
1,50,d2,ecdf,0.3,0.1098261253626564,0.09214860115482044,0.40748041691338244,-0.5257304445098929,-0.09781323941558812,0.3483628448790661,0.7535590809928359,50
1,50,d2,ecdf,0.31,0.06287631667347585,0.06196027260422424,0.38193182544414533,-0.4871700202457961,-0.15999565607318553,0.20597716031414923,0.7649272420393372,50
1,50,d2,ecdf,0.32,0.03067084428578441,0.058979816429387294,0.3659387496625324,-0.5243008037036717,-0.13184808521199057,0.2248268587267419,0.7314402806167917,50
1,50,d2,ecdf,0.33,0.00940202890951827,0.009403245055749871,0.3396868878903203,-0.5309515224812459,-0.1816532078531909,0.18125228583617756,0.5167906156322546,50
1,50,d2,ecdf,0.34,-0.026810170008334973,-0.017980367247920268,0.32502787896463736,-0.48789756094655906,-0.17790354933566624,0.15060051763636984,0.5679026646357386,50
1,50,d2,ecdf,0.35000000000000003,-0.05261575865121415,-0.045959090832079164,0.28015862372107736,-0.48781783845803006,-0.2067664384784725,0.08091563397330861,0.45533394991234455,50
1,50,d2,ecdf,0.36000000000000004,-0.05071156207319435,-0.051737893570638654,0.2621410897793244,-0.48524708598443844,-0.1938124057138677,0.10522958194726344,0.44301136051677453,50
1,50,d2,ecdf,0.37,-0.08034828313346984,-0.07760846297914323,0.22734360533843995,-0.5113452732781011,-0.20186709994678761,0.06807172198480352,0.24242510912958115,50
1,50,d2,ecdf,0.38,-0.10148629737451324,-0.10498927039317549,0.21373606418850616,-0.5182920134441823,-0.21926933303089663,0.023272265297191796,0.22875538949606372,50
1,50,d2,ecdf,0.39,-0.08695517295811149,-0.11462721097789705,0.21676611575554308,-0.5118383669233773,-0.26799356189866497,-0.02633055114167654,0.22052952678984927,50
1,50,d2,ecdf,0.4,-0.11173169652730328,-0.12846115192099353,0.21333713368535756,-0.47814427331831194,-0.28277655659312856,-0.02108706917647269,0.20031803377677887,50
1,50,d2,ecdf,0.41,-0.15397728594424206,-0.16023599601908028,0.20692809645954366,-0.5121801427137687,-0.2822453262693066,-0.05389382738725951,0.22044102999479387,50
1,50,d2,ecdf,0.42,-0.17562934339290917,-0.16914723515498278,0.20668338754199964,-0.5239795144450352,-0.2738629228040951,-0.04806494206010857,0.1599950704790634,50
1,50,d2,ecdf,0.43,-0.20136047007047553,-0.18586694320403732,0.19640326315686019,-0.5237141951790046,-0.28218205155966125,-0.06362578491250068,0.1811589327966354,50
1,50,d2,ecdf,0.44,-0.20255776880199808,-0.20371803923222145,0.17954176814897926,-0.5151115039857659,-0.2868375578036182,-0.12559672766586985,0.1371511491544231,50
1,50,d2,ecdf,0.45,-0.22686481527071783,-0.2207947339599563,0.16973916216687385,-0.5158926084516774,-0.3042733654826355,-0.12429231817015836,0.1024142865170459,50
1,50,d2,ecdf,0.46,-0.24551169721061547,-0.23482883841333288,0.15886435574845914,-0.5438568907120896,-0.30613631902705046,-0.12967988168549385,0.02155108803842985,50
1,50,d2,ecdf,0.47,-0.2595198607143465,-0.2517788925328418,0.15155115950799566,-0.5286817696796676,-0.3294784493212568,-0.15254774116217865,-0.032746541349558,50
1,50,d2,ecdf,0.48,-0.26288379249117266,-0.2646412723670375,0.146045216162851,-0.5468941290494431,-0.3445034644370589,-0.17031414470585832,-0.06740427341503773,50
1,50,d2,ecdf,0.49,-0.2765644679787839,-0.27764703332225876,0.1454715365680046,-0.5568508344973029,-0.3702146503513621,-0.1873111868461865,-0.06439510826542706,50
1,50,d2,ecdf,0.5,-0.29844845689575183,-0.2922455628483087,0.1389986704390446,-0.5505663639392193,-0.36914230756279576,-0.1808193384331342,-0.09858124019616214,50
1,50,d2,ecdf,0.51,-0.3050989417942056,-0.2976732223824359,0.13789935729401717,-0.5478296263837203,-0.36895041378073834,-0.2009586825416088,-0.09082141985084709,50
1,50,d2,ecdf,0.52,-0.3091396396410653,-0.3114460387604846,0.12560354004307983,-0.5413704876384143,-0.3815854760688942,-0.22824642438759568,-0.1147183591155644,50
1,50,d2,ecdf,0.53,-0.3111263344472691,-0.321334762965984,0.12139740930156502,-0.5353772016900827,-0.40465239245809254,-0.23209383076563606,-0.15206163981758172,50
1,50,d2,ecdf,0.54,-0.32517584173027037,-0.33232613990914645,0.1167678784586085,-0.5255678830827809,-0.4171179227040773,-0.25880077278539765,-0.1604814487970639,50
1,50,d2,ecdf,0.55,-0.3187922217693609,-0.34609159642648596,0.10726335014301472,-0.5255628133763011,-0.4267808598334568,-0.26931228516613426,-0.1966751416462378,50
1,50,d2,ecdf,0.56,-0.33640093146617667,-0.35548812012622255,0.10297690082403414,-0.5533236940137652,-0.43582951479814724,-0.28165606095347384,-0.22376136321074108,50
1,50,d2,ecdf,0.5700000000000001,-0.35078601552726946,-0.3634958399124081,0.09737232932133526,-0.5458465980986539,-0.4320114554498553,-0.28109973545255695,-0.24542549986944323,50
1,50,d2,ecdf,0.5800000000000001,-0.3659381452043333,-0.37068123307349826,0.09550049987147745,-0.5327626975602772,-0.4373371339605082,-0.29873297013192696,-0.25535590166542194,50
1,50,d2,ecdf,0.59,-0.3680199889166211,-0.37636181170516214,0.0917485062859486,-0.533269480498562,-0.4408904400932085,-0.3223237399828574,-0.2553842573077482,50
1,50,d2,ecdf,0.6,-0.38173643786262446,-0.3805756307501913,0.09230169683502674,-0.5289333840369416,-0.4474930520967671,-0.3148092083052711,-0.2574991819736713,50
1,50,d2,ecdf,0.61,-0.38681200154783557,-0.3887189400588363,0.09038069350844478,-0.5431628056887486,-0.4551940327427916,-0.32820532517599627,-0.26211926498041177,50
1,50,d2,ecdf,0.62,-0.39614075814767136,-0.39750437495693075,0.08949477502474863,-0.540821890628804,-0.4597120287739156,-0.33919207760603504,-0.264512445024478,50
1,50,d2,ecdf,0.63,-0.40914423065995753,-0.4037449869909281,0.0850561666341504,-0.5423570354692877,-0.4601657995352768,-0.3436908085389087,-0.28929673647311,50
1,50,d2,ecdf,0.64,-0.41727703105622815,-0.40926292732479236,0.08336386436322203,-0.5474296966368042,-0.4532706337041335,-0.3523894088503533,-0.28031481387951473,50
1,50,d2,ecdf,0.65,-0.4162103836818435,-0.4123235666796895,0.08426784862812957,-0.5594408327738359,-0.46404076785628884,-0.34999271845589874,-0.2883511338330902,50
1,50,d2,ecdf,0.66,-0.41910195412988954,-0.41759326583899037,0.08595931541795773,-0.5640809286792708,-0.4694555983109864,-0.3519977156199249,-0.30973497964162416,50
1,50,d2,ecdf,0.67,-0.4184512745874214,-0.42164741681929774,0.0852302953096024,-0.5747683547968637,-0.46594143603793065,-0.37007824346505613,-0.30315004475030555,50
1,50,d2,ecdf,0.68,-0.42387517234041494,-0.42522672559391994,0.08566095558946632,-0.5618142949790984,-0.48695184656396306,-0.37293078698035903,-0.2866148785820053,50
1,50,d2,ecdf,0.6900000000000001,-0.4405304399407692,-0.4298515427767931,0.08447612931727137,-0.5566905819058573,-0.49138454296583534,-0.3791882537754048,-0.29257865084123136,50
1,50,d2,ecdf,0.7000000000000001,-0.4469528994905196,-0.43459498091233795,0.08645569475211468,-0.5673658831283859,-0.49090038715395,-0.383097421646613,-0.28274955517630695,50
1,50,d2,ecdf,0.7100000000000001,-0.4483134643277265,-0.4398288433097478,0.08352295649995287,-0.5748760168025076,-0.5060935235953599,-0.3910439810909788,-0.30532330670838626,50
1,50,d2,ecdf,0.72,-0.4451298975090514,-0.44437662266670774,0.08000953995888672,-0.5742584083177457,-0.5097815410158673,-0.39763931310416434,-0.3180793193422098,50
1,50,d2,ecdf,0.73,-0.44325273408418375,-0.4497250091852061,0.07661259028676858,-0.5695273474008553,-0.5141576032727424,-0.4002306145821417,-0.33130388174784053,50
1,50,d2,ecdf,0.74,-0.4494719412745245,-0.4533920863926407,0.06961142570518365,-0.5664099803293292,-0.5094899510007771,-0.3965495398201818,-0.34581199454635536,50
1,50,d2,ecdf,0.75,-0.44463401655995655,-0.4532946474130916,0.0680689421484312,-0.5714124323342826,-0.505257714687433,-0.39595854713922973,-0.34995032624118555,50
1,50,d2,ecdf,0.76,-0.4475390456542685,-0.45631305383582305,0.06189648177455665,-0.561769569542223,-0.5075029408078389,-0.41075541783927993,-0.370661269385275,50
1,50,d2,ecdf,0.77,-0.45274613473349984,-0.4562686489834677,0.05998646250399067,-0.5669412446613373,-0.5075368587181772,-0.41259810002796676,-0.3717549144196494,50
1,50,d2,ecdf,0.78,-0.45404337891446134,-0.45901272212571304,0.05755420736310623,-0.5507076759396117,-0.5048785064915216,-0.42224771535006345,-0.3764441071145369,50
1,50,d2,ecdf,0.79,-0.45757333425169644,-0.4615792727265985,0.05550742991655481,-0.5491815376909908,-0.5066508364413145,-0.41802090420443105,-0.38101456930916155,50
1,50,d2,ecdf,0.8,-0.4631453296348814,-0.46478269010426165,0.05442107278144729,-0.5448821198794732,-0.5024733879454498,-0.422909881715315,-0.38174937299638184,50
1,50,d2,ecdf,0.81,-0.4651565324765032,-0.46497583081060173,0.05248758243025733,-0.5501596582663328,-0.500614082145634,-0.4214337214626716,-0.3902255150088305,50
1,50,d2,ecdf,0.8200000000000001,-0.4704301954486778,-0.46588253600956525,0.05135937128520152,-0.5512074799336127,-0.4958768611098421,-0.4262998663492674,-0.3899578422261048,50
1,50,d2,ecdf,0.8300000000000001,-0.46990646057104846,-0.4661064530298932,0.05343346051014743,-0.5556462536317723,-0.5061204221021847,-0.42648002765347826,-0.3850313770788647,50
1,50,d2,ecdf,0.8400000000000001,-0.4677524878337783,-0.4675201854646981,0.051590077336346796,-0.553162319037646,-0.5000392804285021,-0.4293643227585659,-0.3931055129550617,50
1,50,d2,ecdf,0.85,-0.4735409612968339,-0.4677759916488873,0.05148054023172321,-0.5545178991681221,-0.4990040251674296,-0.4346954549456601,-0.3863778159715752,50
1,50,d2,ecdf,0.86,-0.4740091857131056,-0.4692659985853172,0.051993180892222816,-0.5570674175356695,-0.5015005854692096,-0.43337742975537824,-0.3826698988237499,50
1,50,d2,ecdf,0.87,-0.4751582139403702,-0.4689288159002968,0.050055186530326756,-0.5496234220498304,-0.4964550383386908,-0.4328765485995596,-0.3841216074738154,50
1,50,d2,ecdf,0.88,-0.4737202684493512,-0.4692161097689037,0.04743674405986708,-0.5443450130135087,-0.4991712615192972,-0.4354019810078355,-0.39287514670952495,50
1,50,d2,ecdf,0.89,-0.46989983000317154,-0.4686088126847661,0.04691157136037317,-0.5455320823038041,-0.49678873021950265,-0.4363230941327514,-0.3879066434167127,50
1,50,d2,ecdf,0.9,-0.47102727648500503,-0.46846328197225084,0.04540446986332563,-0.5501867172650123,-0.49068974910968105,-0.43842371527432045,-0.398061719825789,50
1,50,d2,ecdf,0.91,-0.4737281735920812,-0.47032804301556097,0.044075272207782595,-0.5481114478087161,-0.49475816301886844,-0.4461856466470596,-0.39832095099854936,50
1,50,d2,ecdf,0.92,-0.4759714524048073,-0.4705206926736561,0.043089965362769704,-0.5458144790717311,-0.49498527391769015,-0.4487342562669346,-0.40416383212512097,50
1,50,d2,ecdf,0.93,-0.47122909061870066,-0.4716043445554931,0.0419141025093483,-0.543187507809755,-0.49626560960986127,-0.44795575298490276,-0.4049447925080882,50
1,50,d2,ecdf,0.94,-0.4737366717169412,-0.4722630296586295,0.04338427552753931,-0.5428852412587151,-0.5020719804273923,-0.4412800120139623,-0.40363336518180837,50
1,50,d2,ecdf,0.95,-0.4749392994078065,-0.4731267943681852,0.04075840114541604,-0.5412875125874144,-0.49733292698937204,-0.4515779494946324,-0.40886021980947834,50
1,50,d2,ecdf,0.96,-0.47234155040177805,-0.472769781173684,0.039965355522243895,-0.5431948142803947,-0.4976265369854019,-0.44951351784557736,-0.40780302926420686,50
1,50,d2,ecdf,0.97,-0.47045101770187875,-0.4704015690584089,0.04026304717473143,-0.5347693936872487,-0.4984668002045303,-0.44380605374576926,-0.4073476672997647,50
1,50,d2,ecdf,0.98,-0.4667382491090855,-0.47023234968764155,0.03905288883052255,-0.5321000474892252,-0.49700543342152254,-0.44107719189592065,-0.41290594660119684,50
1,50,d2,ecdf,0.99,-0.4686278191698704,-0.4708207021895493,0.03900920149148322,-0.5357945890977396,-0.49694453394044413,-0.4457135596469947,-0.4103265480626721,50
1,50,d2,ecdf,1,-0.4709825361408373,-0.4709455215470591,0.03857918387644674,-0.5343797984313656,-0.4943475057312092,-0.4462508321604745,-0.4100626728684806,50
1,50,d2,logspline,0.01,-5.28816222651148,-4.959692597216107,1.1562141379929631,-6.424052977098481,-5.620794643067552,-4.482362380225474,-2.9979221535963645,50
1,50,d2,logspline,0.02,-3.9490042080809307,-3.627019844472011,1.133988430189836,-5.066341159120453,-4.274305192202475,-3.1525151099936846,-1.7076283002781558,50
1,50,d2,logspline,0.03,-3.185987532625656,-2.8708309764453688,1.110834799214132,-4.284332996231399,-3.503759146375109,-2.399106676348512,-0.9943741341348138,50
1,50,d2,logspline,0.04,-2.6593126231829225,-2.3513213433640896,1.0867772683933066,-3.7382301722517095,-2.9693576417557352,-1.8823359738282375,-0.5193577993452818,50
1,50,d2,logspline,0.05,-2.2624883543162078,-1.9619929008432344,1.0618462971181366,-3.3215433190398596,-2.5638274353690216,-1.4957097529570176,-0.1761636774933409,50
1,50,d2,logspline,0.06,-1.9480789915988879,-1.6554012787046823,1.0360783087039311,-2.986838948260401,-2.2397162518284257,-1.1917895753089551,0.08268035348200062,50
1,50,d2,logspline,0.06999999999999999,-1.690779044401046,-1.4062307491489747,1.0095151371384756,-2.708814294371401,-1.9745614242003109,-0.9452666859359417,0.2825230432203585,50
1,50,d2,logspline,0.08,-1.4754815159413965,-1.1993627166910377,0.9822035372001524,-2.4723655528813815,-1.7491225127234706,-0.7410302868408473,0.4385208559784226,50
1,50,d2,logspline,0.09,-1.292440114986837,-1.0250381818896193,0.9541946809548945,-2.2677501447735318,-1.5563111336545692,-0.569329841960054,0.560474963676558,50
1,50,d2,logspline,0.1,-1.1349968354024467,-0.876586657866456,0.9255436339143553,-2.0883155850576602,-1.39095769630083,-0.423503991125714,0.6551015887699024,50
1,50,d2,logspline,0.11,-0.9983975514176722,-0.7492434219337499,0.8963090154899735,-1.9293166031019888,-1.2485105862500676,-0.2987977201232272,0.7272140708283775,50
1,50,d2,logspline,0.12,-0.879125082248475,-0.6394835438604624,0.866552755914987,-1.787249140537143,-1.1238365712049412,-0.19169641206400434,0.7803880514159687,50
1,50,d2,logspline,0.13,-0.7744988495745597,-0.5446232206226537,0.8363399514550601,-1.6594518495876476,-1.0078362999508907,-0.09952740233150983,0.8173591728979184,50
1,50,d2,logspline,0.14,-0.6818883786752068,-0.46256951906057314,0.8057391734683259,-1.5438556949776645,-0.9041966443983871,-0.020209337695107996,0.8404328931304081,50
1,50,d2,logspline,0.15000000000000002,-0.5990565356078164,-0.3916560890092798,0.7748235050495369,-1.438820154106782,-0.8112658973503295,0.047914908796756854,0.8596900326028382,50
1,50,d2,logspline,0.16,-0.5257716075741854,-0.3305272705047371,0.7436747790807977,-1.3430223900354603,-0.7277088602968457,0.04359455034820255,0.8681608901816915,50
1,50,d2,logspline,0.17,-0.46092230916650784,-0.27805397050087866,0.7123871153511799,-1.2553800828932316,-0.6524298123307015,0.0248283347865595,0.8669992240901454,50
1,50,d2,logspline,0.18000000000000002,-0.4032753256526387,-0.2332779645600211,0.6810648818401867,-1.1749963526630627,-0.5845175325042725,0.026421650746854475,0.8571988528531458,50
1,50,d2,logspline,0.19,-0.35184072030872215,-0.1953731047335052,0.649818391932232,-1.101119593773067,-0.5297343970854557,0.05234116874380993,0.8396361656779614,50
1,50,d2,logspline,0.2,-0.3070784657524249,-0.1636172452150587,0.6187600793767875,-1.0331136248248112,-0.48556637024595567,0.08519824379040444,0.8324361612515635,50
1,50,d2,logspline,0.21,-0.2731523752889832,-0.13737122876566316,0.5880022446021456,-0.9704350824033625,-0.44680993854002893,0.11237584215421922,0.8203414814913575,50
1,50,d2,logspline,0.22,-0.24606107714664383,-0.11606002653893892,0.5576663984792177,-0.912614939948284,-0.4129308798368906,0.1344070598381001,0.8028768306238497,50
1,50,d2,logspline,0.23,-0.22358366843623578,-0.09915448312127174,0.5279002892876733,-0.8592432050898321,-0.38345287552711826,0.1519922285092122,0.7806404146307548,50
1,50,d2,logspline,0.24,-0.19808665710348208,-0.08616374112161154,0.4988662451155936,-0.8099584211465856,-0.3602062796735398,0.16705894474020105,0.7546576946200677,50
1,50,d2,logspline,0.25,-0.1763273391352695,-0.07663370517323767,0.47072607550909107,-0.7644396523465042,-0.3389325995418073,0.17824489920998374,0.7283729330702298,50
1,50,d2,logspline,0.26,-0.1532279240094688,-0.07015421500460223,0.4436376692832285,-0.7224000392301946,-0.3182085265250392,0.1858950851038699,0.7098457745451032,50
1,50,d2,logspline,0.27,-0.131061604497357,-0.0663572949920106,0.41775287336931777,-0.6847968301109546,-0.3061199484786608,0.174726810581895,0.6942906386457384,50
1,50,d2,logspline,0.28,-0.11232072700621726,-0.06490992542741066,0.3932094113591024,-0.6501618696442641,-0.29090030240440246,0.1312458033278538,0.6757645947528266,50
1,50,d2,logspline,0.29000000000000004,-0.10022120367737156,-0.06550875800298628,0.37012096965746816,-0.6181878805790862,-0.27810473261304003,0.12413358257556452,0.6264845084539491,50
1,50,d2,logspline,0.3,-0.09221191382558203,-0.06787544916600474,0.3485658761903053,-0.5886876111526305,-0.26869395753976777,0.12335772381961664,0.5580444828108374,50
1,50,d2,logspline,0.31,-0.08887847879032948,-0.07175130606071135,0.3285725289120429,-0.5616498581368443,-0.26175270793844063,0.12031831814556421,0.4936972933600039,50
1,50,d2,logspline,0.32,-0.09222511493714403,-0.07690447645345776,0.3101069298986726,-0.5521912703678282,-0.2564642219391011,0.10558965658752748,0.4520010412667267,50
1,50,d2,logspline,0.33,-0.09254134512019727,-0.08314092717423134,0.29307859593571095,-0.548123684216563,-0.24753990712763416,0.06340624610341777,0.41902123800469127,50
1,50,d2,logspline,0.34,-0.08751975327329668,-0.09029874488316729,0.27737212961326524,-0.543869180351134,-0.2382580444163323,0.048975469411752896,0.3945991169255847,50
1,50,d2,logspline,0.35000000000000003,-0.08403059422247253,-0.09824157126239325,0.2628696102853109,-0.5370621752821487,-0.24279682576134035,0.03359020263966275,0.3690179446682067,50
1,50,d2,logspline,0.36000000000000004,-0.0843433750998481,-0.10685414464476724,0.24946163670639537,-0.5202515816107627,-0.24905242758893548,0.007869581602885247,0.34247200413358697,50
1,50,d2,logspline,0.37,-0.09961538718693007,-0.11603845610558103,0.23705236871526758,-0.5054642295754732,-0.23996977181956733,0.005899234893593665,0.3151463164114147,50
1,50,d2,logspline,0.38,-0.10419147595311547,-0.12571040495349972,0.2255607514344238,-0.502650280824392,-0.2324105487714594,-0.008576102092982346,0.2872172780979685,50
1,50,d2,logspline,0.39,-0.1160093778458908,-0.1357948116909364,0.21491961759025327,-0.5003361828462742,-0.22627809776063446,-0.0268066461291703,0.24930396145064865,50
1,50,d2,logspline,0.4,-0.13167945326188843,-0.14622050924745272,0.20507245323823897,-0.5002903949496026,-0.23518790393574618,-0.05265934487471476,0.20905115341803418,50
1,50,d2,logspline,0.41,-0.14818740133698766,-0.15692025871313106,0.19596916094304723,-0.5012253798357249,-0.24329449402138045,-0.06437994054374974,0.16966106624700583,50
1,50,d2,logspline,0.42,-0.15049951050421784,-0.1678312898736501,0.18756291214095255,-0.5057184014314933,-0.24496026751179542,-0.07118701696788375,0.13096730480844343,50
1,50,d2,logspline,0.43,-0.16005495858340174,-0.17889542754620183,0.1798083993186507,-0.5213743758845266,-0.24763294244209447,-0.08505747672859604,0.09311878830907444,50
1,50,d2,logspline,0.44,-0.163261256260688,-0.19005894051361702,0.17266103543433162,-0.5322879703924934,-0.2539483166424356,-0.10304216296424384,0.05625351162888041,50
1,50,d2,logspline,0.45,-0.16697756513264989,-0.20127231422707054,0.16607655943571503,-0.535078822733936,-0.26338796798631325,-0.11795034691072251,0.025155279640470495,50
1,50,d2,logspline,0.46,-0.1747530557156739,-0.21248999412497474,0.1600108954898822,-0.5392712564921407,-0.2837221061198903,-0.12749695899492802,0.0012062917616853233,50
1,50,d2,logspline,0.47,-0.18696916097341393,-0.2236701236162048,0.15442018472856053,-0.5432445912005666,-0.304444189290527,-0.1389036586826083,-0.016174566955706002,50
1,50,d2,logspline,0.48,-0.20517443094727597,-0.23477429735287125,0.1492609493401864,-0.5465760699956979,-0.310404266327858,-0.14907058077166088,-0.029714456549045108,50
1,50,d2,logspline,0.49,-0.21593589097230198,-0.24576733862954653,0.14449035541225289,-0.5493203816733088,-0.31389955513624923,-0.15790067898099697,-0.051235654295751436,50
1,50,d2,logspline,0.5,-0.2273625224356805,-0.25661708093042823,0.14006652109146425,-0.5468201908167413,-0.31857755329250903,-0.1669748414537327,-0.07818797226558571,50
1,50,d2,logspline,0.51,-0.24091759740477275,-0.2672941676971971,0.13594886926892855,-0.5443313633779091,-0.3250013510643941,-0.18307164862760464,-0.10448482385262184,50
1,50,d2,logspline,0.52,-0.2506248472718726,-0.2777718979789794,0.13209850357252678,-0.542110650338389,-0.3323045772302165,-0.19252378995925865,-0.12708762664092094,50
1,50,d2,logspline,0.53,-0.25985497205334407,-0.28802608959027876,0.1284786077489031,-0.5404569005052717,-0.33977051071878767,-0.2075071904543202,-0.1447042517383169,50
1,50,d2,logspline,0.54,-0.2728333708430156,-0.29803493188096064,0.12505487723805228,-0.543136860027214,-0.34706863872749494,-0.21691549141195068,-0.15720734504023545,50
1,50,d2,logspline,0.55,-0.2882380254902902,-0.30777883773977827,0.1217959036817452,-0.5452741434016413,-0.35692331250668535,-0.22520797782112525,-0.16971679796620423,50
1,50,d2,logspline,0.56,-0.29956121320106943,-0.317240291310438,0.11867321811320095,-0.5469208647970003,-0.3609091311467648,-0.23478526589035098,-0.17934498643576663,50
1,50,d2,logspline,0.5700000000000001,-0.3063034662988834,-0.3264040041181387,0.11566158791208137,-0.5481280141429448,-0.36316322810162016,-0.2450810337588292,-0.18890624940690068,50
1,50,d2,logspline,0.5800000000000001,-0.3148590465391585,-0.3352571871813742,0.11273962098744755,-0.5508772751549168,-0.37189901841690776,-0.257527457335746,-0.19852194557677028,50
1,50,d2,logspline,0.59,-0.3283007549888064,-0.34378997961032703,0.10989033378541047,-0.5549925683271159,-0.3836620900496429,-0.2679119800749826,-0.20816113132920988,50
1,50,d2,logspline,0.6,-0.33931329014577144,-0.35199538565683824,0.10710181365184465,-0.55858006850873,-0.38873200237419475,-0.27655244575223786,-0.21779443742718685,50
1,50,d2,logspline,0.61,-0.35144885518854163,-0.35986884220574844,0.10436782568355744,-0.5616680278807302,-0.3962399047060775,-0.2851384676724749,-0.22739398542219819,50
1,50,d2,logspline,0.62,-0.36143488224807185,-0.36740785414774024,0.10168845597304846,-0.564284357924045,-0.40520738127028744,-0.29467502080705604,-0.23693331172061322,50
1,50,d2,logspline,0.63,-0.3714428191437237,-0.37461161953238026,0.09907056808674494,-0.5668459209728292,-0.4135278645284838,-0.3041051860734089,-0.24638729857587466,50
1,50,d2,logspline,0.64,-0.37607117898343895,-0.3814804275785541,0.09652802061164173,-0.5693035950578715,-0.4212380661209065,-0.3134021231178495,-0.2557321113583002,50
1,50,d2,logspline,0.65,-0.3817063371685385,-0.3880152334210251,0.09408142759046072,-0.5717156652638021,-0.4283743994414001,-0.3236428281064362,-0.26494514152637266,50
1,50,d2,logspline,0.66,-0.38716329265855776,-0.39421759285288127,0.09175747418608858,-0.575633690159097,-0.4349719443667792,-0.33150164285050954,-0.2740049547862642,50
1,50,d2,logspline,0.67,-0.3930260931646936,-0.40009390603303907,0.08958345697591918,-0.5788079723414303,-0.44125199891351374,-0.34026261866104235,-0.2828912439811626,50
1,50,d2,logspline,0.68,-0.39850709909364845,-0.4056643098413837,0.08756873586375474,-0.5812611591607051,-0.4489877362381395,-0.34860905758350236,-0.29158478629977624,50
1,50,d2,logspline,0.6900000000000001,-0.4045029176306536,-0.4109629555559965,0.08568405670935893,-0.5830207597111173,-0.456600931665616,-0.35698606433559665,-0.2921578648969702,50
1,50,d2,logspline,0.7000000000000001,-0.4092859079295465,-0.416042292728621,0.08383490744364515,-0.5824071127463427,-0.4633946205047867,-0.3651832154651048,-0.3015021629498773,50
1,50,d2,logspline,0.7100000000000001,-0.41133024424055753,-0.42097274871296037,0.08185097887799023,-0.5806271020996128,-0.4682381953864462,-0.37091953561988006,-0.3096064705512926,50
1,50,d2,logspline,0.72,-0.4146769426581709,-0.42582016422886176,0.07955120108962645,-0.5784678987055778,-0.4715484918567281,-0.3747431465214468,-0.3170330311548216,50
1,50,d2,logspline,0.73,-0.4183819361319328,-0.4306176190596727,0.07686132709534764,-0.5759529889970676,-0.4751070300493839,-0.37799810818363305,-0.3241578635691368,50
1,50,d2,logspline,0.74,-0.4217830763258221,-0.4353217283946798,0.07393473703854601,-0.5731081348686975,-0.4787260249996739,-0.383243227454378,-0.33099411869314377,50
1,50,d2,logspline,0.75,-0.4246969585920052,-0.4398010823442726,0.07108713241321489,-0.5699608576928894,-0.4821131303602353,-0.3887447407717424,-0.3393047678496584,50
1,50,d2,logspline,0.76,-0.4283055064041037,-0.44393539540744315,0.06850586249341875,-0.5665400058085794,-0.4871541182813047,-0.39398249477288827,-0.345901112853377,50
1,50,d2,logspline,0.77,-0.4333892891294129,-0.44767663573642064,0.06619174098145074,-0.562875399563375,-0.4931332797725014,-0.3989571738113309,-0.3521756652743282,50
1,50,d2,logspline,0.78,-0.43841974747685875,-0.45103655508116147,0.06407715137133509,-0.5589975479400241,-0.4984513118578337,-0.40371610932463536,-0.3580949114122579,50
1,50,d2,logspline,0.79,-0.4432958887547327,-0.45405953561415924,0.0621005035242863,-0.5566912275202931,-0.5017935972258464,-0.40799013438937,-0.3637545316137626,50
1,50,d2,logspline,0.8,-0.4472635834130094,-0.4567898237698487,0.060226747766090896,-0.5562746750231555,-0.5043569513819501,-0.4111888118724836,-0.36916222665699494,50
1,50,d2,logspline,0.81,-0.4508573538656434,-0.4592595011442543,0.058439375131981705,-0.5561830466441979,-0.5078958901929642,-0.41506589732145455,-0.37432522104370425,50
1,50,d2,logspline,0.8200000000000001,-0.4540841845665541,-0.4614919505768375,0.0567295314703008,-0.5526592408571019,-0.5074069566417831,-0.41839262065643895,-0.3792503238365807,50
1,50,d2,logspline,0.8300000000000001,-0.4569519820434568,-0.4635042221522386,0.05509201257975023,-0.5491415904972766,-0.5074797264500898,-0.42032878751026476,-0.3839439812345095,50
1,50,d2,logspline,0.8400000000000001,-0.4602410829916955,-0.46530827335406194,0.05352430027254339,-0.5456342001219929,-0.508077405456782,-0.42225219904682554,-0.38841232206503407,50
1,50,d2,logspline,0.85,-0.4639678522737537,-0.46691226639292965,0.05202602911484727,-0.5421406943661125,-0.5093594442635191,-0.4238468962475515,-0.39212898459616274,50
1,50,d2,logspline,0.86,-0.46737029745331554,-0.4683233342123042,0.05059706722537411,-0.5386642655467172,-0.5091129257535759,-0.4243633044521008,-0.39677377795169566,50
1,50,d2,logspline,0.87,-0.4704539342310742,-0.4695486243059395,0.04923668049237435,-0.536601861455796,-0.5077886093916393,-0.42628276390909514,-0.3993458061750779,50
1,50,d2,logspline,0.88,-0.47322501587382504,-0.47059530085560675,0.04794347434593842,-0.5352819427451603,-0.5074540938011322,-0.42853714910975327,-0.4020779818539429,50
1,50,d2,logspline,0.89,-0.47569044428172713,-0.47147053333717637,0.04671536827996634,-0.5352240747943892,-0.5078935836273991,-0.43065910947883884,-0.40502047311468337,50
1,50,d2,logspline,0.9,-0.47643330407407036,-0.47218152109888223,0.04554964502447136,-0.5361163736376914,-0.507301677809912,-0.4326490271822638,-0.40777997058209026,50
1,50,d2,logspline,0.91,-0.4764062298618764,-0.4727353786769529,0.044443034142233453,-0.5367529253669033,-0.5066145520040679,-0.43436985385274085,-0.4103591142926417,50
1,50,d2,logspline,0.92,-0.47443562234914705,-0.473138100989218,0.043391780241721016,-0.5371374210840112,-0.5058401706158856,-0.4360793088556265,-0.41276071354624533,50
1,50,d2,logspline,0.93,-0.47252977841315374,-0.47339516816964583,0.04239241083209753,-0.5372750137215239,-0.5049857341024587,-0.4376536857104619,-0.41498773361622954,50
1,50,d2,logspline,0.94,-0.4706797049891747,-0.4735124933561853,0.04144201742709738,-0.5372482037916251,-0.5046919866442288,-0.4391279342061772,-0.41704328317339456,50
1,50,d2,logspline,0.95,-0.4689549578226027,-0.47349640468492743,0.040538179914573855,-0.5369949920292088,-0.504073618896547,-0.43998511273469554,-0.41878106496168727,50
1,50,d2,logspline,0.96,-0.4678565082977092,-0.47335357173707454,0.039678846805094196,-0.5365129693312487,-0.503736227306404,-0.4412466032159835,-0.4192801772241579,50
1,50,d2,logspline,0.97,-0.46771141887790535,-0.4730909210469941,0.03886218149273339,-0.5358119142368739,-0.501641186442749,-0.44200991167202847,-0.4197064118255647,50
1,50,d2,logspline,0.98,-0.46625765914857487,-0.4727153779891838,0.03808642718192165,-0.5349022545828163,-0.4995141590198215,-0.44262653820403053,-0.42070994413170704,50
1,50,d2,logspline,0.99,-0.464529066754907,-0.4722335207758642,0.03734979089092317,-0.533794978568822,-0.498142418913077,-0.44307289642754905,-0.421267177462509,50
1,50,d2,logspline,1,-0.4637200851119538,-0.47165153635679063,0.03665040968564296,-0.5315615783952933,-0.49754106960504546,-0.44343130515561957,-0.4212094832858931,50
1,50,d3,ecdf,0.01,Inf,Inf,NA,Inf,Inf,Inf,Inf,0
1,50,d3,ecdf,0.02,Inf,Inf,NA,Inf,Inf,Inf,Inf,0
1,50,d3,ecdf,0.03,Inf,Inf,NA,Inf,Inf,Inf,Inf,0
1,50,d3,ecdf,0.04,Inf,Inf,NA,Inf,Inf,Inf,Inf,1
1,50,d3,ecdf,0.05,Inf,Inf,NA,Inf,Inf,Inf,Inf,1
1,50,d3,ecdf,0.06,Inf,Inf,NA,Inf,Inf,Inf,Inf,1
1,50,d3,ecdf,0.06999999999999999,Inf,Inf,NA,Inf,Inf,Inf,Inf,1
1,50,d3,ecdf,0.08,Inf,Inf,NA,Inf,Inf,Inf,Inf,1
1,50,d3,ecdf,0.09,Inf,Inf,NA,Inf,Inf,Inf,Inf,2
1,50,d3,ecdf,0.1,Inf,Inf,NA,Inf,Inf,Inf,Inf,2
1,50,d3,ecdf,0.11,Inf,Inf,NA,Inf,Inf,Inf,Inf,2
1,50,d3,ecdf,0.12,Inf,Inf,NA,Inf,Inf,Inf,Inf,2
1,50,d3,ecdf,0.13,Inf,Inf,NA,-1.614448956823885,Inf,Inf,Inf,4
1,50,d3,ecdf,0.14,Inf,Inf,NA,-1.7014658465342318,Inf,Inf,Inf,7
1,50,d3,ecdf,0.15000000000000002,Inf,Inf,NA,-1.4278740289689276,Inf,Inf,Inf,9
1,50,d3,ecdf,0.16,Inf,Inf,NA,-1.1722609341849601,Inf,Inf,Inf,11
1,50,d3,ecdf,0.17,Inf,Inf,NA,-1.244380437591192,-0.5512332570312466,Inf,Inf,15
1,50,d3,ecdf,0.18000000000000002,Inf,Inf,NA,-1.0186087262107484,-0.32546154565080304,Inf,Inf,20
1,50,d3,ecdf,0.19,Inf,Inf,NA,-0.8053613516159275,-0.11221417105598216,Inf,Inf,21
1,50,d3,ecdf,0.2,Inf,Inf,NA,-0.6033686004754737,0.08977858008447158,Inf,Inf,25
1,50,d3,ecdf,0.21,0.28160057709604946,Inf,NA,-0.6345524129233863,-0.4115466034638959,Inf,Inf,30
1,50,d3,ecdf,0.22,0.4641844609965573,Inf,NA,-0.792652967520032,-0.22896271956338807,Inf,Inf,31
1,50,d3,ecdf,0.23,-0.05480862147838607,Inf,NA,-0.9710993533525412,-0.3589074525595093,Inf,Inf,33
1,50,d3,ecdf,0.24,0.11162088647830674,Inf,NA,-0.8046698453958485,-0.2938442216298577,Inf,Inf,36
1,50,d3,ecdf,0.25,0.27094472346285403,Inf,NA,-0.6453460084113012,-0.13452038464531038,0.9640919040227992,Inf,40
1,50,d3,ecdf,0.26,0.01824397119919146,Inf,NA,-0.6749032093607539,0.01824397119919146,0.4237090793073559,Inf,44
1,50,d3,ecdf,0.27,0.16493329540360063,Inf,NA,-0.7558068309270904,-0.34589232836239014,0.5703984035117651,Inf,45
1,50,d3,ecdf,0.28,0.16213825032641693,Inf,NA,-0.6748499664594189,-0.2048463372136834,0.7114443946604717,Inf,47
1,50,d3,ecdf,0.29000000000000004,0.1540862310042985,0.1754847212727304,0.6028762705493437,-0.7622045008698567,-0.2513788771038659,0.44176830345607937,1.540380592124189,50
1,50,d3,ecdf,0.3,0.06182189549705264,0.08670112098665499,0.5484532708714446,-0.6313252850628926,-0.4081817337486827,0.2849654468112626,0.978112627371208,50
1,50,d3,ecdf,0.31,0.00578288543446801,0.08227987085295266,0.5504330255237808,-0.6482091754801438,-0.3702364637596005,0.4112479935426325,1.1043951741025777,50
1,50,d3,ecdf,0.32,0.12775218136889976,0.061745690152474254,0.5302268081746215,-0.6094184884114906,-0.35673331348263426,0.3100737381628545,1.0439051713883343,50
1,50,d3,ecdf,0.33,-0.04201648022686365,0.02904346629852139,0.5206923882428254,-0.5275242960085645,-0.3366426663943172,0.2456655922249171,0.9388127727848624,50
1,50,d3,ecdf,0.34,-0.09838782040880303,-0.021416493205722417,0.45831023719558783,-0.6210717074834516,-0.3333896350316708,0.2056068657010161,0.9234477934849176,50
1,50,d3,ecdf,0.35000000000000003,-0.04058343045327459,-0.038551832676534725,0.44784830157680255,-0.5712116815154449,-0.3770556670744875,0.15311436194683942,0.7752927033294854,50
1,50,d3,ecdf,0.36000000000000004,-0.15585283486671098,-0.07467709168970965,0.42592265378751354,-0.5510335608367588,-0.3389750323441526,0.06649007576401185,0.7596372563239572,50
1,50,d3,ecdf,0.37,-0.1661396464975472,-0.08153520311149667,0.4123793103130633,-0.5496491807294672,-0.36029566093850474,0.0750224103193409,0.7814350701263308,50
1,50,d3,ecdf,0.38,-0.22920598159809874,-0.1250906525275986,0.35949559860810393,-0.5417958712223745,-0.37074392761654046,0.08878840176189959,0.5676957758135511,50
1,50,d3,ecdf,0.39,-0.21881145354178416,-0.16349910920481495,0.32425645640665557,-0.5865362336671015,-0.41948214900393527,0.0325029747391219,0.4917041645831496,50
1,50,d3,ecdf,0.4,-0.2778674819052218,-0.1770666096682981,0.31805985032903883,-0.5684843403763076,-0.4007589709250455,-0.06655838823801495,0.5220181464359597,50
1,50,d3,ecdf,0.41,-0.23193231011494345,-0.18866788790272682,0.2863087484152771,-0.577583425044447,-0.38918121648978915,-0.08532883592306796,0.2941607857818358,50
1,50,d3,ecdf,0.42,-0.2290062017370651,-0.21230120555041976,0.26216581305410336,-0.5500318161878852,-0.4182482013755936,-0.04668464494311054,0.1764589063710993,50
1,50,d3,ecdf,0.43,-0.25925618372384857,-0.2295067403182062,0.2399454342842559,-0.5620076919790926,-0.4130205902348533,-0.06557471172054385,0.1776460519962872,50
1,50,d3,ecdf,0.44,-0.3121723394822799,-0.2583089826766912,0.22606010738397952,-0.5917572017014415,-0.40454565961329503,-0.09706095986533436,0.1323383294857835,50
1,50,d3,ecdf,0.45,-0.3504993395297918,-0.28102645187017733,0.21748230805420027,-0.6139021665060242,-0.43273743776676377,-0.09098814404470704,0.07465114895597243,50
1,50,d3,ecdf,0.46,-0.3251435122085518,-0.29459392444175225,0.19590588479082913,-0.6060458976749539,-0.4458708299529306,-0.12362043693223043,-0.026427905445550237,50
1,50,d3,ecdf,0.47,-0.34889386572279035,-0.31180549970004673,0.18291379221295923,-0.6243058455827567,-0.4419842887888022,-0.161682323634644,-0.03651918068063788,50
1,50,d3,ecdf,0.48,-0.3650214193008229,-0.3327620973059777,0.18020614822721462,-0.6188019400769227,-0.46533125812926934,-0.195945089256889,-0.08471945414666465,50
1,50,d3,ecdf,0.49,-0.3647716102741624,-0.35054977907153023,0.17246265330503632,-0.5956399205396494,-0.4860068563303254,-0.220930574048272,-0.09417886840912812,50
1,50,d3,ecdf,0.5,-0.3800702390956978,-0.3674809463646587,0.1624535529647533,-0.5786770915135707,-0.48322019208874134,-0.23859775301194183,-0.10994748630245056,50
1,50,d3,ecdf,0.51,-0.390124905955604,-0.3763468037585653,0.15983771746886433,-0.6010576438064346,-0.4933237608827564,-0.25040077219326534,-0.13268018581680685,50
1,50,d3,ecdf,0.52,-0.3793355186366044,-0.3819031747135261,0.1533053868022472,-0.600424287574159,-0.5025681590605525,-0.27579483969576424,-0.13462477497496145,50
1,50,d3,ecdf,0.53,-0.39732170900556574,-0.3926945343528842,0.15045829495947316,-0.5957555998954559,-0.5176361418331804,-0.2944925905189707,-0.14680350223627397,50
1,50,d3,ecdf,0.54,-0.41004629175132346,-0.4021132273368087,0.14306179039412062,-0.6065864594020236,-0.4996432687579321,-0.30776744263090533,-0.1897786556395457,50
1,50,d3,ecdf,0.55,-0.4119098293418296,-0.4107698427271806,0.1295296646444177,-0.5849749027977003,-0.4928968184366943,-0.33078428452946107,-0.23013999798888107,50
1,50,d3,ecdf,0.56,-0.42311047648460987,-0.4175344596298931,0.1208299031921538,-0.5639059752155654,-0.4984613250552624,-0.35130114175067284,-0.24135056291026846,50
1,50,d3,ecdf,0.5700000000000001,-0.4526878160125723,-0.42770626471017825,0.11654315311070708,-0.6026285291173791,-0.5139485912402184,-0.3393449873161146,-0.23513224499729485,50
1,50,d3,ecdf,0.5800000000000001,-0.4450821095684218,-0.43324204659872634,0.11544048588575012,-0.6081217368129261,-0.522709339514024,-0.3608956213922753,-0.24883575838310784,50
1,50,d3,ecdf,0.59,-0.42611333731762746,-0.43819916057666675,0.11256047845114393,-0.6084348941115821,-0.5191403962311341,-0.3668834609321742,-0.28049281766352807,50
1,50,d3,ecdf,0.6,-0.43054854657686237,-0.4436505159969777,0.11368877286565712,-0.5951108128992241,-0.5245885170876318,-0.370072350991259,-0.27327408880672577,50
1,50,d3,ecdf,0.61,-0.4413072090468994,-0.45216810696799237,0.10506960158931125,-0.6029485606033153,-0.5293901524722341,-0.38954415155285455,-0.3092289108049952,50
1,50,d3,ecdf,0.62,-0.4447786299370317,-0.45764752757891125,0.10495501552563355,-0.5952062359297953,-0.5393372125620444,-0.3785785604731699,-0.32083863830782644,50
1,50,d3,ecdf,0.63,-0.44604694544697754,-0.46202937496305035,0.09524497141462868,-0.5949326729912146,-0.5392050825936594,-0.3980377262606168,-0.33414528590779535,50
1,50,d3,ecdf,0.64,-0.46011458741691125,-0.4679374592661465,0.09625558856000761,-0.6096736652110228,-0.5288863974814193,-0.4019032178554326,-0.33965457217845596,50
1,50,d3,ecdf,0.65,-0.47440582104857604,-0.47574839562525767,0.09159267473501208,-0.6178591479141501,-0.5372422240545768,-0.4091853324654346,-0.3651872722553993,50
1,50,d3,ecdf,0.66,-0.4887140323298995,-0.482085265430824,0.08695429916728718,-0.6174466763230623,-0.5446205742544339,-0.42097623900691333,-0.3556440518591019,50
1,50,d3,ecdf,0.67,-0.47563434100706903,-0.4788681927310544,0.08207893001361755,-0.6058428344538,-0.532455549800949,-0.43481708023703286,-0.3616948154080704,50
1,50,d3,ecdf,0.68,-0.4885429596982876,-0.48272877528958125,0.07745579177781088,-0.6096711494950049,-0.5268154548283552,-0.4351177930247072,-0.35550150982954154,50
1,50,d3,ecdf,0.6900000000000001,-0.4877583602107505,-0.48878188425449176,0.0731083944344902,-0.6121928844859932,-0.5426963870719336,-0.4397980955372188,-0.3768720757802942,50
1,50,d3,ecdf,0.7000000000000001,-0.4909598237760062,-0.49449120588074946,0.07055422077937902,-0.6025683845131319,-0.5457271017475447,-0.4427067887586677,-0.39076874602391665,50
1,50,d3,ecdf,0.7100000000000001,-0.49012421448090815,-0.4986503981339437,0.06881403443616005,-0.5949245379189256,-0.5472110873058975,-0.4453857619747893,-0.4025662183000163,50
1,50,d3,ecdf,0.72,-0.492898614210822,-0.49885770823825343,0.06424513429400142,-0.5925397931566933,-0.5518505955535421,-0.4553046893017336,-0.41027467745934926,50
1,50,d3,ecdf,0.73,-0.48972475485826006,-0.49521575488376995,0.06215243830781339,-0.5858667151776084,-0.5516741140366097,-0.44895863169465305,-0.41115337442700173,50
1,50,d3,ecdf,0.74,-0.48130777169123046,-0.4922569565816117,0.05836073565365564,-0.5764095098745903,-0.5411384206132506,-0.44999500393022873,-0.4077404230748807,50
1,50,d3,ecdf,0.75,-0.4935317378028567,-0.4933272189509102,0.05601997957145669,-0.5854198478838328,-0.5343537323231118,-0.44986866004312265,-0.40856118063765307,50
1,50,d3,ecdf,0.76,-0.49365968756133977,-0.494089510431534,0.05394637958267029,-0.5817014619199448,-0.5299369342598045,-0.45605082723043716,-0.40979761477794563,50
1,50,d3,ecdf,0.77,-0.4985597929312777,-0.49368942412290856,0.051537685089291914,-0.5705804326007393,-0.5295196431061424,-0.45874422551222055,-0.41498532788714226,50
1,50,d3,ecdf,0.78,-0.502142103082462,-0.49697465721508544,0.05301895868801393,-0.5782048139355205,-0.5326393986983791,-0.45648938692040514,-0.4201789193447656,50
1,50,d3,ecdf,0.79,-0.4975217873258371,-0.4952630463464904,0.05400778513959604,-0.5763510004256706,-0.5354669656720077,-0.44706941891707225,-0.4113228404169853,50
1,50,d3,ecdf,0.8,-0.5025496472107902,-0.49564127925942786,0.05442185400700948,-0.5760633068572423,-0.5388547291268465,-0.4454915038904839,-0.4117750872877068,50
1,50,d3,ecdf,0.81,-0.5015196045762222,-0.4966634658419236,0.056302727067570335,-0.5719558295022238,-0.5388394189744318,-0.44233285899882147,-0.40653299701222256,50
1,50,d3,ecdf,0.8200000000000001,-0.5091080458585402,-0.4985756758712392,0.0548102797219942,-0.5766337429859318,-0.5403014935786836,-0.4567578739382443,-0.4044223080480134,50
1,50,d3,ecdf,0.8300000000000001,-0.5123989384572504,-0.501591349245455,0.05327110942342411,-0.5715902524261113,-0.5380311936560216,-0.4582895841419651,-0.4134139534731502,50
1,50,d3,ecdf,0.8400000000000001,-0.5075786388568343,-0.5033042581010205,0.05004530416890372,-0.5733247711235112,-0.5359132741828915,-0.4620167627137326,-0.4282211009986836,50
1,50,d3,ecdf,0.85,-0.5010154802228629,-0.5021881452990254,0.051054718228249564,-0.5754298782356507,-0.5399950710795216,-0.4604551400662619,-0.4239170197269576,50
1,50,d3,ecdf,0.86,-0.5103498657116408,-0.5038889294707359,0.04646895842912285,-0.5673601204284203,-0.5405531930855124,-0.4695278711913856,-0.43404358461051595,50
1,50,d3,ecdf,0.87,-0.5042115820906253,-0.5068403621983308,0.043746129381085366,-0.5658712024629826,-0.5417114198827166,-0.47329756717929594,-0.44038652632496267,50
1,50,d3,ecdf,0.88,-0.5066194256266849,-0.5068739298565017,0.04313208935050508,-0.5719957055339941,-0.5391865206203688,-0.4723498350409065,-0.4429682186179317,50
1,50,d3,ecdf,0.89,-0.5095451758386501,-0.5092764285667636,0.04155995346997293,-0.5713731676703674,-0.5380155188463596,-0.4765153742116904,-0.44222692701377053,50
1,50,d3,ecdf,0.9,-0.5093913526134062,-0.5102094646144257,0.040797887093486675,-0.5748444581553169,-0.5380855918483319,-0.4846466296927715,-0.4393638529679801,50
1,50,d3,ecdf,0.91,-0.5087470384996265,-0.5097483034109753,0.04043996738494605,-0.5724000415006263,-0.5398249627251815,-0.48073733689978476,-0.4415793590393262,50
1,50,d3,ecdf,0.92,-0.5021710246120024,-0.5080088447784703,0.04200170451067508,-0.5774003019451406,-0.5393783207060276,-0.4776981680932766,-0.43712808658128965,50
1,50,d3,ecdf,0.93,-0.5029677966120181,-0.5091754740870102,0.04220108113263827,-0.5708252720076528,-0.5420763679707886,-0.47928531196845886,-0.4425619335709587,50
1,50,d3,ecdf,0.94,-0.5053315214708014,-0.5056307254105159,0.04171225616430316,-0.5677292133916421,-0.5317289933218262,-0.4766309838824575,-0.44139400389572253,50
1,50,d3,ecdf,0.95,-0.5061289703101026,-0.5065710351903634,0.04316811408873613,-0.5728448480048842,-0.5399475828610929,-0.4773028036970348,-0.4391897277576362,50
1,50,d3,ecdf,0.96,-0.506474177615312,-0.5065296668920598,0.042281040978891314,-0.5620585541620859,-0.5421004812718923,-0.47802733053142826,-0.4391694373944868,50
1,50,d3,ecdf,0.97,-0.5064167855731992,-0.5063316601469986,0.04230257474993902,-0.5630899998062479,-0.5441923303417894,-0.475425121557734,-0.4368025075627984,50
1,50,d3,ecdf,0.98,-0.5059943950031193,-0.5036949537276377,0.04050444249456706,-0.5654156948907546,-0.5378710994941013,-0.4768320811027982,-0.43352429035710094,50
1,50,d3,ecdf,0.99,-0.5043572043637496,-0.5022132519436832,0.040281975284488715,-0.5625671489007467,-0.5297848929023152,-0.46910601484032183,-0.4340876283033799,50
1,50,d3,ecdf,1,-0.5085106715530235,-0.5018889950831995,0.03936347917347111,-0.5637900342211479,-0.5285135631348572,-0.4726209747840453,-0.4353017714993418,50
1,50,d3,logspline,0.01,-8.741770048876326,-8.522513204399049,1.1361054984393755,-9.974460752408056,-9.120606748455865,-8.108084252494635,-6.707819283506414,50
1,50,d3,logspline,0.02,-6.709669138515994,-6.497537513667997,1.1185086373833322,-7.9293205005257725,-7.087457631059765,-6.087523672569519,-4.707727695922564,50
1,50,d3,logspline,0.03,-5.541485189255068,-5.336786739993759,1.1001364066732635,-6.747765605611134,-5.918195076951006,-4.931255867657356,-3.5727753727986613,50
1,50,d3,logspline,0.04,-4.727519505250248,-4.530558435928271,1.0810057238669002,-5.92009844558237,-5.103120516622736,-4.129580123024276,-2.793253961519066,50
1,50,d3,logspline,0.05,-4.108036331835651,-3.919111718293932,1.0611384269149389,-5.2865847618632955,-4.482498371230468,-3.5227578795828385,-2.209414351287297,50
1,50,d3,logspline,0.06,-3.6118832608377844,-3.4312877260765875,1.0405607478844394,-4.776074057604703,-3.985176456872103,-3.039633160822905,-1.7500872368924294,50
1,50,d3,logspline,0.06999999999999999,-3.201103504786809,-3.029122030554795,1.0193027269267079,-4.35061186289219,-3.5731982574890555,-2.642244874241411,-1.3772955898768795,50
1,50,d3,logspline,0.08,-2.85442352656258,-2.6899472012177874,0.9973976035294931,-3.9875420930113767,-3.223905292389302,-2.307929212847072,-1.0683572584067123,50
1,50,d3,logspline,0.09,-2.558547155553228,-2.399136395786352,0.9748812015572863,-3.6722504461122463,-2.9226805246504948,-2.0220631025008258,-0.8086286367624671,50
1,50,d3,logspline,0.1,-2.3015781570948075,-2.1466968405219355,0.9517913360600376,-3.3947577072077313,-2.6595416772424705,-1.7746575613732658,-0.5880982655113707,50
1,50,d3,logspline,0.11,-2.0763195529467655,-1.9254956716431861,0.928167270423244,-3.1479454299782104,-2.4273669282343646,-1.5582367300884348,-0.399612827717714,50
1,50,d3,logspline,0.12,-1.8769150593065476,-1.7302610994953311,0.9040492844132748,-2.926556935063462,-2.220895923652129,-1.3656839858385144,-0.23787847372121929,50
1,50,d3,logspline,0.13,-1.6993648817081195,-1.5569847991779615,0.8794783398817011,-2.726599559117325,-2.0361320421383784,-1.1951328503618577,-0.09886340275999247,50
1,50,d3,logspline,0.14,-1.5423225987810212,-1.402546288402011,0.8544957924556276,-2.544969059336977,-1.8697184690782787,-1.0434676820446347,0.020577399528986497,50
1,50,d3,logspline,0.15000000000000002,-1.4016900690145147,-1.2644670985438236,0.8291431535502155,-2.3792039020835585,-1.715630839455717,-0.9082149732628382,0.1229475309171489,50
1,50,d3,logspline,0.16,-1.2753577358933632,-1.1407445456491774,0.8034619601435569,-2.2273186999317773,-1.5765977384529517,-0.7873771737707341,0.21027509255372961,50
1,50,d3,logspline,0.17,-1.1616788048034095,-1.0297360370002193,0.777493818870266,-2.0876879786352145,-1.4538096616905163,-0.6793170023962177,0.28422813470170316,50
1,50,d3,logspline,0.18000000000000002,-1.0592811354441007,-0.9300763374364539,0.7512805372961006,-1.9589633884630069,-1.3450464547686756,-0.5826748958854134,0.3461969821520117,50
1,50,d3,logspline,0.19,-0.9670075031496949,-0.8406168918309497,0.7248642636936554,-1.840013068786547,-1.2462372952948209,-0.4963088249891905,0.39735421131623916,50
1,50,d3,logspline,0.2,-0.8838712222861336,-0.7603804884811853,0.6982880244678329,-1.7298769664642206,-1.1544617639225894,-0.4253604603211384,0.43869917596866176,50
1,50,d3,logspline,0.21,-0.8081591135183022,-0.6885268889789294,0.671596861944734,-1.6277331949909248,-1.071033824573901,-0.3662596839907041,0.47109161898734253,50
1,50,d3,logspline,0.22,-0.7360287982175064,-0.6243263308168455,0.6448388680905937,-1.5328722238902484,-0.9965602489567417,-0.31502029941752313,0.49527742741850556,50
1,50,d3,logspline,0.23,-0.6708889485852213,-0.5671389883109401,0.6180660302986714,-1.4446768089712503,-0.9378790313210033,-0.2709779588166758,0.5119086352112265,50
1,50,d3,logspline,0.24,-0.6121955646841089,-0.516399170311437,0.5913349428669883,-1.3626061975829724,-0.8867353436482432,-0.23353224629392724,0.5215591498387093,50
1,50,d3,logspline,0.25,-0.5597726353897108,-0.47160262040095996,0.5647078969476275,-1.2861835619699187,-0.8344973913102443,-0.20213604907531374,0.5247375097309033,50
1,50,d3,logspline,0.26,-0.5141079874488113,-0.43229545128074764,0.5382549277644729,-1.2149859012874684,-0.7873645524361574,-0.17628669071387484,0.5219051586553888,50
1,50,d3,logspline,0.27,-0.4735449987158815,-0.3980646941055035,0.512056823979995,-1.1486358534716374,-0.7450967237692302,-0.15030409268349312,0.513499751866215,50
1,50,d3,logspline,0.28,-0.43716038005005237,-0.36853113154354294,0.4862078229080419,-1.0867950004026814,-0.707303046607291,-0.12515539872378922,0.4999415978693274,50
1,50,d3,logspline,0.29000000000000004,-0.40280834686015127,-0.34334094441200735,0.46082644732496303,-1.0291583521051806,-0.6655868743271323,-0.10444646895925627,0.48163584500198375,50
1,50,d3,logspline,0.3,-0.3724597658297408,-0.32215067152536775,0.43608060889227607,-0.9754497702793969,-0.6223160124540497,-0.08297702725592897,0.47465411755346215,50
1,50,d3,logspline,0.31,-0.34583330593578554,-0.30462193909172636,0.41217672133147054,-0.925418146452124,-0.5827789858019615,-0.06472101689518124,0.4509798811531558,50
1,50,d3,logspline,0.32,-0.32266883306984917,-0.29042285157780057,0.3893303667316901,-0.8788341910600965,-0.5467363806263409,-0.05013975998428569,0.37921134090695197,50
1,50,d3,logspline,0.33,-0.3027248290405357,-0.2792297458427825,0.36773727524837563,-0.8354877207048492,-0.5195173504132272,-0.060739754400530886,0.3248964075587029,50
1,50,d3,logspline,0.34,-0.2891827309331161,-0.27072883198149456,0.34754678374654624,-0.7951853543588401,-0.49616203113173407,-0.0530199292450141,0.3174142613006903,50
1,50,d3,logspline,0.35000000000000003,-0.28475863979357685,-0.26461788355671595,0.3288402719965292,-0.7577485473855675,-0.4755895476498211,-0.049960065494458715,0.3145698787542435,50
1,50,d3,logspline,0.36000000000000004,-0.2817826704174978,-0.260608576021315,0.3116178281287255,-0.7230119062456482,-0.4596907452893191,-0.05767899914873245,0.2907672493275713,50
1,50,d3,logspline,0.37,-0.2782257443644153,-0.2584310703399284,0.2957956689642977,-0.6908217377009394,-0.44680850146984263,-0.05465646358654036,0.26273145986039514,50
1,50,d3,logspline,0.38,-0.2809483633847218,-0.2578494323667689,0.28122450879075755,-0.6610347949366377,-0.4366533380951305,-0.05836829731338146,0.23311034616811344,50
1,50,d3,logspline,0.39,-0.28599002932687034,-0.25866485189740196,0.2677338395136344,-0.6335171898421916,-0.4412188129543167,-0.06913638732581114,0.20227365453397692,50
1,50,d3,logspline,0.4,-0.2933579595597998,-0.2607073767373885,0.2551669425093924,-0.6133799142873565,-0.455309651681616,-0.07134574604988964,0.1705859641178435,50
1,50,d3,logspline,0.41,-0.29698268097543634,-0.2638291364940656,0.2433974370219777,-0.60263726820421,-0.4473422523248956,-0.07894777029590494,0.13839757436077482,50
1,50,d3,logspline,0.42,-0.30298995888911273,-0.2679000606147256,0.23233271183806103,-0.602816124561401,-0.43932757191736793,-0.09279704389043217,0.1060191121159085,50
1,50,d3,logspline,0.43,-0.3007175977923242,-0.27280483236150005,0.2219107910325111,-0.5982226736491214,-0.4325607357081128,-0.1021582958468584,0.07371732339062864,50
1,50,d3,logspline,0.44,-0.3083889157892111,-0.2784410025711303,0.21209443685350426,-0.5879275464557656,-0.4269339814551264,-0.10932902830332036,0.041721520432587006,50
1,50,d3,logspline,0.45,-0.3171227072298215,-0.2847146750973843,0.2028612310323405,-0.5786060288157657,-0.427490363851069,-0.11762940658317102,0.01686434127759055,50
1,50,d3,logspline,0.46,-0.32663552851079436,-0.29153583180610787,0.1941909657804296,-0.5701797564607629,-0.425120044698646,-0.13061736285474537,-0.0051518900286972175,50
1,50,d3,logspline,0.47,-0.3371295360041371,-0.29881859002570005,0.18606163326228042,-0.5640833725045857,-0.4206823133516635,-0.14531894184501667,-0.03233816085467041,50
1,50,d3,logspline,0.48,-0.3457050521432222,-0.30648206239990516,0.17844808735934653,-0.5694155398265388,-0.4166720331130585,-0.16033175610652922,-0.05700856604137643,50
1,50,d3,logspline,0.49,-0.3595126924886085,-0.3144511136336239,0.17132204344419452,-0.5770948238248744,-0.41471935374576496,-0.1755563631832038,-0.07288430549073974,50
1,50,d3,logspline,0.5,-0.37713120313103704,-0.32265669775264355,0.1646527316853397,-0.5771538673074457,-0.41716519408871944,-0.18480586714853078,-0.09541479389183656,50
1,50,d3,logspline,0.51,-0.386260211321416,-0.3310355000463359,0.15840767616711077,-0.5770066607630018,-0.4234981355454298,-0.19572506126686157,-0.11798540640441998,50
1,50,d3,logspline,0.52,-0.39274380202865977,-0.33952950417796385,0.15255350993929426,-0.5768639542183012,-0.4267940767266458,-0.2174801463699529,-0.14034989929959624,50
1,50,d3,logspline,0.53,-0.396238212992113,-0.3480855672570254,0.1470567593866227,-0.5787029754703273,-0.43114029098657947,-0.23843811726093983,-0.16242103343055103,50
1,50,d3,logspline,0.54,-0.3993019200671023,-0.35665503676297644,0.14188455854991375,-0.5800950829506997,-0.4320957299073373,-0.25563219510374047,-0.1802920090714226,50
1,50,d3,logspline,0.55,-0.3984779489844005,-0.3651934649625472,0.1370052876577999,-0.5810558117827909,-0.4386620803725452,-0.26350593250779875,-0.19686375770672832,50
1,50,d3,logspline,0.56,-0.39446705683391,-0.3736603107364205,0.13238908228177307,-0.5816039452249181,-0.4419295783531825,-0.26919540939916253,-0.2104227063841457,50
1,50,d3,logspline,0.5700000000000001,-0.39260763933771015,-0.38201884415704357,0.12800806375118265,-0.5817609469706748,-0.45025653928147136,-0.2769316058008251,-0.223143090364947,50
1,50,d3,logspline,0.5800000000000001,-0.3912523830252982,-0.3902363020985929,0.1238363887683332,-0.5843203154379693,-0.45943070420513693,-0.2904969952891505,-0.23486366729294966,50
1,50,d3,logspline,0.59,-0.399804374617849,-0.3982836336876744,0.1198505369210215,-0.590163887803643,-0.46853821712187893,-0.3037842726921836,-0.2454532436208382,50
1,50,d3,logspline,0.6,-0.40547202738596083,-0.40613512116976336,0.11602955135505681,-0.595401152161049,-0.4767011594935575,-0.31724223893757936,-0.25609264835512496,50
1,50,d3,logspline,0.61,-0.4098838572535835,-0.41376805452567716,0.1123551334053113,-0.6000454807227541,-0.48341780425505926,-0.33228960292778476,-0.26673993119634315,50
1,50,d3,logspline,0.62,-0.41418155249056676,-0.42116256988407547,0.10881171720565387,-0.6041122480276171,-0.4896724246623575,-0.3475998738242264,-0.2772670971784274,50
1,50,d3,logspline,0.63,-0.4192960549439186,-0.4283015163727151,0.10538646317831699,-0.6076185399871514,-0.488748424165651,-0.3586358588296723,-0.2875623776288613,50
1,50,d3,logspline,0.64,-0.4253132607430638,-0.4351702251331163,0.10206905266736048,-0.6105828992491933,-0.49495472604779667,-0.36875106840254435,-0.2977900946681993,50
1,50,d3,logspline,0.65,-0.4305659508030425,-0.4417562863859577,0.09885139659527448,-0.6130251020191697,-0.5019967603078936,-0.37828439374198986,-0.3079140049698933,50
1,50,d3,logspline,0.66,-0.43530060200570175,-0.4480493273185867,0.09572729994570914,-0.614965962290172,-0.5089574341505422,-0.3851948721994922,-0.3178998294320067,50
1,50,d3,logspline,0.67,-0.4432596500490515,-0.45404063440398174,0.09269207585861763,-0.6164271601023914,-0.5163465850993878,-0.3880727193800987,-0.32771515694292475,50
1,50,d3,logspline,0.68,-0.4526221771917822,-0.45972277808325496,0.08974208424151214,-0.6174310910055991,-0.5235450044789075,-0.39260198533024887,-0.33832345220094284,50
1,50,d3,logspline,0.6900000000000001,-0.45823528591202956,-0.465089762716619,0.08687443290935908,-0.6180007343560696,-0.5301811783116983,-0.4004394775843196,-0.3509512177077367,50
1,50,d3,logspline,0.7000000000000001,-0.4620827954923404,-0.4701370475815256,0.08408687200594207,-0.6181595384589228,-0.5362687214555388,-0.4078891307267565,-0.3625790591508743,50
1,50,d3,logspline,0.7100000000000001,-0.4684964945712782,-0.4748614796533889,0.08137766700050998,-0.6179313208824815,-0.5418225555414118,-0.41366319258948553,-0.36773952268278776,50
1,50,d3,logspline,0.72,-0.4720946182850958,-0.4792614246405491,0.07874545079531789,-0.6173401825345753,-0.5468587295659995,-0.4194434762599138,-0.37323109641749586,50
1,50,d3,logspline,0.73,-0.4750399794933506,-0.4833370542901914,0.07618916446393169,-0.6164104343114318,-0.5511810708700665,-0.424829623861803,-0.38145816740755356,50
1,50,d3,logspline,0.74,-0.477936810574549,-0.48709037591622756,0.07370824338521513,-0.6151665353158597,-0.5550856818381222,-0.4295921870918883,-0.3893543907211059,50
1,50,d3,logspline,0.75,-0.48076684961687954,-0.4905257054221819,0.07130339515998604,-0.6136330417993627,-0.5586550943329319,-0.4335296585893133,-0.39683723337942767,50
1,50,d3,logspline,0.76,-0.48364239308657275,-0.493650173152804,0.06897763448363932,-0.6118910125466848,-0.5603519314770112,-0.43942285961344996,-0.40340316703930096,50
1,50,d3,logspline,0.77,-0.48771642131303794,-0.49647297597986595,0.06673592588944458,-0.6107616082147788,-0.5603734357359045,-0.4423852073423936,-0.41078670854361754,50
1,50,d3,logspline,0.78,-0.49143061955980166,-0.4990039677190884,0.06458360449117574,-0.6092941724829339,-0.5599436617445538,-0.44493576582310485,-0.41447005637733025,50
1,50,d3,logspline,0.79,-0.4944726322893944,-0.5012533110320964,0.06252478225642076,-0.6068102952589964,-0.5591149665391063,-0.44888773876208365,-0.41743892216461487,50
1,50,d3,logspline,0.8,-0.4971048139054478,-0.5032327068894279,0.06056082897936697,-0.6036634922039534,-0.557933776889347,-0.45182663598440254,-0.4214649294424423,50
1,50,d3,logspline,0.81,-0.5006170726831255,-0.5049542519815804,0.0586920549971762,-0.6003922922022191,-0.5564413493154288,-0.45371857829851503,-0.4256529383831419,50
1,50,d3,logspline,0.8200000000000001,-0.5037426996585994,-0.5064294961480732,0.056918704258989934,-0.5970174501636086,-0.5550556343137107,-0.4587103946612614,-0.42885558217579145,50
1,50,d3,logspline,0.8300000000000001,-0.5064323862875343,-0.5076694973125484,0.055240689220892814,-0.593774293276129,-0.5551513310047224,-0.4618277541920833,-0.431234104847705,50
1,50,d3,logspline,0.8400000000000001,-0.5093350205961176,-0.5086848962129227,0.05365735782486906,-0.5909576618444863,-0.5525209059205426,-0.46362313247295167,-0.4326561319139992,50
1,50,d3,logspline,0.85,-0.5098697426293182,-0.5094859216354464,0.05216738232796291,-0.5891598748382489,-0.5500544766146174,-0.46617563453192234,-0.43403496577714484,50
1,50,d3,logspline,0.86,-0.5103856852137564,-0.5100823078852132,0.05076864829609617,-0.588549803489947,-0.5474680070718653,-0.4695296672494927,-0.43572625226399675,50
1,50,d3,logspline,0.87,-0.5116266324472273,-0.5104833780681135,0.049458215940779364,-0.5853632373432901,-0.5452506546404153,-0.4717203228082809,-0.4364682236262528,50
1,50,d3,logspline,0.88,-0.5116108773530983,-0.5106982109587348,0.048232509045110054,-0.5821882758804844,-0.543016059123466,-0.472195406086086,-0.4375671478136459,50
1,50,d3,logspline,0.89,-0.5112275785584287,-0.5107356766726117,0.04708750430345911,-0.5794968967513539,-0.5425929441936957,-0.4724182013907963,-0.4387330931162708,50
1,50,d3,logspline,0.9,-0.5106667155802682,-0.5106044508380296,0.04601889252610017,-0.5758417018689062,-0.5426977722053692,-0.47291951254585207,-0.43908359538220787,50
1,50,d3,logspline,0.91,-0.5099456255842238,-0.51031302526675415,0.04502221057560029,-0.5738566893137156,-0.544443348522398,-0.47378814038222705,-0.4411404538269214,50
1,50,d3,logspline,0.92,-0.5101025103471971,-0.5098697163520617,0.044092943341013754,-0.5726339894952412,-0.5456630465068426,-0.4744789974423001,-0.4431893628540666,50
1,50,d3,logspline,0.93,-0.5106588284978639,-0.5092826718917218,0.043226597089882524,-0.5706244883613594,-0.5460893774942119,-0.47499656326264544,-0.44507241405884396,50
1,50,d3,logspline,0.94,-0.5129435701482032,-0.5085598715698321,0.04241874074821652,-0.5688434392276385,-0.5454213986977117,-0.47534548835096935,-0.445869326972107,50
1,50,d3,logspline,0.95,-0.5145421079787225,-0.5077091193724995,0.041665019642694,-0.56688943360291,-0.5434286229451823,-0.47541603603778854,-0.446651756217065,50
1,50,d3,logspline,0.96,-0.5119915429597557,-0.5067379873891332,0.04096111034126199,-0.5647709918994883,-0.5416390926597909,-0.4733718420651348,-0.44741550668132346,50
1,50,d3,logspline,0.97,-0.5080617373870817,-0.5056537473536391,0.04030264782901387,-0.5624966680000687,-0.5382589741086306,-0.4711896812167751,-0.44701495520828805,50
1,50,d3,logspline,0.98,-0.504142210434213,-0.5044633827536679,0.039685243888351256,-0.560075034124622,-0.5351801933891477,-0.46939123032945346,-0.44639969091456877,50
1,50,d3,logspline,0.99,-0.5025792076817142,-0.503173587805168,0.03910455927751909,-0.5575146671129795,-0.5321689377549469,-0.47115204446850734,-0.4457796956408201,50
1,50,d3,logspline,1,-0.5013633272835827,-0.5017907466888316,0.03855640300052249,-0.5548241360504926,-0.5292044489135946,-0.4693886270280725,-0.4451614201971209,50
1,100,d0,ecdf,0.01,Inf,Inf,NA,Inf,Inf,Inf,Inf,2
1,100,d0,ecdf,0.02,Inf,Inf,NA,2.802015070245873,Inf,Inf,Inf,5
1,100,d0,ecdf,0.03,Inf,Inf,NA,3.2074676639398274,Inf,Inf,Inf,8
1,100,d0,ecdf,0.04,Inf,Inf,NA,2.8019850359975615,Inf,Inf,Inf,9
1,100,d0,ecdf,0.05,Inf,Inf,NA,3.0251060624035495,Inf,Inf,Inf,10
1,100,d0,ecdf,0.06,Inf,Inf,NA,3.207400089659691,Inf,Inf,Inf,11
1,100,d0,ecdf,0.06999999999999999,Inf,Inf,NA,3.1385124264033184,Inf,Inf,Inf,11
1,100,d0,ecdf,0.08,Inf,Inf,NA,3.272006281959345,Inf,Inf,Inf,13
1,100,d0,ecdf,0.09,Inf,Inf,NA,3.3897467778435173,4.305899767862953,Inf,Inf,15
1,100,d0,ecdf,0.1,Inf,Inf,NA,3.312600453216016,3.891352356464167,Inf,Inf,16
1,100,d0,ecdf,0.11,Inf,Inf,NA,3.407858090457102,3.8133231985652665,Inf,Inf,19
1,100,d0,ecdf,0.12,Inf,Inf,NA,3.494811924993299,3.900277033101464,Inf,Inf,22
1,100,d0,ecdf,0.13,4.673404380126189,Inf,NA,3.4165669516095996,3.67615836848512,Inf,Inf,27
1,100,d0,ecdf,0.14,4.747444813549117,Inf,NA,3.361150452429226,3.6488325248810063,Inf,Inf,29
1,100,d0,ecdf,0.15000000000000002,4.816365150114872,Inf,NA,3.3073418357721653,3.717752861446762,Inf,Inf,35
1,100,d0,ecdf,0.16,4.534252551290786,Inf,NA,3.089066672342703,3.5664522985638127,4.880826141570758,Inf,39
1,100,d0,ecdf,0.17,4.248221059913188,Inf,NA,3.0648258973400866,3.5550738793532433,4.941368240473134,Inf,41
1,100,d0,ecdf,0.18000000000000002,4.102559405178852,Inf,NA,3.052528990737566,3.389001227358779,4.99843913979288,Inf,44
1,100,d0,ecdf,0.19,3.809960531767069,Inf,NA,3.1065037076057553,3.4429759442269683,4.359266676101123,Inf,47
1,100,d0,ecdf,0.2,3.7173152974669543,Inf,NA,2.959387447295998,3.3118501893587897,4.309096200999859,5.103609658586845,49
1,100,d0,ecdf,0.21,3.5428594317207476,3.661725694258602,0.5989646615094875,2.9550727668186285,3.206387195099534,4.053685055486738,4.459150163594902,50
1,100,d0,ecdf,0.22,3.4069504278383684,3.5067712504792192,0.5482269093484734,2.800814624268053,3.1192683553865876,3.589271984632323,4.505562716506478,50
1,100,d0,ecdf,0.23,3.297139065852129,3.277066875243462,0.44613164431156255,2.637340472761359,2.9404641219133967,3.4512897456793876,4.144436926239333,50
1,100,d0,ecdf,0.24,3.088266827466607,3.0951000400752506,0.37742794640872057,2.541945017074952,2.887596132004456,3.3395812557475133,3.798782445591541,50
1,100,d0,ecdf,0.25,2.9282957245179926,2.940162427916267,0.3422759130968157,2.492977653260147,2.6871336677011044,3.1289664199801437,3.534431528088308,50
1,100,d0,ecdf,0.26,2.800334975925638,2.7895188270772215,0.28047530056910785,2.3695520598331834,2.5926956111473936,3.0388716954420474,3.168059756050955,50
1,100,d0,ecdf,0.27,2.630303589476711,2.6777485955780045,0.26157795809350054,2.2673980957873425,2.458453332550052,2.8379429542549555,3.1003072187224467,50
1,100,d0,ecdf,0.28,2.548750878368304,2.5668884589414835,0.2338325285082714,2.220246811396268,2.3946001985410454,2.7149378048778656,3.0020722438207645,50
1,100,d0,ecdf,0.29000000000000004,2.4295492314585987,2.4352404934268024,0.20896694604999058,2.1582325988837114,2.296017838834076,2.5836999112858567,2.7660214680798116,50
1,100,d0,ecdf,0.3,2.329772139140486,2.3357244539962045,0.20402322521594438,2.0394525686635516,2.1756214593132275,2.4633035317650087,2.6746126254322156,50
1,100,d0,ecdf,0.31,2.208259069183222,2.2252401570899782,0.1991550747524156,1.9569446409023157,2.074727676558699,2.36240974901048,2.5447313058044347,50
1,100,d0,ecdf,0.32,2.122193552482081,2.114079156826056,0.18813378236499667,1.810854990430955,1.9955788869100817,2.231077765996496,2.394001275776572,50
1,100,d0,ecdf,0.33,2.0191456992756636,2.0131230965239073,0.1644680082789415,1.7314636268238828,1.8890925710274655,2.1061570762652932,2.2546690336414983,50
1,100,d0,ecdf,0.34,1.931124761082387,1.9145984755408856,0.15553719431095145,1.700524888767183,1.7822029197814504,1.9947643617651232,2.1666146186917827,50
1,100,d0,ecdf,0.35000000000000003,1.8217715308212616,1.8225231050944435,0.15399408242665444,1.6071121749418755,1.6908741163687169,1.9176137872849217,2.065317553080077,50
1,100,d0,ecdf,0.36000000000000004,1.7379162141804112,1.7364604750606014,0.14787826473256888,1.4959907283571559,1.6158960971959442,1.83901233105178,1.9783249047716578,50
1,100,d0,ecdf,0.37,1.6559339800638189,1.645399964096988,0.13718106891688767,1.3988888770739278,1.5574939072505665,1.7460850770581164,1.8474766755199243,50
1,100,d0,ecdf,0.38,1.5608373767407553,1.5478984510650589,0.12652768071454365,1.3349939288110604,1.4661922636857316,1.6319845185284756,1.7375088962606187,50
1,100,d0,ecdf,0.39,1.47818263797344,1.4654435419744984,0.11259007033480563,1.2617719953653959,1.415159103641216,1.545484674090436,1.629187182373473,50
1,100,d0,ecdf,0.4,1.3870439186193184,1.3812192929591607,0.11109907969320752,1.172335638662631,1.319283525361271,1.4499577440298876,1.5405048347978538,50
1,100,d0,ecdf,0.41,1.3184444595298443,1.3071037794306088,0.10010795700279279,1.1087239285477752,1.2749593475901055,1.3726788634289948,1.4238049751876705,50
1,100,d0,ecdf,0.42,1.2420000913153282,1.2314003743923443,0.09403471343305005,1.088554918270304,1.1881847592191457,1.288268217776128,1.3774525299220466,50
1,100,d0,ecdf,0.43,1.1741162330835275,1.1602522475907073,0.0972600870850726,0.9860842624496491,1.1140384398920853,1.209134079166512,1.3068751387718476,50
1,100,d0,ecdf,0.44,1.1133331679940093,1.0992863012476863,0.09192632382088536,0.9324101691813456,1.0539473622434223,1.1520387783881108,1.234276876625083,50
1,100,d0,ecdf,0.45,1.0468153374157425,1.0379169570054336,0.08807500633981061,0.8859719814918141,0.9868847795224531,1.0962801068937973,1.171309878534718,50
1,100,d0,ecdf,0.46,0.9870402905023179,0.977736405348432,0.07971066603020727,0.8474314983752345,0.929978649095931,1.0344016470451427,1.0888727794089135,50
1,100,d0,ecdf,0.47,0.9329363465147313,0.9299076930836265,0.07980297408049927,0.8086459626717357,0.8752372010519266,0.9767827829247574,1.0449206986229722,50
1,100,d0,ecdf,0.48,0.8867375746199297,0.8766361908973452,0.07942379276088653,0.748064049297045,0.8385354728020521,0.9309087929330672,0.9914356874705667,50
1,100,d0,ecdf,0.49,0.8356569799289244,0.8259900132865804,0.07338688978702139,0.7014074544189612,0.7920830060194006,0.8767184667266985,0.9327701952027798,50
1,100,d0,ecdf,0.5,0.7835605631652078,0.7747863233918699,0.07247336249756386,0.6649488177850968,0.7276679748143957,0.8314850658405417,0.8794762863859071,50
1,100,d0,ecdf,0.51,0.735916250737086,0.7287866528579102,0.06860934251852718,0.6132534265221097,0.6823629836528037,0.7819476890822403,0.8168463291586819,50
1,100,d0,ecdf,0.52,0.6944444137381199,0.6936448648946314,0.06533702092203217,0.5976442970449861,0.6552209324110859,0.7401776548870515,0.7860542286774654,50
1,100,d0,ecdf,0.53,0.6406375696859073,0.6500913773020682,0.06489332210577803,0.5561431296334224,0.6125858717960886,0.70037326292345925,0.7491614068018396,50
1,100,d0,ecdf,0.54,0.6016690187349524,0.6072736497784753,0.06064901693104312,0.5236067554957962,0.5701392946376924,0.6514342978277093,0.7040436441991298,50
1,100,d0,ecdf,0.55,0.5596010854301641,0.5692837174043126,0.06171777664339281,0.4819958946323397,0.5336768349212058,0.6135665351837909,0.671042098635745,50
1,100,d0,ecdf,0.56,0.5206185755893922,0.5282367443240138,0.05766875930606548,0.44810096845207514,0.502403135698051,0.5638232926834695,0.6255789268045652,50
1,100,d0,ecdf,0.5700000000000001,0.4843581161663005,0.49289516593696747,0.05726392979547382,0.4167264635335468,0.46026056458724,0.5261617922467057,0.5793199246032283,50
1,100,d0,ecdf,0.5800000000000001,0.45718708794631274,0.45668266032049254,0.05676570350419684,0.37097460157387396,0.41874672098452953,0.4945385292174199,0.5445464918002937,50
1,100,d0,ecdf,0.59,0.42200998272907614,0.4230440800780428,0.05611023977517905,0.3357625907834507,0.3839845379002824,0.45744041970857663,0.5224841492661492,50
1,100,d0,ecdf,0.6,0.3891344684495204,0.3916796114806522,0.054775519167367566,0.3071114450446527,0.3594541640656686,0.4212709779750977,0.49266386441330723,50
1,100,d0,ecdf,0.61,0.3597313288342133,0.3635719811652101,0.05170834187006449,0.29255047535356,0.3299619722941799,0.39636442686981377,0.4599992077836854,50
1,100,d0,ecdf,0.62,0.3279257994751969,0.33632565559779243,0.04933966912228191,0.2609662863366568,0.31024934747737787,0.3642447282520894,0.4323816215840869,50
1,100,d0,ecdf,0.63,0.3046066576421368,0.30882283679865513,0.04738408667180033,0.22598570302620968,0.27920702010490994,0.33882740065989586,0.3829258271990208,50
1,100,d0,ecdf,0.64,0.28122660842445774,0.2819725488220335,0.047526183363965045,0.20974369965689058,0.2536904506158523,0.3088906376899752,0.358243127252167,50
1,100,d0,ecdf,0.65,0.25173984572463576,0.2566198415362546,0.04719013418760049,0.19009808576532786,0.22362005888862432,0.29008953531219234,0.3235548023603297,50
1,100,d0,ecdf,0.66,0.22741729968989466,0.23260926737768484,0.04796196133207143,0.16302396605059682,0.19979884709087414,0.2654733514763281,0.30125535166036393,50
1,100,d0,ecdf,0.67,0.20659256676681356,0.20875303406647155,0.047924714989089984,0.13714862974558495,0.17828138364978818,0.24096021027102124,0.2792145988354071,50
1,100,d0,ecdf,0.68,0.18676097156522287,0.18705064827069792,0.046817838781848586,0.11561168672022748,0.1588632564640115,0.219391250859505,0.2618903074418813,50
1,100,d0,ecdf,0.6900000000000001,0.16679853868314676,0.16766409878845182,0.04605600360997583,0.0999225805710105,0.1408450391217086,0.19830881434094172,0.2415647146890102,50
1,100,d0,ecdf,0.7000000000000001,0.14368849146428053,0.14689270867963045,0.044668123669365796,0.08143477046781519,0.11916462171034063,0.17926421759912944,0.22513150779056473,50
1,100,d0,ecdf,0.7100000000000001,0.12267647010078747,0.12658970692889557,0.044648269527790295,0.06341594690771461,0.09565133895578506,0.16412907020259282,0.2063114507756228,50
1,100,d0,ecdf,0.72,0.10642752389326204,0.1093753261568722,0.0454158302683389,0.041462719330665684,0.08157265713680881,0.14173417740126487,0.1880273123899669,50
1,100,d0,ecdf,0.73,0.08900736392703548,0.09121764158594782,0.041624984075702934,0.02715017809653146,0.0639989845667213,0.11939197055697265,0.16483362907046697,50
1,100,d0,ecdf,0.74,0.07142236897399595,0.07413780255807453,0.041838307421058395,0.009546758481367035,0.05372279187459503,0.09445372914970115,0.14188497090962374,50
1,100,d0,ecdf,0.75,0.05370787609722581,0.05596884767954718,0.04144240486342063,-0.006269935233338322,0.03144738471999406,0.08046964923227351,0.12719048491533316,50
1,100,d0,ecdf,0.76,0.03337309277801287,0.038639825892511984,0.04045904350811428,-0.022886598753702563,0.017173616358662644,0.06485277878121556,0.10949032872374986,50
1,100,d0,ecdf,0.77,0.01799166749081919,0.0216410647240654,0.04070514994841986,-0.040825547980915956,-5.637747794692075e-4,0.05153062962333007,0.09151140531305985,50
1,100,d0,ecdf,0.78,8.296795651283806e-4,0.0071813175065366846,0.04127645004336339,-0.06219864550466346,-0.01718913839370836,0.0386913200007481,0.07296835344193017,50
1,100,d0,ecdf,0.79,-0.00870701925879157,-0.007325721382131003,0.04107934857832044,-0.07689549642207426,-0.03353414430841692,0.02351311621513338,0.06015138788228112,50
1,100,d0,ecdf,0.8,-0.02322971219989899,-0.022269079648343803,0.03983699312139348,-0.09370307470671418,-0.0496103826434399,0.005028126054480192,0.03956364944431992,50
1,100,d0,ecdf,0.81,-0.03648187977286155,-0.03551657609426152,0.03853815549609528,-0.09850537347339033,-0.06185398298883778,-0.00477861348448162,0.02227319976683597,50
1,100,d0,ecdf,0.8200000000000001,-0.05069944531429474,-0.04833579829510314,0.03856182581455464,-0.10600260042132645,-0.07367918340454263,-0.016131490245622798,0.01426306794559034,50
1,100,d0,ecdf,0.8300000000000001,-0.059511475216057694,-0.06057687241408774,0.039941262235842746,-0.12684796780541926,-0.08749944509561552,-0.029278214673793934,-3.060231813991807e-4,50
1,100,d0,ecdf,0.8400000000000001,-0.07422674655493602,-0.07241198961685887,0.039020226231047804,-0.13871553570395506,-0.10049996258079424,-0.04302860866631561,-0.015307829857403154,50
1,100,d0,ecdf,0.85,-0.08574852567434958,-0.08272503750228465,0.03772014399235597,-0.14586296636336601,-0.11078235812160885,-0.05251408550523655,-0.02375953780300598,50
1,100,d0,ecdf,0.86,-0.09363123343283593,-0.09393611863826115,0.037473609444076385,-0.157699927860957,-0.11883475127647296,-0.06508649196114769,-0.032643624985357673,50
1,100,d0,ecdf,0.87,-0.10641975914842672,-0.10500644740797918,0.03766632113150952,-0.16558980280540125,-0.1344575662390337,-0.0739489253073638,-0.049556541009826,50
1,100,d0,ecdf,0.88,-0.11628236481488702,-0.11531289635270349,0.03768577767462679,-0.17390555051104606,-0.1446649469417798,-0.08578758123894692,-0.05346233859749845,50
1,100,d0,ecdf,0.89,-0.12155642164772575,-0.12410279239270561,0.037072100815209015,-0.18377516959186108,-0.1524775684488517,-0.09282316066198824,-0.06992955625633993,50
1,100,d0,ecdf,0.9,-0.13093666536980675,-0.13411008617988912,0.03658477213993898,-0.19241508230325038,-0.16212891075924196,-0.10340375311615774,-0.07858981618289712,50
1,100,d0,ecdf,0.91,-0.14004789315131716,-0.14395700114823498,0.03631692012716171,-0.202322437667305,-0.1683409187257506,-0.11123437524657148,-0.09421148819451054,50
1,100,d0,ecdf,0.92,-0.15064258939028682,-0.15250009180882385,0.036163877368727206,-0.20915196358238017,-0.17863594320225656,-0.12243860477406504,-0.09818913655460418,50
1,100,d0,ecdf,0.93,-0.1637571390445726,-0.16022545389954798,0.035213146081701695,-0.21289902132341293,-0.18420449298626457,-0.12921231639016167,-0.10759393694591311,50
1,100,d0,ecdf,0.94,-0.17146209164369425,-0.1688409452316984,0.035589760341488086,-0.22350646875698152,-0.19236836041386585,-0.1372575474441858,-0.11879515136065003,50
1,100,d0,ecdf,0.95,-0.1806117509604315,-0.17732932307640797,0.034865220679930996,-0.2322020331233952,-0.2011197551815587,-0.14875739482657035,-0.13069353501783415,50
1,100,d0,ecdf,0.96,-0.19004357325011817,-0.1854574677738477,0.033036125847893574,-0.2372516150720553,-0.20490584257135916,-0.15963767337138968,-0.13512839645311364,50
1,100,d0,ecdf,0.97,-0.19659091460174194,-0.19243369930729493,0.03358552112266091,-0.2445522510098248,-0.21457658035250998,-0.16939487795956681,-0.1396987226903076,50
1,100,d0,ecdf,0.98,-0.2014282081887999,-0.19935065279984013,0.03264216423774169,-0.24618657231624896,-0.22068212286400896,-0.17543251323376602,-0.14912476199866975,50
1,100,d0,ecdf,0.99,-0.21024517365867573,-0.20580051894615842,0.03221291860925367,-0.2477028656861764,-0.22539673103760707,-0.18316424205964904,-0.1545191870775959,50
1,100,d0,ecdf,1,-0.21231361229552126,-0.21194763955170948,0.032157846396539604,-0.25562797541947246,-0.23297437633833643,-0.18813058238954106,-0.16223777788854232,50
1,100,d0,logspline,0.01,4.91912425436051,5.339840326183365,1.6766603879562876,3.622370903280033,4.327367218825792,5.904345553869988,7.88872465948387,50
1,100,d0,logspline,0.02,4.84281765270357,5.257177930776956,1.635864067299943,3.573730799582627,4.2665498055589195,5.813144198001467,7.7387005704782865,50
1,100,d0,logspline,0.03,4.764707793864231,5.172019006808475,1.5923772888763226,3.5243367795436207,4.204567775915666,5.719407920598562,7.582139784347227,50
1,100,d0,logspline,0.04,4.684804374221116,5.08440431643404,1.5463349629575223,3.474195950326913,4.141425156940169,5.623155871082158,7.4191762811397055,50
1,100,d0,logspline,0.05,4.603120829546295,4.994388374284736,1.4979066223422928,3.4233170855388195,4.076787611128501,5.524414473915919,7.249990097814906,50
1,100,d0,logspline,0.06,4.519674199610343,4.902036529433635,1.4472845571356618,3.3717103079561577,4.010891546734097,5.423217058396906,7.074800602083382,50
1,100,d0,logspline,0.06999999999999999,4.434484959314675,4.807421931125881,1.39467276378417,3.319387033603646,3.9438603994027592,5.31960340252947,6.893858860198308,50
1,100,d0,logspline,0.08,4.347576837487201,4.710622743101335,1.3402778875499595,3.2663599429504586,3.875723402617786,5.213619204413449,6.707439650770155,50
1,100,d0,logspline,0.09,4.258979026945777,4.611720126554234,1.2843025595671083,3.212642953124938,3.8065150093614406,5.105315496084601,6.515833624729058,50
1,100,d0,logspline,0.1,4.172130221524155,4.510797150640806,1.2269412135859648,3.1582511861415226,3.7362740677602035,4.994748015551371,6.319340015460049,50
1,100,d0,logspline,0.11,4.088038553453288,4.407938164321949,1.1683781654664438,3.1032009320291087,3.665043362394645,4.882694042934771,6.118260185003817,50
1,100,d0,logspline,0.12,4.0025502600111045,4.303228230571218,1.1087873460964282,3.0475096067723264,3.592869293843955,4.768739857433485,5.912892172359774,50
1,100,d0,logspline,0.13,3.9157072353301654,4.196753467739345,1.048333666136161,2.9911957053294995,3.5198016107692425,4.652733827817797,5.7035263034800225,50
1,100,d0,logspline,0.14,3.8282644482267703,4.088603121306554,0.9871768350246626,2.9342787501446206,3.4458931596333957,4.534742511994239,5.490441838257395,50
1,100,d0,logspline,0.15000000000000002,3.736444625887209,3.978871538067166,0.9254758335841876,2.876779235650702,3.3711996375721474,4.414834466403733,5.273904570606771,50
1,100,d0,logspline,0.16,3.6492973516338747,3.8676600202142275,0.8633951670028573,2.818718569307373,3.295779342895352,4.290050189321792,5.054165262213255,50
1,100,d0,logspline,0.17,3.5615518355287055,3.7550837190219823,0.8011175928342846,2.7601190097401838,3.2196929218904504,4.163220653293659,4.831458827424097,50
1,100,d0,logspline,0.18000000000000002,3.472801724753884,3.6412786957174004,0.7388620616210902,2.7037368085692544,3.1430031126248235,4.034725701165435,4.607096408567462,50
1,100,d0,logspline,0.19,3.3823575115442415,3.5264115641359046,0.6769140143345731,2.6728519350091844,3.065774487415583,3.904786361987743,4.399942265059806,50
1,100,d0,logspline,0.2,3.2856814176620395,3.410700343945693,0.6157057113178448,2.6374156260051302,2.9868918292694397,3.7689561780957113,4.192853835180871,50
1,100,d0,logspline,0.21,3.1890388705412036,3.294441101750675,0.5559198080998038,2.5859025769411947,2.907121103607931,3.631130516771505,4.0310645949659545,50
1,100,d0,logspline,0.22,3.0918058198321274,3.178002181015304,0.4984502383651859,2.519099869083486,2.826741597712184,3.497870254698328,3.8791139146494107,50
1,100,d0,logspline,0.23,2.9941692430477094,3.0618025237573296,0.4443063263414248,2.4521993831937077,2.750582338022478,3.3620395154354665,3.726830906753553,50
1,100,d0,logspline,0.24,2.8963335406407076,2.9462877671503382,0.39450052551057674,2.3852599735539664,2.676284938247825,3.198472089199007,3.5781788774447767,50
1,100,d0,logspline,0.25,2.7985171079679594,2.8319112344113577,0.34992548677233126,2.3183408939153534,2.6014859048990155,3.076957915479859,3.4354959420656788,50
1,100,d0,logspline,0.26,2.700949205362817,2.7191200483701228,0.31120846248328815,2.250158287337532,2.5250597935162777,2.9422271858968387,3.2575249544905196,50
1,100,d0,logspline,0.27,2.5821069792493323,2.608339931881892,0.278552511443918,2.1742696146805227,2.443889682139932,2.7773056892768606,3.115291758526022,50
1,100,d0,logspline,0.28,2.4728666063240485,2.4999444386857395,0.25163101230866103,2.0984057164521035,2.35019522480989,2.6525832897112664,2.9423350835981674,50
1,100,d0,logspline,0.29000000000000004,2.3701113246286867,2.3942026443475877,0.22963222254485002,2.0233231061350905,2.2522395077108923,2.544147680196481,2.790378347207107,50
1,100,d0,logspline,0.3,2.26930276504181,2.2912540731569115,0.21152349559278952,1.9491534617858426,2.156786599180362,2.43590708361735,2.650784536536296,50
1,100,d0,logspline,0.31,2.165181512281427,2.1911313769700462,0.19630515925117362,1.8759779974303137,2.0740907981080006,2.33628886674923,2.5152876193607816,50
1,100,d0,logspline,0.32,2.0793087778742265,2.093796489818061,0.18317778824233613,1.802076603744079,1.979519592539558,2.2256037444918926,2.384155644609167,50
1,100,d0,logspline,0.33,1.998150261540236,1.999184263275074,0.17159247404857392,1.7231466557676973,1.8772046706186492,2.1060032121925776,2.2574271661096,50
1,100,d0,logspline,0.34,1.9185913702930402,1.9072499060665546,0.16119475562165614,1.6550846152524954,1.7872504533174745,1.9992279927059842,2.1459182563678034,50
1,100,d0,logspline,0.35000000000000003,1.8399706853316076,1.817975666472314,0.15176386027659658,1.5838842124384847,1.7019570690100225,1.9103386394918678,2.0555685877354266,50
1,100,d0,logspline,0.36000000000000004,1.7559733697376307,1.7313544010314699,0.1431650962057499,1.5062637859377297,1.6128625085190362,1.8134739412829388,1.963616487836944,50
1,100,d0,logspline,0.37,1.6781929237853412,1.6473840805321174,0.1353133002763527,1.422024680186742,1.540764422534434,1.7279555506637587,1.8567798035803373,50
1,100,d0,logspline,0.38,1.5924212913840985,1.5660649170372487,0.12814967142347192,1.3420279000167037,1.4633059951691874,1.654270453659716,1.7511141662580134,50
1,100,d0,logspline,0.39,1.5089754480568027,1.487395861192785,0.12162987407508045,1.274464432215295,1.3842852665194758,1.5779310482728197,1.6611069794497297,50
1,100,d0,logspline,0.4,1.4286642330003265,1.4113728250556525,0.11571658116984762,1.2051525183188894,1.3144808816911007,1.4926344544654904,1.5778961042389892,50
1,100,d0,logspline,0.41,1.355042783374449,1.3379874970973162,0.11037354825849255,1.13993990585883,1.2530330776340477,1.4042367959143685,1.4996015830420202,50
1,100,d0,logspline,0.42,1.282692161835819,1.2672265843098307,0.10556076708725987,1.0779261096998165,1.1978437516221643,1.3217248090591591,1.4260192413008734,50
1,100,d0,logspline,0.43,1.2136586250656012,1.1990713787015028,0.10123138310833936,1.0265748894864488,1.1389967181923586,1.2518759982822525,1.3538013088675358,50
1,100,d0,logspline,0.44,1.143964593413659,1.1334965751961623,0.09733019895197997,0.9723099221807043,1.076686532100343,1.1933757780223546,1.2838789958342858,50
1,100,d0,logspline,0.45,1.0744942455037585,1.0704706932982908,0.093796166472443,0.9116695748013874,1.0112494038396018,1.130343325294436,1.2162695281917186,50
1,100,d0,logspline,0.46,1.0070654232739922,1.009955954543789,0.09056723803420164,0.8524540399451106,0.9535845944169289,1.0688045141059381,1.151371617963012,50
1,100,d0,logspline,0.47,0.944300679257165,0.9519079023468867,0.08758480706748797,0.8057465959361871,0.8949066387101805,1.0081179040286714,1.091299056925084,50
1,100,d0,logspline,0.48,0.8913162969528694,0.8962760533242179,0.08479659625845566,0.7606875163017559,0.8374666410054838,0.948187579656502,1.0337688056385594,50
1,100,d0,logspline,0.49,0.8393782459220258,0.843004136560047,0.08215876857519865,0.7166704443022256,0.7848411543741409,0.8905456418301488,0.978616341977703,50
1,100,d0,logspline,0.5,0.7904864978807526,0.792030437921924,0.07963703921992485,0.670137198415232,0.7379281080272788,0.8357500046702202,0.9254681004849763,50
1,100,d0,logspline,0.51,0.7445440067072036,0.7432880330369663,0.07720747792693396,0.620520178811007,0.6944333057761587,0.785161669131105,0.8742698020401221,50
1,100,d0,logspline,0.52,0.6980197870459826,0.6967035415673214,0.07485848667216517,0.5745592986872046,0.6505453307315001,0.7382898505215972,0.8249637578016917,50
1,100,d0,logspline,0.53,0.6503754005788467,0.6521959819525278,0.07259092428939842,0.5347987156653691,0.6033177447948385,0.6903272617611931,0.7774896799710523,50
1,100,d0,logspline,0.54,0.6084246094843935,0.6096781249580544,0.07041352774147855,0.49753921703559123,0.5584892732584845,0.64648646937674,0.7317853513391883,50
1,100,d0,logspline,0.55,0.5700616304852738,0.5690584111026007,0.06833689881459465,0.4625476340622102,0.518328792086083,0.6074973082449362,0.6877871761737402,50
1,100,d0,logspline,0.56,0.5333903906606351,0.5302455626003094,0.06636493314314061,0.42918542199589005,0.48477063538893056,0.5717219538838184,0.6454306308174294,50
1,100,d0,logspline,0.5700000000000001,0.4961558048431848,0.4931532386105726,0.06449484802406233,0.3975846144671621,0.4476763445160544,0.53222759888798,0.6046507034980784,50
1,100,d0,logspline,0.5800000000000001,0.4591914656130257,0.457701402705159,0.06272338932878449,0.363330654083443,0.41138901807594164,0.4985271734590618,0.5653839632411535,50
1,100,d0,logspline,0.59,0.42195126691593077,0.4238161509538417,0.06105164249581236,0.33010569099162473,0.3779732427273845,0.46318640802235034,0.527571442539821,50
1,100,d0,logspline,0.6,0.3858278275608886,0.39142901459910634,0.0594875670921443,0.2983773976118376,0.3460402612651162,0.4293749452005325,0.49115851257542964,50
1,100,d0,logspline,0.61,0.35625150611569495,0.3604764430991223,0.05804581467597029,0.2684032988423472,0.3138751196207382,0.39975030544933887,0.4560942582455932,50
1,100,d0,logspline,0.62,0.3294281318310299,0.330899272451641,0.05674452580006757,0.24252177826213178,0.28361494487918554,0.3688231293104284,0.42234619183802563,50
1,100,d0,logspline,0.63,0.304881924519624,0.3026387601000163,0.0555978177161032,0.21712257755909634,0.25615403165993555,0.3416182639281464,0.39015042078067663,50
1,100,d0,logspline,0.64,0.2780838235309928,0.2756332870218192,0.05460761447358256,0.19286325477945743,0.2343442760065507,0.3167992844711388,0.36105276664174335,50
1,100,d0,logspline,0.65,0.25332983589550573,0.24981643043530832,0.05375963424736465,0.16948985532422942,0.2073344748055599,0.289195483181568,0.3362988789929923,50
1,100,d0,logspline,0.66,0.22893158195952132,0.22512054258514758,0.05302587878223041,0.1473563174081872,0.184099089819446,0.26373265759715414,0.30935958591144247,50
1,100,d0,logspline,0.67,0.20474378794542208,0.2014813217720792,0.05237339988351465,0.12561199565442505,0.16075815047311565,0.2373797124222406,0.28316473944228693,50
1,100,d0,logspline,0.68,0.18119759615762238,0.1788381029222772,0.05177100489137783,0.10175749747998403,0.13638209322378322,0.21315101124882618,0.2593950295401891,50
1,100,d0,logspline,0.6900000000000001,0.15833057370892084,0.15713400245649245,0.05119428238786823,0.07911847844762693,0.11551726605097064,0.18864384436751463,0.2368894479378095,50
1,100,d0,logspline,0.7000000000000001,0.13619033485353693,0.1363165419798948,0.050628338383221935,0.057563205353648554,0.0950012773694333,0.16714833482006047,0.2163896139729096,50
1,100,d0,logspline,0.7100000000000001,0.11593393944449154,0.11633903059919301,0.05006679840433306,0.03619491052609296,0.07634417668491737,0.14781731796762038,0.19591470832319646,50
1,100,d0,logspline,0.72,0.09631481293181689,0.09716116668416187,0.049508719817235224,0.014471763091829085,0.057734817858752695,0.1284974762113923,0.17472559427974427,50
1,100,d0,logspline,0.73,0.07834197021923943,0.07874894447732748,0.04895453507812072,-0.002814557460968355,0.038978079791963785,0.10976062436984288,0.1543739192018615,50
1,100,d0,logspline,0.74,0.06118490405185981,0.06107362504600815,0.04840237078514915,-0.019715904807702665,0.024758232025441876,0.09038662693760342,0.13629775629508634,50
1,100,d0,logspline,0.75,0.04580452751355388,0.04411079144295476,0.047849412401278206,-0.03579998302522315,0.009362534455967509,0.07513449326213315,0.1191020848402469,50
1,100,d0,logspline,0.76,0.02987216048680546,0.027838244738371088,0.04729364783702955,-0.05006006792414862,-0.005719500724540095,0.06089777889806896,0.10242773000453484,50
1,100,d0,logspline,0.77,0.014522801345906805,0.012234344858630454,0.046735185355478555,-0.06313171758105376,-0.020415905280893647,0.045625282628970615,0.08626029133078261,50
1,100,d0,logspline,0.78,-2.6863924900393763e-4,-0.002722076721947523,0.046177637040085415,-0.07571513095759944,-0.03517346421135416,0.02818909909718038,0.0705859763918473,50
1,100,d0,logspline,0.79,-0.014914305832467719,-0.017052058496440866,0.04562717120183741,-0.08898618176103563,-0.05036605381393508,0.012321629540409634,0.05539155053408987,50
1,100,d0,logspline,0.8,-0.02908873198883265,-0.03077683025600451,0.0450918924553402,-0.10183618145301826,-0.06334917458903705,-0.001819432981863725,0.04066429192973714,50
1,100,d0,logspline,0.81,-0.042330853288888394,-0.043918005728132044,0.044581865139228447,-0.11406550375051369,-0.07602202776341149,-0.01468159564168761,0.026391951324800222,50
1,100,d0,logspline,0.8200000000000001,-0.05510425321748852,-0.05649824513452167,0.0441090636120626,-0.12598325200673854,-0.0883514596367244,-0.026586790422740293,0.012562715947334902,50
1,100,d0,logspline,0.8300000000000001,-0.06819127024055566,-0.0685488996513547,0.04368351994579807,-0.13736791405491622,-0.09896763376694294,-0.0380646640198871,-8.348228920751375e-4,50
1,100,d0,logspline,0.8400000000000001,-0.08073423974119252,-0.08011688727629156,0.04329927940452066,-0.14820594807412601,-0.10988151217671942,-0.04913576010140466,-0.01381169891798923,50
1,100,d0,logspline,0.85,-0.09275344749782924,-0.09126704826978067,0.04291654267829234,-0.15904663057207674,-0.120683301408533,-0.058781945985588356,-0.02637859708645979,50
1,100,d0,logspline,0.86,-0.10426847931793277,-0.10206202914825438,0.04247665666031979,-0.17010555929034607,-0.13109222315179073,-0.06929330324794572,-0.038545877177450845,50
1,100,d0,logspline,0.87,-0.11529825654806064,-0.11248952526741864,0.04198866773138356,-0.1807685847860176,-0.14100823285930097,-0.08081198816210286,-0.050323595063292086,50
1,100,d0,logspline,0.88,-0.12527444885766018,-0.12251330612079614,0.041492041438234796,-0.19103948128008713,-0.14980067001829053,-0.09168814549670327,-0.061721521900612544,50
1,100,d0,logspline,0.89,-0.13424204914399962,-0.13214815572921162,0.04098581268690097,-0.2009196674426364,-0.15825255985024622,-0.10214242332718323,-0.07274916146483332,50
1,100,d0,logspline,0.9,-0.14244390217253516,-0.14141152374017546,0.04046692117482746,-0.21040858681563776,-0.1663788294969683,-0.11196642458670383,-0.08341576582155319,50
1,100,d0,logspline,0.91,-0.1506933941044337,-0.15031940005435,0.03993377649881489,-0.21950582947834643,-0.17419355425276412,-0.12135030874270873,-0.09303929803571734,50
1,100,d0,logspline,0.92,-0.15908352830911246,-0.15888651403850887,0.03938637639941441,-0.22821386198566407,-0.1817100238537762,-0.13040130344611722,-0.10192710185262682,50
1,100,d0,logspline,0.93,-0.16712272638137,-0.1671264080033136,0.038826159853263466,-0.23653817401377114,-0.18936891978281162,-0.13886082132057925,-0.11059748723437612,50
1,100,d0,logspline,0.94,-0.1748279256415538,-0.1750514935403906,0.03825575006772141,-0.24448698622084514,-0.19743899066812343,-0.14676911574214704,-0.11940496646627824,50
1,100,d0,logspline,0.95,-0.18221495177115188,-0.1826731183551347,0.037678626065567315,-0.25207095066231855,-0.20335816974569318,-0.15429181572224543,-0.1282967780243484,50
1,100,d0,logspline,0.96,-0.1890222367555991,-0.1900016433459863,0.03709873939759854,-0.25940595338556627,-0.20930285860314624,-0.1615831747419101,-0.1368719966681633,50
1,100,d0,logspline,0.97,-0.19530970075054516,-0.19704665313704675,0.03652001611044284,-0.26625159934950915,-0.21526312705200734,-0.1692713444959311,-0.145139429741085,50
1,100,d0,logspline,0.98,-0.20130776946810724,-0.20381761549741748,0.03594561208310209,-0.27208155120223543,-0.221204711478324,-0.1771284141360296,-0.1531076908794862,50
1,100,d0,logspline,0.99,-0.20728636759343455,-0.2103241364532098,0.03537769844852067,-0.27764375036603156,-0.2269869102051925,-0.18402902480954336,-0.16076785039646882,50
1,100,d0,logspline,1,-0.21317522510390627,-0.216575906541683,0.034817687053812225,-0.28295079801125167,-0.23283215598293538,-0.19070014965889845,-0.16814945968867767,50
1,100,d1,ecdf,0.01,Inf,Inf,NA,Inf,Inf,Inf,Inf,0
1,100,d1,ecdf,0.02,Inf,Inf,NA,Inf,Inf,Inf,Inf,0
1,100,d1,ecdf,0.03,Inf,Inf,NA,Inf,Inf,Inf,Inf,0
1,100,d1,ecdf,0.04,Inf,Inf,NA,Inf,Inf,Inf,Inf,0
1,100,d1,ecdf,0.05,Inf,Inf,NA,Inf,Inf,Inf,Inf,0
1,100,d1,ecdf,0.06,Inf,Inf,NA,Inf,Inf,Inf,Inf,0
1,100,d1,ecdf,0.06999999999999999,Inf,Inf,NA,Inf,Inf,Inf,Inf,0
1,100,d1,ecdf,0.08,Inf,Inf,NA,Inf,Inf,Inf,Inf,0
1,100,d1,ecdf,0.09,Inf,Inf,NA,Inf,Inf,Inf,Inf,1
1,100,d1,ecdf,0.1,Inf,Inf,NA,Inf,Inf,Inf,Inf,1
1,100,d1,ecdf,0.11,Inf,Inf,NA,Inf,Inf,Inf,Inf,2
1,100,d1,ecdf,0.12,Inf,Inf,NA,2.152852166426937,Inf,Inf,Inf,4
1,100,d1,ecdf,0.13,Inf,Inf,NA,1.619441484751798,Inf,Inf,Inf,7
1,100,d1,ecdf,0.14,Inf,Inf,NA,1.7672806969664534,Inf,Inf,Inf,9
1,100,d1,ecdf,0.15000000000000002,Inf,Inf,NA,1.904861914706548,Inf,Inf,Inf,10
1,100,d1,ecdf,0.16,Inf,Inf,NA,2.033506662742474,Inf,Inf,Inf,13
1,100,d1,ecdf,0.17,Inf,Inf,NA,1.748830760800062,2.8474430494681715,Inf,Inf,15
1,100,d1,ecdf,0.18000000000000002,Inf,Inf,NA,1.8626598351998425,2.9612721238679525,Inf,Inf,16
1,100,d1,ecdf,0.19,Inf,Inf,NA,1.9702788376947975,3.0688911263629075,Inf,Inf,18
1,100,d1,ecdf,0.2,Inf,Inf,NA,1.784640257882118,3.1709346190020087,Inf,Inf,24
1,100,d1,ecdf,0.21,3.267944227411764,Inf,NA,1.8816498662918737,3.267944227411764,Inf,Inf,27
1,100,d1,ecdf,0.22,3.3603859488732346,Inf,NA,1.8513626345305285,2.363139937232166,Inf,Inf,30
1,100,d1,ecdf,0.23,3.4486636098520007,Inf,NA,1.8392256974179004,2.350051321183891,Inf,Inf,34
1,100,d1,ecdf,0.24,2.8399822767413383,Inf,NA,1.8234146886305083,2.434517168633174,Inf,Inf,35
1,100,d1,ecdf,0.25,2.9209454058954396,Inf,NA,1.82233311722733,2.227798225335494,3.614092586455385,Inf,39
1,100,d1,ecdf,0.26,2.5932134260280684,Inf,NA,1.745915565640865,2.082387802262078,3.5185389195561916,Inf,42
1,100,d1,ecdf,0.27,2.380276315200059,Inf,NA,1.6871291346401136,2.157132763885849,3.073423495760004,Inf,47
1,100,d1,ecdf,0.28,2.45224855640418,Inf,NA,1.6943207062332237,2.046783448296015,2.739930628855961,Inf,47
1,100,d1,ecdf,0.29000000000000004,2.1161757330354245,2.2810330270462678,0.5780054404765438,1.605350109269434,1.8284936605836437,2.521640841143589,3.214788021703534,50
1,100,d1,ecdf,0.3,2.106085880456735,2.134804666993281,0.4979527559640465,1.4459905505899737,1.7776961122621997,2.3654827771643183,2.8763084009303093,50
1,100,d1,ecdf,0.31,1.9602139645810697,1.9471959333228526,0.42551856077132144,1.3626520973278233,1.6655877784136162,2.093745357205592,2.711171686898098,50
1,100,d1,ecdf,0.32,1.7043856378531008,1.8072386933104512,0.41874754729354285,1.264911518800679,1.617374260863471,1.9933936100575396,2.492842998217371,50
1,100,d1,ecdf,0.33,1.6780184739525064,1.7008733441934267,0.36366825935307523,1.2184861445740662,1.4721231405100348,1.860340030746461,2.4714425107491262,50
1,100,d1,ecdf,0.34,1.582647556951983,1.6019317727794053,0.30275010939099045,1.1991380227200632,1.3884915425110256,1.8020567695214638,2.024480309231022,50
1,100,d1,ecdf,0.35000000000000003,1.4758257587621886,1.5091467019800058,0.2596763266404313,1.1198247880506997,1.3342878127437467,1.6396694622949286,1.933252118004195,50
1,100,d1,ecdf,0.36000000000000004,1.3896494491501394,1.4141974793826138,0.22340653104343136,1.055234709904532,1.289565990593157,1.5614997060767986,1.769139070855043,50
1,100,d1,ecdf,0.37,1.2968369139923317,1.3069705007881616,0.20345137169591151,1.036374631279245,1.1690035424824468,1.443440388184207,1.6235057519191345,50
1,100,d1,ecdf,0.38,1.22130619428881,1.2309317233856238,0.1937446595515763,0.9575217040905699,1.1079775089818067,1.3491395657986949,1.525480011689222,50
1,100,d1,ecdf,0.39,1.1588678666950698,1.1633485857072188,0.19452864050632568,0.8924840026107009,1.0570851723851276,1.2329758388487917,1.5015958413531907,50
1,100,d1,ecdf,0.4,1.0748847639620374,1.0806649517693396,0.1754144497324206,0.8381602757231232,0.957101728305654,1.1996433266337425,1.385974624344156,50
1,100,d1,ecdf,0.41,1.005372979637516,1.0138485538087956,0.15576229087721452,0.7583126167564498,0.9000124639796895,1.1154631006272109,1.2766896122124032,50
1,100,d1,ecdf,0.42,0.92237439758876,0.9421981046231824,0.15699500920898768,0.704120831568742,0.8517568303748068,1.052427525836958,1.2347490826309129,50
1,100,d1,ecdf,0.43,0.8531989886569953,0.8701858039943946,0.14960689830025403,0.6535539083916362,0.7698173797179443,0.9682683184417824,1.0894851794500389,50
1,100,d1,ecdf,0.44,0.8047015790723786,0.8043848216329738,0.15476154382691923,0.5438415185810438,0.7192927129161437,0.8926079503542788,1.058669717966775,50
1,100,d1,ecdf,0.45,0.7186045666818497,0.7373025122312716,0.16095341539398056,0.48490995994144914,0.6594778416990233,0.8289095029410597,1.0284698857130252,50
1,100,d1,ecdf,0.46,0.6699285787557502,0.6906161056382144,0.15894036794270397,0.454118652947799,0.5826065004053117,0.7789387844593161,0.9652700821697298,50
1,100,d1,ecdf,0.47,0.620696758392124,0.6337090170805264,0.15092709570395335,0.39307494960572753,0.540670904536108,0.7276688779442919,0.8949878566711436,50
1,100,d1,ecdf,0.48,0.5583420824047591,0.5733762121465894,0.13024341235623255,0.34073730614595504,0.5011623088023278,0.6543616157664933,0.8199127546742906,50
1,100,d1,ecdf,0.49,0.510696625836033,0.5291371870160766,0.12947152334187972,0.31787496922647646,0.4468889594238488,0.6114578885403348,0.7458705871295633,50
1,100,d1,ecdf,0.5,0.46924543168319677,0.48058471892785454,0.12930769968622696,0.2815654338771129,0.3947673632368664,0.5527453645484774,0.6705149269025846,50
1,100,d1,ecdf,0.51,0.42784113458319367,0.43081517469995767,0.115491336964848,0.2530013902649013,0.3377201053712198,0.49921683910386777,0.5952454677789351,50
1,100,d1,ecdf,0.52,0.39154254215806916,0.38836101604964296,0.11383477805546129,0.20961250861247405,0.31191845019665326,0.46527478562229263,0.5454601676786361,50
1,100,d1,ecdf,0.53,0.33764919444545777,0.3413138068685739,0.10926797940512795,0.17354719467750312,0.2606046598022802,0.41175592155278057,0.5099514801053264,50
1,100,d1,ecdf,0.54,0.30660766144040574,0.3032478030623878,0.10364600952200419,0.1385725151115696,0.23627944496252978,0.3844587535424489,0.4614665751954791,50
1,100,d1,ecdf,0.55,0.26396482113313735,0.26673589389526475,0.10050642409547414,0.11109717861856357,0.1952146549595626,0.3297455479171688,0.42277652716422004,50
1,100,d1,ecdf,0.56,0.2227778505630449,0.23344614870335434,0.09818720782203139,0.07075235217091058,0.16544274989098784,0.29851060936312274,0.37314857289818026,50
1,100,d1,ecdf,0.5700000000000001,0.17340880491087757,0.19397498673361932,0.09606271568531002,0.05285956052702587,0.13270951040303788,0.2566464116337996,0.36317238610586844,50
1,100,d1,ecdf,0.5800000000000001,0.1628789283981128,0.16383630105621436,0.09405228301048121,0.028058159986180616,0.092060421631347,0.20185413044562045,0.33318446359931314,50
1,100,d1,ecdf,0.59,0.13037424564078798,0.13235906938908626,0.09553267286725461,0.003535550679244005,0.06789592065532737,0.16092123675493908,0.3018622954310731,50
1,100,d1,ecdf,0.6,0.09855603331914033,0.1047902760376361,0.09318894438736612,-0.030155904101495185,0.03730150182694302,0.1552673390166847,0.2779836894644643,50
1,100,d1,ecdf,0.61,0.059918708826027234,0.07443770138621811,0.08793413691015754,-0.05676926697999128,0.012219458107847853,0.1232878511138644,0.23504941690160983,50
1,100,d1,ecdf,0.62,0.032372132119469384,0.0474707925135866,0.08621069851070147,-0.0856763374779659,-0.010434576532896145,0.09581472153559815,0.20481078590142365,50
1,100,d1,ecdf,0.63,0.011989020972709982,0.025937518850982385,0.08365281660942948,-0.0932516901618072,-0.03304958545194375,0.07219837529628426,0.18635404382317133,50
1,100,d1,ecdf,0.64,-0.01288144157902038,6.990633135658833e-4,0.07598739122192666,-0.10911200147814577,-0.05353164166670696,0.04854137104738568,0.13400284176457858,50
1,100,d1,ecdf,0.65,-0.027313389748340994,-0.020550654236781516,0.07770790743669641,-0.13683024986047407,-0.076007226424814,0.0379021745670086,0.1104836796925718,50
1,100,d1,ecdf,0.66,-0.04040897679458075,-0.039266093641934875,0.07350662148051194,-0.15472137752737888,-0.09643376717712716,0.023082412353085016,0.07538820560740489,50
1,100,d1,ecdf,0.67,-0.06351019634336427,-0.061204635311726506,0.06765999292645976,-0.16620335056538277,-0.11678717997927363,-0.01699048694507657,0.04682741561540055,50
1,100,d1,ecdf,0.68,-0.07924877810243439,-0.08060154724120586,0.06702137124625901,-0.18388109727785595,-0.13704045159053463,-0.03753986696487942,0.03145300452207181,50
1,100,d1,ecdf,0.6900000000000001,-0.10210294258851174,-0.10377040991253365,0.067819059608391,-0.20397148701892315,-0.15954473140081266,-0.060723433178458,0.014388990869135164,50
1,100,d1,ecdf,0.7000000000000001,-0.11492462221169904,-0.12081772682490458,0.06495215522819645,-0.21567079294375996,-0.16787960493351,-0.06584923783559542,-0.012079769460775273,50
1,100,d1,ecdf,0.7100000000000001,-0.13598035104942863,-0.1378396197241561,0.06350901731503401,-0.23099812597984476,-0.18433292776151,-0.08273358374214454,-0.03742908246617278,50
1,100,d1,ecdf,0.72,-0.14639214910774145,-0.15390797992184949,0.06274215183561906,-0.25263198250968943,-0.2043794067580907,-0.1106867386477497,-0.05370833947033564,50
1,100,d1,ecdf,0.73,-0.16595986925873263,-0.17153739508241508,0.06083398873431464,-0.26127023391922993,-0.21942659552290442,-0.13333666522195947,-0.07006443706634738,50
1,100,d1,ecdf,0.74,-0.18397123892952952,-0.18632363624049056,0.05868001956986646,-0.27760346961835186,-0.23652676619873247,-0.15063481866193762,-0.08345628090522625,50
1,100,d1,ecdf,0.75,-0.19267981133434414,-0.19555170937785962,0.058314920772279524,-0.28498119234842334,-0.24228768511846288,-0.1597800730480043,-0.10290338604106132,50
1,100,d1,ecdf,0.76,-0.20705077463978222,-0.20636465665901343,0.058995400511468184,-0.30315947170164737,-0.25056372855241943,-0.167525212041482,-0.11529290254446366,50
1,100,d1,ecdf,0.77,-0.21665637767166537,-0.21935210523070106,0.057585927391654836,-0.31609268067313356,-0.2616980126018501,-0.18229114689514755,-0.12942463031253365,50
1,100,d1,ecdf,0.78,-0.2338161109186051,-0.2337670273202286,0.056481414511555375,-0.3239672079129027,-0.2708573825989542,-0.19657232641435698,-0.1422456117227774,50
1,100,d1,ecdf,0.79,-0.2451679632398318,-0.24349090412036647,0.05531482220736501,-0.3327805640533775,-0.2842580425038464,-0.20032566304606153,-0.15438008538340497,50
1,100,d1,ecdf,0.8,-0.2567957638287962,-0.2529605428100085,0.05705189344260884,-0.34346879341779707,-0.2940520590233571,-0.20660691951379143,-0.16080582669371724,50
1,100,d1,ecdf,0.81,-0.2654715324831324,-0.26369857349349785,0.05727386209925751,-0.3487795325600185,-0.3087657028694791,-0.21630855929105117,-0.16801778590190272,50
1,100,d1,ecdf,0.8200000000000001,-0.2776453430557777,-0.2741101486258743,0.05716733440498585,-0.3581407996197019,-0.32442295994430176,-0.22639580414598381,-0.1792413125490961,50
1,100,d1,ecdf,0.8300000000000001,-0.2839895353618743,-0.2819472611223953,0.05505349417589677,-0.36063911154868533,-0.3309180984864604,-0.24051563699633982,-0.19023063319307992,50
1,100,d1,ecdf,0.8400000000000001,-0.2898609116423584,-0.2908915790492783,0.05311693791700387,-0.37233929897745766,-0.33693157477883945,-0.2556908078972438,-0.2032548819301484,50
1,100,d1,ecdf,0.85,-0.30002335972494726,-0.3018498712642838,0.051531209118488214,-0.3774176654997459,-0.34700398541247146,-0.260574763142598,-0.21838294666170316,50
1,100,d1,ecdf,0.86,-0.30767970715801374,-0.31045706785149396,0.049786033669131036,-0.3879644733101492,-0.35598308443901444,-0.27318123106041414,-0.22835656924782027,50
1,100,d1,ecdf,0.87,-0.32016207872592173,-0.3186737896064029,0.04811930787199427,-0.3919878132971773,-0.3614027106736095,-0.27944961634620774,-0.2408578689812296,50
1,100,d1,ecdf,0.88,-0.32149645246875225,-0.3248060007448451,0.04784438977776647,-0.39601230499091733,-0.3660175368467304,-0.2875351594075477,-0.25423705977575395,50
1,100,d1,ecdf,0.89,-0.32772078597927923,-0.33231830829453846,0.04873157982183627,-0.4106665076293438,-0.3731194561791058,-0.29116427757749913,-0.2593911122660475,50
1,100,d1,ecdf,0.9,-0.33682012430075775,-0.3403131692306104,0.047968080038589316,-0.41216800374411894,-0.3817375570754996,-0.30133596056874357,-0.2669181831550084,50
1,100,d1,ecdf,0.91,-0.3437720382010855,-0.34561394808638596,0.04726949709853121,-0.41400986602597606,-0.38676332117554924,-0.3113016531703015,-0.2688222636238559,50
1,100,d1,ecdf,0.92,-0.35261997102215903,-0.35056143625661784,0.0466833986787753,-0.42096140113682734,-0.3877124964210869,-0.318264149756711,-0.27649894270751163,50
1,100,d1,ecdf,0.93,-0.3586711716754586,-0.35593632294697664,0.04554945786506922,-0.4246586028066729,-0.3903440308398435,-0.3259765957914492,-0.28298225613046035,50
1,100,d1,ecdf,0.94,-0.359921782458111,-0.3620097930343502,0.04507912383877813,-0.4259439842095832,-0.39705779917262884,-0.3286524570211052,-0.29471122396323535,50
1,100,d1,ecdf,0.95,-0.3639122419235182,-0.36745118491437406,0.04544844120120875,-0.4333844414827398,-0.4051170964441989,-0.3341095911959331,-0.29586913266840087,50
1,100,d1,ecdf,0.96,-0.3690696225829329,-0.37262550743989953,0.0457208204274494,-0.44447419267034427,-0.4052348990510024,-0.33887322335191616,-0.30074378013432534,50
1,100,d1,ecdf,0.97,-0.37114003160474573,-0.3765333076732738,0.04328340205294277,-0.4398503237091105,-0.4102660581381921,-0.34761633518852997,-0.311709895176991,50
1,100,d1,ecdf,0.98,-0.3757568500058422,-0.3800631054606251,0.042022960409688614,-0.445002286308815,-0.41140930751251026,-0.3517247604285279,-0.3128062535220804,50
1,100,d1,ecdf,0.99,-0.38539556640579453,-0.3829551547770262,0.041161207938130225,-0.4497393477598962,-0.41081259723353175,-0.355922094322846,-0.31942726667360066,50
1,100,d1,ecdf,1,-0.39387888737525956,-0.387944054035369,0.04001200723485915,-0.44478425166295676,-0.41645560764876643,-0.3595387326673283,-0.3276808799142388,50
1,100,d1,logspline,0.01,1.1400379860148102,1.3987519978878775,1.447405452264632,-0.46943895106573175,0.4999008392952178,1.8724816916313891,3.9338068852056374,50
1,100,d1,logspline,0.02,1.7602847164947624,2.014347291025931,1.4234739211947147,0.17493426376229976,1.1311617326539996,2.4818758643786554,4.501501129609263,50
1,100,d1,logspline,0.03,2.0911769156784663,2.340235440434491,1.3982792665603734,0.5308416643196063,1.4735144853683109,2.8014123642978164,4.776862929793811,50
1,100,d1,logspline,0.04,2.3026217158137228,2.5463324351544543,1.3718484166566944,0.768184021996899,1.6968624362764322,3.0010040323698846,4.929855085028077,50
1,100,d1,logspline,0.05,2.4478748593026634,2.685905990107885,1.3442171835827794,0.9402082690850135,1.8544560817611158,3.133914473503993,5.013809052376042,50
1,100,d1,logspline,0.06,2.5534055958865878,2.7827015873578524,1.3154292282195008,1.0706340226137292,1.9696214103746201,3.2238843629942218,5.05254931452906,50
1,100,d1,logspline,0.06999999999999999,2.6293138401707035,2.8494044721809755,1.2855348646582074,1.1721161498192072,2.054938565843142,3.2835937427175215,5.05885338211408,50
1,100,d1,logspline,0.08,2.683094854411963,2.8936048920923496,1.2545897843986602,1.2522106333420198,2.1184217643716408,3.3206275721928216,5.040414817800863,50
1,100,d1,logspline,0.09,2.7196395065872254,2.9202162932696285,1.2226537765909646,1.315793420857553,2.1649547169602816,3.3398942271164334,5.002259099241936,50
1,100,d1,logspline,0.1,2.74229571592622,2.932610247171288,1.1897894805463338,1.36619597033057,2.1978774824942766,3.3479737703782257,4.947876157792164,50
1,100,d1,logspline,0.11,2.753459721220584,2.933207349152212,1.1560611837020425,1.4057967143733192,2.2195778179800314,3.34288011693023,4.879808880749482,50
1,100,d1,logspline,0.12,2.75490890108654,2.923809677470001,1.1215338140587467,1.4363550971199315,2.2318240840596832,3.3195986286036403,4.799983356057754,50
1,100,d1,logspline,0.13,2.7480008375739633,2.905799823112802,1.0862721933935462,1.4592122179016567,2.235964616539838,3.2979842976432545,4.709905617347884,50
1,100,d1,logspline,0.14,2.733798324310206,2.880266138123164,1.050340335299944,1.4754156539197438,2.2330543279516952,3.2676307004663565,4.610784634066025,50
1,100,d1,logspline,0.15000000000000002,2.713151104004714,2.8480847275160412,1.0138007534242084,1.485800868167435,2.2239371976788203,3.22465467460425,4.50361232413756,50
1,100,d1,logspline,0.16,2.6867525641251664,2.809974726728661,0.9767141657248761,1.491046294127098,2.2093011390321067,3.175557916376369,4.389217407960016,50
1,100,d1,logspline,0.17,2.6551814736381094,2.7665366912512233,0.9391393684151473,1.4914931576984323,2.189716123259531,3.120964219952141,4.268302751799517,50
1,100,d1,logspline,0.18000000000000002,2.6172579906431204,2.7182801743515124,0.90113290150957015,1.4873197558078992,2.1656613592952647,3.0632045374628505,4.14147196361723,50
1,100,d1,logspline,0.19,2.575319042208556,2.6656438133877356,0.862749020252583,1.479433338525475,2.1368623585999256,3.0012230052279736,4.022622547473734,50
1,100,d1,logspline,0.2,2.5294200664335333,2.609009925029606,0.8240402084059368,1.4681776657654524,2.1028422751116524,2.9360377046624784,3.906003812978534,50
1,100,d1,logspline,0.21,2.479866763149184,2.548716448018808,0.7850578379911359,1.453851683635516,2.065361777942533,2.8676099833360493,3.7850064955803004,50
1,100,d1,logspline,0.22,2.4209085171954152,2.485068106899789,0.7458533395051692,1.436719472851336,2.020177117713292,2.795580009800348,3.659968573468051,50
1,100,d1,logspline,0.23,2.3587465986947653,2.4183457378606805,0.7064809217533378,1.4170171623452457,1.9702641106237455,2.7202007082148825,3.5311926546211825,50
1,100,d1,logspline,0.24,2.2939355335770895,2.3488145224100663,0.6670027943936674,1.3949578313636057,1.917767151578437,2.641698135094758,3.398966571577699,50
1,100,d1,logspline,0.25,2.226764000130206,2.276730881896259,0.6274955929914295,1.370735384210564,1.8629529630231383,2.5646066543287276,3.263581874503447,50
1,100,d1,logspline,0.26,2.157515064784919,2.2023502953875846,0.5880654917376796,1.3411585067940786,1.806079832415073,2.4855126389127156,3.1253334274582114,50
1,100,d1,logspline,0.27,2.0872400853109845,2.125935176721563,0.5488610756565745,1.3056577999468957,1.747398782160275,2.403940599235494,2.984517316850398,50
1,100,d1,logspline,0.28,2.016395374278444,2.047767608689327,0.5100874602217881,1.26866880952237,1.6961855141321185,2.320083603159393,2.8427284395059305,50
1,100,d1,logspline,0.29000000000000004,1.944147195896603,1.968165949286121,0.47202074497065744,1.2303696671789215,1.650825014009833,2.227556372610828,2.701815147750012,50
1,100,d1,logspline,0.3,1.8780281600640607,1.8874834004514254,0.43499311750318537,1.1909300072694569,1.6040093306665426,2.115890069380958,2.5600452524156756,50
1,100,d1,logspline,0.31,1.8148206946872356,1.8061013081988966,0.3993686010809889,1.150511902576807,1.5559127114486353,2.0213767617658953,2.428828340262207,50
1,100,d1,logspline,0.32,1.726080245402221,1.724419917201963,0.36551697905492175,1.1090133960222146,1.506028281190332,1.9288227752674894,2.3189164230573915,50
1,100,d1,logspline,0.33,1.646916484701514,1.6428482644726061,0.3337858965516496,1.0662354381531978,1.4503774322066803,1.8370774144940532,2.2087577445863373,50
1,100,d1,logspline,0.34,1.5682648501734713,1.5617857403398216,0.3044768722234862,1.0229815245590304,1.3959951382643898,1.7448117233274751,2.0677606836142917,50
1,100,d1,logspline,0.35000000000000003,1.4894065507819456,1.481604525106511,0.277827825856213,0.97939622806392,1.3209630852380254,1.6535058059832362,1.9616617366763707,50
1,100,d1,logspline,0.36000000000000004,1.4107586292240355,1.4026347977818803,0.25399083364747826,0.9373093179169965,1.2742688198780374,1.559939093811674,1.858050423036782,50
1,100,d1,logspline,0.37,1.323720619904636,1.3251541154761086,0.2330156926491733,0.901048303567988,1.2225631093723803,1.4709024963761106,1.7592804912897901,50
1,100,d1,logspline,0.38,1.238452854301044,1.2493903995644167,0.21484461829218285,0.8644543341288076,1.159150459072994,1.3670963800468723,1.6224320348188082,50
1,100,d1,logspline,0.39,1.1620894109923952,1.175522953997918,0.1993131278600284,0.8138979195864515,1.1023043919582545,1.2715762461029192,1.5123721015717897,50
1,100,d1,logspline,0.4,1.1019239710502036,1.1036818691078822,0.18617428572471176,0.7608992600523836,1.0417208827280637,1.1828177177240775,1.4220981917310587,50
1,100,d1,logspline,0.41,1.0421823227720026,1.0339560620551327,0.17513614695019591,0.7178037220943272,0.9671246639017373,1.1053352063115542,1.333826351723976,50
1,100,d1,logspline,0.42,0.9794790813950806,0.9664020782273582,0.16589178140112276,0.6751033406205937,0.8803277286910005,1.031282481670626,1.2507256989426283,50
1,100,d1,logspline,0.43,0.9210891280429788,0.9010509137737485,0.1581401994580681,0.6334468211364801,0.8161607720544342,0.9639183209203036,1.1806588525905477,50
1,100,d1,logspline,0.44,0.8489507436031856,0.837915609518992,0.15160234378663098,0.5967427445977661,0.7537928046179585,0.9074473799440307,1.1114279941582965,50
1,100,d1,logspline,0.45,0.7798581782205709,0.7769961526943496,0.14603026118273604,0.5602306516557773,0.7029580564905002,0.8402096243557752,1.0439091390514823,50
1,100,d1,logspline,0.46,0.7198833498930606,0.7182826760057655,0.1412094352175881,0.5239808870484813,0.6343335548170205,0.7822034801884825,0.9799002763631219,50
1,100,d1,logspline,0.47,0.6610004559881741,0.6617603119439782,0.13695510549504955,0.4843185156209694,0.5649284543480332,0.7283710405801151,0.9115854393840714,50
1,100,d1,logspline,0.48,0.6046248126518187,0.607410044671903,0.133110374027589,0.4410891338613715,0.5137166351516178,0.6772048151659867,0.8438570640112808,50
1,100,d1,logspline,0.49,0.5517661850272552,0.5552081324168475,0.1295453956528296,0.3880906250921422,0.45700879065413536,0.6167342582480559,0.7788165638036426,50
1,100,d1,logspline,0.5,0.5019494319723024,0.5051268146990985,0.1261541996277647,0.33965096652461424,0.402197597177095,0.5707923368566882,0.7169442026674502,50
1,100,d1,logspline,0.51,0.45550932953615186,0.45713522857870126,0.12285043371903441,0.292628654600512,0.3537086653019719,0.5269588224436512,0.6571185702824912,50
1,100,d1,logspline,0.52,0.41023267358120513,0.41119884610791946,0.1195650922965958,0.24705061565023123,0.31397995436974624,0.48507659476500875,0.6023356490876508,50
1,100,d1,logspline,0.53,0.36693490738471696,0.3672791766971833,0.11624594910224084,0.20509165082272263,0.27042466721854613,0.4389144046244333,0.5458694732836942,50
1,100,d1,logspline,0.54,0.3243098983232931,0.3253334743025289,0.11285867000702479,0.16851910884246352,0.23374415082086905,0.39440231491972205,0.49560077851662165,50
1,100,d1,logspline,0.55,0.2819304850291582,0.28531303812293257,0.10938995320616678,0.13343709596664216,0.19927297617803996,0.35152059307314254,0.4491320333641534,50
1,100,d1,logspline,0.56,0.2441173858893606,0.24716319259581992,0.1058469993053145,0.10211581305945588,0.16588403627518253,0.3102463666353179,0.4045281664442894,50
1,100,d1,logspline,0.5700000000000001,0.2068971960579188,0.21082493200833394,0.10225303729857109,0.07423876899508625,0.13357050392280262,0.27201305802118764,0.3623177634682827,50
1,100,d1,logspline,0.5800000000000001,0.17159824915757949,0.1762358876649509,0.09864312650435209,0.043241704209542875,0.10232950307093688,0.2408769477362449,0.3254262163772603,50
1,100,d1,logspline,0.59,0.13814146314494605,0.14333125297166108,0.09506020172151826,0.008515927812309103,0.07150273193897677,0.20947905511715242,0.28955559472261394,50
1,100,d1,logspline,0.6,0.10829268521486006,0.11204472178399212,0.09155093630956526,-0.02577586166395699,0.04329221005052811,0.17158024821459883,0.25108582141041247,50
1,100,d1,logspline,0.61,0.08244004833324693,0.08230906017106812,0.08816136586693844,-0.05822677373132151,0.019968511635299686,0.1351844290317003,0.21408346002770237,50
1,100,d1,logspline,0.62,0.05771820855573184,0.05405663535093727,0.08493268976791109,-0.08876536700417662,0.0041219568501674325,0.09915300103160633,0.178775475526252,50
1,100,d1,logspline,0.63,0.03274668572512174,0.027219191541678206,0.0818981929248851,-0.11309698825873585,-0.019744836822151467,0.06984535909911897,0.15181289233428144,50
1,100,d1,logspline,0.64,0.01147212511882581,0.0017275780798869619,0.07908062567387344,-0.13345418533733977,-0.043828218274238676,0.04176127191823117,0.127451174562135,50
1,100,d1,logspline,0.65,-0.01014919628817481,-0.022488268344600243,0.07648995676872428,-0.15199523620225913,-0.06433249458563972,0.015963501137503548,0.10398270217705811,50
1,100,d1,logspline,0.66,-0.03507063387076419,-0.04549960743087293,0.07412204334730647,-0.16934856454989983,-0.08798227981981149,-0.005397719160498708,0.08136678957351853,50
1,100,d1,logspline,0.67,-0.054313304555766426,-0.06737815280196184,0.07195938884764493,-0.18545186976628492,-0.11107600080202568,-0.026821725147720236,0.05881317522323452,50
1,100,d1,logspline,0.68,-0.07777152653110042,-0.08818615094425214,0.06997966369776722,-0.20042001679923394,-0.13445307535714746,-0.048129484341250875,0.03538818953668227,50
1,100,d1,logspline,0.6900000000000001,-0.1007397134281349,-0.10796686645086734,0.06816947484167107,-0.21435414427884283,-0.1566974602704875,-0.06858959051826737,0.012839772720343784,50
1,100,d1,logspline,0.7000000000000001,-0.12171032136283473,-0.12674771146176067,0.06652666169952855,-0.22734368570543848,-0.17412697273388525,-0.08704342279358955,-0.008854400497088733,50
1,100,d1,logspline,0.7100000000000001,-0.13798499712311124,-0.14455454263812625,0.06505067086732495,-0.23946803700290462,-0.18972784985513114,-0.10449098480140898,-0.029716249948516734,50
1,100,d1,logspline,0.72,-0.15530822748900247,-0.16141729803882454,0.06373612405495256,-0.25116502676150826,-0.2025273912145073,-0.1208404475635286,-0.04976732589810973,50
1,100,d1,logspline,0.73,-0.17171381637915073,-0.17737055553208844,0.06257147302934975,-0.2639253453649767,-0.21695609151350836,-0.13866120951427863,-0.07085344308155592,50
1,100,d1,logspline,0.74,-0.18879615991864243,-0.1924532749339485,0.06154061221816912,-0.2779363423916739,-0.23086452493719087,-0.15459077836125462,-0.090908500491728,50
1,100,d1,logspline,0.75,-0.20338701061425385,-0.20670793319992942,0.06062529131741378,-0.2913049769864281,-0.2433855398180734,-0.1683517053151479,-0.10823616781543885,50
1,100,d1,logspline,0.76,-0.21746883044570897,-0.22017783399808522,0.05980677191111915,-0.30396012852399357,-0.2570953191438088,-0.1813357193643249,-0.12487577401476319,50
1,100,d1,logspline,0.77,-0.23069420215386194,-0.2329043407752016,0.05906654459450567,-0.3181266702410221,-0.2699741636578842,-0.1935868549281623,-0.14067602333691964,50
1,100,d1,logspline,0.78,-0.24394921669168868,-0.24492668239515009,0.058386804506562376,-0.33197238465714207,-0.2815412241844348,-0.20514777855595878,-0.15583459994221657,50
1,100,d1,logspline,0.79,-0.2565247042737181,-0.2562820407720956,0.057750967388993366,-0.3447821763612999,-0.2936215769994685,-0.21605986125957452,-0.16722292521433413,50
1,100,d1,logspline,0.8,-0.26594497034468856,-0.2670056284297019,0.05714409966348968,-0.35657730523469916,-0.3044708094429582,-0.22636324694640028,-0.1800826327511742,50
1,100,d1,logspline,0.81,-0.2748889830317308,-0.27713087165784817,0.05655312249291567,-0.3673808931159309,-0.31494490654315754,-0.23609691371869931,-0.19331632335933957,50
1,100,d1,logspline,0.8200000000000001,-0.28340172554910936,-0.28668966081491026,0.05596709719541872,-0.3772215753207763,-0.32472098862021825,-0.24529830617978093,-0.20603641938647282,50
1,100,d1,logspline,0.8300000000000001,-0.2934403239601121,-0.295712530885002,0.055377469640488855,-0.386138293949535,-0.3332788596243154,-0.2540020475250649,-0.21825532815449905,50
1,100,d1,logspline,0.8400000000000001,-0.301516825516542,-0.3042286601278279,0.05477795603081505,-0.39417898757658537,-0.3412120389634652,-0.2622397378828748,-0.229208839483755,50
1,100,d1,logspline,0.85,-0.3092445712880888,-0.3122658218452414,0.05416428000418315,-0.40139849612156886,-0.3478581669591758,-0.27004027372746003,-0.23870283252187174,50
1,100,d1,logspline,0.86,-0.3169344332698296,-0.3198504049405262,0.053533941773260034,-0.4078567930944966,-0.35455519929203105,-0.2774301343454638,-0.24631099702157538,50
1,100,d1,logspline,0.87,-0.32366919504400943,-0.3270074325193508,0.05288599675625233,-0.4136175441347351,-0.3614882573375428,-0.2858371579498772,-0.2535227579043709,50
1,100,d1,logspline,0.88,-0.3294116115729715,-0.3337605987469263,0.052220802080660475,-0.41874696539329515,-0.36894165745188856,-0.2942344348835684,-0.26039788712401957,50
1,100,d1,logspline,0.89,-0.3346963918862954,-0.34013227970763377,0.051539664721474386,-0.4233113998482191,-0.37591145706089535,-0.3015277362491048,-0.2669564220264661,50
1,100,d1,logspline,0.9,-0.3405997444923944,-0.34614339668658456,0.05084427936675092,-0.42737154294121177,-0.38090726587033763,-0.30765850458192917,-0.27321676491546654,50
1,100,d1,logspline,0.91,-0.3465200546017964,-0.3518134621648836,0.05013651620584984,-0.43098113550607076,-0.3851591751862573,-0.3134533828194105,-0.27919584381989865,50
1,100,d1,logspline,0.92,-0.3521817083276918,-0.35716070898825236,0.04941838617017043,-0.4342415992512681,-0.3894284535698901,-0.3187725681569013,-0.2849092544288319,50
1,100,d1,logspline,0.93,-0.35759357603967096,-0.3622021981192166,0.04869200795583336,-0.43750218225918347,-0.3937650629312372,-0.3238663885912927,-0.2903713857618859,50
1,100,d1,logspline,0.94,-0.3627640494672855,-0.36695390330499067,0.047959568449369966,-0.4413337279276245,-0.39783575426476336,-0.3295093046712278,-0.2955617422990877,50
1,100,d1,logspline,0.95,-0.3677010811701713,-0.3714307997341439,0.04722328636891201,-0.4456011692770664,-0.40165493567327626,-0.3355877014118988,-0.30048538743181397,50
1,100,d1,logspline,0.96,-0.3717420994435432,-0.37564694817289196,0.046485374406813176,-0.44961775955328764,-0.40560500166385827,-0.3409744818712601,-0.30519319281531443,50
1,100,d1,logspline,0.97,-0.37453678725546846,-0.37961557041544497,0.045747996903231156,-0.45239365453563973,-0.40933451186097847,-0.34603531554534883,-0.3104572243963814,50
1,100,d1,logspline,0.98,-0.3771701991933838,-0.3833491087177295,0.04501321059555155,-0.4545862120638392,-0.41281891013184646,-0.3507859525214573,-0.31607049531407905,50
1,100,d1,logspline,0.99,-0.37964925006174877,-0.386859264381901,0.04428288337114991,-0.4565770084290187,-0.4160711300350236,-0.35554493237821955,-0.32132769757335533,50
1,100,d1,logspline,1,-0.3819804408771771,-0.39015703392151474,0.04355862251466443,-0.45850687522765077,-0.41910328635478394,-0.3595387317752957,-0.3263593475163862,50
1,100,d2,ecdf,0.01,Inf,Inf,NA,Inf,Inf,Inf,Inf,0
1,100,d2,ecdf,0.02,Inf,Inf,NA,Inf,Inf,Inf,Inf,0
1,100,d2,ecdf,0.03,Inf,Inf,NA,Inf,Inf,Inf,Inf,0
1,100,d2,ecdf,0.04,Inf,Inf,NA,Inf,Inf,Inf,Inf,0
1,100,d2,ecdf,0.05,Inf,Inf,NA,Inf,Inf,Inf,Inf,0
1,100,d2,ecdf,0.06,Inf,Inf,NA,Inf,Inf,Inf,Inf,0
1,100,d2,ecdf,0.06999999999999999,Inf,Inf,NA,Inf,Inf,Inf,Inf,0
1,100,d2,ecdf,0.08,Inf,Inf,NA,Inf,Inf,Inf,Inf,0
1,100,d2,ecdf,0.09,Inf,Inf,NA,Inf,Inf,Inf,Inf,0
1,100,d2,ecdf,0.1,Inf,Inf,NA,Inf,Inf,Inf,Inf,0
1,100,d2,ecdf,0.11,Inf,Inf,NA,Inf,Inf,Inf,Inf,1
1,100,d2,ecdf,0.12,Inf,Inf,NA,Inf,Inf,Inf,Inf,1
1,100,d2,ecdf,0.13,Inf,Inf,NA,Inf,Inf,Inf,Inf,1
1,100,d2,ecdf,0.14,Inf,Inf,NA,Inf,Inf,Inf,Inf,1
1,100,d2,ecdf,0.15000000000000002,Inf,Inf,NA,Inf,Inf,Inf,Inf,2
1,100,d2,ecdf,0.16,Inf,Inf,NA,Inf,Inf,Inf,Inf,2
1,100,d2,ecdf,0.17,Inf,Inf,NA,Inf,Inf,Inf,Inf,2
1,100,d2,ecdf,0.18000000000000002,Inf,Inf,NA,1.1633764493756555,Inf,Inf,Inf,5
1,100,d2,ecdf,0.19,Inf,Inf,NA,1.3242170370144415,Inf,Inf,Inf,8
1,100,d2,ecdf,0.2,Inf,Inf,NA,1.476663336625614,Inf,Inf,Inf,10
1,100,d2,ecdf,0.21,Inf,Inf,NA,1.6215279045767974,Inf,Inf,Inf,12
1,100,d2,ecdf,0.22,Inf,Inf,NA,1.0663626798393704,1.7595098603993158,Inf,Inf,14
1,100,d2,ecdf,0.23,Inf,Inf,NA,1.1980678924696826,1.891215073029628,Inf,Inf,17
1,100,d2,ecdf,0.24,Inf,Inf,NA,1.3240248671482528,2.0171720477081982,Inf,Inf,20
1,100,d2,ecdf,0.25,Inf,Inf,NA,1.039232278943496,2.1378445676116056,Inf,Inf,23
1,100,d2,ecdf,0.26,2.2536418545920247,Inf,NA,0.9968044260754354,2.2536418545920247,Inf,Inf,28
1,100,d2,ecdf,0.27,2.3649268112650765,Inf,NA,1.1080893827484872,1.6717796307051311,Inf,Inf,32
1,100,d2,ecdf,0.28,2.472022763425328,Inf,NA,1.085728402305437,1.4747767517842587,2.472022763425328,Inf,38
1,100,d2,ecdf,0.29000000000000004,1.882071838204492,Inf,NA,1.0661957044217312,1.4766067300963277,2.5752190187644373,Inf,41
1,100,d2,ecdf,0.3,1.981628302264248,Inf,NA,1.0653375703900927,1.5761631941560834,2.674775482824193,Inf,45
1,100,d2,ecdf,0.31,1.6723142291075763,Inf,NA,0.8943841746426388,1.3846321566557955,2.770926517775686,Inf,45
1,100,d2,ecdf,0.32,1.7652718996738908,Inf,NA,0.8445317733431997,1.2544462759079,2.1707370077820554,2.8638841883420008,48
1,100,d2,ecdf,0.33,1.5675466469560682,Inf,NA,0.8743994663961229,1.1620815388479038,2.1593275504889724,2.6419247768239815,48
1,100,d2,ecdf,0.34,1.431534363098434,1.467481343523357,0.5193295701946394,0.6859665836461101,1.0950621264772211,1.9423599868644248,2.347825094972589,50
1,100,d2,ecdf,0.35000000000000003,1.3336786024686764,1.3493262919300997,0.4876290115008723,0.5197293295506478,1.0459965300168956,1.6833578227482886,2.0268257830286216,50
1,100,d2,ecdf,0.36000000000000004,1.1279434342684518,1.192815437318537,0.44002589547531473,0.46383858822041346,0.904799882954242,1.5523666743156985,1.8210906148283972,50
1,100,d2,ecdf,0.37,1.0897229695167847,1.1050429270534416,0.4115965502859681,0.449578155002212,0.8020408970650038,1.3410373977976908,1.9006531857331137,50
1,100,d2,ecdf,0.38,0.9663543326268428,1.0126126358832441,0.3739138211136786,0.41981062625877286,0.7437192688483851,1.2848080637453774,1.7548116929911128,50
1,100,d2,ecdf,0.39,0.8744559941965133,0.9355430204273453,0.35686202897732244,0.36929690533543597,0.73135515055584,1.1368202586640042,1.4934952026027366,50
1,100,d2,ecdf,0.4,0.8044701385557917,0.8395759148329113,0.29442583252939003,0.421477886299686,0.6793069956017856,1.0276136898700017,1.2678835302757603,50
1,100,d2,ecdf,0.41,0.75047898828291,0.7749922430218896,0.26939481155509754,0.40233823149349845,0.5879600587851351,0.9446350027238676,1.2811072393450804,50
1,100,d2,ecdf,0.42,0.6572797795421947,0.706601509973835,0.25734111158707645,0.3541561303901567,0.5175178371670361,0.8804233308564046,1.1681054033081857,50
1,100,d2,ecdf,0.43,0.6295213956474446,0.6628486204554219,0.2506748324025289,0.3013320647909601,0.5016880241375596,0.8166752857920268,1.1556144915442237,50
1,100,d2,ecdf,0.44,0.6083724474143305,0.6111330525175344,0.24111727776998668,0.2734995865634713,0.45422176758707217,0.7302738361301299,1.087279821465982,50
1,100,d2,ecdf,0.45,0.536651940545235,0.5446444108806453,0.23581913379329006,0.25208425437542864,0.3928739004139201,0.6624132996569921,0.9359706211672127,50
1,100,d2,ecdf,0.46,0.43224965401595294,0.48321654510598167,0.21361384914722106,0.2109109951104157,0.35802332465964254,0.6084426091020085,0.8956835387188208,50
1,100,d2,ecdf,0.47,0.405153143910151,0.4313031051467208,0.19619981769476047,0.15583575541726674,0.31102499775326653,0.5405994393977667,0.766938235419932,50
1,100,d2,ecdf,0.48,0.3331527142759856,0.3730250621405606,0.17839704685329014,0.13144668754984556,0.2501888407668466,0.5007710658506331,0.6711271723407755,50
1,100,d2,ecdf,0.49,0.29737720085866237,0.3212406807722988,0.1697976287231214,0.09372718987117029,0.2061377863930102,0.4292416165733065,0.5997862800858305,50
1,100,d2,ecdf,0.5,0.27871299094530605,0.2807971521631743,0.15153167534004502,0.05279073533250786,0.1656029885419607,0.3887138861596344,0.5123278421268112,50
1,100,d2,ecdf,0.51,0.22612258466444632,0.2325175936487215,0.14386611584082157,0.01610582269621895,0.13249672915675,0.32940473201406956,0.4445604490290821,50
1,100,d2,ecdf,0.52,0.1828525014388249,0.18746089233818738,0.14071729048887055,-0.023862500844295767,0.10150686198487242,0.2530567601120733,0.41259672236699096,50
1,100,d2,ecdf,0.53,0.139459208941365,0.14448571547377861,0.13615703030241652,-0.04406227985401755,0.0797399742397426,0.1989074844457458,0.39291229112557513,50
1,100,d2,ecdf,0.54,0.12487116717556426,0.12341987285748969,0.12639045815577765,-0.04827931846754651,0.05203968204559814,0.176517298472448,0.3173367608369674,50
1,100,d2,ecdf,0.55,0.09991811308882396,0.09869039510411652,0.12429644461444127,-0.07322515535369573,0.03537959195125272,0.15472634958381906,0.290271841580043,50
1,100,d2,ecdf,0.56,0.06086727175414943,0.06729343399005415,0.11491870701378892,-0.10246120531898413,0.0045686059640879075,0.12055524595574188,0.24150935410277719,50
1,100,d2,ecdf,0.5700000000000001,0.02811206519617301,0.03282989388472116,0.10553392320035099,-0.12416752363624695,-0.02654634734169089,0.08593163608499937,0.20228330246254,50
1,100,d2,ecdf,0.5800000000000001,5.774724717786908e-4,0.0023108093549873026,0.10412045204059484,-0.17127278445488053,-0.05019485290164445,0.06511599360934982,0.14736251846478451,50
1,100,d2,ecdf,0.59,-0.03224070599353833,-0.023493833596305694,0.09390937698454621,-0.17990589118229405,-0.06067864131407188,0.034875089602654175,0.12109586821574486,50
1,100,d2,ecdf,0.6,-0.05107777950852064,-0.045415974760963276,0.09672337425247514,-0.20560710790950926,-0.09513776930255116,0.0044920716462901,0.10690276024300041,50
1,100,d2,ecdf,0.61,-0.06256801315997282,-0.07047835734960263,0.0933464475151889,-0.21611965935638733,-0.10832308890067996,-0.025729209661141776,0.08430721623112279,50
1,100,d2,ecdf,0.62,-0.07990947967595219,-0.09181052164100972,0.08996860845531687,-0.23210956840249455,-0.15501177619020096,-0.04738628797039207,0.07138934646640166,50
1,100,d2,ecdf,0.63,-0.09824149971040085,-0.11461820236853294,0.08326012706745263,-0.25545623551634955,-0.1637194290899077,-0.0754268219442294,0.02702745150266413,50
1,100,d2,ecdf,0.64,-0.11729707699931281,-0.13571362508327436,0.08301773609540058,-0.2621177286759505,-0.1888841238558747,-0.09947753614029003,-0.0039897772896916855,50
1,100,d2,ecdf,0.65,-0.14678607980362746,-0.1539548798551941,0.08201665448649509,-0.2735884504971835,-0.208953901627755,-0.1065121806656875,-0.0015249518818513756,50
1,100,d2,ecdf,0.66,-0.16917176674718346,-0.17533713538908519,0.0787379996509103,-0.2920947993774997,-0.22906990832825255,-0.11852803392842864,-0.03351554714335936,50
1,100,d2,ecdf,0.67,-0.19428301305430692,-0.19362710803691432,0.07649480577093766,-0.29899406507519866,-0.25047757139794896,-0.1469368924571086,-0.055270643898494176,50
1,100,d2,ecdf,0.68,-0.21334361918877398,-0.21019947440794037,0.07305656799417577,-0.2971943866910125,-0.25862803599135226,-0.17303309338564177,-0.0686998211481486,50
1,100,d2,ecdf,0.6900000000000001,-0.2324080611175557,-0.2267745442742813,0.06786371564478838,-0.31902605350843194,-0.26528411036309407,-0.19308781915860476,-0.10499838015824683,50
1,100,d2,ecdf,0.7000000000000001,-0.24652188664086216,-0.24079401120745328,0.06272288025605102,-0.337607852049653,-0.2741823902888711,-0.20798146172957918,-0.1516714556292787,50
1,100,d2,ecdf,0.7100000000000001,-0.2609908528427809,-0.2585853905145085,0.06300027436006045,-0.35724526048944194,-0.2883898270308954,-0.22683053830362104,-0.16611718566749517,50
1,100,d2,ecdf,0.72,-0.28009704446328476,-0.2739096527870187,0.062242118379159786,-0.37115219849167036,-0.30708264265648916,-0.24332456335265398,-0.16668322205316097,50
1,100,d2,ecdf,0.73,-0.29059861329099146,-0.2870370384124694,0.059480098583856375,-0.3793920101495063,-0.3163605802396944,-0.25986001779539813,-0.17075130129308863,50
1,100,d2,ecdf,0.74,-0.30358968742463543,-0.3008419460643635,0.0579774976517791,-0.396905296456025,-0.33683030511855955,-0.27740688464775876,-0.19224907630745192,50
1,100,d2,ecdf,0.75,-0.32058136788997754,-0.315112221045464,0.05756152908629226,-0.4072782300161876,-0.34665360819975277,-0.28602898638331775,-0.21080642268024113,50
1,100,d2,ecdf,0.76,-0.3283501816121545,-0.32693727942734835,0.05521655733350856,-0.4132512604087859,-0.3559846485959265,-0.30085237526174935,-0.2285520759780345,50
1,100,d2,ecdf,0.77,-0.3401564244876465,-0.3377225266604953,0.05362569774082538,-0.41065794684037116,-0.3690791380691402,-0.31833135171390026,-0.24716543496153837,50
1,100,d2,ecdf,0.78,-0.3505024444624455,-0.35023137926031284,0.04956696239097679,-0.42925807508016345,-0.38382572287781147,-0.32285119760929215,-0.2576773221916684,50
1,100,d2,ecdf,0.79,-0.35796000830673774,-0.3611330834114954,0.05083416317309241,-0.44762554466638177,-0.3984009778652483,-0.3354871524546792,-0.27109805837606793,50
1,100,d2,ecdf,0.8,-0.36589785293969906,-0.371872846394042,0.04826061549490206,-0.4524303871075225,-0.4032961293633054,-0.35130936592063,-0.2869333789480557,50
1,100,d2,ecdf,0.81,-0.3757114721245765,-0.3789420316748308,0.048528351008713166,-0.4561508447304391,-0.4087812138118264,-0.3580118950251755,-0.3075002897008333,50
1,100,d2,ecdf,0.8200000000000001,-0.3829491159891276,-0.3880588860896471,0.049050719620616405,-0.4681046088773787,-0.4181806722061414,-0.3616273355998789,-0.32062586409989635,50
1,100,d2,ecdf,0.8300000000000001,-0.39599299691312295,-0.39580078535632934,0.04769645606850335,-0.4674064553626957,-0.4316883727606163,-0.3652425516436691,-0.3262249728764088,50
1,100,d2,ecdf,0.8400000000000001,-0.3998930549418408,-0.401337076861329,0.04629530197390191,-0.47933053429372574,-0.4337731856392111,-0.3695285311479009,-0.33164328889188494,50
1,100,d2,ecdf,0.85,-0.4006045275186719,-0.40703145307172417,0.04766823692064828,-0.4796165843378295,-0.4407708136059926,-0.37117261583562067,-0.33538863232945504,50
1,100,d2,ecdf,0.86,-0.408180397642247,-0.41298088661351884,0.04667378864526728,-0.48505702065814643,-0.4474953113011632,-0.37732414183745006,-0.3405224766673529,50
1,100,d2,ecdf,0.87,-0.4183917205853774,-0.41901356374504345,0.04552111641349834,-0.4897285815031206,-0.4545293893390331,-0.38332071318068384,-0.34320480569077105,50
1,100,d2,ecdf,0.88,-0.42755817089208265,-0.424539797051181,0.04402698804582677,-0.4973863132787395,-0.45911370216680525,-0.39555405216958384,-0.35381127895648123,50
1,100,d2,ecdf,0.89,-0.43143354917537546,-0.42989781619395856,0.04355902178140072,-0.4960695420357328,-0.46253357678252655,-0.3987589747524283,-0.3625567102024261,50
1,100,d2,ecdf,0.9,-0.4378979527251257,-0.43697161083337294,0.041526172100026466,-0.5013154938395472,-0.4613024676815849,-0.4112279550583524,-0.37142008500301626,50
1,100,d2,ecdf,0.91,-0.44466073791057026,-0.4422011124998831,0.04224036407823386,-0.5101100320120927,-0.4737359850546215,-0.41208810191600076,-0.3805973587638045,50
1,100,d2,ecdf,0.92,-0.445770801957164,-0.4476889467459425,0.04165068739997592,-0.5150173453555685,-0.4831448706997296,-0.42022173068715496,-0.38637122451595923,50
1,100,d2,ecdf,0.93,-0.4474754454404293,-0.45118191347541314,0.041928770037347275,-0.509998312261013,-0.48660337788939745,-0.41869962314334247,-0.3910063265734811,50
1,100,d2,ecdf,0.94,-0.4571769556779228,-0.454321093840164,0.040744492845193256,-0.5116871367572196,-0.48777963389347095,-0.42177050388887216,-0.39488650449306406,50
1,100,d2,ecdf,0.95,-0.4561126951678311,-0.4595828024795437,0.04108908646068394,-0.5098468576186084,-0.4938531476864756,-0.42625981569843363,-0.40104810254803624,50
1,100,d2,ecdf,0.96,-0.459234816129628,-0.4622048583239854,0.04008695283776678,-0.5166560684466823,-0.4950819973377349,-0.431136952850317,-0.40287968520387674,50
1,100,d2,ecdf,0.97,-0.46364247583063745,-0.4658144580827427,0.03852884119894381,-0.5290870272974995,-0.4947508553610178,-0.44075233013973614,-0.4119449516767851,50
1,100,d2,ecdf,0.98,-0.4683966254220825,-0.46964441809138563,0.037135082438156414,-0.5298174066008459,-0.49458607648486064,-0.44193115564599356,-0.4164058215807862,50
1,100,d2,ecdf,0.99,-0.4742671822391916,-0.47216797181494663,0.03665374788352179,-0.5314951140066334,-0.4941845765170017,-0.4477807017526394,-0.42226189861194485,50
1,100,d2,ecdf,1,-0.47334412281600047,-0.4724564896808627,0.03604285924290808,-0.5330053012100467,-0.4943475057312092,-0.45148725872712636,-0.42080840674649717,50
1,100,d2,logspline,0.01,-3.5158218659789826,-2.601416464641342,2.351954009674854,-4.985326348699923,-4.168676679638946,-1.6741142838915777,1.8116427454538886,50
1,100,d2,logspline,0.02,-2.1945640140127947,-1.2906474040188873,2.3161271434401383,-3.6417845957351886,-2.8333349230632714,-0.37177412394579645,3.0547869725761183,50
1,100,d2,logspline,0.03,-1.4500618085405508,-0.5573910554853816,2.2782783568557305,-2.8742620029860144,-2.0742501678124916,0.35297230630862153,3.716565982362093,50
1,100,d2,logspline,0.04,-0.9425119402661579,-0.061823732597589415,2.238459119726333,-2.3429594616478324,-1.5516223092730697,0.8399370409232675,4.136884117942378,50
1,100,d2,logspline,0.05,-0.5654181052163514,0.3025781884063545,2.196737564083347,-1.9413864981104512,-1.1596069689131712,1.1956284136714448,4.423443157780454,50
1,100,d2,logspline,0.06,-0.2713379899448196,0.5832902142105104,2.15319578134491,-1.6221082098931419,-0.8501547257383486,1.4675038946641918,4.624448138373731,50
1,100,d2,logspline,0.06999999999999999,-0.032547176494202516,0.8056636211553911,2.1079268254671386,-1.3598201139343702,-0.5979432251624782,1.6808949602692205,4.763870362096277,50
1,100,d2,logspline,0.08,0.16646619608457566,0.9848558894310929,2.061031664274818,-1.139416391245706,-0.387863893095333,1.8509385196270092,4.8570277453839505,50
1,100,d2,logspline,0.09,0.3327948046957714,1.1306671331008056,2.0126162834089296,-0.95115215877916,-0.2101687127813136,1.9874142751468904,4.9194202608134425,50
1,100,d2,logspline,0.1,0.47310365024500134,1.2498100097547507,1.9627890930054928,-0.7883723464126469,-0.05819912011933963,2.0970154478974807,4.958489163084706,50
1,100,d2,logspline,0.11,0.5921516909873167,1.3470915041300402,1.911658729109623,-0.6463288266432005,0.0727968465380852,2.1845312293635932,4.973457033767744,50
1,100,d2,logspline,0.12,0.6934577553106479,1.4260780127285002,1.8593322807134918,-0.5215144227120487,0.18633051660663646,2.253512342821399,4.9680351311198425,50
1,100,d2,logspline,0.13,0.7796989498831235,1.4894932680980488,1.8059138914571478,-0.41126441794348945,0.28507105496590784,2.3066691001439703,4.945091824853598,50
1,100,d2,logspline,0.14,0.8531100966178318,1.539468201433671,1.7515037877396293,-0.3135061693668399,0.3710958243021327,2.3461213589289533,4.906900344728589,50
1,100,d2,logspline,0.15000000000000002,0.9182757737926974,1.5777041796437812,1.6961977130995491,-0.2265953202364297,0.4460541477281731,2.3735618924635373,4.855300389164155,50
1,100,d2,logspline,0.16,0.9769260045907084,1.6055834297654454,1.6400866550329911,-0.1492049859061237,0.5112780974688603,2.38396020366985,4.791807212096183,50
1,100,d2,logspline,0.17,1.0200135117549856,1.6242459583569178,1.583256809301907,-0.08024859858675293,0.5678596243233729,2.382279028402581,4.717687475814364,50
1,100,d2,logspline,0.18000000000000002,1.0441203221794124,1.6346444246918788,1.5257897919998962,-0.01882484385465394,0.6167055952688174,2.3719157243919167,4.634013396897412,50
1,100,d2,logspline,0.19,1.061043192874396,1.6375842440822326,1.4677630062062763,0.03582249074257289,0.6585779190804543,2.353687234311181,4.54170231712422,50
1,100,d2,logspline,0.2,1.0714914280694048,1.6337538195092387,1.409250043742413,0.08433435173777154,0.6941233569314276,2.3282941591449435,4.441546245163232,50
1,100,d2,logspline,0.21,1.0760839694179878,1.6237477553067998,1.35032112110398,0.12725896455706495,0.723896042268301,2.296343004765562,4.334234342549939,50
1,100,d2,logspline,0.22,1.086341234738914,1.608084466750606,1.291043757347799,0.16506912490888492,0.7483747479527452,2.2583632231413655,4.22037034404423,50
1,100,d2,logspline,0.23,1.0951456844247214,1.5872197579209646,1.2314837153685163,0.19817566802462983,0.7679763036752045,2.217611696781776,4.100486271969462,50
1,100,d2,logspline,0.24,1.099310135413411,1.561557978679535,1.1717060791008356,0.22693936313978272,0.7830661481777516,2.1807002740708477,3.975053391024261,50
1,100,d2,logspline,0.25,1.0991681253264955,1.5314608999927377,1.1117766101346467,0.2516828253182603,0.793966719196164,2.139091949951841,3.844491074081353,50
1,100,d2,logspline,0.26,1.0950206709330048,1.4972547977112256,1.0517637543905745,0.27269830431484804,0.8009642249182124,2.0933096827472593,3.7091740618647533,50
1,100,d2,logspline,0.27,1.0871412059136252,1.4592377361577746,0.9917418689621801,0.29025255187165777,0.8043153680758406,2.050057691110369,3.569438469771243,50
1,100,d2,logspline,0.28,1.0757798910135854,1.417686366246215,0.9317957423856524,0.3014565964838845,0.8042563588577051,2.0030381396125665,3.425586804188183,50
1,100,d2,logspline,0.29000000000000004,1.0611712969158533,1.37286258635178,0.8720276562703172,0.30924858148140044,0.8010115042434347,1.9525024696591653,3.2778921859783194,50
1,100,d2,logspline,0.3,1.043542119795854,1.3250242111532031,0.8125704390357877,0.31822974358696804,0.7880113733728293,1.8877181303106938,3.1196426473686945,50
1,100,d2,logspline,0.31,1.0231129188993633,1.2744416475846607,0.7536204874968843,0.32465369776064124,0.7718459708565135,1.791018029485982,2.902796698317916,50
1,100,d2,logspline,0.32,1.002581570414548,1.221422128118001,0.6954810033043567,0.3287060704276239,0.7657165662761279,1.715788529275775,2.683795557182287,50
1,100,d2,logspline,0.33,0.981609364324148,1.1663150523001555,0.6385550658493347,0.3305617285183745,0.7533614231310692,1.6496964418646485,2.4702665129384815,50
1,100,d2,logspline,0.34,0.9584381095571644,1.1095159670519072,0.5833293478330137,0.3303860513924991,0.7224883520174519,1.5142140067838368,2.260853787591323,50
1,100,d2,logspline,0.35000000000000003,0.9229941751634513,1.051465668543923,0.5303603187394895,0.32833599532447827,0.6890818848894129,1.397863990506406,2.0534571852632846,50
1,100,d2,logspline,0.36000000000000004,0.8937814052058106,0.9926514750707769,0.48026660089421624,0.32456098571290826,0.6593815085811011,1.2372752409487053,1.850043988463245,50
1,100,d2,logspline,0.37,0.8687871013470199,0.9335903499089695,0.433666866925804,0.31920366565098135,0.6373545890172742,1.1612512973324334,1.69953478399249,50
1,100,d2,logspline,0.38,0.8423571532004666,0.8748083985089925,0.39109914360749554,0.3124002315421752,0.6139137764590141,1.104544176079124,1.558187208782404,50
1,100,d2,logspline,0.39,0.7633454254618774,0.816809386988627,0.3529402647840215,0.30427853469564725,0.5883643969808607,1.0285392783678207,1.4068827957065082,50
1,100,d2,logspline,0.4,0.7115313697153054,0.7600333995900617,0.319356416280366,0.2942872774425118,0.56127197325113,0.9192094845856209,1.2784491005114913,50
1,100,d2,logspline,0.41,0.6787626962749798,0.7048312240422887,0.29029196996266554,0.28102802919992537,0.5291193192572394,0.8615193833219331,1.1725239770710854,50
1,100,d2,logspline,0.42,0.6235883462166175,0.6514347374038818,0.26548221098428537,0.2507445739975643,0.4620530813933697,0.8059250994564551,1.103687778584442,50
1,100,d2,logspline,0.43,0.5789664202972359,0.5999546584780561,0.24451201399879896,0.22801347727508728,0.42366054909610884,0.7293564691162755,1.0400913962930085,50
1,100,d2,logspline,0.44,0.5332452892468709,0.5504096738925165,0.2268990248595057,0.2159346364971712,0.39573998455212056,0.6662441266377053,0.9738305984111628,50
1,100,d2,logspline,0.45,0.4857836002931475,0.5027653162192984,0.21215699686277192,0.18065738877683904,0.35350992048891927,0.6204395201719402,0.9021503300230184,50
1,100,d2,logspline,0.46,0.4243564155156825,0.45696662982891884,0.19981719907691867,0.16229846786764845,0.31684688978162046,0.5753712949800146,0.8239820076332882,50
1,100,d2,logspline,0.47,0.38268620822913973,0.41294817029335384,0.18943889928014174,0.13131343966689382,0.27990359576861973,0.5254450795368031,0.7545334041454235,50
1,100,d2,logspline,0.48,0.33937838970833006,0.37064461930343473,0.18061824515391742,0.10086519519286297,0.24592566533547966,0.4857309753816457,0.7027368301297708,50
1,100,d2,logspline,0.49,0.3089012919521832,0.32999319922171777,0.1730022163378876,0.07273970279077482,0.2102344029592981,0.4449456115439311,0.6504415251143094,50
1,100,d2,logspline,0.5,0.27819379085197504,0.29093230093142497,0.1662964246904561,0.046580316115256676,0.1746538859339184,0.40187062346992475,0.589069018861266,50
1,100,d2,logspline,0.51,0.24609942743694924,0.2534025691286384,0.16026184508374838,0.008289577923717156,0.1351026585578676,0.35794321671522494,0.5293270440643905,50
1,100,d2,logspline,0.52,0.214209837362067,0.2173495090336593,0.15470738420283248,-0.026883474342917286,0.10455448941486008,0.32136784308624655,0.4714108293014536,50
1,100,d2,logspline,0.53,0.18473697665303596,0.1827221301887201,0.14948494292099881,-0.058905464729668254,0.0771681646544411,0.2878534849395745,0.41546691868445823,50
1,100,d2,logspline,0.54,0.15282614842961173,0.14947143020247736,0.14448441457685823,-0.08811536408002749,0.04881456421534505,0.2443316184269986,0.36184561846174623,50
1,100,d2,logspline,0.55,0.12317719079749115,0.11754704837054261,0.13962701725697454,-0.11482176006368003,0.02585045983321041,0.19813335371101592,0.31944006031796873,50
1,100,d2,logspline,0.56,0.09494046128818612,0.08689527897978055,0.13486015806890614,-0.13930770469674814,0.0041435423970867195,0.16279518171086355,0.2801394416065964,50
1,100,d2,logspline,0.5700000000000001,0.0708375235431726,0.05746014801162413,0.13015368927358933,-0.1618340570407627,-0.01278324088723551,0.1261903293634003,0.24371142625523443,50
1,100,d2,logspline,0.5800000000000001,0.04017345234089983,0.02918853702800463,0.12549382843483534,-0.18263358783665523,-0.03504171602418465,0.09251253382577862,0.20669965627765519,50
1,100,d2,logspline,0.59,0.015418721257960455,0.0020325764592644103,0.12087666400480909,-0.2019040409696306,-0.0626644018247011,0.06370095169129447,0.1710441803037302,50
1,100,d2,logspline,0.6,-0.007796203133315415,-0.02405086580409369,0.11630505200915892,-0.21981320464772047,-0.08930822177547182,0.04284128247112432,0.13776540959172023,50
1,100,d2,logspline,0.61,-0.026485908104380756,-0.04910090332109081,0.11178672122184334,-0.23667569755923906,-0.11753056185647728,0.020225586357754757,0.1056668154861946,50
1,100,d2,logspline,0.62,-0.05071436191117429,-0.07315270288360363,0.1073324268441078,-0.25263608443195285,-0.14472925988891647,-0.009349404686693076,0.07580212886650105,50
1,100,d2,logspline,0.63,-0.07985284633693557,-0.09623800139232447,0.1029547533660487,-0.2665494446167566,-0.16920145656959418,-0.032191099683714336,0.0481746933089682,50
1,100,d2,logspline,0.64,-0.10479533150792968,-0.11838582152656486,0.09866744622645286,-0.2790311674431679,-0.19563304906029905,-0.0553235010414045,0.021355080622216357,50
1,100,d2,logspline,0.65,-0.1275808132410704,-0.13962305570128442,0.09448490044359878,-0.2917570611534912,-0.21864965969353295,-0.07777700204021967,-0.004654396908706748,50
1,100,d2,logspline,0.66,-0.1485210550209889,-0.15997489947728924,0.09042174331849115,-0.30357221340902607,-0.23513601315384125,-0.10086390731088542,-0.02985350084957055,50
1,100,d2,logspline,0.67,-0.16348432662632761,-0.17946523320390873,0.08649243500873713,-0.31456335052603435,-0.2535947953674059,-0.12560213047362762,-0.05424384943142306,50
1,100,d2,logspline,0.68,-0.18383990987572318,-0.19811693964510754,0.08271085475394789,-0.32480633376851736,-0.2686818349494355,-0.14799744003494425,-0.0754248547194603,50
1,100,d2,logspline,0.6900000000000001,-0.20557948024904577,-0.21595195892759242,0.07908973351920884,-0.3343677873684726,-0.2802156571944982,-0.16488160248133563,-0.09909484817280782,50
1,100,d2,logspline,0.7000000000000001,-0.22487480812363453,-0.23299131641145537,0.0756401315181269,-0.3433064409373621,-0.2947420681242741,-0.181441352293813,-0.12250583172396995,50
1,100,d2,logspline,0.7100000000000001,-0.24283664376566297,-0.24925528166961602,0.07237116180377919,-0.35352902497960775,-0.31145623134696876,-0.19947310752639127,-0.14506485493087767,50
1,100,d2,logspline,0.72,-0.2586289341547101,-0.2647635103188824,0.06928971330039316,-0.36586965913832087,-0.32624427172430753,-0.21767778866733553,-0.1665558105472702,50
1,100,d2,logspline,0.73,-0.2712941735239164,-0.2795357684950505,0.06640044405216569,-0.37709019153575984,-0.3403078229415943,-0.23521212014996093,-0.1863367761213891,50
1,100,d2,logspline,0.74,-0.285311867096097,-0.2935933373926748,0.06370650826450718,-0.3880592920898138,-0.34704013212103046,-0.25146203621649116,-0.2052928111932005,50
1,100,d2,logspline,0.75,-0.30176060825144285,-0.30695760171502806,0.06120853007505875,-0.39895592938588387,-0.3541018022890976,-0.2666688645076638,-0.2221395581171215,50
1,100,d2,logspline,0.76,-0.3146462384243176,-0.3196496389795731,0.05890378488386851,-0.4097384265160559,-0.36414686196945373,-0.27951165085075513,-0.23629360612774053,50
1,100,d2,logspline,0.77,-0.3251373787478601,-0.33169068172726174,0.05678616586801445,-0.42159326039768874,-0.37499165092887243,-0.292387031648662,-0.25005612034113855,50
1,100,d2,logspline,0.78,-0.33519038711622895,-0.3431020882122722,0.05484676195948314,-0.4315484482544959,-0.38469544392229804,-0.3044483499810386,-0.26342412662337134,50
1,100,d2,logspline,0.79,-0.3426761890886936,-0.3539052222253451,0.0530746020948739,-0.44040920220266766,-0.3939137692680891,-0.3159859881495512,-0.2763955625245156,50
1,100,d2,logspline,0.8,-0.35169090131750896,-0.3641214074475037,0.051457352149246384,-0.4485573097482567,-0.40270521816468696,-0.3306185215414371,-0.28875318911710934,50
1,100,d2,logspline,0.81,-0.36449867807528125,-0.3737718865546802,0.04998195440100522,-0.45604004014603644,-0.409428974981457,-0.3402162202342107,-0.2991798313329082,50
1,100,d2,logspline,0.8200000000000001,-0.3749661951183939,-0.38287778217727003,0.04863518575352503,-0.4634631742008697,-0.4168068144176529,-0.350307914073759,-0.30919727809832254,50
1,100,d2,logspline,0.8300000000000001,-0.3849292749873032,-0.3914600612592039,0.0474041184090523,-0.47076290299048396,-0.4248219461540337,-0.3605059202383716,-0.31882004477213677,50
1,100,d2,logspline,0.8400000000000001,-0.39165257654625574,-0.3995394984475643,0.04627647917396146,-0.47783366927484483,-0.4336285625021223,-0.36687829931083205,-0.3280615802662252,50
1,100,d2,logspline,0.85,-0.3997767347928698,-0.40713657659868224,0.04524093920118179,-0.48413193298534496,-0.439778989642792,-0.3742854223313682,-0.33693439552935767,50
1,100,d2,logspline,0.86,-0.4080586763514914,-0.41427130912731347,0.04428733508010961,-0.4890724862044876,-0.4455154418192212,-0.38172825981937414,-0.34545017446364346,50
1,100,d2,logspline,0.87,-0.41344853044986557,-0.42096310494414363,0.04340677318760689,-0.4957668357482369,-0.45139042947310154,-0.3911626150743975,-0.3533089429014376,50
1,100,d2,logspline,0.88,-0.41974630244213357,-0.4272307823746567,0.042591611466665,-0.5018246508970248,-0.4568287900893599,-0.39978198475960813,-0.36075037110084834,50
1,100,d2,logspline,0.89,-0.4259698748584957,-0.4330926073206165,0.04183539724449843,-0.5073076822275766,-0.4618563730150256,-0.40568743841023913,-0.36787408506560565,50
1,100,d2,logspline,0.9,-0.431919941825159,-0.43856632629107056,0.04113277842829439,-0.5122203361146729,-0.4665734545805845,-0.4101645297620716,-0.37397028439606717,50
1,100,d2,logspline,0.91,-0.43755583548014837,-0.44366918209938394,0.04047936509456092,-0.5165992658938041,-0.47074688414316035,-0.41495459351851915,-0.37948715541884526,50
1,100,d2,logspline,0.92,-0.44384939644734495,-0.44841787837929376,0.03987149109501113,-0.5205003102620922,-0.4738077324645666,-0.42186988730994457,-0.3855705834016673,50
1,100,d2,logspline,0.93,-0.44969966397673183,-0.45282847744614824,0.03930589644485112,-0.5239764149871518,-0.4768911934392007,-0.42700652697038566,-0.391144980413872,50
1,100,d2,logspline,0.94,-0.4534901838867008,-0.45691635075399323,0.03877955785559318,-0.527045931049783,-0.47981330459822663,-0.4289683714872676,-0.39454830558553144,50
1,100,d2,logspline,0.95,-0.45654257974769175,-0.46069616485684167,0.03828961504252836,-0.5297388898185784,-0.4825014227028671,-0.4314819746549245,-0.3984052984921924,50
1,100,d2,logspline,0.96,-0.45822360469617596,-0.4641819029783143,0.03783332664676673,-0.5320826961700877,-0.4865262069533807,-0.4355277438638467,-0.4019721279884042,50
1,100,d2,logspline,0.97,-0.4615785938512472,-0.4673869207740247,0.037408044483740126,-0.5341024049868783,-0.4904650578468991,-0.43984030418229503,-0.40530885341820644,50
1,100,d2,logspline,0.98,-0.4635473304188304,-0.4703239874018969,0.037011196228387666,-0.5358209632004931,-0.49410159581060714,-0.4438524394319527,-0.4084242231287609,50
1,100,d2,logspline,0.99,-0.46601653407840066,-0.4730053177790774,0.03664027183116615,-0.5372594223626138,-0.4974445442321186,-0.44762787005041005,-0.4113267768637663,50
1,100,d2,logspline,1,-0.4693236099007034,-0.47544261553211326,0.03629280821552302,-0.5384371259078921,-0.49945003849640424,-0.4517032998745504,-0.4145366934474667,50
1,100,d3,ecdf,0.01,Inf,Inf,NA,Inf,Inf,Inf,Inf,0
1,100,d3,ecdf,0.02,Inf,Inf,NA,Inf,Inf,Inf,Inf,0
1,100,d3,ecdf,0.03,Inf,Inf,NA,Inf,Inf,Inf,Inf,0
1,100,d3,ecdf,0.04,Inf,Inf,NA,Inf,Inf,Inf,Inf,0
1,100,d3,ecdf,0.05,Inf,Inf,NA,Inf,Inf,Inf,Inf,0
1,100,d3,ecdf,0.06,Inf,Inf,NA,Inf,Inf,Inf,Inf,0
1,100,d3,ecdf,0.06999999999999999,Inf,Inf,NA,Inf,Inf,Inf,Inf,0
1,100,d3,ecdf,0.08,Inf,Inf,NA,Inf,Inf,Inf,Inf,0
1,100,d3,ecdf,0.09,Inf,Inf,NA,Inf,Inf,Inf,Inf,0
1,100,d3,ecdf,0.1,Inf,Inf,NA,Inf,Inf,Inf,Inf,0
1,100,d3,ecdf,0.11,Inf,Inf,NA,Inf,Inf,Inf,Inf,0
1,100,d3,ecdf,0.12,Inf,Inf,NA,Inf,Inf,Inf,Inf,0
1,100,d3,ecdf,0.13,Inf,Inf,NA,Inf,Inf,Inf,Inf,0
1,100,d3,ecdf,0.14,Inf,Inf,NA,Inf,Inf,Inf,Inf,1
1,100,d3,ecdf,0.15000000000000002,Inf,Inf,NA,Inf,Inf,Inf,Inf,1
1,100,d3,ecdf,0.16,Inf,Inf,NA,Inf,Inf,Inf,Inf,1
1,100,d3,ecdf,0.17,Inf,Inf,NA,Inf,Inf,Inf,Inf,1
1,100,d3,ecdf,0.18000000000000002,Inf,Inf,NA,Inf,Inf,Inf,Inf,2
1,100,d3,ecdf,0.19,Inf,Inf,NA,Inf,Inf,Inf,Inf,3
1,100,d3,ecdf,0.2,Inf,Inf,NA,Inf,Inf,Inf,Inf,3
1,100,d3,ecdf,0.21,Inf,Inf,NA,0.28160057709604946,Inf,Inf,Inf,4
1,100,d3,ecdf,0.22,Inf,Inf,NA,0.4641844609965573,Inf,Inf,Inf,5
1,100,d3,ecdf,0.23,Inf,Inf,NA,0.6383385590815592,Inf,Inf,Inf,6
1,100,d3,ecdf,0.24,Inf,Inf,NA,0.8047680670382521,Inf,Inf,Inf,6
1,100,d3,ecdf,0.25,Inf,Inf,NA,0.5828609547148295,Inf,Inf,Inf,7
1,100,d3,ecdf,0.26,Inf,Inf,NA,0.7356253105593314,Inf,Inf,Inf,11
1,100,d3,ecdf,0.27,Inf,Inf,NA,0.8823146347637405,Inf,Inf,Inf,12
1,100,d3,ecdf,0.28,Inf,Inf,NA,0.7114443946604717,1.404591575220417,Inf,Inf,21
1,100,d3,ecdf,0.29000000000000004,Inf,Inf,NA,0.44176830345607937,1.540380592124189,Inf,Inf,24
1,100,d3,ecdf,0.3,1.6712598079311531,Inf,NA,0.5726475192630435,0.978112627371208,Inf,Inf,27
1,100,d3,ecdf,0.31,1.797542354662523,Inf,NA,0.6989300659944133,1.1043951741025777,Inf,Inf,33
1,100,d3,ecdf,0.32,1.2263644700370095,Inf,NA,0.5332172894770643,1.2263644700370095,1.919511650596955,Inf,41
1,100,d3,ecdf,0.33,1.344277880893027,Inf,NA,0.6511307003330816,0.9388127727848624,2.0374250614529723,Inf,44
1,100,d3,ecdf,0.34,1.4583698341963842,Inf,NA,0.6424937004136235,1.0529047260882198,2.1515170147563296,Inf,47
1,100,d3,ecdf,0.35000000000000003,1.1633893738726615,Inf,NA,0.6525637501066707,0.9476278195338259,1.568854481980826,2.2620016625407713,49
1,100,d3,ecdf,0.36000000000000004,1.2704628800899478,Inf,NA,0.5773156995300026,0.7596372563239572,1.6759279881981122,2.369075168758058,49
1,100,d3,ecdf,0.37,1.086623321997821,1.127164066794141,0.5086285474431788,0.45356526811891074,0.6811582138896565,1.3743053944496018,2.1610014518657343,50
1,100,d3,ecdf,0.38,1.0758289147729045,1.0676418169315367,0.5124475601435456,0.4294728402590532,0.6277849024945866,1.1874006904300094,1.8805478709899544,50
1,100,d3,ecdf,0.39,0.8027254952126963,0.9699485831448016,0.5506688422683292,0.3689752113603348,0.5921187626745447,1.28526594323449,1.9784131237944351,50
1,100,d3,ecdf,0.4,0.7539791104506265,0.84710167309738,0.4772380851763252,0.2017055983566645,0.5694303784819819,1.111636654185612,1.6680426671500914,50
1,100,d3,ecdf,0.41,0.6618855659071531,0.7489808161236535,0.47966785987583016,0.2534014010972887,0.48504241539608317,0.9131999941880592,1.472815782123482,50
1,100,d3,ecdf,0.42,0.55115235581251,0.6845919230437234,0.46933065044098154,0.2055012408830063,0.4041089480677278,0.8401603280169486,1.462338669399595,50
1,100,d3,ecdf,0.43,0.5516740324924801,0.6009452312390539,0.38220362925730955,0.17193021061229252,0.3975233526652218,0.8130159760298044,1.3450980692891,50
1,100,d3,ecdf,0.44,0.4827575353876077,0.5244677321737405,0.34574493665135997,0.12608259144887543,0.28860152094665026,0.6369082152148661,1.3300553957748114,50
1,100,d3,ecdf,0.45,0.4322599997198408,0.4490699967977246,0.2893439645057667,0.0659500112570097,0.2604097427931816,0.5657913923443633,0.9821030012764446,50
1,100,d3,ecdf,0.46,0.3413354212692323,0.36092555631223233,0.257490860155207,0.045327183333167334,0.17302312905795472,0.45256105637945654,0.7648485321945808,50
1,100,d3,ecdf,0.47,0.3201557632580945,0.310986382745697,0.24374110782527175,-0.03651918068063788,0.1163868412483558,0.4202392218150771,0.7997288435199809,50
1,100,d3,ecdf,0.48,0.24317624286142364,0.2587447002995612,0.22085121527162782,-0.009807918088668576,0.11852847133701161,0.350598617111181,0.6417712684123197,50
1,100,d3,ecdf,0.49,0.2027183561453298,0.21475760799180366,0.21395361374139588,-0.083839971284652,0.058940316014014935,0.32847971525708697,0.5723000650686559,50
1,100,d3,ecdf,0.5,0.18884626181499764,0.17301036679678572,0.19009244975833545,-0.12352842322715483,0.06368311886099148,0.2851148664301053,0.5045839055611527,50
1,100,d3,ecdf,0.51,0.13526170861871922,0.13452473139819135,0.17118309510190696,-0.12256740068338044,0.030703135279035315,0.2522273958669777,0.40811393985542205,50
1,100,d3,ecdf,0.52,0.12062043289248224,0.09937344025491215,0.16898830964292483,-0.18048465989143936,-0.0296617701568557,0.2051778209205453,0.348986817296176,50
1,100,d3,ecdf,0.53,0.06218235341976164,0.05830242085567857,0.1713524134559008,-0.20748121352934093,-0.044919078701687626,0.1889340590589055,0.30334441023664993,50
1,100,d3,ecdf,0.54,0.03797843077563691,0.024393761396570138,0.1637832652102011,-0.24699612200818477,-0.06520580545959398,0.0996723320149948,0.2557019146205075,50
1,100,d3,ecdf,0.55,0.00997127343561838,-0.009872283014488867,0.1553940568326597,-0.2809453240609392,-0.11526996170607799,0.07648463850233762,0.2430161383979179,50
1,100,d3,ecdf,0.56,-0.020612306671822136,-0.040333088565238186,0.15168148552283303,-0.3022124184670814,-0.11514373286132316,0.02543821775986614,0.22418473241731107,50
1,100,d3,ecdf,0.5700000000000001,-0.044437522693428155,-0.07011835474173025,0.14042809824213412,-0.3306873301688103,-0.14652092888668833,-0.00227132004214155,0.11760791914425628,50
1,100,d3,ecdf,0.5800000000000001,-0.092834080384122,-0.10517298269141076,0.12173792924076655,-0.3180596686497507,-0.1711933592489766,-0.03961700146025738,0.03416543475132343,50
1,100,d3,ecdf,0.59,-0.12500824453370585,-0.1331968295281947,0.11980069057068633,-0.3318026578463861,-0.19039100379655757,-0.05504965592679539,0.04472231001947384,50
1,100,d3,ecdf,0.6,-0.14444121696375734,-0.1550498621792307,0.11654194043131595,-0.3324623066272626,-0.2283227009444595,-0.06983543057708064,0.019656549976326085,50
1,100,d3,ecdf,0.61,-0.1594560569059117,-0.17657917167434017,0.12028037502041249,-0.3779375951143102,-0.24840354292240777,-0.09024102532592487,-0.01521421300603709,50
1,100,d3,ecdf,0.62,-0.197573921275563,-0.2002196425681133,0.11360753137664259,-0.39475199122631416,-0.25415827032838195,-0.11775337695078006,-0.03660485301352302,50
1,100,d3,ecdf,0.63,-0.21898949481163144,-0.23057033224052242,0.10510424199960972,-0.42380253899717346,-0.28536456375650404,-0.16872766003074316,-0.08643870742295656,50
1,100,d3,ecdf,0.64,-0.23607442598106293,-0.2502296519023373,0.1042048688242162,-0.4119093324359284,-0.31717407792034624,-0.18694356386569327,-0.09759237254530737,50
1,100,d3,ecdf,0.65,-0.2538154964367501,-0.26947163738361896,0.09777185636458367,-0.4113671602641585,-0.3413159968141632,-0.20810732495444584,-0.13608336890368017,50
1,100,d3,ecdf,0.66,-0.2758976227360117,-0.28776794701796427,0.09629142989516393,-0.4298245406516716,-0.36097852586672363,-0.22315486881302293,-0.16305094474331755,50
1,100,d3,ecdf,0.67,-0.2828008729384073,-0.2988859883027634,0.08850369810016075,-0.4260789416013372,-0.3685676946958322,-0.24670398887264555,-0.15944318834379975,50
1,100,d3,ecdf,0.68,-0.30506466477650945,-0.3180479873113804,0.0847657668020971,-0.4570901631686436,-0.38349964986747315,-0.26431011235108515,-0.1864698447154864,50
1,100,d3,ecdf,0.6900000000000001,-0.34275230638774806,-0.336994005376276,0.08556307810378189,-0.48099126476044446,-0.402998807441142,-0.27181961401537624,-0.19178127947786935,50
1,100,d3,ecdf,0.7000000000000001,-0.35068789003841555,-0.3470041504621491,0.08227456970910792,-0.49670274820054283,-0.4034860756053864,-0.2965332139498451,-0.20621270544029627,50
1,100,d3,ecdf,0.7100000000000001,-0.3565928218563855,-0.35872507685933636,0.08102225649850534,-0.4955968964501505,-0.4012930007742923,-0.3037946362894147,-0.23098290796100265,50
1,100,d3,ecdf,0.72,-0.37423006677427717,-0.37076676547808696,0.07291266410517727,-0.49552278372508074,-0.4264551076848112,-0.3177028509124543,-0.25716964772324247,50
1,100,d3,ecdf,0.73,-0.38893048098207006,-0.3844738068411531,0.07211854612862102,-0.5021510572252321,-0.42732307166432265,-0.34241046534717723,-0.2674112445137489,50
1,100,d3,ecdf,0.74,-0.3939055372791851,-0.3931284002845988,0.07297845383580195,-0.5116885729355686,-0.43511007465425316,-0.3471470722357778,-0.28634931814778497,50
1,100,d3,ecdf,0.75,-0.40878793839592265,-0.404944724701655,0.06997749280207739,-0.5226778160211689,-0.4498827970418218,-0.3611879958679836,-0.2950297427969477,50
1,100,d3,ecdf,0.76,-0.4082980044964695,-0.4145881242787494,0.0656763510755936,-0.5192947804684941,-0.46325459537867336,-0.3818647474283142,-0.3099150527931641,50
1,100,d3,ecdf,0.77,-0.4193246224453905,-0.4221767325203339,0.06656004962775436,-0.5331656170310393,-0.47055549323832485,-0.3889721245612947,-0.3072582315844129,50
1,100,d3,ecdf,0.78,-0.4284560462135676,-0.42856193130992654,0.06654935316014246,-0.5400264041786029,-0.47724490103834627,-0.38436072634834306,-0.31268579931022045,50
1,100,d3,ecdf,0.79,-0.4321749166852662,-0.4343086741046555,0.06506139526913443,-0.5288489791882471,-0.47979991389388843,-0.39392541268436815,-0.3204397773005545,50
1,100,d3,ecdf,0.8,-0.4311543407440766,-0.43860873508157316,0.06568204389097676,-0.5411044226695556,-0.48303300305082253,-0.405558793555113,-0.32863777464082955,50
1,100,d3,ecdf,0.81,-0.4380592506589964,-0.4471325488797276,0.06128677771529808,-0.5475308068144534,-0.49664944039675285,-0.4109703552928715,-0.35297387320078455,50
1,100,d3,ecdf,0.8200000000000001,-0.4485798653578639,-0.4541125510608118,0.05960327911273816,-0.5516226875252702,-0.49352889690900087,-0.4177315071869272,-0.3627319277789607,50
1,100,d3,ecdf,0.8300000000000001,-0.4637571312349044,-0.4612196561182845,0.05499867704174262,-0.5463753940468778,-0.5049495294687993,-0.42646504014799563,-0.38604814690758826,50
1,100,d3,ecdf,0.8400000000000001,-0.4590069599289669,-0.46450505666824127,0.05268531650648394,-0.558799717423664,-0.5039835665067666,-0.4299318333265995,-0.3930694245902182,50
1,100,d3,ecdf,0.85,-0.4640793888229152,-0.4695595337218647,0.053196384786046796,-0.5652629189237464,-0.5079657511112542,-0.4339634816379742,-0.39919496444281627,50
1,100,d3,ecdf,0.86,-0.46813704971044723,-0.4744772603603634,0.05179601900336241,-0.558878838342555,-0.5136716796808711,-0.4413569942246894,-0.412369457351437,50
1,100,d3,ecdf,0.87,-0.47795981933500514,-0.48279418444048827,0.052057213762894065,-0.5636707090805964,-0.5164415673957417,-0.45441633320895486,-0.406017570396769,50
1,100,d3,ecdf,0.88,-0.4864608678409865,-0.4886559760048997,0.04996382242466131,-0.5698830255971006,-0.5165745828277,-0.46391072626281704,-0.41628151810605174,50
1,100,d3,ecdf,0.89,-0.49133045999683106,-0.49303546737305637,0.04718056857730298,-0.5703539146864838,-0.5215056408349898,-0.4671426437784634,-0.4263920905768319,50
1,100,d3,ecdf,0.9,-0.49532852690975177,-0.4982188540158007,0.04882642362919378,-0.5704733390439201,-0.5249867396174277,-0.4762561553933581,-0.43573712666049735,50
1,100,d3,ecdf,0.91,-0.5042272510232184,-0.5027412395249471,0.04701776660320468,-0.5658241001490294,-0.5205153461713834,-0.4760888636288611,-0.44796867936960305,50
1,100,d3,ecdf,0.92,-0.5021710246120024,-0.5058519292524122,0.0435484946697992,-0.5654937246792464,-0.5260592397866978,-0.4872242519078544,-0.44646642578131085,50
1,100,d3,ecdf,0.93,-0.5072140874934691,-0.5071921632832828,0.04119115032870907,-0.5610339663147318,-0.5333509335241692,-0.48200447976943134,-0.45333736934331026,50
1,100,d3,ecdf,0.94,-0.5114832960492174,-0.5100246622379623,0.03956576171336105,-0.5632897982340439,-0.5332304953248311,-0.48716294885942757,-0.456631636167079,50
1,100,d3,ecdf,0.95,-0.5130842891971655,-0.5114987407304877,0.04030467699749692,-0.5711594527763113,-0.5404297430876942,-0.4900471810959959,-0.4537314230406119,50
1,100,d3,ecdf,0.96,-0.5199248580658314,-0.5144881624757305,0.04163701090626619,-0.5775798446188871,-0.542567334815591,-0.4859560376050087,-0.44648984952397697,50
1,100,d3,ecdf,0.97,-0.5222536076659363,-0.5147394508566089,0.040479746647156506,-0.5771859184235482,-0.5419290658155048,-0.4826576072101018,-0.44660587236237326,50
1,100,d3,ecdf,0.98,-0.5231812092094013,-0.5160822010361221,0.04055876709641986,-0.5739766642702124,-0.5449164872081333,-0.4885053130660222,-0.44954208084349606,50
1,100,d3,ecdf,0.99,-0.5184667858800693,-0.5189515241539294,0.040730470725769324,-0.5788644050379748,-0.5443973658010718,-0.49049573509653077,-0.452779726232774,50
1,100,d3,ecdf,1,-0.5221744295370249,-0.5203185643745173,0.04054860359331776,-0.5783287053188881,-0.5460600168942565,-0.4959646267003614,-0.45104793554670863,50
1,100,d3,logspline,0.01,-7.067904239180981,-6.615575635671259,1.798139084690559,-8.416667495212849,-7.504960411734164,-6.463271839586996,-2.7100134640740343,50
1,100,d3,logspline,0.02,-5.053318855498254,-4.607579313563469,1.7733992288111124,-6.3853765535283245,-5.486184957042281,-4.455708091532125,-0.7514432233129459,50
1,100,d3,logspline,0.03,-3.9032492539821795,-3.4645225891428804,1.7473316306520439,-5.21802622767841,-4.331766972364358,-3.3129474493488362,0.33962048500384046,50
1,100,d3,logspline,0.04,-3.1079931356105384,-2.6766938289281113,1.7199651181315747,-4.404917722074334,-3.5320053116603245,-2.525285129692931,1.0729298194831518,50
1,100,d3,logspline,0.05,-2.5078097458346775,-2.0843396605899507,1.6913380694383977,-3.786315143246995,-2.9271608177682973,-1.9329769429256483,1.6082935345663931,50
1,100,d3,logspline,0.06,-2.0334854602652515,-1.6162858304412262,1.6614971716848959,-3.2910659059905214,-2.448135482273372,-1.4648597837616382,2.016954844071782,50
1,100,d3,logspline,0.06999999999999999,-1.6461568557268131,-1.2345500044327078,1.630496003479654,-2.8812130086221117,-2.055185136220631,-1.0829640121438682,2.3369770765311557,50
1,100,d3,logspline,0.08,-1.3222045814725567,-0.9164447077413278,1.5983935401789662,-2.5340974033318355,-1.7254374472219007,-0.7646159481894513,2.5911389939355716,50
1,100,d3,logspline,0.09,-1.046998803707515,-0.6473213199429227,1.5652526723564621,-2.2351014078486724,-1.44426670874698,-0.4951814249817531,2.7941889290600006,50
1,100,d3,logspline,0.1,-0.8105430970473279,-0.417163967338971,1.5311388121184462,-1.9742420252257025,-1.1980096176326611,-0.26465926331855694,2.956248972713426,50
1,100,d3,logspline,0.11,-0.605700258652486,-0.21881576389216262,1.4961186420471864,-1.7443966430696118,-0.9830218991160371,-0.06590713688933578,3.0845868285833857,50
1,100,d3,logspline,0.12,-0.423227626677176,-0.046980325210770134,1.4602590412278924,-1.5403040507371322,-0.7941227002515655,0.10635723652306213,3.184612472660022,50
1,100,d3,logspline,0.13,-0.26159875619283424,0.10237551891908911,1.4236262045906225,-1.357966708605007,-0.6273062968436841,0.256153646631207,3.260473742565983,50
1,100,d3,logspline,0.14,-0.11904600773130611,0.2323969128352203,1.3862849571953073,-1.194275173949145,-0.47945462054320453,0.3866147833273629,3.315429994701492,50
1,100,d3,logspline,0.15000000000000002,0.00567359951938993,0.3455863225150765,1.348298254658848,-1.0467624252867445,-0.34809163901000517,0.5002317313029153,3.352096113325608,50
1,100,d3,logspline,0.16,0.11548555151693957,0.44396947826848815,1.3097268545094551,-0.9134376467979901,-0.23121719655284365,0.5990200074763709,3.3726073210623913,50
1,100,d3,logspline,0.17,0.2123218780319513,0.5292108802334704,1.2706291402812357,-0.7926705010534962,-0.12591388019682936,0.6846351152459187,3.3787337611432546,50
1,100,d3,logspline,0.18000000000000002,0.2975504055631414,0.6026962175375719,1.2310610747970923,-0.6831085392860676,-0.031834048803120386,0.7584549682897244,3.3719621907600748,50
1,100,d3,logspline,0.19,0.3723214833783769,0.6655925190222179,1.1910762126038459,-0.5836169796658819,0.05192882388127442,0.8216399551158061,3.353555536443482,50
1,100,d3,logspline,0.2,0.4376823844878953,0.7188928977395452,1.15072579635799,-0.49071553815505686,0.12561655117318526,0.8751775409000435,3.324597183291403,50
1,100,d3,logspline,0.21,0.4962709100762416,0.7634503981644695,1.1100589650729684,-0.4059299085086887,0.1905183251409436,0.919915943860415,3.2860245083336492,50
1,100,d3,logspline,0.22,0.5477868279433159,0.8000039064231436,1.0691231075463419,-0.3286837059027961,0.2429253247645034,0.9565899436781216,3.238654688102702,50
1,100,d3,logspline,0.23,0.5920518817116349,0.8291985297258676,1.0279644591981119,-0.25836157657232595,0.2869990027259196,0.9869555085975448,3.1867673338203444,50
1,100,d3,logspline,0.24,0.6296188695311055,0.8516022128788053,0.9866292459158801,-0.19442525415587375,0.33193954366228884,1.0126776075141086,3.136245856279282,50
1,100,d3,logspline,0.25,0.6609758600982987,0.8677185583956011,0.9451643725916349,-0.136400142453721,0.3693414188091002,1.0320723950229338,3.0788900925077582,50
1,100,d3,logspline,0.26,0.6865562807361008,0.877996788868974,0.9036178440076603,-0.08386451699381205,0.400321579377649,1.0455813429574556,3.015193621146435,50
1,100,d3,logspline,0.27,0.7067470927348465,0.8828401105377769,0.8620393043955062,-0.03644143524153535,0.425742812794508,1.0536003007266013,2.9455985867084697,50
1,100,d3,logspline,0.28,0.7218956771020664,0.8826132638976506,0.8204805205413623,0.002245500659382132,0.44616715792747286,1.0564875553006108,2.8705026375219136,50
1,100,d3,logspline,0.29000000000000004,0.7322765274329073,0.8776490469370313,0.7789961842584376,0.034517551463302945,0.46191106980068564,1.0545754792115984,2.7902647041119115,50
1,100,d3,logspline,0.3,0.7370871859159148,0.8682543482905266,0.7376455080145653,0.06158663010024047,0.4732722178149513,1.0481819505057914,2.6747102050941503,50
1,100,d3,logspline,0.31,0.7376678053974751,0.8547165427450925,0.6964956462019039,0.08485953075378203,0.47885477562632217,1.0376130039544238,2.5366531220379502,50
1,100,d3,logspline,0.32,0.7333742806694656,0.8373114668865865,0.6556282641265654,0.10448933931248261,0.4748109810704932,1.0088415760691252,2.394337259752997,50
1,100,d3,logspline,0.33,0.7253764302220728,0.816310694260537,0.6151490763062479,0.12034068534647457,0.4607056085244214,0.9722279480055404,2.2480590666133162,50
1,100,d3,logspline,0.34,0.7138954428754102,0.791985858600819,0.5751923368849323,0.13306237455191788,0.4480787886212364,0.9309681167542077,2.0981218799683123,50
1,100,d3,logspline,0.35000000000000003,0.6991410502567744,0.764613085480365,0.5359271105429255,0.14586630207327214,0.43835063609572533,0.8930378055454978,1.9448328485687483,50
1,100,d3,logspline,0.36000000000000004,0.6797232480708628,0.7344766009323797,0.49756466342329625,0.15573224876746727,0.4257645455338072,0.8521242746377753,1.7973756765452982,50
1,100,d3,logspline,0.37,0.6504831575014077,0.7018838872283625,0.4603890754468049,0.16283131827502575,0.41058306580746157,0.8100553371731023,1.650531652175132,50
1,100,d3,logspline,0.38,0.6358086113863191,0.6671716234109972,0.42475179471446795,0.1673404417102703,0.39306854883797465,0.762530074780783,1.5029828125029232,50
1,100,d3,logspline,0.39,0.6092759332991406,0.6306981784045785,0.3910272080746207,0.16943137482705445,0.3734825071005584,0.7080219425515912,1.3636795748166148,50
1,100,d3,logspline,0.4,0.583807622425569,0.5928337309196741,0.3595563221822987,0.1692711396181485,0.34092439479755426,0.6669778124727113,1.2831140937390888,50
1,100,d3,logspline,0.41,0.5298112293188317,0.5539505024348798,0.33059140907878165,0.16702238102057662,0.3059622000857604,0.6315832175790376,1.2017101743003429,50
1,100,d3,logspline,0.42,0.4951470222233457,0.5144115173720716,0.30425218776559887,0.16232829374445962,0.2889022180470232,0.5941427223701228,1.1198886157919001,50
1,100,d3,logspline,0.43,0.457929438918943,0.474560944985502,0.28050139803597285,0.1377392449993219,0.26975558994110616,0.5559899843999994,1.0380679246460003,50
1,100,d3,logspline,0.44,0.4248581303051585,0.4347016432135915,0.2591558849889954,0.10467220270264707,0.25912237694000945,0.5170611650248362,0.9566618847397617,50
1,100,d3,logspline,0.45,0.3801581357157432,0.39506403802172213,0.23996978181245793,0.08656290674842876,0.2295860651048038,0.47666370776986694,0.8760773980266208,50
1,100,d3,logspline,0.46,0.3440248648473184,0.3558195119096625,0.2227224798733049,0.06615602654470014,0.19813744676978984,0.44189902879024895,0.7967125408800126,50
1,100,d3,logspline,0.47,0.2951275428552934,0.31709156052591,0.2072542081254284,0.043951890345179746,0.18640013556520318,0.40571868027641067,0.7238632305826218,50
1,100,d3,logspline,0.48,0.2629171439117314,0.2789699394445943,0.19346365176176036,0.02141108321552099,0.17419398699474237,0.36261811635748087,0.660286792046071,50
1,100,d3,logspline,0.49,0.23179148292841567,0.2415297728673847,0.18125905184589883,-0.010124809644595023,0.1441215342061775,0.3202709527384465,0.5920784157630815,50
1,100,d3,logspline,0.5,0.20020232989313647,0.20483100384905126,0.1705281860830541,-0.046236114751037186,0.11619337330081342,0.2760064504730916,0.5165090681332722,50
1,100,d3,logspline,0.51,0.16965856324588396,0.16891936630797394,0.16114217317873994,-0.08013975674262061,0.07183598004043781,0.23350849307004629,0.44181857529410506,50
1,100,d3,logspline,0.52,0.13798239547013136,0.13383300957367855,0.15296164312142327,-0.11233975556733528,0.031065520724636444,0.20019540072975633,0.3909008820263836,50
1,100,d3,logspline,0.53,0.11343470296170519,0.09960582575724027,0.1458416901417589,-0.1427487164747727,0.0015105596830102027,0.16799750583466005,0.32617640846348617,50
1,100,d3,logspline,0.54,0.08422926393159941,0.06627027300369932,0.13963828991618712,-0.17104542760459462,-0.02219736921860444,0.13507709351937822,0.2690984017837352,50
1,100,d3,logspline,0.55,0.060659196677220244,0.03385965411247112,0.13421318577465113,-0.1985730449837263,-0.04242300480607489,0.10226243226380337,0.22130008099913373,50
1,100,d3,logspline,0.56,0.031045688081412705,0.00240760146029178,0.1294356191044912,-0.22482102135058368,-0.06765402767801382,0.069781357258729,0.1800712237468236,50
1,100,d3,logspline,0.5700000000000001,0.004216871217243425,-0.02805221412763548,0.1251834352570413,-0.24873918590805744,-0.09864742282464979,0.036767091359998144,0.13997438878521423,50
1,100,d3,logspline,0.5800000000000001,-0.027032840516914652,-0.05748934002416086,0.12134685272750159,-0.270551052523821,-0.13175416514925054,0.008908667736140564,0.10449902789564186,50
1,100,d3,logspline,0.59,-0.054845909271640056,-0.08587989888542218,0.11783128904418122,-0.29545031530759097,-0.1553714371045355,-0.023011445233884705,0.07033501563752018,50
1,100,d3,logspline,0.6,-0.08303581845392632,-0.11320664348441273,0.11455860635924411,-0.3189123784721105,-0.17866572598451397,-0.05316077551926245,0.03660628792873258,50
1,100,d3,logspline,0.61,-0.1182156154110732,-0.13945847641679032,0.11146743700847891,-0.3338830841766982,-0.20374221051097668,-0.07877439597425179,0.0034058833090706425,50
1,100,d3,logspline,0.62,-0.1500651725416713,-0.16462958991202292,0.10851196943153289,-0.3466576317224678,-0.22790996996598223,-0.09991649307589888,-0.02917654895161866,50
1,100,d3,logspline,0.63,-0.1761808201949592,-0.18871813318515593,0.10566017275254044,-0.35907645361638707,-0.25162867250270227,-0.12249188729797558,-0.060333220494294904,50
1,100,d3,logspline,0.64,-0.19675199130290288,-0.211725436694889,0.10289151361868423,-0.37833227059914143,-0.2713964027572799,-0.14474546263243498,-0.08534944803593611,50
1,100,d3,logspline,0.65,-0.21877916622771226,-0.23365691604401764,0.10019360435624876,-0.4003774645694562,-0.29738799669976523,-0.16704766313579522,-0.10976036317287932,50
1,100,d3,logspline,0.66,-0.2429957409262488,-0.2545228433410809,0.09755859831197747,-0.4180830208516649,-0.322052360941139,-0.1889377388179146,-0.13069879804516404,50
1,100,d3,logspline,0.67,-0.2675854037785471,-0.27433792500745535,0.09498193158625064,-0.4301375724838561,-0.3411516142313212,-0.20879753811675145,-0.14964318392863613,50
1,100,d3,logspline,0.68,-0.2873737735870196,-0.29312071021302605,0.09246082932356188,-0.44143361992095553,-0.35639062047236947,-0.2305587279891405,-0.1666679837137675,50
1,100,d3,logspline,0.6900000000000001,-0.3058249305715657,-0.3108929458439492,0.08999346103546249,-0.4522537831617427,-0.3709002039045448,-0.2507714923634009,-0.1805356005154925,50
1,100,d3,logspline,0.7000000000000001,-0.32210264973672753,-0.32767877628868186,0.0875788874082734,-0.4641237413157759,-0.38480618172444964,-0.26733647616283457,-0.19392327275664167,50
1,100,d3,logspline,0.7100000000000001,-0.33615705532323126,-0.34350411827926053,0.08521695110450005,-0.47779697349470773,-0.39888720974588704,-0.28478644629347527,-0.20674381742202125,50
1,100,d3,logspline,0.72,-0.35250022220467064,-0.358396235725751,0.08290782878280775,-0.49011357929648214,-0.4125676184346974,-0.30046837789425274,-0.22016325695462732,50
1,100,d3,logspline,0.73,-0.3685913233616859,-0.37238313209918067,0.08065107622931711,-0.4990578968948016,-0.4254715944368668,-0.32011511963146305,-0.2331722835802128,50
1,100,d3,logspline,0.74,-0.3851721063686794,-0.38549375986691864,0.07844568373080534,-0.5054323663070297,-0.437881439427499,-0.33680127209781985,-0.2457760482489395,50
1,100,d3,logspline,0.75,-0.4000846051869743,-0.3977581956215676,0.07629050122572106,-0.515632985319519,-0.4453361405798059,-0.35162646481568505,-0.25798054444673313,50
1,100,d3,logspline,0.76,-0.4129109681903268,-0.40920766836254446,0.07418446679668934,-0.5247249236445853,-0.4503009109232276,-0.36532321326091266,-0.26979252454155955,50
1,100,d3,logspline,0.77,-0.42511511634815496,-0.4198751149470395,0.07212663817317094,-0.5328579048097146,-0.4590374770469434,-0.3783251284776574,-0.2809713519468292,50
1,100,d3,logspline,0.78,-0.43875758731214776,-0.4297955064966749,0.07011611466413062,-0.5425578291600829,-0.46935010713863135,-0.39008274056772985,-0.29165103903846756,50
1,100,d3,logspline,0.79,-0.4500517464501632,-0.43900608992026263,0.06815152825043592,-0.5511392801350891,-0.47916371900960414,-0.39766989142191733,-0.30631232677711706,50
1,100,d3,logspline,0.8,-0.4591027117919595,-0.4475449190915241,0.06623098606157488,-0.5586608827472367,-0.4867508228575208,-0.40741595820834414,-0.32120698228249955,50
1,100,d3,logspline,0.81,-0.46731823972443143,-0.4554489715553449,0.06435258069108026,-0.5651057635877736,-0.4925520454608904,-0.417945913409721,-0.3353588303023905,50
1,100,d3,logspline,0.8200000000000001,-0.4725589700543772,-0.46275301295440446,0.06251471024267602,-0.5702743375303204,-0.49925569537607056,-0.4282718837328984,-0.3489823948980535,50
1,100,d3,logspline,0.8300000000000001,-0.4760553744931993,-0.4694891677131697,0.0607161876908097,-0.5742513668179317,-0.5058991835249944,-0.4372211814365918,-0.3620825932395484,50
1,100,d3,logspline,0.8400000000000001,-0.47920541119588145,-0.4756871460419363,0.05895618496642962,-0.5766278385264736,-0.5099775272248912,-0.4453532190632507,-0.37272946668362694,50
1,100,d3,logspline,0.85,-0.4820365915759092,-0.48137452045758533,0.05723428436800148,-0.5784429940928204,-0.514113269218682,-0.45349257314886116,-0.3829581946394266,50
1,100,d3,logspline,0.86,-0.4856865414564415,-0.48657700890412475,0.05555070988502761,-0.5797401996367725,-0.5211474230838968,-0.46064411174898234,-0.3928332298770939,50
1,100,d3,logspline,0.87,-0.49153935455222175,-0.491318730907135,0.053906634690395666,-0.5805603265079231,-0.5246366294094904,-0.46581245905320495,-0.40235566900034636,50
1,100,d3,logspline,0.88,-0.49959782807168557,-0.49562277469949395,0.05230467111342713,-0.5809419705006873,-0.5269389700581125,-0.46964216386544066,-0.41152705934423794,50
1,100,d3,logspline,0.89,-0.5062668296725769,-0.49951190533965695,0.05074935018737964,-0.5809216447732903,-0.5295218507295053,-0.47297780117640653,-0.4196635985967758,50
1,100,d3,logspline,0.9,-0.5100250778413469,-0.5030086113662033,0.049247108598569345,-0.5805339511236027,-0.5318333197161669,-0.4760017310797374,-0.42533050350192986,50
1,100,d3,logspline,0.91,-0.5117459113573285,-0.506135040163263,0.047806029371760574,-0.5798117334411039,-0.533789590524249,-0.47823402276226534,-0.4303353722576908,50
1,100,d3,logspline,0.92,-0.514018552799588,-0.5089133622873149,0.046435503268023766,-0.5795872421544768,-0.5343247652712705,-0.4801811055736674,-0.43469002919340927,50
1,100,d3,logspline,0.93,-0.5137972423187597,-0.51136699934559,0.04514546368884334,-0.579611650509622,-0.5360629315030774,-0.48490746453476763,-0.43882347942308875,50
1,100,d3,logspline,0.94,-0.5146247031172894,-0.5135207209592388,0.043944355007462625,-0.5793890921794811,-0.5380559557775246,-0.4876404187420148,-0.4426525023563503,50
1,100,d3,logspline,0.95,-0.5160534031352927,-0.5154002772021957,0.04283660101661485,-0.578942395922939,-0.5388303271777091,-0.48915503962917267,-0.4454634814557172,50
1,100,d3,logspline,0.96,-0.5175729814138059,-0.5170323033838401,0.04182036297688549,-0.5796650351849113,-0.5395081334633458,-0.49047553948082245,-0.45049714397811935,50
1,100,d3,logspline,0.97,-0.5195849383543734,-0.5184431005819093,0.04088651440832222,-0.5805480911229878,-0.5400505209925502,-0.49084784365369094,-0.45598931697718925,50
1,100,d3,logspline,0.98,-0.5215274786814359,-0.5196543369641631,0.040021301712316,-0.5816114901373923,-0.5410142329845901,-0.4901745705029002,-0.4603231882474662,50
1,100,d3,logspline,0.99,-0.5233933883868689,-0.5206824853457949,0.03921005859012932,-0.582317430064927,-0.5417590228031408,-0.491978952429816,-0.4644575471600806,50
1,100,d3,logspline,1,-0.5245575581668751,-0.5215411394170292,0.038439216853670605,-0.5824038385867791,-0.5434918428424262,-0.4951937542581466,-0.46839633549808135,50
1,200,d0,ecdf,0.01,Inf,Inf,NA,Inf,Inf,Inf,Inf,0
1,200,d0,ecdf,0.02,Inf,Inf,NA,Inf,Inf,Inf,Inf,0
1,200,d0,ecdf,0.03,Inf,Inf,NA,Inf,Inf,Inf,Inf,0
1,200,d0,ecdf,0.04,Inf,Inf,NA,Inf,Inf,Inf,Inf,0
1,200,d0,ecdf,0.05,Inf,Inf,NA,Inf,Inf,Inf,Inf,0
1,200,d0,ecdf,0.06,Inf,Inf,NA,Inf,Inf,Inf,Inf,0
1,200,d0,ecdf,0.06999999999999999,Inf,Inf,NA,Inf,Inf,Inf,Inf,1
1,200,d0,ecdf,0.08,Inf,Inf,NA,Inf,Inf,Inf,Inf,2
1,200,d0,ecdf,0.09,Inf,Inf,NA,Inf,Inf,Inf,Inf,2
1,200,d0,ecdf,0.1,Inf,Inf,NA,Inf,Inf,Inf,Inf,3
1,200,d0,ecdf,0.11,Inf,Inf,NA,4.506470379125211,Inf,Inf,Inf,5
1,200,d0,ecdf,0.12,Inf,Inf,NA,4.593424213661409,Inf,Inf,Inf,11
1,200,d0,ecdf,0.13,Inf,Inf,NA,4.2921734308182184,4.673404380126189,Inf,Inf,14
1,200,d0,ecdf,0.14,Inf,Inf,NA,4.054297632989171,4.747444813549117,Inf,Inf,16
1,200,d0,ecdf,0.15000000000000002,Inf,Inf,NA,3.5595277215982826,4.816365150114872,Inf,Inf,20
1,200,d0,ecdf,0.16,4.880826141570758,Inf,NA,3.6239887130541684,4.880826141570758,Inf,Inf,26
1,200,d0,ecdf,0.17,4.941368240473134,Inf,NA,3.6845308119565447,4.248221059913188,Inf,Inf,31
1,200,d0,ecdf,0.18000000000000002,4.99843913979288,Inf,NA,3.4894158254501733,4.305291959232934,Inf,Inf,35
1,200,d0,ecdf,0.19,4.359266676101123,Inf,NA,3.3426990879902934,3.666119495541178,5.052413856661069,Inf,42
1,200,d0,ecdf,0.2,4.4104624780269,Inf,NA,3.1576995095315312,3.7173152974669543,4.4104624780269,Inf,47
1,200,d0,ecdf,0.21,3.9098440192608477,Inf,NA,3.072855802475012,3.4061182641252814,4.459150163594902,Inf,47
1,200,d0,ecdf,0.22,3.589271984632323,Inf,NA,2.8961248040723775,3.25279974801111,4.100097608398314,4.886793665814446,49
1,200,d0,ecdf,0.23,3.542450524076365,3.527368487303675,0.5689119716852498,2.797297684764776,3.045824637571223,3.856754853787552,4.549902034347498,50
1,200,d0,ecdf,0.24,3.272815559435252,3.302753483608154,0.4486696884203036,2.679782662656743,3.0092464407232375,3.4937319355747714,4.186879116134717,50
1,200,d0,ecdf,0.25,3.1289664199801437,3.144566508900819,0.4222311888507621,2.520258733077543,2.841284347528363,3.38028084826105,3.939896636196473,50
1,200,d0,ecdf,0.26,2.8803776835991743,2.9433298134454726,0.34594722983863846,2.4208453542207344,2.6744823501567025,3.168059756050955,3.504157058236853,50
1,200,d0,ecdf,0.27,2.763834982101234,2.7866962338233634,0.36255463424255313,2.2673980957873425,2.458453332550052,3.0764796737713653,3.3968930359801437,50
1,200,d0,ecdf,0.28,2.6665339140246873,2.6154348339403204,0.3070925273404311,2.1386158085812172,2.359710186814876,2.80006530664921,3.1515962459702807,50
1,200,d0,ecdf,0.29000000000000004,2.4783393956280304,2.4745437326055364,0.29923465108329833,2.0728742875198662,2.2159751311605396,2.686326791488132,3.0370212767383173,50
1,200,d0,ecdf,0.3,2.2693397880435904,2.327332416249859,0.2596705878457733,1.9655222995919814,2.1066285878262763,2.5120936959344404,2.8086795131921374,50
1,200,d0,ecdf,0.31,2.208259069183222,2.2090216333726906,0.2362172110728448,1.8769019332287793,2.043956017891946,2.36240974901048,2.650091821462261,50
1,200,d0,ecdf,0.32,2.0456945815083563,2.067391987277346,0.19989086572051723,1.7878654722062566,1.941136008168672,2.231077765996496,2.3355299603373405,50
1,200,d0,ecdf,0.33,1.9391029916021272,1.9455305679231778,0.18562613499296576,1.669070240069323,1.8242223833696871,2.098693835477873,2.2704601275565697,50
1,200,d0,ecdf,0.34,1.8256880317211892,1.8355058988971,0.18998055043664241,1.5625055725974746,1.700524888767183,1.96245942336579,2.1527673722917435,50
1,200,d0,ecdf,0.35000000000000003,1.7196313542679622,1.7366420003325092,0.18985976060172355,1.4783816503532679,1.600723019374419,1.8545035401505188,2.065317553080077,50
1,200,d0,ecdf,0.36000000000000004,1.6201697055357691,1.6457345700819155,0.17102487480732464,1.4124938137457832,1.5147726628662013,1.7573343000375126,1.954155244012366,50
1,200,d0,ecdf,0.37,1.5343559846492072,1.5433619231206213,0.15217954169996156,1.3331784219302374,1.4123118974060684,1.6733257227756884,1.7845513578859125,50
1,200,d0,ecdf,0.38,1.4455961155255064,1.4471189367064468,0.14515265715386094,1.225987887392232,1.3301156381862287,1.5843341830603956,1.6824153721553674,50
1,200,d0,ecdf,0.39,1.3558621515914053,1.3720547804611398,0.15004359888250113,1.1525804481208406,1.2577825726049807,1.5024656415868305,1.625507352730298,50
1,200,d0,ecdf,0.4,1.2774391241006264,1.2935108878131607,0.143001274515209,1.0825933185886696,1.1885929798954802,1.3840135784862322,1.5170970468675162,50
1,200,d0,ecdf,0.41,1.213083943872018,1.2267544662102807,0.1323120498773651,1.0467579379897778,1.117773764067693,1.3184444595298443,1.4516590282379855,50
1,200,d0,ecdf,0.42,1.1326149080643348,1.154228261478285,0.12299069394617282,0.9936442753145134,1.056745429012252,1.2221224746883155,1.3609812924680285,50
1,200,d0,ecdf,0.43,1.0779723725306252,1.0880700804443164,0.11416959753179241,0.9309901821819796,1.0056517109509993,1.1627212906402757,1.2658216140440057,50
1,200,d0,ecdf,0.44,1.0130399035814548,1.0287569722526289,0.11075745714897452,0.8842909208371472,0.941256703346654,1.1091137336710768,1.1968893445534623,50
1,200,d0,ecdf,0.45,0.9652876083306332,0.972518774066568,0.10257428248146004,0.8409754015836297,0.8800508434319342,1.0468301307528276,1.1483148300266135,50
1,200,d0,ecdf,0.46,0.9216283756158623,0.9217476609251868,0.10362076212013298,0.7815585554562218,0.8400297125828864,0.9799603716474511,1.1083454041272482,50
1,200,d0,ecdf,0.47,0.8783427101115049,0.8726056531587209,0.09839893018173328,0.7277698516321307,0.7944612261308026,0.9362366885304074,1.0449206986229722,50
1,200,d0,ecdf,0.48,0.8297548931942573,0.8199922921823029,0.09572474398977238,0.6732733954732055,0.7378919470223645,0.8805837090455515,0.9703876039068547,50
1,200,d0,ecdf,0.49,0.7879658591843455,0.7747957710886153,0.09031274999112474,0.6381260044714411,0.7014074544189612,0.8443275967297316,0.9167347165218405,50
1,200,d0,ecdf,0.5,0.7442403212062569,0.7339901030076322,0.08621295552695346,0.6005732354725953,0.6723349280549833,0.8038206259864823,0.8556138808052653,50
1,200,d0,ecdf,0.51,0.6990926806455267,0.6934634739950588,0.07841738045605008,0.576554582438617,0.6326724053452224,0.7484921143942557,0.8168463291586819,50
1,200,d0,ecdf,0.52,0.6574885099937815,0.6530062037688243,0.07618997379209701,0.5293438323884374,0.5980625185711373,0.7003434651537858,0.7786199685119135,50
1,200,d0,ecdf,0.53,0.6211329323745471,0.6174225067141136,0.075533749329607,0.4962222827939315,0.5577488296086262,0.6683704066710083,0.7453132534603355,50
1,200,d0,ecdf,0.54,0.5914017175140984,0.5837138791610067,0.0726658271804793,0.46752407927417144,0.535708139652096,0.6299511202860324,0.7070626870657007,50
1,200,d0,ecdf,0.55,0.5537833470148064,0.5510044245424403,0.07323324482396507,0.43690295803982926,0.5028751040293866,0.5982787313131557,0.6768546450083877,50
1,200,d0,ecdf,0.56,0.5224601982975403,0.522341463038214,0.0730796076884031,0.407269073332364,0.4774464037241835,0.5619002345626962,0.6522631729968985,50
1,200,d0,ecdf,0.5700000000000001,0.4948660937647155,0.4955653119636249,0.07204406936979008,0.39413394482875447,0.4433967585352352,0.5343685367409619,0.6250006989258786,50
1,200,d0,ecdf,0.5800000000000001,0.46553452723239774,0.4682765339255498,0.07128484008325056,0.3709871689891964,0.4195518746595401,0.5040829278316551,0.5857845238660818,50
1,200,d0,ecdf,0.59,0.42679971547260676,0.4397739764858754,0.07110222524011801,0.34956897227299255,0.3916228647085232,0.4773086229253018,0.5472829667127663,50
1,200,d0,ecdf,0.6,0.4073722245147783,0.4144599675739632,0.06780181007831894,0.32496798799449933,0.3719597469279193,0.4544719889490396,0.5175110988599921,50
1,200,d0,ecdf,0.61,0.3859719572631456,0.38894572991346804,0.06568089695166772,0.30460299536046903,0.34261447994502503,0.4205347877976267,0.49051642704288684,50
1,200,d0,ecdf,0.62,0.3628202344867159,0.3642390564688444,0.06299338556841169,0.2779078574195163,0.3210895620302427,0.4034055146017942,0.4477267279870064,50
1,200,d0,ecdf,0.63,0.3408775192326342,0.3410529813855902,0.06298937213029747,0.26367585782470776,0.30000051819942947,0.3806454012256394,0.4229897886627846,50
1,200,d0,ecdf,0.64,0.32533233027438063,0.3184173830325496,0.06177515352375186,0.24117942953020172,0.27301707253378293,0.36111705867341193,0.4056665237605268,50
1,200,d0,ecdf,0.65,0.298956820529964,0.2988154788178287,0.060730704396054026,0.21786538264979294,0.25600149060094574,0.3398557555832571,0.37286584149167057,50
1,200,d0,ecdf,0.66,0.27277716249460326,0.2771491501875956,0.05716463420403626,0.20048841213266677,0.2427020429087898,0.3113564476468677,0.3518954401242013,50
1,200,d0,ecdf,0.67,0.25741181516302647,0.2582943766415666,0.05629542580016581,0.1701627175980645,0.22019821882259205,0.2972985325084851,0.33256014330137895,50
1,200,d0,ecdf,0.68,0.24732300923498934,0.23990051619528838,0.05482345244108918,0.15680268530382396,0.20377085158722275,0.2784324535761089,0.305632146932904,50
1,200,d0,ecdf,0.6900000000000001,0.2241375572326013,0.2226462007442111,0.05431673862712879,0.14192229958131605,0.1848311873059583,0.26447298033601735,0.28558022775629033,50
1,200,d0,ecdf,0.7000000000000001,0.20532450115798453,0.2044641512855518,0.05313424918218897,0.13001662569644043,0.16519007734220698,0.242648136381211,0.26447876126898373,50
1,200,d0,ecdf,0.7100000000000001,0.1821384534015464,0.1880686660346802,0.05265917709447231,0.11769721915253994,0.14995464706906475,0.22727476761820944,0.24879767218312082,50
1,200,d0,ecdf,0.72,0.1650954281220201,0.17209291556689787,0.05320199653576188,0.10388803490526279,0.13435951651709024,0.2156994189472428,0.23398047628355442,50
1,200,d0,ecdf,0.73,0.15366697152430733,0.15674361547888657,0.05326097557678086,0.08846843861388819,0.11938927348438072,0.19991269750299964,0.21765608846508716,50
1,200,d0,ecdf,0.74,0.13882257851020835,0.14194181736331907,0.05128678350355873,0.07760253833042255,0.1022498327692554,0.17876898260345173,0.2019994599946659,50
1,200,d0,ecdf,0.75,0.12455911097853352,0.12726093199085226,0.05057644081014008,0.06660568301980985,0.0885054119196601,0.1605120605215757,0.19292030131213067,50
1,200,d0,ecdf,0.76,0.1117421598935196,0.11310409683666522,0.04986345407660634,0.05350887963055591,0.07615121479081702,0.14676878200477042,0.18044811664148097,50
1,200,d0,ecdf,0.77,0.09762729191020944,0.10155469921596151,0.049658891083213884,0.03558425845257283,0.07065851666211455,0.13674250570430224,0.16322457439602284,50
1,200,d0,ecdf,0.78,0.09094918888601437,0.09124800433003535,0.04973149440400158,0.027993737254276348,0.059011585899856216,0.12436011455554624,0.15995991090945272,50
1,200,d0,ecdf,0.79,0.07851297037436644,0.078966663651884,0.0494828604034849,0.01239306517105585,0.04490671473499196,0.1137244959354341,0.14209519306464966,50
1,200,d0,ecdf,0.8,0.07065931909237512,0.06823839242392025,0.048553477430210386,-1.3471434122199746e-4,0.036502066859103996,0.10429675276111144,0.12898708445826873,50
1,200,d0,ecdf,0.81,0.061404308267592966,0.057709835435986574,0.04923323411198884,-0.012467297001763133,0.02327215452075063,0.09558452654877626,0.11889324002615856,50
1,200,d0,ecdf,0.8200000000000001,0.04690358640108166,0.045187547635335286,0.04980755416142973,-0.023287478864129456,0.012029474147244836,0.07977202801572762,0.10552916540163224,50
1,200,d0,ecdf,0.8300000000000001,0.03369757238060443,0.036454717539395824,0.050512761524161204,-0.0335267237168106,-0.00404393903559578,0.07251742175960822,0.1041242460880106,50
1,200,d0,ecdf,0.8400000000000001,0.02320176630290147,0.02538136663196582,0.04860214241571425,-0.04302860866631561,-0.012278164946785781,0.060377864873589704,0.09034471499316607,50
1,200,d0,ecdf,0.85,0.01377336159989237,0.013598655867378977,0.047904686852741706,-0.05265106537777198,-0.022760866520614417,0.04864094538697696,0.08247680767338963,50
1,200,d0,ecdf,0.86,-4.139612117591636e-4,0.004418095234420489,0.04723729597446812,-0.05533463569018947,-0.03188036090828583,0.0421490181211158,0.06811836594155501,50
1,200,d0,ecdf,0.87,-0.006369137094719795,-0.005000982567272797,0.047152293429643374,-0.07235637095791823,-0.03833950063014823,0.032144815046630595,0.06163984702954922,50
1,200,d0,ecdf,0.88,-0.02047361807969692,-0.013368900848711254,0.04640755959602574,-0.07697131143511717,-0.041599030810689004,0.025324987330774592,0.05036718856133069,50
1,200,d0,ecdf,0.89,-0.0253171825216401,-0.020553892959659325,0.04624404603399943,-0.08135075949975148,-0.052410192407254905,0.019037141600541325,0.04475262546353187,50
1,200,d0,ecdf,0.9,-0.03404837699265151,-0.030537773413465166,0.0449228472349227,-0.09298816441095273,-0.06256867794868025,0.005270767231706,0.03788945105955065,50
1,200,d0,ecdf,0.91,-0.04124026757770687,-0.038220536953994244,0.044137808115141425,-0.1053677156267972,-0.06893951421154638,-0.00465509039461567,0.02868980779697957,50
1,200,d0,ecdf,0.92,-0.05143793141743687,-0.04648948862840448,0.04167851243625069,-0.10439842821633058,-0.07452693049937303,-0.014956256469035239,0.013941973699762321,50
1,200,d0,ecdf,0.93,-0.058837938786569705,-0.05375689163636037,0.040993319387032344,-0.11445894851016024,-0.08152034042607005,-0.024307217109898773,0.002864317056989431,50
1,200,d0,ecdf,0.94,-0.0660434829454725,-0.06304494650828371,0.03970486039071075,-0.12393537569068079,-0.09315867991275283,-0.03307867766368863,-0.008062943011376939,50
1,200,d0,ecdf,0.95,-0.07428123682604304,-0.06984416241434555,0.03829877654272461,-0.12298346189508966,-0.09736038915139837,-0.0409855242381966,-0.011837854805634589,50
1,200,d0,ecdf,0.96,-0.07752578038554242,-0.07756541266827685,0.037253738651089906,-0.1277697048240811,-0.10409910268381287,-0.04899738412310926,-0.02323561370069971,50
1,200,d0,ecdf,0.97,-0.08894688891479147,-0.084307752825596,0.037038000458844034,-0.13887923321482976,-0.10636997917593315,-0.05801145108334586,-0.03160156499210634,50
1,200,d0,ecdf,0.98,-0.0942815278549666,-0.08995371818676355,0.03707495820090747,-0.14878039608704077,-0.11201164119026936,-0.06262553002711974,-0.03794978592521488,50
1,200,d0,ecdf,0.99,-0.09779155304297624,-0.09535993785122925,0.03712350010072513,-0.1543909011171046,-0.11668919190737964,-0.07066094878472251,-0.04481197073082932,50
1,200,d0,ecdf,1,-0.10516286557040029,-0.1005297085491802,0.03736738272249464,-0.16063885357761887,-0.11961621773661787,-0.07590407294413246,-0.04967405118808363,50
1,200,d0,logspline,0.01,5.770019387037643,6.3602085730000155,1.6903487029537676,4.42384381921538,5.073165723219104,7.5335627170698665,9.0904185671085,50
1,200,d0,logspline,0.02,5.685137996227903,6.253311609473439,1.6499379915847452,4.359047299827573,4.994836501232039,7.408865826606007,8.907636280218172,50
1,200,d0,logspline,0.03,5.5980424898095045,6.142616915788358,1.6067573222879328,4.292933915933861,4.914609904706096,7.279590935989265,8.715508693098508,50
1,200,d0,logspline,0.04,5.508747582050139,6.02819157965447,1.5609174787444107,4.225508833503781,4.832496701146168,7.145800464252002,8.514304346311219,50
1,200,d0,logspline,0.05,5.417273610776682,5.9101252860090225,1.512562288140073,4.156779230674682,4.748511801643904,7.007579545407109,8.304378386015593,50
1,200,d0,logspline,0.06,5.323646284064385,5.7885266598042975,1.4618619796355703,4.0867542446059,4.66267410214274,6.8525752410478615,8.086154789207761,50
1,200,d0,logspline,0.06999999999999999,5.227896366693935,5.663519266948299,1.409006188705725,4.015444904648529,4.575006285819737,6.689587877686806,7.86010714226239,50
1,200,d0,logspline,0.08,5.130059314678192,5.535237900748788,1.3541971560036987,3.942864052897382,4.481139971132018,6.521867426445926,7.6328834043247635,50
1,200,d0,logspline,0.09,5.030174867184273,5.403825409880304,1.2976436606339274,3.8690262533666995,4.3831807381742625,6.349623403718681,7.399147509819125,50
1,200,d0,logspline,0.1,4.928286605801247,5.2694295970773695,1.239556469236164,3.793947691173356,4.287392868707449,6.156766642708238,7.1593031825258,50
1,200,d0,logspline,0.11,4.824441492022928,5.132200725641115,1.1801457833962918,3.717646063217802,4.198123924200355,5.953867694335107,6.913824577022043,50
1,200,d0,logspline,0.12,4.721464609958579,4.992289782342101,1.1196204116106858,3.6401408436993803,4.107424942062219,5.746633516551472,6.663167088367647,50
1,200,d0,logspline,0.13,4.614099284591635,4.849848982916402,1.0581874417072,3.561457124877189,4.015371286383669,5.53535991245279,6.407761523550803,50
1,200,d0,logspline,0.14,4.496002359969007,4.705034677759238,0.9960538614493151,3.4816283299666244,3.9220434274156832,5.320331423474687,6.166515478099715,50
1,200,d0,logspline,0.15000000000000002,4.376104839553637,4.558010012020333,0.9334331449577459,3.400400863203764,3.827526070121305,5.101818823107047,5.941977622468665,50
1,200,d0,logspline,0.16,4.254569452864424,4.408949107208894,0.8705559923809527,3.3179118825128313,3.7319073504126763,4.88581494817484,5.723742454043495,50
1,200,d0,logspline,0.17,4.131577935064543,4.2580467267888515,0.807685825327713,3.234424393987891,3.6242432290778135,4.697523787000832,5.502524963096754,50
1,200,d0,logspline,0.18000000000000002,4.0007415647273445,4.105548664018906,0.7451524327833238,3.150000530818507,3.5099702511375974,4.510526235517305,5.278543111348155,50
1,200,d0,logspline,0.19,3.855100539299589,3.9517726219134777,0.6833635726561295,3.06470997918041,3.3957731443958803,4.321204082857435,5.051999535463377,50
1,200,d0,logspline,0.2,3.7095423626862853,3.7971138170195857,0.622797025465373,2.97402614236111,3.3034495128517873,4.081466119113228,4.823094667037922,50
1,200,d0,logspline,0.21,3.5771477445439084,3.6420486527830973,0.5640099101586618,2.882430916907116,3.2103703990350647,3.9028065417151887,4.592090374911379,50
1,200,d0,logspline,0.22,3.4289225760405913,3.4871210590849078,0.5076049760146666,2.790453482150498,3.1166491071302693,3.7521156785431202,4.359328663163179,50
1,200,d0,logspline,0.23,3.3010218326477982,3.332936647817398,0.45423063016495485,2.697794902719442,3.022410103242727,3.5785650130271462,4.125330897626338,50
1,200,d0,logspline,0.24,3.1789573412995304,3.1801852999562636,0.4046485468140414,2.6048270354153824,2.9101056712603746,3.398996428830046,3.8912615312537775,50
1,200,d0,logspline,0.25,3.007309826629701,3.0296167027315857,0.3596647495619168,2.5119253645375705,2.7445011179196985,3.2561094384929588,3.658975882626134,50
1,200,d0,logspline,0.26,2.864367238657283,2.8819666071066883,0.3200317096663637,2.4226201148608415,2.617886661053906,3.0601459736478547,3.432116235522292,50
1,200,d0,logspline,0.27,2.720569380826204,2.73790391144084,0.2863606548871922,2.3201099069413176,2.5109054562237887,2.90650888655937,3.208058059832262,50
1,200,d0,logspline,0.28,2.604200261110032,2.5980204506732707,0.25896623381824474,2.2169078754033222,2.4041216040802964,2.77738368863927,3.0006552461189493,50
1,200,d0,logspline,0.29000000000000004,2.4865819528298454,2.46279793508462,0.2377012907954574,2.104240587586792,2.2753523435799283,2.6586985554294964,2.825068606303243,50
1,200,d0,logspline,0.3,2.361167347152568,2.3325585907439867,0.22189439315091997,1.9998540197464032,2.1360051312743975,2.495706725321614,2.6653038319160327,50
1,200,d0,logspline,0.31,2.2275890650707675,2.207509171263637,0.2105310207908181,1.881524565555459,2.0152762541385965,2.3790452309011583,2.5225294894425883,50
1,200,d0,logspline,0.32,2.0931330911057042,2.0877889479915197,0.20246047950421558,1.7861510546023727,1.9138029197014408,2.218296498604529,2.411592522174155,50
1,200,d0,logspline,0.33,1.9645685717563184,1.9734625349415202,0.1965386277048941,1.7004882594041661,1.8192419398994681,2.1136476364875314,2.3011855338778724,50
1,200,d0,logspline,0.34,1.8445681864175674,1.8644799718001561,0.19176728584814887,1.5985635382778398,1.7352391996775456,2.008484069859927,2.191410818592452,50
1,200,d0,logspline,0.35000000000000003,1.7260587480175436,1.7607085153389235,0.18741683316127292,1.4881937222849915,1.6334467430065278,1.9036300138346955,2.0824690592312876,50
1,200,d0,logspline,0.36000000000000004,1.6359899867266257,1.661975431773937,0.18303849957269366,1.3872512667319579,1.533766257999496,1.8032212667547356,1.9775226426585168,50
1,200,d0,logspline,0.37,1.5418294618429405,1.5681060744708322,0.17839459050495457,1.2950021897055457,1.4386379851605622,1.7049659292306913,1.8736033137930566,50
1,200,d0,logspline,0.38,1.4500297595351186,1.4789410941506425,0.17339032531305965,1.2107196155402318,1.3526198864681673,1.6158643621586233,1.7623986234731057,50
1,200,d0,logspline,0.39,1.3658486108483312,1.3943427094779133,0.16805657943986843,1.1393144814534488,1.280491661738709,1.528781228341434,1.6653841378577692,50
1,200,d0,logspline,0.4,1.2897275743859176,1.3142044904437113,0.1625273791053098,1.0755169778553455,1.2024697764693555,1.448641127648427,1.579418558861935,50
1,200,d0,logspline,0.41,1.2144758321884734,1.2384262141011273,0.15694659461236393,1.0149445414313516,1.1305464102481602,1.3704262524263346,1.4980258291513602,50
1,200,d0,logspline,0.42,1.1492108625323443,1.1668745828789522,0.15139760539796185,0.9581360284486393,1.0613952858794413,1.2718543319081748,1.4194015408690028,50
1,200,d0,logspline,0.43,1.0837169850633204,1.0993802838268307,0.14591751844153883,0.8974411548570482,0.9942209810440685,1.1976252406463193,1.343526953051521,50
1,200,d0,logspline,0.44,1.0234031120274378,1.0357535544842305,0.14052163902137677,0.8389450528960762,0.9320104688315298,1.1283434209091991,1.2709178781890516,50
1,200,d0,logspline,0.45,0.9598671665944414,0.9757962378781256,0.13522047677913232,0.784398103489091,0.8744989053623256,1.063371343006218,1.2012021073360313,50
1,200,d0,logspline,0.46,0.8990105720425008,0.9193068367123244,0.1300308578476564,0.7394064850817386,0.8196746053780732,1.0012995284030224,1.1379988726856118,50
1,200,d0,logspline,0.47,0.8517722342988103,0.8660844780392439,0.12497803008906695,0.6970048017391992,0.7668825771406541,0.9443581274494381,1.0804835942303717,50
1,200,d0,logspline,0.48,0.804284804600585,0.8159320005958487,0.12009154193776306,0.6562494726700743,0.7204201242362428,0.8905536669308676,1.0251589702293364,50
1,200,d0,logspline,0.49,0.7575461639373622,0.7686571880683347,0.11539967355337555,0.6133579026243212,0.6769180959516463,0.839289243717887,0.9719719255805931,50
1,200,d0,logspline,0.5,0.715051121698568,0.7240726222073539,0.11092426334216435,0.5713243070738496,0.6367583186638848,0.7892737991235346,0.920868040478461,50
1,200,d0,logspline,0.51,0.676207329395331,0.6819950296443377,0.10667455744444784,0.532441546377916,0.5954701344946614,0.7463655359604648,0.8717918581317512,50
1,200,d0,logspline,0.52,0.6418576529658975,0.6422486771555339,0.10264449993424705,0.4964061689491789,0.5631723805762188,0.7089461664453078,0.8248373018893476,50
1,200,d0,logspline,0.53,0.6072559700993743,0.6046678267738261,0.09882181250128508,0.46438586810176763,0.5306899735293342,0.669129208665557,0.7798722202912851,50
1,200,d0,logspline,0.54,0.5699881196993686,0.5690930155507921,0.09519836972624657,0.43451568643371874,0.49817617505821526,0.633428863818552,0.736713641080298,50
1,200,d0,logspline,0.55,0.5356601894142838,0.5353740288700978,0.091770631963561,0.4024046228531754,0.47009059857035856,0.5992748821380797,0.6953082177579364,50
1,200,d0,logspline,0.56,0.5028787971227624,0.5033778527897351,0.08854093524026739,0.3749214361587537,0.44554255234018725,0.5636242172350354,0.6556025103919992,50
1,200,d0,logspline,0.5700000000000001,0.4704601810423491,0.47298748561976606,0.08551358540879961,0.34848596201285476,0.41358550159900864,0.5255259081547268,0.617543125824334,50
1,200,d0,logspline,0.5800000000000001,0.43744025714722173,0.4440975466641688,0.08269000253134502,0.32295160979174303,0.38552959787079333,0.49449882428763414,0.5810768422785849,50
1,200,d0,logspline,0.59,0.40606802656622365,0.41661195513725224,0.08006651681250655,0.29897969897429927,0.36029079670259256,0.46815665494400605,0.5461507201958145,50
1,200,d0,logspline,0.6,0.379983184739886,0.390442310183192,0.07763384805538724,0.2764298323918557,0.3362551668320982,0.44434649581117996,0.5127122008127203,50
1,200,d0,logspline,0.61,0.3559217238338635,0.3655067798270994,0.07537803601299149,0.25511696317012955,0.3129171267182409,0.4214318340068568,0.4807091937400315,50
1,200,d0,logspline,0.62,0.3357139069489067,0.3417292726985756,0.07328199479790551,0.23496890747040555,0.290702333917667,0.3992083962918242,0.4500901545875592,50
1,200,d0,logspline,0.63,0.31139878372900687,0.31903870189466077,0.0713269228274708,0.21592403998575974,0.26956384666727223,0.37642776735108735,0.4208041535089836,50
1,200,d0,logspline,0.64,0.29144364156753305,0.29736857643371206,0.0694933565898549,0.1978953447455849,0.24691134779572546,0.3524514322821438,0.39410493385858025,50
1,200,d0,logspline,0.65,0.27344622956827325,0.2766566713441167,0.06776219151876936,0.18080507676530685,0.22734514494507463,0.33076410357062214,0.3694344659180492,50
1,200,d0,logspline,0.66,0.25183770891715346,0.2568448754376756,0.06611612287540816,0.16458352240049673,0.20960530276301248,0.3085724457727448,0.34569289686424454,50
1,200,d0,logspline,0.67,0.23365403435687288,0.23787980926361382,0.0645419264511134,0.149167958035909,0.1926303580072004,0.28734764018731285,0.3242069821556529,50
1,200,d0,logspline,0.68,0.2176061149495599,0.2197130542996267,0.063031430979207,0.13349208819681932,0.17629354352786736,0.26707802692932137,0.3030041233471486,50
1,200,d0,logspline,0.6900000000000001,0.20206099530597832,0.202301259930197,0.06158101742245474,0.11770114058344688,0.1582547041984042,0.24834380957274266,0.2821317472390707,50
1,200,d0,logspline,0.7000000000000001,0.18699841682708696,0.18560590590329032,0.06019071130647832,0.10246702240873404,0.14303262782234388,0.2301285502007519,0.2620323448230775,50
1,200,d0,logspline,0.7100000000000001,0.17239947859343166,0.16959282264014983,0.0588630147296766,0.08760785674901603,0.12691464427983534,0.2122790822757178,0.24245480436521644,50
1,200,d0,logspline,0.72,0.15824650900775306,0.15423169641446297,0.057601563084333486,0.07149409317414415,0.11263814235415351,0.19725815485483938,0.22457539207377097,50
1,200,d0,logspline,0.73,0.144522951865431,0.1394950645547277,0.05640926607059393,0.05622769223346829,0.09981970714730158,0.18121440868860045,0.20819875008950062,50
1,200,d0,logspline,0.74,0.13121326499740346,0.12535503759090566,0.05528487231378903,0.04164965484574045,0.08726166471241992,0.16540016744045893,0.19239321913253365,50
1,200,d0,logspline,0.75,0.1183028298996547,0.11178250117413992,0.054223218747632196,0.027699037588095384,0.07517748161766577,0.15096932059673152,0.17713760131780315,50
1,200,d0,logspline,0.76,0.10577787098920129,0.09874936939083792,0.05321839076764119,0.014446545305523712,0.06337844233152835,0.13852950771450478,0.1624117792837151,50
1,200,d0,logspline,0.77,0.09362538331653894,0.08622902306776935,0.05226460284428577,0.0018523148559069819,0.050380542050950355,0.12514150461058235,0.14819662230028752,50
1,200,d0,logspline,0.78,0.0818330677249238,0.07419619426295784,0.05135636818472423,-0.007967252843272456,0.03769226766775757,0.1107179639512344,0.13454288323645391,50
1,200,d0,logspline,0.79,0.07038927258279744,0.06262686462031633,0.050488630987678494,-0.01736205014339637,0.02768625392656708,0.09789771846928885,0.12254488348307076,50
1,200,d0,logspline,0.8,0.059282941331177855,0.0514982389442466,0.049656872612495455,-0.02635588380564631,0.016395558701552862,0.08695006893093604,0.11094396693512402,50
1,200,d0,logspline,0.81,0.04850356518634258,0.04078893968435775,0.04885720566906818,-0.0350966440107846,0.004791134597290375,0.07694398098756851,0.09973198075852134,50
1,200,d0,logspline,0.8200000000000001,0.03777581668105426,0.030479015820813974,0.04808633758752659,-0.04351834556657283,-0.0063340597135855955,0.06724721323345197,0.08913076884377566,50
1,200,d0,logspline,0.8300000000000001,0.027448200842266873,0.020549816746175332,0.04734148664041848,-0.05158813767542418,-0.016795420947211925,0.05667523407124705,0.07792095056705524,50
1,200,d0,logspline,0.8400000000000001,0.01823481023717537,0.010983876463043583,0.04662030906884874,-0.05932446590832432,-0.024969203020877778,0.04588438154900782,0.06634407429340894,50
1,200,d0,logspline,0.85,0.008936612614463515,0.0017648105323498284,0.045920836612256204,-0.06674448658140934,-0.03294178538487893,0.03577004482187831,0.055197235558309,50
1,200,d0,logspline,0.86,-8.235074648855479e-4,-0.007122775898147931,0.045241422646309724,-0.07386418021563082,-0.04141174193620744,0.026047410241408338,0.045625376573021695,50
1,200,d0,logspline,0.87,-0.00983606594164761,-0.015693370406325194,0.04458069549215441,-0.08069845297492637,-0.04982797027040979,0.0166486360044802,0.03738213568604866,50
1,200,d0,logspline,0.88,-0.01858301902586776,-0.023960627158129317,0.043937517747455704,-0.08726122756925334,-0.05808556972956921,0.00756164809144799,0.029466834675224582,50
1,200,d0,logspline,0.89,-0.02707173808512319,-0.03193743081817249,0.04331095074259279,-0.09356552489930856,-0.06458566211703626,-0.0011785293826617924,0.02181256472776967,50
1,200,d0,logspline,0.9,-0.035309315537431364,-0.03963594313974546,0.042700222475744315,-0.09962353754331493,-0.07084022015616917,-0.009976323955366653,0.014408059338668879,50
1,200,d0,logspline,0.91,-0.043302583048033645,-0.04706764670146074,0.042104692551315964,-0.10602538225559317,-0.07706574811961661,-0.01846540546374027,0.007242729551587565,50
1,200,d0,logspline,0.92,-0.05105812818307819,-0.05424338788696985,0.04152381628190923,-0.11232756003449895,-0.08352908566234958,-0.026658728955103413,3.066121248127048e-4,50
1,200,d0,logspline,0.93,-0.0585823096680506,-0.06117342353548222,0.04095712050932134,-0.11837151923052566,-0.08973705675167813,-0.034568491471178596,-0.006409677542649182,50
1,200,d0,logspline,0.94,-0.06588127138308385,-0.06786746501968986,0.040404184728002286,-0.1241693725549381,-0.09570156258055287,-0.0422331203513431,-0.012914988233569347,50
1,200,d0,logspline,0.95,-0.07296095521342207,-0.0743347183173733,0.039864625115091805,-0.1297324905182744,-0.10143377514787025,-0.049716710989797394,-0.019217671930429926,50
1,200,d0,logspline,0.96,-0.07982711286108235,-0.08058392051010865,0.03933808103885824,-0.13507155852032846,-0.10702003794027913,-0.05670821000790567,-0.0253256194221674,50
1,200,d0,logspline,0.97,-0.08653544702623034,-0.08662337309304656,0.03882420370065371,-0.140196628657284,-0.11263756275431483,-0.0629826618014088,-0.031246292846785165,50
1,200,d0,logspline,0.98,-0.09320420997991423,-0.09246097243324773,0.03832264663058051,-0.14511716681622766,-0.11804632241079306,-0.06825666450002069,-0.03698675547668167,50
1,200,d0,logspline,0.99,-0.09967413345648671,-0.09810423767395243,0.037833057811060625,-0.14984209555706052,-0.1232550978345149,-0.07364430444475992,-0.04286223084690627,50
1,200,d0,logspline,1,-0.1057152837081771,-0.10356033634754776,0.037355073247550455,-0.1543798332213845,-0.12827217816395659,-0.07967127548230556,-0.04865191215759366,50
1,200,d1,ecdf,0.01,Inf,Inf,NA,Inf,Inf,Inf,Inf,0
1,200,d1,ecdf,0.02,Inf,Inf,NA,Inf,Inf,Inf,Inf,0
1,200,d1,ecdf,0.03,Inf,Inf,NA,Inf,Inf,Inf,Inf,0
1,200,d1,ecdf,0.04,Inf,Inf,NA,Inf,Inf,Inf,Inf,1
1,200,d1,ecdf,0.05,Inf,Inf,NA,Inf,Inf,Inf,Inf,1
1,200,d1,ecdf,0.06,Inf,Inf,NA,Inf,Inf,Inf,Inf,1
1,200,d1,ecdf,0.06999999999999999,Inf,Inf,NA,Inf,Inf,Inf,Inf,2
1,200,d1,ecdf,0.08,Inf,Inf,NA,Inf,Inf,Inf,Inf,2
1,200,d1,ecdf,0.09,Inf,Inf,NA,Inf,Inf,Inf,Inf,3
1,200,d1,ecdf,0.1,Inf,Inf,NA,Inf,Inf,Inf,Inf,3
1,200,d1,ecdf,0.11,Inf,Inf,NA,1.979150492439961,Inf,Inf,Inf,4
1,200,d1,ecdf,0.12,Inf,Inf,NA,2.152852166426937,Inf,Inf,Inf,4
1,200,d1,ecdf,0.13,Inf,Inf,NA,2.3125886653117433,Inf,Inf,Inf,4
1,200,d1,ecdf,0.14,Inf,Inf,NA,2.460427877526399,Inf,Inf,Inf,4
1,200,d1,ecdf,0.15000000000000002,Inf,Inf,NA,2.5980090952664936,Inf,Inf,Inf,6
1,200,d1,ecdf,0.16,Inf,Inf,NA,2.7266538433024192,Inf,Inf,Inf,8
1,200,d1,ecdf,0.17,Inf,Inf,NA,2.8474430494681715,Inf,Inf,Inf,8
1,200,d1,ecdf,0.18000000000000002,Inf,Inf,NA,2.9612721238679525,Inf,Inf,Inf,12
1,200,d1,ecdf,0.19,Inf,Inf,NA,2.375743945802962,3.0688911263629075,Inf,Inf,18
1,200,d1,ecdf,0.2,Inf,Inf,NA,2.0723223303338987,3.1709346190020087,Inf,Inf,22
1,200,d1,ecdf,0.21,3.267944227411764,Inf,NA,2.1693319387436545,2.7480838419918046,Inf,Inf,31
1,200,d1,ecdf,0.22,3.3603859488732346,Inf,NA,2.1035485203566453,2.667238768313289,Inf,Inf,36
1,200,d1,ecdf,0.23,3.4486636098520007,Inf,NA,2.06236924873211,2.4514175982109325,3.4486636098520007,Inf,40
1,200,d1,ecdf,0.24,2.8399822767413383,Inf,NA,2.1468350961813933,2.434517168633174,3.5331294573012837,Inf,42
1,200,d1,ecdf,0.25,2.9209454058954396,Inf,NA,1.737550243322338,2.515480297787275,3.614092586455385,Inf,45
1,200,d1,ecdf,0.26,2.7959459800821507,Inf,NA,1.745915565640865,2.13817369009063,3.5185389195561916,Inf,46
1,200,d1,ecdf,0.27,2.6679583876518396,Inf,NA,1.6223484650291025,2.157132763885849,3.073423495760004,3.7665706763199496,48
1,200,d1,ecdf,0.28,2.2291050050899703,Inf,NA,1.535957824530025,1.8926327684687572,2.739930628855961,3.145395736964125,49
1,200,d1,ecdf,0.29000000000000004,2.1161757330354245,2.1464720255109593,0.5510554738139434,1.3790050632550344,1.71071062492726,2.521640841143589,3.0323287230548592,50
1,200,d1,ecdf,0.3,1.895479147918583,1.95460916792859,0.4540863769969141,1.2624210940396727,1.6723355966043731,2.3199023879658296,2.5886263284785285,50
1,200,d1,ecdf,0.31,1.7370704132668595,1.827106845029308,0.4298251411035924,1.1452680628940657,1.554748856472905,2.2093583670760357,2.430217593826805,50
1,200,d1,ecdf,0.32,1.617374260863471,1.6874695687232595,0.3787337589620754,1.129630619571878,1.4632235810362126,1.905056333315252,2.410798297660091,50
1,200,d1,ecdf,0.33,1.523867794125248,1.5680961111177323,0.3434118665109581,1.1184026860170837,1.3297117796842906,1.8365124857953798,2.083483582060671,50
1,200,d1,ecdf,0.34,1.4491161643274604,1.4595557578131635,0.30329516768705994,0.9996275669988511,1.2772659074008013,1.7167875598608573,1.9770680771850002,50
1,200,d1,ecdf,0.35000000000000003,1.2829945183561962,1.3340177043868071,0.2843940259888267,0.924941642294054,1.1113128651669406,1.506138069670406,1.7578009236690955,50
1,200,d1,ecdf,0.36000000000000004,1.220820093672847,1.247851856606669,0.28191939214106143,0.8514281132501387,1.0476866443079627,1.3896494491501394,1.695031098701321,50
1,200,d1,ecdf,0.37,1.1493931859058062,1.1591798972493932,0.26934372849031946,0.7746234571958859,0.9620896185712491,1.3799495527542984,1.4975076094544828,50
1,200,d1,ecdf,0.38,1.006194814671865,1.0647812743957072,0.25300546780048516,0.7004145255086129,0.8995440826733303,1.2519226901790015,1.4726610575161727,50
1,200,d1,ecdf,0.39,0.93572431538086,0.9926422684871444,0.22508784293495115,0.6945226722333805,0.8150162463532251,1.1500950367422522,1.3800266303550828,50
1,200,d1,ecdf,0.4,0.9297027541175396,0.9340445453243754,0.22102033021535375,0.6376888796265017,0.7680610367522259,1.067191849295349,1.3040955209745864,50
1,200,d1,ecdf,0.41,0.8394570511051604,0.8602592730080002,0.20705229726849717,0.5538054599538063,0.7176909071857349,0.9985232360904873,1.1876945364314706,50
1,200,d1,ecdf,0.42,0.807305067803973,0.7959313356563467,0.18847326109966508,0.4928117379015352,0.6516354509818318,0.92237439758876,1.0879542447966024,50
1,200,d1,ecdf,0.43,0.7115484715939685,0.7356014419783605,0.17251586728682203,0.4907851730280222,0.6257453102776382,0.8316927834360317,1.0068857254235133,50
1,200,d1,ecdf,0.44,0.6835746303140644,0.6949624246301859,0.17483112861256087,0.42868334836954514,0.5561146748869688,0.7948002654242887,0.978367556030659,50
1,200,d1,ecdf,0.45,0.6513475812631331,0.6436179272270907,0.1634161974092249,0.41944941135890124,0.507671828831019,0.740575120862335,0.9041885853606664,50
1,200,d1,ecdf,0.46,0.5935555999711761,0.5953372614913566,0.16186374894828234,0.36833556637879283,0.4628483500585064,0.6859289201021913,0.8284709990966804,50
1,200,d1,ecdf,0.47,0.5373151494530729,0.5422922583496806,0.15065382468357505,0.3439437564725334,0.43001085204083495,0.6170995740290991,0.7643491339185614,50
1,200,d1,ecdf,0.48,0.5011623088023278,0.494234821332561,0.13371729124676865,0.29496392862075094,0.40979998255611005,0.5648781231884356,0.6842520554804872,50
1,200,d1,ecdf,0.49,0.4413023091247863,0.44816099873510146,0.1250911326181766,0.24748815246230205,0.37117713768815247,0.5136906735977119,0.6404893126058184,50
1,200,d1,ecdf,0.5,0.40505043512114486,0.4126306624062867,0.11871405855587909,0.2288161132207308,0.359459503265495,0.47477034977648935,0.6207646973460255,50
1,200,d1,ecdf,0.51,0.37812675704094356,0.3772514993277118,0.11621017578685791,0.2170180676570244,0.30327841194143135,0.45631389668640077,0.577989995651558,50
1,200,d1,ecdf,0.52,0.32729891928914684,0.3364945506286826,0.10959191017318988,0.1904298599311924,0.26275052151081835,0.396281914135341,0.5393827577760144,50
1,200,d1,ecdf,0.53,0.31622572971460045,0.309410998860419,0.10078738176704134,0.17757651672814323,0.2427232677216738,0.3684114828851705,0.4917905040456751,50
1,200,d1,ecdf,0.54,0.27081035800951586,0.2797972937066891,0.10045443483338501,0.13240803515039667,0.2138895076393661,0.3437171288176035,0.46461483699206474,50
1,200,d1,ecdf,0.55,0.2527845067810405,0.2546634620874722,0.10248176607214897,0.09832140464789951,0.18998815297249266,0.3298405450357879,0.43556038758661453,50
1,200,d1,ecdf,0.56,0.219317629140758,0.22585597833659118,0.09733440905599276,0.08605797402205737,0.16215322874661006,0.28731637170061597,0.3913320471416686,50
1,200,d1,ecdf,0.5700000000000001,0.18627085154336226,0.19934629018374775,0.09491086546830807,0.06425254090532938,0.14041136853939643,0.2671360931148545,0.36317238610586844,50
1,200,d1,ecdf,0.5800000000000001,0.16593704190683087,0.1715739181702217,0.08532735087698773,0.030991500272629938,0.11219276590014002,0.22762065106585938,0.3116617343579084,50
1,200,d1,ecdf,0.59,0.14480040539635652,0.1424082849895403,0.08354616581342489,0.003535550679244005,0.1049090763690546,0.18939811425252492,0.2838598948549085,50
1,200,d1,ecdf,0.6,0.11209175180713837,0.11920600189319448,0.08358151965965478,-0.02541765520235592,0.07466088223245856,0.1652474078178125,0.2407695182906937,50
1,200,d1,ecdf,0.61,0.09303961555740609,0.09792100258178713,0.0822197797654787,-0.04941949168329938,0.05992502187763036,0.15312309161067592,0.21729206365845077,50
1,200,d1,ecdf,0.62,0.08328942813443298,0.07562710780381598,0.0822343431360773,-0.06292024698803401,0.03948680547604008,0.12780025994645122,0.18866505901933522,50
1,200,d1,ecdf,0.63,0.06032732296689663,0.05606537049548658,0.08139840035676993,-0.0660122312848472,0.017637628780574323,0.11236799224430119,0.1810177015920475,50
1,200,d1,ecdf,0.64,0.046284030870122464,0.03429392946662593,0.08103925933443801,-0.09455947259328756,-0.007546377344562516,0.08541190685571357,0.1516699970565601,50
1,200,d1,ecdf,0.65,0.03142260224575596,0.016825950098686825,0.07866563096944885,-0.11368311424257227,-0.0313743216169607,0.063221844047819,0.1367877583713899,50
1,200,d1,ecdf,0.66,0.005547620313277895,1.682992898889671e-4,0.07699935418836971,-0.14614661808805823,-0.04236211172877914,0.04943972287454087,0.115130416848898,50
1,200,d1,ecdf,0.67,-0.01601961193847719,-0.015842512956815116,0.07564540528546787,-0.14777544325732983,-0.05793050755411403,0.022658033944514305,0.11197630963823937,50
1,200,d1,ecdf,0.68,-0.024490391557479025,-0.029434044494314006,0.07583361976615731,-0.16449746501803447,-0.07032968978787038,0.016694536934271288,0.09748299574339878,50
1,200,d1,ecdf,0.6900000000000001,-0.037568504956239764,-0.04161652885926745,0.07209763666482852,-0.16606509996158852,-0.08507246218874451,0.00475449620104893,0.07523341642824202,50
1,200,d1,ecdf,0.7000000000000001,-0.05297864478460047,-0.056273694059336236,0.07317164858204406,-0.1869432146151875,-0.10429123188962901,-0.013343619961443648,0.06435150085477676,50
1,200,d1,ecdf,0.7100000000000001,-0.0737130738388552,-0.07126517140868244,0.06869987235925318,-0.18595295838787623,-0.11405994842405853,-0.021275298993648637,0.038668272963297105,50
1,200,d1,ecdf,0.72,-0.08641904348894752,-0.08398491889267816,0.06945628050614222,-0.20977852338490316,-0.1336235624306037,-0.03687603946204475,0.027785132661613768,50
1,200,d1,ecdf,0.73,-0.105692834744596,-0.09894855829339162,0.06855103390147965,-0.22405920917912675,-0.13994463748357572,-0.04639309246330423,0.002231339653846171,50
1,200,d1,ecdf,0.74,-0.1161486425907684,-0.11027931529728109,0.06750966590093904,-0.2260168333580258,-0.14212412899402918,-0.06823528689487085,-0.008966916527876054,50
1,200,d1,ecdf,0.75,-0.12434709601687263,-0.12171397712282382,0.06576529102623649,-0.2309325446664272,-0.1631851479603768,-0.07058182958661716,-0.02478560677710936,50
1,200,d1,ecdf,0.76,-0.13733236211075503,-0.13168070753677613,0.06284455774458653,-0.2412294372605463,-0.1721417667766163,-0.0827320795669359,-0.04744232854341317,50
1,200,d1,ecdf,0.77,-0.14933152459228435,-0.14191846450021803,0.062713955650493855,-0.24653578845796714,-0.18419711996665197,-0.08905909995989016,-0.058465955538004155,50
1,200,d1,ecdf,0.78,-0.1604335649845811,-0.15177637945374386,0.06281499396445409,-0.25117195725724895,-0.1904358152883799,-0.09623065436890142,-0.07018668713680293,50
1,200,d1,ecdf,0.79,-0.17560730246603287,-0.1622580302862541,0.061541107312345744,-0.26418601909433337,-0.20092585587286935,-0.11715534495152402,-0.06760800621857868,50
1,200,d1,ecdf,0.8,-0.186156113469204,-0.17113379240743468,0.061554899354459916,-0.2784187797297435,-0.20138850501769429,-0.12905849948415454,-0.07520175927828927,50
1,200,d1,ecdf,0.81,-0.19136517439111603,-0.17909701951662665,0.06268086316631899,-0.29579162640923623,-0.21013190150770925,-0.13041324154173972,-0.0876110024716381,50
1,200,d1,ecdf,0.8200000000000001,-0.19948947337904355,-0.18663440150462227,0.06046545213640948,-0.2985100345788112,-0.21878932144597912,-0.14572946563725803,-0.09421559913727509,50
1,200,d1,ecdf,0.8300000000000001,-0.20378048127166765,-0.19185744644559807,0.0592713013051625,-0.29623101670784224,-0.22470918246335847,-0.14859741956069236,-0.09924525903972747,50
1,200,d1,ecdf,0.8400000000000001,-0.21402921056081117,-0.19981848033490623,0.058885944033665406,-0.2991489845924241,-0.23378905093391925,-0.1550731155162996,-0.10281320519070136,50
1,200,d1,ecdf,0.85,-0.2205302934685519,-0.20548552958910102,0.05638409901574313,-0.29265701974133407,-0.23925094424858206,-0.16487340726501382,-0.11093903395571295,50
1,200,d1,ecdf,0.86,-0.22557186709716862,-0.21307703359627136,0.05603032211548851,-0.29775576005337956,-0.24674052916135175,-0.17402073380817165,-0.1167606994659003,50
1,200,d1,ecdf,0.87,-0.22927472789159883,-0.2190799742276407,0.05312399806376465,-0.3001535192356166,-0.2532553431919863,-0.18002290250499708,-0.13025809194797172,50
1,200,d1,ecdf,0.88,-0.2317220374081191,-0.2243326200839404,0.052245073126360134,-0.30867005632120353,-0.2588530024444246,-0.1875932972391233,-0.13557616001680817,50
1,200,d1,ecdf,0.89,-0.23578471733568743,-0.22936781214201038,0.04986576824020886,-0.3151730890085144,-0.2609212326438224,-0.1965923754882104,-0.14521901509057103,50
1,200,d1,ecdf,0.9,-0.24134726136626117,-0.23285441257064385,0.04975638671867109,-0.31636848483004154,-0.26586509370467815,-0.19800283097691337,-0.15317616640659173,50
1,200,d1,ecdf,0.91,-0.24566202832543868,-0.23629342230936454,0.048646970687637237,-0.31459861888212426,-0.26701836414958446,-0.20428834617917027,-0.1620892549836256,50
1,200,d1,ecdf,0.92,-0.24880297801689807,-0.24219447523188767,0.04718478193182604,-0.3183325723388264,-0.27011684950318854,-0.2065787621959631,-0.16867651400637323,50
1,200,d1,ecdf,0.93,-0.2559204703889847,-0.24948169012619706,0.04648104511024213,-0.3219198747657577,-0.2803686695904045,-0.20821927977159355,-0.1744132828600889,50
1,200,d1,ecdf,0.94,-0.2601503856402284,-0.2539529322390758,0.04606101249721489,-0.32482022108888914,-0.2856434629586565,-0.2144375768130723,-0.18156814669221039,50
1,200,d1,ecdf,0.95,-0.26249734855781226,-0.2588049897909758,0.04721194068767676,-0.33241790693853634,-0.29331802541189067,-0.2177603411592943,-0.18448440088711815,50
1,200,d1,ecdf,0.96,-0.27170320172688467,-0.2639952302813903,0.045998196147281505,-0.3362554746575471,-0.2959942368174484,-0.23026232208342765,-0.18940599393080776,50
1,200,d1,ecdf,0.97,-0.27506615050344596,-0.2676291472673762,0.04515949141794556,-0.34374356808266027,-0.2992177247180392,-0.23730553809185756,-0.19756753562662638,50
1,200,d1,ecdf,0.98,-0.28119238249485246,-0.2723437242669763,0.04657558375491124,-0.3526940902792609,-0.2996638173872956,-0.23658812642949836,-0.2003849821263038,50
1,200,d1,ecdf,0.99,-0.28332909578239196,-0.27535236025549553,0.045019970118030044,-0.3471822123327333,-0.30323292662779466,-0.234248017225281,-0.20639266314836718,50
1,200,d1,ecdf,1,-0.28601951561913974,-0.27796450077546375,0.045989057776156,-0.35279051641762105,-0.3065795856182994,-0.23907661009488002,-0.20844391961984743,50
1,200,d1,logspline,0.01,1.2135736915826714,1.8319136408170436,2.081553527017097,-0.749575738272363,0.4194224802913753,3.1242160225795588,5.997915057204498,50
1,200,d1,logspline,0.02,1.8328793181405163,2.4354757087237906,2.0438400469518787,-0.10351831061848125,1.0486669673687208,3.7047699326982197,6.517197346865665,50
1,200,d1,logspline,0.03,2.1589453511662295,2.7485410584091743,2.003876926359593,0.2541168909917391,1.3889255588775198,3.993833457838342,6.740300916801711,50
1,200,d1,logspline,0.04,2.365357528921911,2.9410476963557115,1.9617282014179438,0.49323050336748414,1.610102183941799,4.1613487368581685,6.837339223260393,50
1,200,d1,logspline,0.05,2.50537794707685,3.06629286265973,1.9174783341358053,0.6670692710997923,1.765448156410581,4.260619316276455,6.861842640663692,50
1,200,d1,logspline,0.06,2.6027502203440873,3.148057923767399,1.8712289386669125,0.7993525711107459,1.878688660265694,4.315435448833165,6.837872448164513,50
1,200,d1,logspline,0.06999999999999999,2.6701596765246607,3.1990688831848333,1.8230951939747768,0.9027349790286336,1.962485266846771,4.338535183760983,6.778469467725872,50
1,200,d1,logspline,0.08,2.7151979052275,3.2269601650805426,1.7732021425660904,0.9847721354866208,2.024401742824959,4.337568570831737,6.691605742242808,50
1,200,d1,logspline,0.09,2.746653348340807,3.23669152153204,1.7216810749828362,1.050339696252994,2.0693228345914876,4.317514730344259,6.582589909691066,50
1,200,d1,logspline,0.1,2.764985405391878,3.2316817798593456,1.6686662781669115,1.1027711785769365,2.1005897413254404,4.281815566813208,6.45519071038869,50
1,200,d1,logspline,0.11,2.771797790235703,3.214398670049312,1.6142922988699426,1.1444523798657915,2.120591454257587,4.232965364573459,6.3122182545425085,50
1,200,d1,logspline,0.12,2.76889421110244,3.186690507825819,1.5586918797808464,1.177153383663774,2.131097650642924,4.172842006777706,6.1558489303295225,50
1,200,d1,logspline,0.13,2.7576602068177363,3.1499843298125914,1.5019945240896293,1.2022267004135019,2.133457832456616,4.102904551092397,5.987818623926581,50
1,200,d1,logspline,0.14,2.7354755016892502,3.1054099839773346,1.444325761528735,1.2207317967181772,2.12872640968452,4.024316894635406,5.809543783085374,50
1,200,d1,logspline,0.15000000000000002,2.705018594811744,3.0538811687523535,1.3858069584914987,1.2335165544870217,2.1177445083270694,3.9353164575492605,5.622200820395042,50
1,200,d1,logspline,0.16,2.668621849314746,2.9961503207411946,1.3265555637957496,1.241272366924652,2.0997307156820053,3.8263120660874046,5.426780373534491,50
1,200,d1,logspline,0.17,2.626868295405167,2.932847781356403,1.2666857685997357,1.244572473268727,2.0735846774723177,3.7078085319206275,5.224125783165704,50
1,200,d1,logspline,0.18000000000000002,2.5802487675649615,2.864511886928587,1.2063108529020383,1.2432220328187555,2.042878562797034,3.5786328842194752,5.014961299025611,50
1,200,d1,logspline,0.19,2.5316672875348623,2.7916114627959683,1.1455466255287978,1.2375776630022846,2.008058116588488,3.4503302318301268,4.805636119011444,50
1,200,d1,logspline,0.2,2.482922519782193,2.7145639580062366,1.0845146024533738,1.2340112714086624,1.9695217713620008,3.314129427706269,4.60407063426873,50
1,200,d1,logspline,0.21,2.4304851510383445,2.633747908767733,1.023341890252094,1.233775019484738,1.9276302919750203,3.184608481781492,4.397716150308256,50
1,200,d1,logspline,0.22,2.3752799841179835,2.54951452644007,0.9621656794680654,1.230811750106172,1.8819935354445896,3.0848231961227173,4.187005506736007,50
1,200,d1,logspline,0.23,2.3226122404582883,2.462213751315099,0.9011560126690911,1.2253380280668653,1.8315213186732422,2.9961257525996032,3.9732665228101456,50
1,200,d1,logspline,0.24,2.2671397969344445,2.372217152402622,0.8405293172783981,1.2171128282316293,1.7744930973609394,2.869102634257661,3.7634362842332756,50
1,200,d1,logspline,0.25,2.2090797303061493,2.2799289334812514,0.7805500297688128,1.2064230802679146,1.7068366142336333,2.7641144430709206,3.5515318030598677,50
1,200,d1,logspline,0.26,2.1308912223963117,2.18578402017747,0.7215202444373203,1.193743598219057,1.6338508298577967,2.629789080476307,3.3385710308928913,50
1,200,d1,logspline,0.27,2.0431737723610786,2.0902454250066533,0.6637691476269387,1.1792203117370539,1.5665887837993475,2.4724174331707567,3.125621476849634,50
1,200,d1,logspline,0.28,1.9625584833676126,1.9938017477180643,0.6076500677505838,1.1629877575225276,1.5182866291014274,2.3425254629998604,2.945923853285005,50
1,200,d1,logspline,0.29000000000000004,1.877262901304026,1.896972626556849,0.553560052526181,1.1384257695391031,1.4627032395149955,2.2185332706683085,2.7690286259751797,50
1,200,d1,logspline,0.3,1.768664274174629,1.8003412064035298,0.5020106516638785,1.1105721126498642,1.4195246993972956,2.0498776630482456,2.550432975018046,50
1,200,d1,logspline,0.31,1.6766974846462024,1.7045538313437827,0.4536177350937147,1.081559116005494,1.3767223747854778,1.9113591558270668,2.3361339080908694,50
1,200,d1,logspline,0.32,1.591839165842108,1.6102780316387821,0.4089906004716271,1.050997102558707,1.332901724251441,1.8321293374807501,2.1979925014456305,50
1,200,d1,logspline,0.33,1.4966448423141099,1.5181658926804116,0.3686155187463847,1.019019751044906,1.2871458887197935,1.7472316246296853,2.0856108188561153,50
1,200,d1,logspline,0.34,1.4018184851755542,1.4288133355757566,0.3327540943023007,0.9862731017317672,1.2266861969662233,1.6597055010862454,1.9258717026110446,50
1,200,d1,logspline,0.35000000000000003,1.3045959398733096,1.342661729990125,0.3013819326135283,0.9466635240397218,1.1384944515427227,1.5371289861847042,1.7774951862403259,50
1,200,d1,logspline,0.36000000000000004,1.2162336521469281,1.259968202288637,0.2742817428511159,0.895294195165972,1.0835380748433816,1.4372840051831555,1.6621077280382068,50
1,200,d1,logspline,0.37,1.1165455290770614,1.180838778459281,0.2511533920357187,0.84306255575335,1.0063416632195716,1.3468065995058405,1.5607268553194111,50
1,200,d1,logspline,0.38,1.0456591228825545,1.1052768736388217,0.23165727176981307,0.7920210501003105,0.9372997848409901,1.2614967192104594,1.4617220954590102,50
1,200,d1,logspline,0.39,0.9878302720438605,1.0332370676905365,0.21540338213453947,0.7439499741607809,0.8671276290330839,1.180158492517031,1.3665929680945021,50
1,200,d1,logspline,0.4,0.9342089950703728,0.9646366480496219,0.20192064002733334,0.6972524892911833,0.8073159046201812,1.1038238246678573,1.2872424881858033,50
1,200,d1,logspline,0.41,0.8807052556503642,0.8993667628385938,0.19069253215025217,0.6525707998131776,0.7514315836721268,1.0293479183599508,1.2115252940170458,50
1,200,d1,logspline,0.42,0.8330015940803213,0.83730316975528,0.18121712909671187,0.5931406275447297,0.6877588296323212,0.9591495687894613,1.1377402440739983,50
1,200,d1,logspline,0.43,0.7804190164157072,0.7783123876531144,0.17305112968640207,0.5423959537170326,0.6397551369237086,0.8903868781649334,1.0660938403566176,50
1,200,d1,logspline,0.44,0.7207125073750429,0.7222550196649038,0.16583394997695128,0.49217534284512743,0.6011841545761132,0.8226267145049847,0.996780519030064,50
1,200,d1,logspline,0.45,0.6652113251723579,0.668990608968412,0.1592919626457595,0.4448382441927808,0.5565809088102043,0.7615429469066488,0.9311258260310211,50
1,200,d1,logspline,0.46,0.6178443899680589,0.6183794537363769,0.1532306343765244,0.4018714419291303,0.5164593253299483,0.7102712693678296,0.8683712787795059,50
1,200,d1,logspline,0.47,0.568031012864822,0.570284982257384,0.14752113124939537,0.36240008020983216,0.4635482957725997,0.6632997020241247,0.8169633169443783,50
1,200,d1,logspline,0.48,0.5276505608690167,0.5245759864537084,0.1420857801396911,0.3260652254525014,0.40666599219779176,0.6142714444195705,0.7730922011051753,50
1,200,d1,logspline,0.49,0.48866184873650514,0.4811267473748446,0.13688499615117494,0.29072607922797056,0.36916276914509605,0.5658302383554152,0.7298980923609348,50
1,200,d1,logspline,0.5,0.44246086803009455,0.43981852471310245,0.13190306409487934,0.25487800973746033,0.32886504008035206,0.5269208506218829,0.687456379797839,50
1,200,d1,logspline,0.51,0.40150322008819483,0.4005415856230824,0.12713757126376912,0.22128648964508785,0.29893325128870535,0.48515219264222653,0.6458393199723098,50
1,200,d1,logspline,0.52,0.36463485880341784,0.3631967973854464,0.12259149237982124,0.18933167324858202,0.27060331149892125,0.43332024259701113,0.6041961830696319,50
1,200,d1,logspline,0.53,0.330610761348065,0.327693531364599,0.11826916919780317,0.15926465100625664,0.24277491814322166,0.3889517476874865,0.5557669526215312,50
1,200,d1,logspline,0.54,0.2951693471480401,0.29394802182178914,0.11417302999311071,0.1311707678606562,0.2155103641927097,0.3553528062261507,0.509086968928107,50
1,200,d1,logspline,0.55,0.26175322974384163,0.2618823741531109,0.11030100597081656,0.1024974253303769,0.18970439611413142,0.32288751134223065,0.4642069190178544,50
1,200,d1,logspline,0.56,0.23065486940320978,0.23142300127291193,0.10664605036119168,0.0747345798586313,0.16523488493691343,0.29084799949934054,0.4211672850269107,50
1,200,d1,logspline,0.5700000000000001,0.2003534493025074,0.20249899645175573,0.10319686788764983,0.048426442754733026,0.14435001487828475,0.25752763023366454,0.37999942187419755,50
1,200,d1,logspline,0.5800000000000001,0.17194540592507307,0.17504178907748952,0.09993909887536254,0.024027157314355046,0.11909768901748927,0.2273119343646658,0.34072605254447813,50
1,200,d1,logspline,0.59,0.14589091961784809,0.14898537040404045,0.09685615685087329,0.0014302864728641482,0.091540462023563,0.19970229550651541,0.3033563348438161,50
1,200,d1,logspline,0.6,0.1206711212286328,0.12426633932307149,0.09393025396022668,-0.02014362129101592,0.07280642268325509,0.17650180069715887,0.2678810855178394,50
1,200,d1,logspline,0.61,0.0988347872347341,0.10082374531524166,0.09114364961278736,-0.04110484692929093,0.04632233129256608,0.15448979244399674,0.2342752154979889,50
1,200,d1,logspline,0.62,0.07793400482559104,0.07859884719622534,0.08847960709208445,-0.06108779877279779,0.018418221689036673,0.1331375482653102,0.2025006539433919,50
1,200,d1,logspline,0.63,0.06047895122150958,0.05753439950785935,0.08592348816773589,-0.0805403346833104,-0.0026196855049052076,0.11352981095222778,0.17250884893626972,50
1,200,d1,logspline,0.64,0.04396298239612714,0.03757263940186507,0.08346465448881384,-0.09908659191720731,-0.02315798554834855,0.09355622225993271,0.14431768968585268,50
1,200,d1,logspline,0.65,0.025004995671801228,0.018654871181608565,0.08109727432244393,-0.11641404660899973,-0.04216718587980246,0.07336778769379845,0.11799072271981785,50
1,200,d1,logspline,0.66,0.006743401266920475,7.231116955741556e-4,0.07881922714656299,-0.1326036715209767,-0.05993172933620173,0.05379823009358799,0.0967657128287687,50
1,200,d1,logspline,0.67,-0.010627040544958406,-0.016278217545364054,0.07663019464484595,-0.14773092675523597,-0.0752616677017229,0.035320410097959304,0.07779319960960657,50
1,200,d1,logspline,0.68,-0.02584099069984883,-0.03240158265768814,0.07453031446332083,-0.16186602150637747,-0.08908564115471942,0.0168763293249985,0.0599438459690341,50
1,200,d1,logspline,0.6900000000000001,-0.03811838001124725,-0.04769610412731809,0.0725196070319961,-0.1750745341060767,-0.10204892190163237,0.0011040544302104269,0.04313317847190114,50
1,200,d1,logspline,0.7000000000000001,-0.05475452298728893,-0.06220761799630959,0.07059769532473338,-0.18656704864208512,-0.11495971300121727,-0.011199329523036513,0.027279041389732382,50
1,200,d1,logspline,0.7100000000000001,-0.06898478516728546,-0.07597890221011507,0.068763743566442,-0.1967068407429151,-0.1270622026351658,-0.027276463790477747,0.012303448314552073,50
1,200,d1,logspline,0.72,-0.08249273802081353,-0.08904982105206155,0.0670166211161278,-0.20626226374620946,-0.13838089335179032,-0.039586939816051235,-0.0014997510617587402,50
1,200,d1,logspline,0.73,-0.0953112267556668,-0.10145753841974406,0.06535502707264164,-0.21527077677025763,-0.14803490776547718,-0.054830226719762704,-0.01373708436564696,50
1,200,d1,logspline,0.74,-0.10780701021161415,-0.113236819240707,0.06377746653776989,-0.22376652467199826,-0.15590805621760292,-0.07172662522847899,-0.02544007403758354,50
1,200,d1,logspline,0.75,-0.1211481132671679,-0.12442029754359457,0.06228223717700454,-0.23178071735442554,-0.16399952040772936,-0.08780965327851672,-0.036642835523875913,50
1,200,d1,logspline,0.76,-0.13382803161016904,-0.13503869539857452,0.06086742644555153,-0.24061327164727214,-0.17231326459785853,-0.09759918227814893,-0.04739388731432684,50
1,200,d1,logspline,0.77,-0.1461935406350991,-0.14512097973729052,0.059530891296005445,-0.2490023947567829,-0.1810766555822738,-0.10504830980198962,-0.05741679731902437,50
1,200,d1,logspline,0.78,-0.15777624432310514,-0.1546945188954961,0.05827028253944518,-0.2568187971788113,-0.18949299198430392,-0.11224105898126696,-0.06697707706479483,50
1,200,d1,logspline,0.79,-0.16677934775008166,-0.1637852106289528,0.057083096480805416,-0.2640932042662749,-0.1988401043453255,-0.11918990421511949,-0.0759628213127235,50
1,200,d1,logspline,0.8,-0.17493566279538353,-0.17241757055792126,0.05596672765358143,-0.2708552112189401,-0.20649893584794538,-0.1261308282897458,-0.08422004376459132,50
1,200,d1,logspline,0.81,-0.183144804875645,-0.18061485026979668,0.054918516429216704,-0.27713334861914574,-0.213757109325148,-0.13548517575075883,-0.09258883329983722,50
1,200,d1,logspline,0.8200000000000001,-0.19307077410368859,-0.18839915161527535,0.053935791150552075,-0.28295514319936377,-0.2191072918661217,-0.14294748029455964,-0.10182358219283227,50
1,200,d1,logspline,0.8300000000000001,-0.20238626321626935,-0.19579151940644493,0.05301588630958553,-0.28834717472762905,-0.22634265210394772,-0.15014308381743327,-0.11067320028169186,50
1,200,d1,logspline,0.8400000000000001,-0.20804975908046264,-0.20281197122503147,0.05215604638917903,-0.2933351297688178,-0.23292969768234065,-0.15708116052307614,-0.11925076306687954,50
1,200,d1,logspline,0.85,-0.2175909957481878,-0.2094795150869096,0.05135336247901778,-0.29794385284111213,-0.24139317306621805,-0.1642435267953755,-0.12958036736181333,50
1,200,d1,logspline,0.86,-0.22754904972929313,-0.2158121916815016,0.050604781794162695,-0.3021972873262958,-0.24527381671972065,-0.172783624047851,-0.1393217257785439,50
1,200,d1,logspline,0.87,-0.23401667236352314,-0.22182711551705545,0.04990710352064696,-0.30611791617585443,-0.25024784822415763,-0.18061038730413517,-0.14704630196301494,50
1,200,d1,logspline,0.88,-0.2376328029703961,-0.22754047548410045,0.049256971688405066,-0.3097265331704715,-0.2561233647091,-0.18818377798537034,-0.1530203219381805,50
1,200,d1,logspline,0.89,-0.2405943153463065,-0.23296735242911334,0.04865096305760116,-0.31306099778136565,-0.2622361406870708,-0.1955105314946789,-0.1587225388104121,50
1,200,d1,logspline,0.9,-0.24557789571943833,-0.23812143721941523,0.04808581494003878,-0.31613550716936994,-0.2685507395708905,-0.20259705171078302,-0.16419871748131298,50
1,200,d1,logspline,0.91,-0.2519720108736346,-0.24301549937021413,0.047558345222219266,-0.31894274412892953,-0.2747001045632653,-0.20874954825537134,-0.16947906112391187,50
1,200,d1,logspline,0.92,-0.25799500683674476,-0.2476616029866816,0.047065435180180235,-0.32149947703568876,-0.2806758694689118,-0.2141464062070932,-0.17457174307629245,50
1,200,d1,logspline,0.93,-0.26158215984027416,-0.2520711645810633,0.0466040603064232,-0.3238213056978029,-0.2836409467153448,-0.21935134042479024,-0.17948439845731196,50
1,200,d1,logspline,0.94,-0.2655320534819805,-0.25625500397746065,0.04617131262511643,-0.32592276825507305,-0.2877095806782421,-0.22437048680091096,-0.1840017733018029,50
1,200,d1,logspline,0.95,-0.2695846309955152,-0.260223390109395,0.045764414833700424,-0.3278174362460996,-0.2926360123501146,-0.2285430539531744,-0.1881386610498828,50
1,200,d1,logspline,0.96,-0.27217493696031253,-0.26398608019371256,0.045380728402619884,-0.32951799936882464,-0.2966160925762357,-0.23232749260461488,-0.19266151025048148,50
1,200,d1,logspline,0.97,-0.27458674216475076,-0.26755235183762777,0.0450177558152496,-0.3310363412367779,-0.2984607696782667,-0.2361582455200712,-0.19685683023255743,50
1,200,d1,logspline,0.98,-0.2774405046636521,-0.27093102856969975,0.044673134860663266,-0.3323836072467925,-0.30039244650139274,-0.24109488730583542,-0.20086170773985673,50
1,200,d1,logspline,0.99,-0.280761917533107,-0.2741304731953291,0.04434465580783944,-0.3335702655173737,-0.3027747759901352,-0.24520047314035104,-0.20496792421104632,50
1,200,d1,logspline,1,-0.2839474958222574,-0.27715856482347045,0.04403029495534674,-0.33460616172489177,-0.30535965784289554,-0.24786958892656502,-0.20910185172048165,50
1,200,d2,ecdf,0.01,Inf,Inf,NA,Inf,Inf,Inf,Inf,0
1,200,d2,ecdf,0.02,Inf,Inf,NA,Inf,Inf,Inf,Inf,0
1,200,d2,ecdf,0.03,Inf,Inf,NA,Inf,Inf,Inf,Inf,0
1,200,d2,ecdf,0.04,Inf,Inf,NA,Inf,Inf,Inf,Inf,0
1,200,d2,ecdf,0.05,Inf,Inf,NA,Inf,Inf,Inf,Inf,0
1,200,d2,ecdf,0.06,Inf,Inf,NA,Inf,Inf,Inf,Inf,0
1,200,d2,ecdf,0.06999999999999999,Inf,Inf,NA,Inf,Inf,Inf,Inf,0
1,200,d2,ecdf,0.08,Inf,Inf,NA,Inf,Inf,Inf,Inf,0
1,200,d2,ecdf,0.09,Inf,Inf,NA,Inf,Inf,Inf,Inf,0
1,200,d2,ecdf,0.1,Inf,Inf,NA,Inf,Inf,Inf,Inf,0
1,200,d2,ecdf,0.11,Inf,Inf,NA,Inf,Inf,Inf,Inf,0
1,200,d2,ecdf,0.12,Inf,Inf,NA,Inf,Inf,Inf,Inf,0
1,200,d2,ecdf,0.13,Inf,Inf,NA,Inf,Inf,Inf,Inf,0
1,200,d2,ecdf,0.14,Inf,Inf,NA,Inf,Inf,Inf,Inf,0
1,200,d2,ecdf,0.15000000000000002,Inf,Inf,NA,Inf,Inf,Inf,Inf,1
1,200,d2,ecdf,0.16,Inf,Inf,NA,Inf,Inf,Inf,Inf,2
1,200,d2,ecdf,0.17,Inf,Inf,NA,Inf,Inf,Inf,Inf,2
1,200,d2,ecdf,0.18000000000000002,Inf,Inf,NA,1.1633764493756555,Inf,Inf,Inf,5
1,200,d2,ecdf,0.19,Inf,Inf,NA,1.3242170370144415,Inf,Inf,Inf,5
1,200,d2,ecdf,0.2,Inf,Inf,NA,1.476663336625614,Inf,Inf,Inf,6
1,200,d2,ecdf,0.21,Inf,Inf,NA,1.6215279045767974,Inf,Inf,Inf,7
1,200,d2,ecdf,0.22,Inf,Inf,NA,1.7595098603993158,Inf,Inf,Inf,12
1,200,d2,ecdf,0.23,Inf,Inf,NA,1.891215073029628,1.891215073029628,Inf,Inf,16
1,200,d2,ecdf,0.24,Inf,Inf,NA,1.3240248671482528,2.0171720477081982,Inf,Inf,18
1,200,d2,ecdf,0.25,2.1378445676116056,Inf,NA,1.4446973870516604,2.1378445676116056,Inf,Inf,27
1,200,d2,ecdf,0.26,2.2536418545920247,Inf,NA,1.5604946740320793,2.2536418545920247,Inf,Inf,34
1,200,d2,ecdf,0.27,2.3649268112650765,Inf,NA,1.2663145225969668,1.6717796307051311,2.3649268112650765,Inf,39
1,200,d2,ecdf,0.28,2.472022763425328,Inf,NA,1.2151853349087385,1.7788755828653822,2.472022763425328,Inf,42
1,200,d2,ecdf,0.29000000000000004,2.2286454284844646,Inf,NA,0.9657811063303368,1.4766067300963277,2.5752190187644373,Inf,45
1,200,d2,ecdf,0.3,1.981628302264248,Inf,NA,0.798233139691146,1.5761631941560834,2.674775482824193,Inf,46
1,200,d2,ecdf,0.31,1.8750467831616584,Inf,NA,0.8250163687203725,1.3846321566557955,2.0777793372157407,2.770926517775686,48
1,200,d2,ecdf,0.32,1.7652718996738908,Inf,NA,0.7844426466621646,1.2544462759079,2.1707370077820554,2.8638841883420008,49
1,200,d2,ecdf,0.33,1.455974871298963,Inf,NA,0.651255915081913,1.04646852897746,1.855228719407849,2.6419247768239815,49
1,200,d2,ecdf,0.34,1.3403735847014566,1.4235248821101316,0.5441554227348087,0.6430770027341639,0.9949135820088293,1.654677914412644,2.165365796323914,50
1,200,d2,ecdf,0.35000000000000003,1.179527922641418,1.2724718177997665,0.4865488951716225,0.5965079326882863,0.9282134943605124,1.516000159262631,2.0268257830286216,50
1,200,d2,ecdf,0.36000000000000004,1.1279434342684518,1.1754439441825906,0.4296160550667824,0.5303815670152058,0.904799882954242,1.4156255067202326,2.1087726872801777,50
1,200,d2,ecdf,0.37,1.0370427116878715,1.0573285956814553,0.3835892533881555,0.4222970751848163,0.8237937413124112,1.3076545496415601,1.6775096344189038,50
1,200,d2,ecdf,0.38,0.9228486441320278,0.9357106592518736,0.3420743143998383,0.39159931434562,0.7251922758099546,1.167025028088994,1.5031223302748917,50
1,200,d2,ecdf,0.39,0.8003480220427913,0.850638054245303,0.30604145110831793,0.3912524792116804,0.6213481630559425,1.0415100788596796,1.433406075921701,50
1,200,d2,ecdf,0.4,0.8044701385557917,0.8018687778400705,0.27601063732800024,0.37362162895538964,0.5815981658091303,1.0076030129516176,1.209935246663956,50
1,200,d2,ecdf,0.41,0.6933205744429614,0.7188554012644504,0.2508783442461553,0.32559579431764424,0.5042798828895336,0.8756421312369161,1.098785682551126,50
1,200,d2,ecdf,0.42,0.6572797795421947,0.6601634563599301,0.23308769118903347,0.28286146360315856,0.4749582227482402,0.8197987090399698,1.0139547234809272,50
1,200,d2,ecdf,0.43,0.6072955143620277,0.5927304578975525,0.2004522998757245,0.2521904481808805,0.4624673109842784,0.7126340344094115,0.9206940469485833,50
1,200,d2,ecdf,0.44,0.5675504528940755,0.5316366307827147,0.17794506946835453,0.26006575314611474,0.41913044777580216,0.6509320618331266,0.8419872985958358,50
1,200,d2,ecdf,0.45,0.4664260228106868,0.4777071349267934,0.17464728687654552,0.2397547159907772,0.384936725835275,0.5925760906135197,0.7652128907190014,50
1,200,d2,ecdf,0.46,0.44763548334932984,0.43554438155322756,0.1607866290441847,0.18654566607626527,0.30930321705186054,0.537600168243662,0.6944955612808557,50
1,200,d2,ecdf,0.47,0.4192385823934991,0.3935816002602966,0.1443718391400023,0.15583575541726674,0.29203664176504907,0.47807908241643265,0.6265910397926372,50
1,200,d2,ecdf,0.48,0.32080640798079985,0.34382692354995653,0.1451989830331403,0.11146402424406288,0.2501888407668466,0.45085953622899766,0.5686425718853811,50
1,200,d2,ecdf,0.49,0.3316031470093903,0.3078513882289432,0.14349408831610933,0.06745157196780344,0.22160225179506185,0.40392380858901633,0.5092843242468427,50
1,200,d2,ecdf,0.5,0.27871299094530605,0.2653531035258474,0.1382624764192447,0.06313264287346776,0.1609299552889226,0.3657243679349358,0.47495934213061997,50
1,200,d2,ecdf,0.51,0.24499274865586979,0.23331402219326508,0.13087400741607064,0.03835017876819172,0.13249672915675,0.33455955381475344,0.39909807495232474,50
1,200,d2,ecdf,0.52,0.21733867750999408,0.20076547149105883,0.12279566887855829,0.01189470329518513,0.10150686198487242,0.27140589878026994,0.3799102551954222,50
1,200,d2,ecdf,0.53,0.1708377446346203,0.16596579144499968,0.11951800071206377,-0.0036416346993084,0.0797399742397426,0.23630903493128264,0.34561961266329344,50
1,200,d2,ecdf,0.54,0.14666433532276657,0.14381290703933458,0.12065935392505729,-0.04054720676537973,0.05203968204559814,0.2390376554537818,0.33285554006899365,50
1,200,d2,ecdf,0.55,0.09991811308882396,0.11545174973104559,0.11477162176100665,-0.05478767473244177,0.01068697936088122,0.20900983578788324,0.290271841580043,50
1,200,d2,ecdf,0.56,0.06086727175414943,0.07695219445757857,0.1157285802980155,-0.06501297413485334,-0.00975029545980376,0.16352142581423298,0.25622711102412316,50
1,200,d2,ecdf,0.5700000000000001,0.05084031627372925,0.051197942642671114,0.10981175271164989,-0.0893717818949452,-0.02654634734169089,0.1222992802558743,0.23387532095270658,50
1,200,d2,ecdf,0.5800000000000001,0.005813122405426346,0.020476567243746076,0.10350194539638667,-0.11808864679427186,-0.05758407523390327,0.09901754528503112,0.19682382365709264,50
1,200,d2,ecdf,0.59,-0.0225787950818016,0.004430852283550995,0.10759552118353749,-0.1414399979585304,-0.067655435810807,0.0849850647935531,0.1813333943045206,50
1,200,d2,ecdf,0.6,-0.02367880532040606,-0.012772741360641382,0.10482895887064482,-0.14186489831801108,-0.09513776930255116,0.0837414433004307,0.14759291528696336,50
1,200,d2,ecdf,0.61,-0.04103305327869251,-0.030377916894829292,0.10247281505902439,-0.16091088005272347,-0.12244442790624746,0.057078004576327154,0.11889378780116584,50
1,200,d2,ecdf,0.62,-0.0678287028623783,-0.044183987802066164,0.10162245160741838,-0.2010397142285314,-0.1248773473884103,0.03663188881832477,0.10932740948643155,50
1,200,d2,ecdf,0.63,-0.08306055800962359,-0.06098872268172489,0.09490043172927021,-0.19647882456784976,-0.12787329731677186,0.02142300404568831,0.0916272627189368,50
1,200,d2,ecdf,0.64,-0.09586741215354652,-0.0804077745357208,0.09364850910458802,-0.21897217378809103,-0.14173734543017277,-0.00128550996107636,0.0651951609514475,50
1,200,d2,ecdf,0.65,-0.10992516320088752,-0.09824251063374949,0.09043197120622971,-0.24418296321668337,-0.14678607980362746,-0.015127355111394306,0.04163769662001711,50
1,200,d2,ecdf,0.66,-0.125000548434046,-0.11562137873532345,0.09108859967233558,-0.27255139634244197,-0.1737871659279671,-0.05138873109080007,0.0322264033629074,50
1,200,d2,ecdf,0.67,-0.1377997328720085,-0.12986237798640046,0.08765514655151657,-0.2760147795300417,-0.17678985560678978,-0.06487193940280443,0.004689264199154136,50
1,200,d2,ecdf,0.68,-0.15152569961918663,-0.14403926509137774,0.08200400051318893,-0.28574338714348857,-0.1968518888731287,-0.07470989943684038,-0.014758002283227364,50
1,200,d2,ecdf,0.6900000000000001,-0.16323106147532881,-0.1570445493050562,0.08090048565444635,-0.2778878894871416,-0.21685674936497598,-0.09187791722709177,-0.03023468732407214,50
1,200,d2,ecdf,0.7000000000000001,-0.1783963075396597,-0.1734494580101531,0.07362840549034168,-0.29249650629798596,-0.23053890756812648,-0.11646875839266436,-0.05606549738276224,50
1,200,d2,ecdf,0.7100000000000001,-0.1914987478887562,-0.18584059139973946,0.07275334557540668,-0.29980838970581497,-0.23992903384199255,-0.1300910634650052,-0.06630922533019419,50
1,200,d2,ecdf,0.72,-0.20513837780169025,-0.1986927306453386,0.07266872779607181,-0.3147206180947912,-0.2557349996690634,-0.14312118838932286,-0.07912278202468231,50
1,200,d2,ecdf,0.73,-0.21019983976656093,-0.20899930026263275,0.06992077172492835,-0.31777715554475505,-0.26522255508909404,-0.15078449842143166,-0.09016203488475764,50
1,200,d2,ecdf,0.74,-0.22288604576934185,-0.21892269351579943,0.06898076641721347,-0.3319647481463162,-0.2630116995560445,-0.1720386793353728,-0.09915865324143998,50
1,200,d2,ecdf,0.75,-0.23801136884639304,-0.23204019558155692,0.06712718101535632,-0.33556292150559447,-0.28505051155303374,-0.17782738748601262,-0.1274061048551797,50
1,200,d2,ecdf,0.76,-0.24150287353293856,-0.23723022467147473,0.06747728270011986,-0.3428913852196327,-0.2886956837427401,-0.1826045475914208,-0.12622372473897248,50
1,200,d2,ecdf,0.77,-0.2498420835074397,-0.24428450005251376,0.06748909574783493,-0.352834535155243,-0.2914960426456758,-0.19045752075526284,-0.14427329261264532,50
1,200,d2,ecdf,0.78,-0.26244003920766457,-0.2533625068864558,0.06702253781754625,-0.35757410157335157,-0.301383013156272,-0.20006385811264515,-0.14739781355736753,50
1,200,d2,ecdf,0.79,-0.2631243827708416,-0.25914429664834093,0.06430602050952909,-0.3582724306126204,-0.30164051906083283,-0.2084270017148797,-0.16354932448320625,50
1,200,d2,ecdf,0.8,-0.2682970572096074,-0.26549320246385033,0.0628635477859162,-0.3614661601640631,-0.3126771567347896,-0.22185848271676137,-0.1672169653857951,50
1,200,d2,ecdf,0.81,-0.27908333989118433,-0.27306414336748847,0.062206304803462516,-0.37174668876760686,-0.32395550075735674,-0.22277403090972664,-0.171747669017984,50
1,200,d2,ecdf,0.8200000000000001,-0.2870340444056444,-0.2812709911498733,0.06028497783462713,-0.3702110792912704,-0.32876484358047675,-0.23625675665948792,-0.18049874530796906,50
1,200,d2,ecdf,0.8300000000000001,-0.2895860314495326,-0.2877116116919626,0.06102095267403451,-0.3783423920553237,-0.33637819295629157,-0.24676603426660448,-0.17704606407661347,50
1,200,d2,ecdf,0.8400000000000001,-0.2885875436027351,-0.2911096748334572,0.05935193554598688,-0.37246971462752826,-0.34714460113833023,-0.2515745155319935,-0.18563924831211231,50
1,200,d2,ecdf,0.85,-0.29564937052968376,-0.2965523329810865,0.05976776516401898,-0.3737666510126674,-0.3448553075182472,-0.2520015538538236,-0.20145909815408958,50
1,200,d2,ecdf,0.86,-0.2950945088311171,-0.30030284275267255,0.06053448424549839,-0.38257981065842006,-0.3538770059667472,-0.25907748328270486,-0.20289639694463787,50
1,200,d2,ecdf,0.87,-0.30991107759130754,-0.3061774228539298,0.0590710197336692,-0.3827161179646134,-0.3575839686183481,-0.26121227473268205,-0.21630777959433684,50
1,200,d2,ecdf,0.88,-0.30949451349397195,-0.3106353910831435,0.05886887538368754,-0.3863376616898104,-0.36069232384647215,-0.2641766904494649,-0.21584470399083458,50
1,200,d2,ecdf,0.89,-0.31364750985752865,-0.3164480473337165,0.05733470993100687,-0.38938275649442267,-0.36848332919336213,-0.2742821219249924,-0.22369006780160028,50
1,200,d2,ecdf,0.9,-0.32549446076867183,-0.32052997124204435,0.05752224066331984,-0.3919037100380113,-0.37209500092322095,-0.27847021579702375,-0.22261813787113063,50
1,200,d2,ecdf,0.91,-0.32598703498946824,-0.3255914111100499,0.05861433368316923,-0.40110098009303263,-0.37570426934111095,-0.28387406798007675,-0.22556592860448527,50
1,200,d2,ecdf,0.92,-0.3283584879290612,-0.3276898810648334,0.05726427589572994,-0.4084873757583411,-0.37614066554094394,-0.2874887522541846,-0.23046194276167076,50
1,200,d2,ecdf,0.93,-0.32595890010485074,-0.32835243543720616,0.056305187454018184,-0.4062527296164748,-0.37469634241508,-0.2894711962971809,-0.23472803113833718,50
1,200,d2,ecdf,0.94,-0.3339241530319741,-0.33098061330224565,0.05576336062528429,-0.40685918088062734,-0.37453778363837775,-0.2850036812597976,-0.23588697301303577,50
1,200,d2,ecdf,0.95,-0.3370844307177124,-0.33412837489381414,0.053634753389881974,-0.41094355563379376,-0.36670971575864997,-0.2938564939992143,-0.2484573613403223,50
1,200,d2,ecdf,0.96,-0.3417814389872995,-0.33629366328870663,0.05290641188962543,-0.40965316855236855,-0.37533688472523874,-0.2967580060144846,-0.24941265990839676,50
1,200,d2,ecdf,0.97,-0.34308054059209137,-0.33902602008431637,0.04959275425332612,-0.4085202206717924,-0.3808922283352001,-0.30927530025769356,-0.25963555703594565,50
1,200,d2,ecdf,0.98,-0.3450004679511841,-0.3413371331443758,0.050858268445559365,-0.4122910644679191,-0.3791214080647151,-0.3150067702464572,-0.2575084974927915,50
1,200,d2,ecdf,0.99,-0.3475014063971781,-0.3441921152905804,0.04939315669688513,-0.4114375791688478,-0.3802913531511772,-0.31123564541844106,-0.26758799899298713,50
1,200,d2,ecdf,1,-0.3487569371840721,-0.34590637630617804,0.046809372204731484,-0.4143245889967112,-0.3772865276071865,-0.3120265189706511,-0.26945469503792524,50
1,200,d2,logspline,0.01,-3.588721647199211,-2.6931864067635014,2.3456786650971053,-4.985873373159488,-4.373934870700655,-1.8095490839195292,1.938816781346048,50
1,200,d2,logspline,0.02,-2.2594578978594857,-1.3816866284492615,2.308108774379573,-3.63875715083375,-3.035241589301644,-0.5058209481530089,3.1741655416882293,50
1,200,d2,logspline,0.03,-1.5066527528261044,-0.6476928613954362,2.268325506598656,-2.8675684667094963,-2.272703278958753,0.2203822820637644,3.827561925606764,50
1,200,d2,logspline,0.04,-0.9905049922536704,-0.15137906507681198,2.2263927717346483,-2.3325085066712523,-1.7465203047870703,0.7088717420739695,4.238930073544163,50
1,200,d2,logspline,0.05,-0.6083664651498373,0.2137813227001443,2.182394812741712,-1.9270872077731536,-1.3502014607504504,1.0661545307590847,4.514929098016324,50
1,200,d2,logspline,0.06,-0.31008391742398106,0.49526704695823026,2.136432240150957,-1.6038701922942677,-1.0363109096296952,1.3396865694485727,4.703200347095716,50
1,200,d2,logspline,0.06999999999999999,-0.0693697158264536,0.7184326398906085,2.088617744043196,-1.3375536136406279,-0.7795430364224502,1.5547974991297817,4.829285871820487,50
1,200,d2,logspline,0.08,0.1288898627699798,0.8984386088638725,2.0390718695048484,-1.1130323981247536,-0.5647906991296276,1.726622138331641,4.908553054956288,50
1,200,d2,logspline,0.09,0.29444865540485377,1.0450876786791643,1.987919158964831,-0.920562513497275,-0.38230750771288785,1.8649378780488441,4.951025188909364,50
1,200,d2,logspline,0.1,0.43397166994248493,1.1650945809809214,1.9352848595484113,-0.7534898421644278,-0.22543670905399216,1.976435443560943,4.963645784475385,50
1,200,d2,logspline,0.11,0.5522178836514582,1.263267782954937,1.8812922905228426,-0.6070673067134431,-0.08942832542396284,2.0659013835644755,4.951455240570137,50
1,200,d2,logspline,0.12,0.6527061587426135,1.343174542819527,1.82606088150058,-0.47778887350519517,0.029226827902005367,2.136883668867528,4.918251436245508,50
1,200,d2,logspline,0.13,0.7381136531253778,1.4075386629842066,1.7697048334208063,-0.3629910571537132,0.13319562319518063,2.1920897855459978,4.866983721619578,50
1,200,d2,logspline,0.14,0.8105261243587216,1.458490319072601,1.7123323211899417,-0.26070989422663704,0.22455299601709247,2.2336367266599226,4.79999972807346,50
1,200,d2,logspline,0.15000000000000002,0.8716016332099585,1.4977294489272117,1.6540451428751652,-0.16927425234139742,0.3049457216405749,2.2632143943903706,4.719206466914995,50
1,200,d2,logspline,0.16,0.9226812733565188,1.526636346288534,1.5949387027177968,-0.08728260125487966,0.3757032315826394,2.2821960437933417,4.6261792640373836,50
1,200,d2,logspline,0.17,0.9648662426403924,1.5463487176018793,1.5351022593809929,-0.013649848918039484,0.4379154876793978,2.291715087389249,4.522237741868914,50
1,200,d2,logspline,0.18000000000000002,0.9990728238773627,1.5578166915943497,1.4746193991601477,0.05252378815753238,0.49248974666856316,2.292719831523493,4.408500301449675,50
1,200,d2,logspline,0.19,1.0260724556659513,1.5618429885635519,1.4135686589538157,0.11199322999036335,0.5401907628653754,2.2860133270152296,4.285924169623031,50
1,200,d2,logspline,0.2,1.0465214906540568,1.5591128895042967,1.3520242629683281,0.16539926626757684,0.5816702020677568,2.2722829328094836,4.155335500507366,50
1,200,d2,logspline,0.21,1.0675010677263577,1.550216888981247,1.2900570642152496,0.21329124421101076,0.617488868406153,2.2521226178587628,4.0174524593718255,50
1,200,d2,logspline,0.22,1.0843034847082582,1.5356680883321983,1.2277356899044927,0.25614416871979195,0.6481337515182934,2.2260500394186487,3.8729032445582883,50
1,200,d2,logspline,0.23,1.0961306882062143,1.515916212282881,1.165128027097953,0.2943719950386317,0.6740312735893115,2.1567403840344026,3.722240383461145,50
1,200,d2,logspline,0.24,1.1033524514174027,1.491359938551698,1.1023035083110058,0.3257865227767154,0.6942252782028635,2.0658072064522526,3.565961446470576,50
1,200,d2,logspline,0.25,1.1062955233955452,1.4623595353835326,1.0393402834707026,0.3522620797768302,0.7091430177495313,1.9699186715113375,3.404585742364083,50
1,200,d2,logspline,0.26,1.1052517853424,1.429250006221627,0.9763326121909456,0.3750419434627791,0.7203144441021438,1.8822141758917772,3.238707200044564,50
1,200,d2,logspline,0.27,1.10048735727124,1.3923528964108152,0.9133978263389818,0.3941032050555307,0.7280186303670735,1.825700884686154,3.069041965336484,50
1,200,d2,logspline,0.28,1.0922476626387312,1.3519870188098426,0.8506868431415002,0.4096151122614724,0.7325102864604518,1.7664730175258228,2.896930539610443,50
1,200,d2,logspline,0.29000000000000004,1.0807637574447173,1.3084823924628708,0.7884045129872478,0.42212461474259705,0.7340232288486304,1.7037651015550428,2.722787278574894,50
1,200,d2,logspline,0.3,1.0662595458432813,1.26218346666531,0.7268096075054167,0.43182941944251413,0.7327732439653183,1.6379494453316013,2.5632983822264013,50
1,200,d2,logspline,0.31,1.0489535996923725,1.2134450880826753,0.6662077583856709,0.4389126700672633,0.7289604646154747,1.5694261254534407,2.4277550035488344,50
1,200,d2,logspline,0.32,1.0290598491411762,1.1626391424863212,0.6069753435130478,0.4415387207957434,0.7227713524612804,1.4833500636046022,2.290686019751445,50
1,200,d2,logspline,0.33,1.0055580173097913,1.1101706072786006,0.5496040010607222,0.4382046153425095,0.7143803598557237,1.3908787118942811,2.1526696323868175,50
1,200,d2,logspline,0.34,0.9625981428960803,1.0564693899734605,0.4946706446908312,0.43278167602436884,0.7039513291385949,1.31619466102528,2.014275075596907,50
1,200,d2,logspline,0.35000000000000003,0.9414523873498528,1.0019781744462515,0.4427912930620757,0.4254419719690646,0.6916386758248081,1.2367406456746637,1.8034840692368188,50
1,200,d2,logspline,0.36000000000000004,0.9184639869967286,0.9471441761198062,0.3945809960342866,0.41635173734729103,0.6740395996049582,1.1737657531646708,1.5828022380569609,50
1,200,d2,logspline,0.37,0.8938136394516301,0.8924046406074925,0.3506098839502415,0.40567188391592257,0.6351673570951771,1.1130428502477363,1.4161136871582873,50
1,200,d2,logspline,0.38,0.837823836579492,0.8381752926813629,0.3113510892190626,0.3935582065900582,0.6057310774241115,1.05614844861149,1.334530027942522,50
1,200,d2,logspline,0.39,0.7844713992900394,0.7848436423364334,0.277114158727604,0.3770816473899907,0.5829049287307978,0.9871277457746963,1.209984373565386,50
1,200,d2,logspline,0.4,0.7323794543841134,0.7327543173705844,0.24797423056297854,0.358570623716486,0.5655593251378491,0.9261356296735659,1.1198634329284654,50
1,200,d2,logspline,0.41,0.698390744977673,0.6821892005409017,0.22372578267579793,0.3393416668164978,0.534231338381568,0.8263122223455077,1.0315559044067746,50
1,200,d2,logspline,0.42,0.6702011070994124,0.6333349675375354,0.20393082078663632,0.31859569216715167,0.4937946181328514,0.7449742955647047,0.945531153650957,50
1,200,d2,logspline,0.43,0.6121173606193036,0.5862976880528601,0.18802204769840153,0.29336695655669026,0.4572772704397334,0.697579450116331,0.8621684433491069,50
1,200,d2,logspline,0.44,0.5300112708767799,0.5411182832528484,0.17536928076340808,0.25947000827993744,0.41812802601779847,0.6450718317777717,0.7997484919770175,50
1,200,d2,logspline,0.45,0.4930640644277425,0.49777327799600485,0.1653561335456614,0.22974359009577394,0.39215509803571763,0.6072147702577503,0.7564785625827768,50
1,200,d2,logspline,0.46,0.46590118222092936,0.45619834924071023,0.15743095581724958,0.2120466272999283,0.35577996982515747,0.5714073948559967,0.715588595368706,50
1,200,d2,logspline,0.47,0.4241710894683671,0.4163062557859335,0.15113782555156227,0.1940689799235799,0.2923346611755634,0.528624107082589,0.6700958183648972,50
1,200,d2,logspline,0.48,0.3865702011749729,0.3780067796397856,0.1461173969678338,0.17589164383812936,0.2509007392522,0.48926519102414506,0.6120565123077519,50
1,200,d2,logspline,0.49,0.3599389780230098,0.3412186079693275,0.14208570374238175,0.15283256655688998,0.21793436181819886,0.4396869996623087,0.5454843207791925,50
1,200,d2,logspline,0.5,0.32353904648667176,0.30587230192605414,0.13881484679671255,0.10230022994974448,0.19320022068493584,0.3990406583663957,0.49564357010079074,50
1,200,d2,logspline,0.51,0.2872134112992186,0.2719077528368672,0.13611903381434812,0.05609729399796253,0.1631747429030944,0.3722459729087553,0.46327592220075153,50
1,200,d2,logspline,0.52,0.2544600638398613,0.23927283853220493,0.13384346656898238,0.028176869239372897,0.14282474518911037,0.3415045880157599,0.42859034405239904,50
1,200,d2,logspline,0.53,0.22514828803344178,0.2079227775311144,0.13185697173932456,0.003100756146087607,0.11836842773267203,0.31093235761671084,0.3919237980553152,50
1,200,d2,logspline,0.54,0.18649717390682868,0.17781842092798686,0.13004917609529992,-0.02029299507702447,0.09143852833056935,0.2787553858401037,0.356511247544646,50
1,200,d2,logspline,0.55,0.15467701381166277,0.14892461245508049,0.12832888413861457,-0.042332586809879946,0.06611903954935942,0.2531095994874742,0.3244118311603197,50
1,200,d2,logspline,0.56,0.1287141630646845,0.12120897526693547,0.12662234378746937,-0.06713951959435507,0.038323598311224144,0.2266565493754225,0.30002377939970265,50
1,200,d2,logspline,0.5700000000000001,0.09728635842338595,0.09464089550090457,0.12487131704651422,-0.0958943098766285,0.016730857194502975,0.1954488146544063,0.2745035151024345,50
1,200,d2,logspline,0.5800000000000001,0.06313853455479908,0.06919091213395714,0.1230312500312037,-0.12273491415140417,-0.003092124441831293,0.16508088634183993,0.2477398985077201,50
1,200,d2,logspline,0.59,0.03157767652854834,0.04482998715339393,0.12107020166640725,-0.14743869603714,-0.027096923052572892,0.13798033665720458,0.21937103123160956,50
1,200,d2,logspline,0.6,0.00502879308273081,0.021528112078025945,0.11896978081169676,-0.17015180698554527,-0.051430466596360934,0.11353938781680473,0.19170201267404008,50
1,200,d2,logspline,0.61,-0.01643563392776511,-7.458508227164252e-4,0.11672464267395939,-0.19645800495048626,-0.07556059383966401,0.08872975496582224,0.16649774540185622,50
1,200,d2,logspline,0.62,-0.03829658809065254,-0.022023776419626353,0.11434060527995893,-0.22107265061592649,-0.09443848159027891,0.0631299623360594,0.14447833060967402,50
1,200,d2,logspline,0.63,-0.04985769147395182,-0.04233793887723711,0.11183247050057281,-0.24321619397188232,-0.11314011672985161,0.039413958416815595,0.12311063151015031,50
1,200,d2,logspline,0.64,-0.06447003885407844,-0.06172003320542059,0.10922046440099938,-0.2600024790664477,-0.13051675872717963,0.01778813625085514,0.10271442250959628,50
1,200,d2,logspline,0.65,-0.07875519978812484,-0.08020002634126415,0.10652611481496933,-0.27228495729122376,-0.14613455812193088,-0.0023545181157552824,0.08347339062799419,50
1,200,d2,logspline,0.66,-0.09270388562528424,-0.0978062928129154,0.10377082765382166,-0.2833782268315858,-0.1616337639291226,-0.022671637559260785,0.06601455359667438,50
1,200,d2,logspline,0.67,-0.10906999297239471,-0.11456604516603762,0.1009753504401204,-0.2934153501594394,-0.17654606609114645,-0.04380588964814158,0.04884046397208773,50
1,200,d2,logspline,0.68,-0.12568017380462132,-0.13050559423951877,0.09815964744537711,-0.3025109367872406,-0.19086285870425437,-0.06247566593592202,0.03197129343222458,50
1,200,d2,logspline,0.6900000000000001,-0.1423332462788858,-0.14565050564346826,0.09534286075501436,-0.3110476627952131,-0.2045770540156172,-0.08381225154260594,0.015426032011973985,50
1,200,d2,logspline,0.7000000000000001,-0.157993617626553,-0.16002571729375326,0.09254326184821675,-0.31911418358261745,-0.21768301359622394,-0.10051579572277605,-7.774605898765059e-4,50
1,200,d2,logspline,0.7100000000000001,-0.17380519085687557,-0.17365565118558215,0.0897781934464641,-0.3264291782367686,-0.23017674494388835,-0.11526027410432976,-0.017119279027233536,50
1,200,d2,logspline,0.72,-0.18596989439788628,-0.18656451299590338,0.0870641047939145,-0.3330668819218019,-0.24205867308462153,-0.13275619855510346,-0.03519106240819394,50
1,200,d2,logspline,0.73,-0.2010070291133776,-0.19877654759138666,0.0844165537353902,-0.33909265376765263,-0.25333593078495736,-0.1499230549747515,-0.052668720922553515,50
1,200,d2,logspline,0.74,-0.2132407172301889,-0.21031621023095062,0.08184995957251319,-0.347412638429665,-0.2640216034363941,-0.16431122361381667,-0.06954605196810132,50
1,200,d2,logspline,0.75,-0.22627363760836594,-0.22120835598529567,0.07937711704276566,-0.3549141414561685,-0.2741337849162738,-0.1771972521668302,-0.0858177756653126,50
1,200,d2,logspline,0.76,-0.2347620335532126,-0.2314780391743927,0.07700879930036852,-0.361647384380477,-0.28360600558426946,-0.19021697888882538,-0.10147949395532055,50
1,200,d2,logspline,0.77,-0.24560711923558595,-0.24115037592243233,0.07475350292483282,-0.36766556480275614,-0.29091137447316173,-0.201090589057859,-0.11652765429560033,50
1,200,d2,logspline,0.78,-0.25367904526567503,-0.2502507954571336,0.07261736765252033,-0.37301810724153317,-0.29744268946003044,-0.20858628649445818,-0.13095951748469933,50
1,200,d2,logspline,0.79,-0.2619603076229647,-0.2588049760968176,0.07060438901534341,-0.3777510829116497,-0.3034563800008586,-0.21567753709000986,-0.14049460219217974,50
1,200,d2,logspline,0.8,-0.2691975871318807,-0.2668383819836875,0.06871659180984946,-0.3819075670115334,-0.3094536082795136,-0.2250832054059012,-0.14900222121955536,50
1,200,d2,logspline,0.81,-0.2768498817604378,-0.27437609798552154,0.06695417329891384,-0.3855279447535014,-0.3150349598000466,-0.23402855596647693,-0.1569784863349648,50
1,200,d2,logspline,0.8200000000000001,-0.28734335995199173,-0.2814427413823179,0.06531558704671088,-0.3886501751661697,-0.32115964564564276,-0.24038815530246982,-0.16467793347938664,50
1,200,d2,logspline,0.8300000000000001,-0.29411526664591436,-0.288062400188328,0.06379756944229077,-0.39131001997272385,-0.3298180908580503,-0.24600466607185228,-0.17567667342110882,50
1,200,d2,logspline,0.8400000000000001,-0.30008201285459457,-0.29425832347203806,0.0623951689437565,-0.39354124348901043,-0.3352159806195665,-0.2503318459784394,-0.18629889016603962,50
1,200,d2,logspline,0.85,-0.306860009630983,-0.3000527007029117,0.06110180791672065,-0.3953757884066088,-0.34028539005192937,-0.2541316214855193,-0.19634105569557783,50
1,200,d2,logspline,0.86,-0.3132907243234349,-0.3054667424881974,0.05990939673000725,-0.3968439314650622,-0.3454614220467684,-0.260256418326194,-0.20581200277818829,50
1,200,d2,logspline,0.87,-0.31936138217701426,-0.310520782269911,0.05880848941127357,-0.3979744223264984,-0.35121657707357384,-0.2665047682238711,-0.2145536281244315,50
1,200,d2,logspline,0.88,-0.3250881331027532,-0.3152343750111698,0.05778847505364111,-0.39952415243268397,-0.35715192617918995,-0.27061638360229173,-0.2217226430838114,50
1,200,d2,logspline,0.89,-0.33048597227294607,-0.3196263961651078,0.05683780185253348,-0.4017069171926332,-0.36223824066726396,-0.2728153914640089,-0.2284461091991239,50
1,200,d2,logspline,0.9,-0.33556886693600063,-0.3237151440950675,0.05594423421101753,-0.4037244836914568,-0.3640314087156804,-0.27718241853119824,-0.23474324357910642,50
1,200,d2,logspline,0.91,-0.34034986672403,-0.3275184492481447,0.0550951509333575,-0.40414988641981414,-0.3657683835586971,-0.2817074381475419,-0.24063314762245808,50
1,200,d2,logspline,0.92,-0.34356294756238226,-0.3310537937575371,0.05427790565274738,-0.4073650730380488,-0.3693245084314999,-0.28437354804086645,-0.2461347802209229,50
1,200,d2,logspline,0.93,-0.346076115525149,-0.33433834995151207,0.05348034587621013,-0.41125998582458534,-0.37160842808362693,-0.2866371416069322,-0.25126693338755396,50
1,200,d2,logspline,0.94,-0.3483762755239944,-0.3373879424859297,0.05269216339520905,-0.4137317771985729,-0.3736116552418997,-0.29019156693730896,-0.2560482106455237,50
1,200,d2,logspline,0.95,-0.3509631600348528,-0.34021596510389845,0.051906731091721774,-0.4143123163807376,-0.37601366971544936,-0.29486851091935895,-0.26049700838113454,50
1,200,d2,logspline,0.96,-0.35420776942347,-0.3428333795996126,0.05112200327508652,-0.4144533947699387,-0.3782671056107901,-0.3001295419522784,-0.2655558893919053,50
1,200,d2,logspline,0.97,-0.35616431299091594,-0.3452485701374402,0.05034014915307419,-0.41441142798318276,-0.3804475999138287,-0.30504843196688164,-0.27073373377121923,50
1,200,d2,logspline,0.98,-0.35775566371257905,-0.34746792015489575,0.04956598386645798,-0.41544158690744853,-0.382511374533732,-0.3093677469944208,-0.27557994184653306,50
1,200,d2,logspline,0.99,-0.3592047249089959,-0.3494975323399005,0.048804746881041576,-0.41665024279990187,-0.3837730520890663,-0.31341370299856836,-0.28010990045088113,50
1,200,d2,logspline,1,-0.3605199295986684,-0.35134380209784005,0.04806096014392097,-0.4172702747023679,-0.3852212230202299,-0.31719477750609026,-0.283292690213479,50
1,200,d3,ecdf,0.01,Inf,Inf,NA,Inf,Inf,Inf,Inf,0
1,200,d3,ecdf,0.02,Inf,Inf,NA,Inf,Inf,Inf,Inf,0
1,200,d3,ecdf,0.03,Inf,Inf,NA,Inf,Inf,Inf,Inf,0
1,200,d3,ecdf,0.04,Inf,Inf,NA,Inf,Inf,Inf,Inf,0
1,200,d3,ecdf,0.05,Inf,Inf,NA,Inf,Inf,Inf,Inf,0
1,200,d3,ecdf,0.06,Inf,Inf,NA,Inf,Inf,Inf,Inf,0
1,200,d3,ecdf,0.06999999999999999,Inf,Inf,NA,Inf,Inf,Inf,Inf,0
1,200,d3,ecdf,0.08,Inf,Inf,NA,Inf,Inf,Inf,Inf,0
1,200,d3,ecdf,0.09,Inf,Inf,NA,Inf,Inf,Inf,Inf,0
1,200,d3,ecdf,0.1,Inf,Inf,NA,Inf,Inf,Inf,Inf,0
1,200,d3,ecdf,0.11,Inf,Inf,NA,Inf,Inf,Inf,Inf,0
1,200,d3,ecdf,0.12,Inf,Inf,NA,Inf,Inf,Inf,Inf,0
1,200,d3,ecdf,0.13,Inf,Inf,NA,Inf,Inf,Inf,Inf,0
1,200,d3,ecdf,0.14,Inf,Inf,NA,Inf,Inf,Inf,Inf,0
1,200,d3,ecdf,0.15000000000000002,Inf,Inf,NA,Inf,Inf,Inf,Inf,0
1,200,d3,ecdf,0.16,Inf,Inf,NA,Inf,Inf,Inf,Inf,0
1,200,d3,ecdf,0.17,Inf,Inf,NA,Inf,Inf,Inf,Inf,0
1,200,d3,ecdf,0.18000000000000002,Inf,Inf,NA,Inf,Inf,Inf,Inf,1
1,200,d3,ecdf,0.19,Inf,Inf,NA,Inf,Inf,Inf,Inf,2
1,200,d3,ecdf,0.2,Inf,Inf,NA,Inf,Inf,Inf,Inf,2
1,200,d3,ecdf,0.21,Inf,Inf,NA,0.28160057709604946,Inf,Inf,Inf,4
1,200,d3,ecdf,0.22,Inf,Inf,NA,0.4641844609965573,Inf,Inf,Inf,5
1,200,d3,ecdf,0.23,Inf,Inf,NA,0.6383385590815592,Inf,Inf,Inf,7
1,200,d3,ecdf,0.24,Inf,Inf,NA,0.8047680670382521,Inf,Inf,Inf,8
1,200,d3,ecdf,0.25,Inf,Inf,NA,0.9640919040227992,Inf,Inf,Inf,10
1,200,d3,ecdf,0.26,Inf,Inf,NA,1.1168562598673013,1.1168562598673013,Inf,Inf,14
1,200,d3,ecdf,0.27,Inf,Inf,NA,0.5703984035117651,1.2635455840717102,Inf,Inf,17
1,200,d3,ecdf,0.28,Inf,Inf,NA,0.7114443946604717,1.404591575220417,Inf,Inf,20
1,200,d3,ecdf,0.29000000000000004,Inf,Inf,NA,0.44176830345607937,0.8472334115642438,Inf,Inf,25
1,200,d3,ecdf,0.3,1.6712598079311531,Inf,NA,0.5726475192630435,0.978112627371208,Inf,Inf,29
1,200,d3,ecdf,0.31,1.797542354662523,Inf,NA,0.5407049261459339,1.1043951741025777,Inf,Inf,34
1,200,d3,ecdf,0.32,1.919511650596955,Inf,NA,0.4104883362542489,0.820899361928845,1.919511650596955,Inf,40
1,200,d3,ecdf,0.33,1.344277880893027,Inf,NA,0.4279871490188717,0.9388127727848624,2.0374250614529723,Inf,45
1,200,d3,ecdf,0.34,1.4583698341963842,Inf,NA,0.44180224608555413,0.7652226536364389,2.1515170147563296,Inf,47
1,200,d3,ecdf,0.35000000000000003,1.3661219279267438,Inf,NA,0.3160915134854578,0.7083496379352231,1.568854481980826,2.2620016625407713,49
1,200,d3,ecdf,0.36000000000000004,1.1266218438640574,1.1968994616546362,0.6513031764382203,0.34972275375925677,0.6228960887284912,1.6759279881981122,2.369075168758058,50
1,200,d3,ecdf,0.37,0.8634797706836109,1.0768054091118986,0.5742448116336877,0.3934761414378756,0.6811582138896565,1.3743053944496018,2.1610014518657343,50
1,200,d3,ecdf,0.38,0.9642571391157996,0.9747930620118613,0.5063833872415086,0.37647047421368063,0.6277849024945866,1.1874006904300094,1.8805478709899544,50
1,200,d3,ecdf,0.39,0.8027254952126963,0.8568812901729818,0.4789466970910067,0.22580877421171364,0.4743357270181611,1.06212239192028,1.5729480156862707,50
1,200,d3,ecdf,0.4,0.6872134141383652,0.7532341327437468,0.44669391192985797,0.23772481680975585,0.39258722797091183,0.974895486590146,1.5385857345467893,50
1,200,d3,ecdf,0.41,0.6618855659071531,0.6621496315394532,0.40016924514646585,0.11556375551549825,0.37420349345537207,0.9131999941880592,1.472815782123482,50
1,200,d3,ecdf,0.42,0.5988074457146724,0.6040369163176683,0.39539321856091564,0.026448873330888176,0.3099902989956218,0.8696060869310446,1.1572881593828257,50
1,200,d3,ecdf,0.43,0.43457733874208276,0.5323549102116969,0.33262319121537315,0.014013818433301777,0.2801265903250921,0.7339955892864346,1.1153642804491233,50
1,200,d3,ecdf,0.44,0.44826109964413197,0.4556078865106269,0.294283369494668,-0.03708713885662102,0.28860152094665026,0.7021667479570884,0.8771780556206248,50
1,200,d3,ecdf,0.45,0.3716353779034059,0.4170287496281916,0.293913423656205,-0.017228597608768718,0.20911644840563093,0.6213723714596547,0.8593740480536298,50
1,200,d3,ecdf,0.46,0.2900421268816815,0.3480180851432386,0.2722355929390166,-0.03238174816655493,0.16139312514923151,0.5131856781958914,0.7208250429741361,50
1,200,d3,ecdf,0.47,0.27363574762320164,0.28837403728328553,0.24821828744863297,-0.05455358323328281,0.1065816629600355,0.4202392218150771,0.6945740791971304,50
1,200,d3,ecdf,0.48,0.2227652456012961,0.2388782167837761,0.21329580413742788,-0.10066259942695344,0.10943656029429284,0.350598617111181,0.5827064401853037,50
1,200,d3,ecdf,0.49,0.1845345340598923,0.20011222502228307,0.19559365695331937,-0.1351336330130828,0.11554166257294092,0.2880580410785753,0.5210067706811053,50
1,200,d3,ecdf,0.5,0.15605643899200675,0.15776422259872788,0.17574551894043006,-0.16056774838182203,0.06368311886099148,0.2578391333019491,0.4545494275480034,50
1,200,d3,ecdf,0.51,0.10627417174546708,0.12676250953597518,0.17028951199965944,-0.158844282968869,0.02403607350849502,0.22763502874973457,0.4035256952133987,50
1,200,d3,ecdf,0.52,0.09395218581032104,0.0992661691582549,0.1609437004746435,-0.16211476235732453,-0.017754757909542063,0.22756754328280632,0.33423139702582993,50
1,200,d3,ecdf,0.53,0.08627990499882224,0.06544540509074619,0.15509137083628435,-0.19081264127318381,-0.06608568690530285,0.1889340590589055,0.2734914470869686,50
1,200,d3,ecdf,0.54,0.05995733749441216,0.04405033872082052,0.1516645357935939,-0.1859968990613463,-0.09891003754471628,0.15304776056042405,0.2557019146205075,50
1,200,d3,ecdf,0.55,0.029973940742468022,0.029756529930120096,0.14218396544423784,-0.1952387925332373,-0.09345609822329504,0.12523310274153457,0.2569409327892774,50
1,200,d3,ecdf,0.56,0.00674608474771359,0.006171382734712429,0.13610821528989941,-0.1953250808060801,-0.07318576857593907,0.08370712588384202,0.23712650599291774,50
1,200,d3,ecdf,0.5700000000000001,-0.01936575340144164,-0.01754021113659438,0.11884969984732345,-0.1981251007906572,-0.06896269454081377,0.04633387889613729,0.15726017410076745,50
1,200,d3,ecdf,0.5800000000000001,-0.03961700146025738,-0.03859834682582281,0.11655373193596821,-0.22453933995426945,-0.1256319757869197,0.02492151967731382,0.14278210332501734,50
1,200,d3,ecdf,0.59,-0.06943839337889515,-0.06254591998509888,0.11677077386286236,-0.25287961590767916,-0.13843126486584656,0.00466957877482668,0.14782424204671607,50
1,200,d3,ecdf,0.6,-0.09314792257620676,-0.0830992763954128,0.11522522620388104,-0.24696855436608417,-0.14444121696375734,-0.03908070130593107,0.13993113503340368,50
1,200,d3,ecdf,0.61,-0.12394936844900188,-0.10396907061344542,0.11055192674862366,-0.27608547514146187,-0.16812667370671874,-0.03584210093873503,0.0918026639038139,50
1,200,d3,ecdf,0.62,-0.12632489881849712,-0.12014136352320616,0.10630563874420036,-0.2942943216302646,-0.17888484846749267,-0.04650476216068296,0.08203822972976102,50
1,200,d3,ecdf,0.63,-0.1478935731279013,-0.1405040661477671,0.10210416356510414,-0.309296146425735,-0.19918686751545167,-0.05992480018194412,0.03229134419076663,50
1,200,d3,ecdf,0.64,-0.17001120272723638,-0.1601444318437473,0.09732280584342122,-0.32082337270748074,-0.2199659309289242,-0.0940371935708239,2.900316957250488e-4,50
1,200,d3,ecdf,0.65,-0.17873409903418347,-0.17432383426654383,0.095060183987387,-0.35144574651836247,-0.23013492517610107,-0.10496980775705203,-0.03068099907504355,50
1,200,d3,ecdf,0.66,-0.20209240566268744,-0.1928580504080534,0.09433903227973615,-0.34230974293623495,-0.2458066537436043,-0.1384059507033727,-0.03530562729964261,50
1,200,d3,ecdf,0.67,-0.21725889511438545,-0.20812215469836887,0.09129874673558228,-0.3554447149357701,-0.2582426780022552,-0.15137239736369532,-0.06197598414744317,50
1,200,d3,ecdf,0.68,-0.22934582928684139,-0.21824234014772856,0.09151118625474128,-0.36273845634717256,-0.28043976626680783,-0.1715332721519868,-0.047840084806891024,50
1,200,d3,ecdf,0.6900000000000001,-0.23879997502915432,-0.23276132260102095,0.09184277318806847,-0.3718973283383813,-0.2954695480979965,-0.17685562926119375,-0.03717537323141563,50
1,200,d3,ecdf,0.7000000000000001,-0.2559799384967966,-0.2486393424075193,0.08835494673906634,-0.3925530308159172,-0.30602701160378765,-0.20328689927080293,-0.06701383898417335,50
1,200,d3,ecdf,0.7100000000000001,-0.26071105015310303,-0.25804069875319746,0.08750872777059458,-0.39134784462399275,-0.30980066034962656,-0.21568736877914788,-0.08472155565266873,50
1,200,d3,ecdf,0.72,-0.2757011364134566,-0.27023728393394064,0.08493833694455442,-0.39382375937914016,-0.3261775173529044,-0.22720678647484627,-0.11413028293982802,50
1,200,d3,ecdf,0.73,-0.28804925612828974,-0.28115634993031347,0.08177621845998012,-0.3972013135325674,-0.3357720766236432,-0.2496072065220693,-0.10534415685371593,50
1,200,d3,ecdf,0.74,-0.29811447263750956,-0.29160887962881893,0.08193836275431249,-0.41641676187094273,-0.34463448827240245,-0.2603741446546625,-0.11610973975993621,50
1,200,d3,ecdf,0.75,-0.30619763918535775,-0.2989753295446777,0.07484355390456333,-0.41232092123622743,-0.3480154164342492,-0.27297888324753355,-0.13559539472958204,50
1,200,d3,ecdf,0.76,-0.3149395869144141,-0.3089696623429278,0.07258200305719527,-0.4047759442268919,-0.3489613126496601,-0.28833868941749075,-0.15511975000984657,50
1,200,d3,ecdf,0.77,-0.32648773921452584,-0.316059928366211,0.07526808717010851,-0.41239462511884306,-0.3576706666512138,-0.3001231607135614,-0.1570654643805381,50
1,200,d3,ecdf,0.78,-0.32527180997833666,-0.3222501347169598,0.07216386918473577,-0.42169750855691146,-0.37094993200863036,-0.29883855291018124,-0.16815931357941272,50
1,200,d3,ecdf,0.79,-0.33159936658494704,-0.32923575873500194,0.07266353981917556,-0.430298741875991,-0.3752374835108055,-0.3116913221472823,-0.1660731236343707,50
1,200,d3,ecdf,0.8,-0.33854612267620987,-0.33682365437386735,0.06752870424596025,-0.42987544103654546,-0.38592147983298386,-0.3205655807217203,-0.19321277486255362,50
1,200,d3,ecdf,0.81,-0.34412743082479286,-0.3405592146258469,0.06640155185281192,-0.4311388078144228,-0.384949425345048,-0.32500638937801446,-0.20098880702805538,50
1,200,d3,ecdf,0.8200000000000001,-0.35572943629003495,-0.34619853634248327,0.06680814185342793,-0.44577376130381496,-0.3911284391579699,-0.32462150595288647,-0.21012369998417285,50
1,200,d3,ecdf,0.8300000000000001,-0.3535373560526721,-0.3464000627972205,0.06627021563186834,-0.4437656613207591,-0.387725986564957,-0.32352778992625414,-0.2012912886419302,50
1,200,d3,ecdf,0.8400000000000001,-0.3558238611728775,-0.3496468739757678,0.06471833435435909,-0.4381173929840757,-0.3911448301160214,-0.32697943058465134,-0.2152630861815743,50
1,200,d3,ecdf,0.85,-0.35727039760758633,-0.3545651719096734,0.0673271279461237,-0.46029395073829393,-0.39518731597786966,-0.3245314031142415,-0.22576686417743638,50
1,200,d3,ecdf,0.86,-0.3703165163547254,-0.35783699161793836,0.06332700883366536,-0.45299924957269216,-0.39904245795780835,-0.3296270302813832,-0.23203976456590342,50
1,200,d3,ecdf,0.87,-0.368457142978156,-0.3613675525286987,0.06092577250339838,-0.4470369975326981,-0.40057669240026866,-0.33219939495553186,-0.24662900256256964,50
1,200,d3,ecdf,0.88,-0.3661276217855991,-0.36222508854627494,0.05845022573798606,-0.4454851636429985,-0.40418430874299194,-0.32805567383619116,-0.25516267822397054,50
1,200,d3,ecdf,0.89,-0.3647764955618866,-0.363924531890579,0.05694972170453372,-0.4427351039741019,-0.41164446202615107,-0.3301074904964323,-0.2697129691172232,50
1,200,d3,ecdf,0.9,-0.37102793257774713,-0.3660675021349745,0.0542638536303684,-0.4423498650399014,-0.4052004028004157,-0.3328797412207895,-0.2692123756749894,50
1,200,d3,ecdf,0.91,-0.3711809035082528,-0.3681362134301016,0.05440681125359109,-0.44737302726713074,-0.40738707951786873,-0.3362976363474409,-0.26663333064733796,50
1,200,d3,ecdf,0.92,-0.3745865928683275,-0.37313476112318156,0.05372502635814,-0.4469363991275369,-0.4131547654664817,-0.33771097512588294,-0.2775594091478426,50
1,200,d3,ecdf,0.93,-0.37850200928783073,-0.37563783375052373,0.050395498437193785,-0.44628235361965685,-0.41169202083593065,-0.33731446009370775,-0.29017123245081367,50
1,200,d3,ecdf,0.94,-0.37823517504879683,-0.3772223142020318,0.04989241126185158,-0.4476135854999381,-0.41663474980304405,-0.34377822234875677,-0.284191359960035,50
1,200,d3,ecdf,0.95,-0.3787032386840778,-0.37993447533117863,0.047065496666897653,-0.4474706630733344,-0.41320925081601034,-0.34764089236921114,-0.2875248676931035,50
1,200,d3,ecdf,0.96,-0.38857152351663204,-0.3805245164391886,0.04771657721624135,-0.4448454423620809,-0.41435058660998175,-0.3480443008493481,-0.2830184235332922,50
1,200,d3,ecdf,0.97,-0.3921491328540958,-0.38138879556449107,0.045130802743865724,-0.44053771614388376,-0.4150365845445403,-0.3567928392758786,-0.2887947412848154,50
1,200,d3,ecdf,0.98,-0.39309887487893763,-0.3832677297596191,0.04380061399015464,-0.4391169041668055,-0.4143272064772955,-0.3614533003350714,-0.29284377760164293,50
1,200,d3,ecdf,0.99,-0.3926607953096132,-0.38631122588830064,0.04195269595648066,-0.44121454141394156,-0.4171843417056219,-0.36138670048463173,-0.2967954195785333,50
1,200,d3,ecdf,1,-0.3928753115208321,-0.386517769665169,0.042088589315704465,-0.4381660707009952,-0.4176620905032878,-0.3654763373327176,-0.3017818060961889,50
1,200,d3,logspline,0.01,-7.571997426061974,-6.711362171927727,2.1358815499627792,-8.712953216997036,-8.097168914640523,-5.9596734072449005,-2.42852746048373,50
1,200,d3,logspline,0.02,-5.548308664238714,-4.7023866527160125,2.1061422555302767,-6.678272476199583,-6.068312582770529,-3.9586276215292777,-0.48032654806811304,50
1,200,d3,logspline,0.03,-4.389162905909519,-3.558378762505685,2.074859946991356,-5.5074375889029925,-4.903470881952117,-2.822680245930426,0.5996460153475661,50
1,200,d3,logspline,0.04,-3.585684010037715,-2.769624782402546,2.042064580481632,-4.6907501256344695,-4.092944676912671,-2.042123315764914,1.3211626423069203,50
1,200,d3,logspline,0.05,-2.9769994626883647,-2.176368507496918,2.0077963224520863,-4.068474702644528,-3.4769976017412745,-1.4572082560081296,1.8440593152499516,50
1,200,d3,logspline,0.06,-2.491953970031536,-1.7074321886941977,1.972104397079571,-3.5694593852450787,-2.9844764690999432,-0.9967664379594146,2.239612426838643,50
1,200,d3,logspline,0.06999999999999999,-2.0925872612286556,-1.3248294376624627,1.935045742280245,-3.1557479595146236,-2.577423549360166,-0.6228216415998131,2.5459232542757073,50
1,200,d3,logspline,0.08,-1.757708759198131,-1.0058682858325332,1.8966835560472413,-2.8046822983824513,-2.2331789455899442,-0.3126926451651045,2.7858120176491097,50
1,200,d3,logspline,0.09,-1.471866196353386,-0.7358953091277289,1.857085812768159,-2.501645768363102,-1.937124010560139,-0.051736883103400105,2.9740707531983412,50
1,200,d3,logspline,0.1,-1.2244844877548609,-0.5048896539017216,1.8163238206245125,-2.236656543795562,-1.6792746725081575,0.17005596625016078,3.1208662992890193,50
1,200,d3,logspline,0.11,-1.0074054093399458,-0.30568940924391563,1.7744708781962222,-2.0025932999691998,-1.4525374512763554,0.3598379976432191,3.2335110653723262,50
1,200,d3,logspline,0.12,-0.8155683133318249,-0.1329932442150913,1.7316010732312246,-1.7941962237204958,-1.2530322011723043,0.5229017677084651,3.3174587574329997,50
1,200,d3,logspline,0.13,-0.6457484325045522,0.0172367694070071,1.6877882512222715,-1.60746927567202,-1.075377949175357,0.6632777270483808,3.380536463451632,50
1,200,d3,logspline,0.14,-0.4948296990209137,0.14815025185172573,1.6431051675261192,-1.439304608716792,-0.9164630673973391,0.7841094963126176,3.431316937300264,50
1,200,d3,logspline,0.15000000000000002,-0.3603381603455412,0.26225378805359956,1.5976228252708147,-1.2872368846707218,-0.7738182407313565,0.8878992492198992,3.463739623594997,50
1,200,d3,logspline,0.16,-0.24027580546820176,0.361576814984502,1.5514099926993612,-1.1492770507791576,-0.6454502639638814,0.9766736451735727,3.479948173799266,50
1,200,d3,logspline,0.17,-0.13300487941957567,0.4477870907093393,1.5045328879430713,-1.0237966043726963,-0.529726327293355,1.0520992869020496,3.4817204206442085,50
1,200,d3,logspline,0.18000000000000002,-0.03716533489198787,0.5222730907445887,1.4570550153611848,-0.909444994978436,-0.42529143937169933,1.1155650568963709,3.470550062779717,50
1,200,d3,logspline,0.19,0.04838534896952165,0.5862041364820307,1.4090371102649017,-0.8050893944112192,-0.33100821821260024,1.1682421045397582,3.447706233443661,50
1,200,d3,logspline,0.2,0.12461687615019662,0.6405751417491822,1.3605371775524786,-0.7097699397196205,-0.24779764052943482,1.211128380828206,3.4142778196992802,50
1,200,d3,logspline,0.21,0.19235990824498805,0.686240429785031,1.3116106639144915,-0.6226659128394927,-0.1704900793995984,1.2450822579911853,3.3712070377115677,50
1,200,d3,logspline,0.22,0.25233196087540044,0.7239398083377538,1.2623107451259195,-0.543069800242181,-0.09801325998616423,1.2708482913248613,3.31931528994728,50
1,200,d3,logspline,0.23,0.30515752658603373,0.7543193214010762,1.2126887405079911,-0.47036712831483113,-0.033226685731560485,1.2890772275981146,3.259323379020781,50
1,200,d3,logspline,0.24,0.3513839010390473,0.7779475328119733,1.1627945882216775,-0.4040205978851375,0.020390538929137645,1.3003417362825105,3.1918675274980206,50
1,200,d3,logspline,0.25,0.39269701638784893,0.7953282698714733,1.11267730276455,-0.3435574637149247,0.06626328411318701,1.3051489170816164,3.1175122334096983,50
1,200,d3,logspline,0.26,0.4311915347603331,0.8069109219117604,1.0623855933880513,-0.28855939449654516,0.10663489444934265,1.3039503472321294,3.0367607046389216,50
1,200,d3,logspline,0.27,0.46442011086477186,0.8130992426211325,1.0119685374711394,-0.23865425102759563,0.1419145355997653,1.2971502296818813,2.950063416369448,50
1,200,d3,logspline,0.28,0.4927228727750994,0.81425859488257335,0.9614764158132085,-0.19350936350973913,0.17247492226792815,1.2851120598164374,2.8578251955457024,50
1,200,d3,logspline,0.29000000000000004,0.5164058968543261,0.8107222219265907,0.9109622804714711,-0.15282596231016501,0.19865751337621693,1.2693894627913556,2.76041113608437,50
1,200,d3,logspline,0.3,0.5357457874281346,0.802798726311188,0.860486653882804,-0.11633300179233827,0.22077676173334215,1.254921587711221,2.6581515760332257,50
1,200,d3,logspline,0.31,0.548579306858476,0.7907798570499874,0.8101247988316905,-0.0837794524386839,0.23912364439925105,1.225636856023663,2.551346344180823,50
1,200,d3,logspline,0.32,0.5369583928968227,0.7749467027992814,0.7599746484045649,-0.05493056925920069,0.2539686111002921,1.1927192674944498,2.440280085368485,50
1,200,d3,logspline,0.33,0.5353213353234655,0.7555787512546959,0.7101691728698801,-0.029565823252293046,0.2655640588252979,1.1564758264573523,2.3252830267589,50
1,200,d3,logspline,0.34,0.5251785391678617,0.7329660362780057,0.6608940236839695,-0.007477171614340872,0.2741429123782754,1.1171986923643291,2.190462817608364,50
1,200,d3,logspline,0.35000000000000003,0.5128271020313011,0.7074129641352184,0.6123899342722848,0.011532525737926838,0.27755582218882946,1.075177732236348,2.0243152690443176,50
1,200,d3,logspline,0.36000000000000004,0.5081309758919508,0.6792428867361605,0.5649552822966833,0.027217028867612555,0.2784865896021975,1.0307077757186813,1.855754736722964,50
1,200,d3,logspline,0.37,0.5007812001070093,0.6488013101664692,0.5189425840459466,0.03608170099662879,0.2771461109940312,0.9840872981045947,1.68774510451488,50
1,200,d3,logspline,0.38,0.49099190988146824,0.6164508085765409,0.47474203876081944,0.0420644968388349,0.2760786340319037,0.9061675732870664,1.5647165223257402,50
1,200,d3,logspline,0.39,0.4808860596944524,0.5825643236120583,0.43276044260741986,0.04589838546350881,0.2628110378891077,0.8293757481616904,1.4462462658904405,50
1,200,d3,logspline,0.4,0.4706808050172577,0.5475186056992029,0.39339652072705394,0.05142247602796685,0.2567866049944371,0.7581205085000172,1.3221400892459894,50
1,200,d3,logspline,0.41,0.45852408797726535,0.5116883642743523,0.35701287066867965,0.05890702758408442,0.25016990546446266,0.7145147365372811,1.1833054379780448,50
1,200,d3,logspline,0.42,0.4342979867250965,0.47543992508035293,0.32390429966110507,0.0645386150819354,0.24095969699279052,0.6638711105012696,1.07417282903342,50
1,200,d3,logspline,0.43,0.39960084209487373,0.4391173149046595,0.29426561260419976,0.0684549587683959,0.21791822698492821,0.6202691483699443,0.9777313183912888,50
1,200,d3,logspline,0.44,0.38132768343953244,0.40302048756704334,0.2681780068408953,0.05288062012042666,0.20804709867849952,0.5831551833812584,0.8835096780165382,50
1,200,d3,logspline,0.45,0.34680617741013375,0.3673994859255175,0.24561444915472855,0.03413362183952345,0.19583403852876452,0.5195081349128333,0.7920604156641602,50
1,200,d3,logspline,0.46,0.328467106904581,0.33245625304105264,0.2264403862839162,0.02788723732822869,0.17878809547788088,0.47430383794503,0.7074740938771164,50
1,200,d3,logspline,0.47,0.29021601064421343,0.2983442322224516,0.21041840953619192,-0.004566831782120475,0.17054087037539756,0.3971980795566129,0.6478881866959316,50
1,200,d3,logspline,0.48,0.26558423674410425,0.2651737650025745,0.19722089237960327,-0.042548764632466124,0.15881449185388147,0.36395747140391266,0.5827308612272138,50
1,200,d3,logspline,0.49,0.22553324458773671,0.2330139292282247,0.18644862559561734,-0.08273474827123689,0.12438320909912409,0.33886446006994303,0.5511555952218694,50
1,200,d3,logspline,0.5,0.18326418728665717,0.20189325076611778,0.17767165831251114,-0.11187932816587286,0.10109855154974083,0.3132911269147091,0.5085151129968173,50
1,200,d3,logspline,0.51,0.159230382689713,0.1718088041901314,0.17047816110946432,-0.13186819216683465,0.09015308880737274,0.27688743580078096,0.4671873156189964,50
1,200,d3,logspline,0.52,0.13689937896294088,0.14274477487705345,0.16449923222992263,-0.15227161062323674,0.07162846707011936,0.24153980022725027,0.42694223164477374,50
1,200,d3,logspline,0.53,0.11234816542690303,0.11468195845632582,0.15941918767422217,-0.19065402211536436,0.04289031740477682,0.20245218136629708,0.3874270572762445,50
1,200,d3,logspline,0.54,0.08840781595946835,0.087598619958177,0.1549827862731132,-0.22337532581953062,0.021494609413745328,0.17941715713762627,0.3335173608390265,50
1,200,d3,logspline,0.55,0.06206994355592173,0.061470920963454724,0.15099440537566353,-0.25209212506887224,0.0038839537169495205,0.1504289117190254,0.28360585633345664,50
1,200,d3,logspline,0.56,0.04324568419990356,0.03627462557056229,0.14731042553520263,-0.2730068605383724,-0.017747127215657084,0.12247656194189693,0.2481059537562435,50
1,200,d3,logspline,0.5700000000000001,0.02578965734163744,0.011986741795001596,0.14382883125341386,-0.290639121554885,-0.05870773879131576,0.10325980526752399,0.21840789847503694,50
1,200,d3,logspline,0.5800000000000001,0.008327808905268486,-0.011412533222455185,0.14047662909989886,-0.30658850764957557,-0.08487579827170107,0.07035997039258472,0.1922328616752669,50
1,200,d3,logspline,0.59,-0.00908380043059395,-0.03394020477991903,0.13720264359073162,-0.31682534420572406,-0.10329986214358285,0.04287819978602658,0.1662400609896785,50
1,200,d3,logspline,0.6,-0.026392272595883056,-0.05561178610157477,0.1339731011793485,-0.32533387953324966,-0.13029975566410665,0.02055704922421693,0.14049362403973853,50
1,200,d3,logspline,0.61,-0.04683891120519066,-0.07644216651672688,0.13076776075044172,-0.3326236463047545,-0.15079576188586927,-0.0014940713370210754,0.11505360368530737,50
1,200,d3,logspline,0.62,-0.07213600540802685,-0.09644495358812051,0.127575437847003,-0.3388603152240616,-0.16758290386071645,-0.030132815183085776,0.09573039879460982,50
1,200,d3,logspline,0.63,-0.09800227548011223,-0.11563181398074537,0.12439036792449433,-0.3441848889233965,-0.1829692219404496,-0.04618226385596389,0.07915151711368781,50
1,200,d3,logspline,0.64,-0.11723692136946043,-0.13401316743204555,0.12121054399221931,-0.34871795370222214,-0.1972403069414173,-0.06966826953631901,0.06264385609144937,50
1,200,d3,logspline,0.65,-0.1356650711021963,-0.1515991707307058,0.11803675437697463,-0.3525630778649732,-0.21023390151540972,-0.09181274472440953,0.04624065831889622,50
1,200,d3,logspline,0.66,-0.15929256507581568,-0.16840022681856254,0.11487190491023615,-0.3558095525346316,-0.2222413035419526,-0.10921471377540762,0.02997292792925889,50
1,200,d3,logspline,0.67,-0.17937423549037798,-0.18442733389153018,0.11172072298802654,-0.3585346204492554,-0.23343573055587338,-0.12738016439830988,0.01296359046024618,50
1,200,d3,logspline,0.68,-0.19299875964160113,-0.1996925238939489,0.10858984036329611,-0.36213226773274154,-0.24384079884963383,-0.15042619897374954,-0.007492760303344165,50
1,200,d3,logspline,0.6900000000000001,-0.20973592537148414,-0.2142088089212267,0.10548737682585846,-0.3688010609751031,-0.25604315436539904,-0.17114479199110452,-0.02713256635048314,50
1,200,d3,logspline,0.7000000000000001,-0.22403299444656138,-0.22798981604954896,0.10242197509733818,-0.3777588173047597,-0.2711261877643219,-0.18740341591823034,-0.04609005925232537,50
1,200,d3,logspline,0.7100000000000001,-0.23629169649113763,-0.2410495878250204,0.09940209188129451,-0.38814895892446954,-0.2861861155447438,-0.20272310151581732,-0.06436888328601528,50
1,200,d3,logspline,0.72,-0.2468827964784996,-0.25340279272948263,0.09643566322430386,-0.39746063294834066,-0.2978961774275343,-0.21747174142110268,-0.0819741312144249,50
1,200,d3,logspline,0.73,-0.25937201425795126,-0.2650648852645742,0.09352982711795281,-0.4055723857881054,-0.3119895881692627,-0.23164165422791186,-0.098912191500592,50
1,200,d3,logspline,0.74,-0.2750065406325452,-0.27605193165144076,0.09069065213700436,-0.4125684365521318,-0.32772512359632167,-0.24426441859166767,-0.11465132739437559,50
1,200,d3,logspline,0.75,-0.2859157530913847,-0.2863803307771223,0.08792291441933299,-0.41853679617241796,-0.3427135988096026,-0.25726489378054446,-0.12727020627891292,50
1,200,d3,logspline,0.76,-0.2940159160361273,-0.2960667783232954,0.08523000530742322,-0.42356806845506356,-0.3552345011895989,-0.26913134376905345,-0.13916753307595314,50
1,200,d3,logspline,0.77,-0.30148375842478026,-0.3051284668914733,0.08261391056217389,-0.42775452208331977,-0.3624520475187504,-0.2811953697151362,-0.15074421718731856,50
1,200,d3,logspline,0.78,-0.310625809679137,-0.3135832683293611,0.08007523704550015,-0.4311892583329827,-0.3705198909351304,-0.2917382337135059,-0.16199728309840794,50
1,200,d3,logspline,0.79,-0.3172069835159986,-0.3214497207707835,0.07761319644049323,-0.43260358575480135,-0.3751922449612446,-0.3001787443291093,-0.1729245867269361,50
1,200,d3,logspline,0.8,-0.32521941658144315,-0.3287481523516383,0.07522612300204784,-0.432891203822075,-0.38217510083661443,-0.30787604951965775,-0.18352475115370082,50
1,200,d3,logspline,0.81,-0.3341402468250379,-0.3355030338165632,0.07291318155160685,-0.43294434566620865,-0.39018333605810007,-0.31419743613576373,-0.19282352149887755,50
1,200,d3,logspline,0.8200000000000001,-0.3412368975562007,-0.3417412527867727,0.07067511556082574,-0.4344773670730344,-0.3952075543995336,-0.32117462489231685,-0.2005841395320958,50
1,200,d3,logspline,0.8300000000000001,-0.3476004578548797,-0.34749039730178655,0.06851325441199738,-0.4362446439699311,-0.40365308354164053,-0.32657271477032057,-0.20813270169638315,50
1,200,d3,logspline,0.8400000000000001,-0.35340684512484516,-0.35277742004846235,0.06642848996779599,-0.43775306590528373,-0.405577806478207,-0.33061971698348874,-0.21546627546298894,50
1,200,d3,logspline,0.85,-0.35745871258822903,-0.35762849633817495,0.06442132558879413,-0.43901602380173244,-0.4074416280523054,-0.33385628863092115,-0.22258247046870777,50
1,200,d3,logspline,0.86,-0.3637682892981617,-0.3620690795663104,0.062491892535097786,-0.440565504953731,-0.40896302080337166,-0.33857525429873925,-0.22947940352369323,50
1,200,d3,logspline,0.87,-0.370944551374917,-0.36612360590962684,0.0606400206058038,-0.4444163516701952,-0.4087649240898335,-0.3417301236236412,-0.23615566593459797,50
1,200,d3,logspline,0.88,-0.37643421487941053,-0.3698151181815713,0.05886526625330994,-0.4479271839850435,-0.40829230104250724,-0.3435254689506602,-0.24261029295043268,50
1,200,d3,logspline,0.89,-0.3807554903370425,-0.37316527723684073,0.05716695408861548,-0.4512926928588614,-0.40876748874818686,-0.3463638699218528,-0.24884273515724692,50
1,200,d3,logspline,0.9,-0.383821417976971,-0.37619449642848213,0.055544233038576515,-0.4528901228941252,-0.4130867328636354,-0.3502530050861855,-0.2548528316644654,50
1,200,d3,logspline,0.91,-0.3856845823639721,-0.3789219878525922,0.053996032835630474,-0.4548891235430845,-0.41602220787399963,-0.3539014695596362,-0.2606407849407413,50
1,200,d3,logspline,0.92,-0.38722976747127774,-0.38136582544442155,0.05252105186891316,-0.4548520882318261,-0.4178506993608195,-0.35632037110044634,-0.26620713717063743,50
1,200,d3,logspline,0.93,-0.3884865655539988,-0.38354305265984756,0.051117817745780086,-0.4546259439410049,-0.41773852653873794,-0.36175357757712856,-0.2715527480155451,50
1,200,d3,logspline,0.94,-0.3910554919293935,-0.38546977850433667,0.04978474188799889,-0.4542864915608643,-0.41713533160354316,-0.3660219218817694,-0.2766787736731228,50
1,200,d3,logspline,0.95,-0.3938804873434162,-0.3871612611907172,0.04852016170809955,-0.4538850276048918,-0.4170591178539515,-0.36999717862329107,-0.2815866471392906,50
1,200,d3,logspline,0.96,-0.395708926653423,-0.38863198184681913,0.047322370166032406,-0.45477207553031984,-0.41787079205505573,-0.3724076840112411,-0.2862780595856419,50
1,200,d3,logspline,0.97,-0.39547138181726504,-0.3898957102405365,0.046189633611112973,-0.4553104537777105,-0.4176408995270411,-0.37388768840616216,-0.29075494277304215,50
1,200,d3,logspline,0.98,-0.3954730128431072,-0.3909655544610583,0.04512018728282913,-0.45552365192386535,-0.418120606718068,-0.37428484111779226,-0.29505565238678744,50
1,200,d3,logspline,0.99,-0.396130280843883,-0.3918538878378632,0.044112058889192625,-0.4554981952450069,-0.4201249450966992,-0.3745349909650941,-0.2992517660749131,50
1,200,d3,logspline,1,-0.3972332752328098,-0.3925722990489213,0.043162881174922375,-0.4552408451072716,-0.42193305247581203,-0.3741188389417732,-0.30314122609849947,50
